hiller,186
joosje,186
duk,186
grafton,186
retrievin,186
tbr,186
shoshana,186
therese,186
l‚Äôouverture,186
cantave,186
akse,186
salvator,186
mundi,186
portraitist,186
clitorises,186
harron,186
mother*******.,186
futura,186
juxtapose,186
paglen,186
gauld,186
eze,186
shortlists,186
harbach,186
anoosha,186
longlisted,186
vonnegut,186
chernick,186
ashbery,186
pede,186
janicza,186
peckolick,186
typographer,186
haft,186
candell,186
parrasch,186
heijnen,186
taira,186
upfest,186
pedestals,186
abanonded,186
brownfields,186
dobby,186
kumi,186
hagrid,186
yeesh,186
parables,186
dustpan,186
purloining,186
oleomargarine,186
gtfo,186
scheinfeld,186
ü§º,186
inanition,186
pricco,186
weike,186
headdesk,186
chukwuma,186
owunna,186
√©douard,186
nolite,186
carborundorum,186
timberlakes,186
silencio,186
bastardes,186
mcginley,186
bonnets,186
kawakubo,186
krouse,186
houseago,186
priestdaddy,186
acconci,186
museuminstaswap,186
crowdfunds,186
11k,186
nuart,186
"post-""hamilton",186
thingsonlywomenwritershear,186
dantas,186
hisp√°nico,186
teethmarks,186
battersby,186
fetishes,186
harpercollins,186
operationbluemilk,186
lillith,186
assadi,186
bouvier,186
karyn,186
evanesced,186
lahiri,186
gaitskill,186
24-pack,186
ferrante,186
hrishikesh,186
hirway,186
thanksfortyping,186
trumpbeast,186
neh,186
lulz,186
scamp,186
wrightson,186
faarrow,186
supernaturals,186
darger,186
didion,186
pendleton,186
mehretu,186
tondo,186
magnanti,186
patterning,186
shybot,186
fizzing,186
whizbees,186
blurbing,186
yael,186
grobglas,186
suffragettes,186
kunzru,186
kasten,186
searles,186
ghanian,186
opoku,186
congdon,186
karsten,186
thormaehlen,186
poincheval,186
britell,186
rearranges,186
portraiture,186
thanh,186
fl√¢neuse,186
elkin,186
rabut,186
macpegoting,186
fatimah,186
aguamenti,186
ambivalently,186
trujillo,186
katerina,186
spinto,186
committers,186
ottessa,186
moshfegh,186
khor,186
trumpkin,186
tega,186
trumpartworks,186
jotted,186
hamildemos,186
gwangju,186
mariko,186
tamaki,186
üìö,186
sabogal,186
yerena,186
k√§the,186
kollwitz,186
samanta,186
schweblin,186
straub,186
datebook,186
redirects,186
belkis,186
ay√≥n,186
watership,186
yiyun,186
litovsky,186
abramoviƒá,186
shamsia,186
hassani,186
etten,186
lordess,186
holdable,186
dogear,186
tearstainable,186
dap,186
fazlalizadeh,186
blacktranslivesmatter,186
flummadiddle,186
beedle,186
papageorgiou,186
gonna,186
moshe,186
safdie,186
greenwell,186
fraleigh,186
dictionary.com's,186
x√©nos,186
ph√≥bo,186
prefix,186
slughorn,186
feder,186
casal,186
branaman,186
painterland,186
museumgoer,186
freestyles,186
lmm,186
lifeafter,186
terranauts,186
theatricality,186
inktober,186
gunk,186
jochen,186
raiss,186
dox,186
malek,186
translocation,186
charri√®re,186
cerri,186
tigre,186
dermansky,186
nidaa,186
badwan,186
faraj,186
navedo,186
xiomara,186
demagogy,186
savepepe,186
seussical,186
drouberhannis,186
wolghast,186
twinks4trump,186
indulges,186
glidden,186
drue,186
kataoka,186
obfuscated,186
eimear,186
hbd,186
morath,186
eka,186
kurniawan,186
trumpery,186
rumination,186
theaster,186
metalwork,186
jungho,186
depopulation,186
pedants,186
whalebone,186
wasfia,186
nazreen,186
dragonslayer,186
pottermore,186
kleeman,186
intimations,186
350th,186
bartholl,186
elimidate,186
sorrynotsorry,186
dinild,186
trimp,186
den√©e,186
lasses,186
sasses,186
sini,186
theracistispresent,186
legros,186
"hope""-style",186
leffel,186
phalle,186
betweener,186
ham4ham,186
ceramicist,186
rathbone,186
üò¨,186
sate,186
goldby,186
zambra,186
by-9-foot,186
greenman,186
corbusier,186
danez,186
huguette,186
caland,186
dic,186
pok√©stops,186
tryouts,186
caruthers,186
tunick,186
abensur,186
rebetez,186
fieriest,186
wampus,186
pukwudgie,186
rashidi,186
marat,186
salamon,186
visages,186
twinka,186
holzer,186
hanawalt,186
kaylin,186
garip,186
intermediary,186
lacunae,186
bront√´s,186
stasi,186
carmon,186
muskets,186
katharina,186
grosse,186
shantell,186
mindaugas,186
bonanu,186
ortberg,186
marten,186
pryde,186
tix,186
cavanaugh,186
gurukulam,186
vegetated,186
yudelson,186
boublil,186
sch√∂nberg,186
poopin,186
biebergasm,186
sonnet,186
pterodactyl,186
colapinto,186
sali,186
tagliamonte,186
insuperable,186
gemstones,186
archeseum,186
champignon,186
hist‚Äôry,186
peechaya,186
sassyblack,186
krappy,186
tetrachromatic,186
asmr,186
prvacki,186
rennison,186
snogging,186
stutterer,186
awad,186
merve,186
iseri,186
umberto,186
friemoth,186
sonsini,186
arthistorysowhite,186
cutes,186
situate,186
fleetingness,186
prager,186
hamiltines,186
betancurth,186
fredrickson,186
sj,186
untine,186
h√§llgren,186
pompoms,186
fanfic,186
boulez,186
mi√©ville,186
graddy,186
mmmmmmm,186
neoclassicism,186
scaramouche,186
errico,186
heftiness,186
a*s,186
b*ow,186
c*ck,186
kobra,186
averett,186
airwoman,186
moutot,186
perkier,186
misspent,186
l'engle,186
lachiusa,186
manhattanite,186
myriam,186
peak'-size,186
charth,186
gish,186
alphabetical,186
micropoems,186
henning,186
mankell,186
trillin,186
doomsayers,186
kitteridge,186
glasshole,186
purrtraitist,186
libecap,186
whywritingmatters,186
pwnage,186
unquantified,186
awesomesauce,186
zkm,186
boogaloo,186
geeking,186
facehole,186
ishm@el,186
kracht,186
crichton,186
rhiannon,186
giddens,186
digitizing,186
soundsuit,186
mirror'-inspired,186
lililite,186
aatish,186
taseer,186
talismans,186
performanceart,186
nanook,186
inti,186
miscavige,186
schuster,140
nottage,140
‚úî,140
typefaces,124
hallucinatory,124
colson,124
sufferings,124
camilo,124
oa,124
biosphere,124
soundsuits,124
kass,124
mano,124
artnet,124
mkay,124
watchman,124
memorializes,124
dictionaries,118
lookups,112
audiobook,112
tonys,106
kusama,106
fairey,106
clucking,93
towners,93
podcasters,93
merriam,93
doggos,93
erivo,93
sexualizes,93
yellowface,93
horovitz,93
kehinde,93
reproductions,93
hachette,93
nikole,93
cannibalistic,93
virginian,93
duplass,93
unpublished,93
panoply,93
appraise,93
uncreative,93
incompetency,93
unreservedly,93
counterweight,93
rehashing,93
bookcon,93
superheroines,93
gallows,93
coltrane,93
gaiman,93
romphim,93
wordplay,93
vapid,93
15-foot,93
lockwood,93
sheeple,93
offred,93
annihilating,93
fraggle,93
waitlists,93
whitehead,93
grisham,93
shetterly,93
hinkle,93
schutz,93
rosenquist,93
nea,93
transmute,93
kaveh,93
bassel,93
contentedly,93
handkerchiefs,93
hari,93
mckinniss,93
zohra,93
yayoi,93
sweatin,93
novella,93
shrobe,93
shing,93
munson,93
repulses,93
tardy,93
bandcamp,93
lotr,93
j20,93
humanistic,93
sleater,93
printmaker,93
tardiff,93
melina,93
blindingly,93
carlsen,93
luce,93
zandt,93
zadie,93
unreality,93
falk,93
hayao,93
miyazaki,93
bemoaning,93
myles,93
occult,93
minter,93
kail,93
nadine,93
destructing,93
onwards,93
horned,93
calligrapher,93
decommissioned,93
bohemians,93
undamaged,93
‚Äôd,93
girdles,93
ballpoint,93
dormer,93
ventriloquists,93
fringenyc,93
aborigines,93
weisman,93
punjabi,93
arundhati,93
cusack,93
malarkey,93
squint,93
uproot,93
hyperrealist,93
kalia,93
dystopias,93
pro-,93
lyall,93
ilvermorny,93
thunderbird,93
sketchbook,93
deface,93
rockaway,93
dregs,93
1600s,93
republished,93
predated,93
xaviera,93
anthea,93
microagressions,93
hieronymus,93
triptych,93
underpinnings,93
potterheads,93
dotson,93
400th,93
kamera,93
conroy,93
cleary,93
relativity,93
navin,93
dreamscape,93
dimwits,93
hammersmith,93
populate,93
bitchin,93
kilgrave,93
ellsworth,93
resin,93
p*ssy,93
reinvesting,93
katori,93
disappointingly,93
flippable,93
treacle,93
kunal,93
nayyar,93
thurber,93
blotting,93
pawsome,93
thimble,93
rly,93
nuff,93
archdaily,93
leandro,93
erlich,93
rannells,93
novellas,93
twee,93
harpist,93
cyborg,93
appropriates,93
dia,93
compress,93
woolf,83
bolshoi,80
mockingbird,80
atwood,78
murals,77
vereen,74
illustrators,74
albee,74
tarot,74
mina,74
granger,74
talese,74
shylock,74
handmaid,74
dahl,70
leverages,62
booting,62
jesmyn,62
dugout,62
shula,62
gelman,62
winnipeg,62
godwin,62
podcasting,62
dortmund,62
baer,62
surpassing,62
aerosol,62
impoverish,62
conflagration,62
curates,62
whaboom,62
ified,62
bookish,62
mikael,62
te,62
amphibian,62
witless,62
handmaids,62
essayist,62
priesthood,62
primo,62
haig,62
mackie,62
dandelion,62
sonnets,62
waddell,62
roams,62
villainy,62
jorgensen,62
mcclellan,62
navigates,62
horatio,62
viet,62
despotic,62
santigold,62
outlives,62
dreamboat,62
syllabus,62
roxane,62
tattooing,62
ernesto,62
epics,62
galvanizes,62
tramps,62
franzen,62
shareable,62
aparna,62
nancherla,62
sirius,62
thorny,62
terrance,62
fetches,62
blau,62
expressive,62
daveed,62
amirite,62
stalinist,62
excommunicated,62
roald,62
villanueva,62
simulates,62
83-year,62
photojournalists,62
brodsky,62
squee,62
aitken,62
slytherin,62
dramatize,62
olympically,62
aristocrat,62
impersonators,62
rembrandt,62
musa,62
werewolves,62
virginie,62
cormac,62
yasmine,62
berliners,62
sade,62
degas,62
melodramatic,62
motherly,62
epix,62
buckminster,62
chita,62
domesticity,62
burroughs,62
drunker,62
rebelling,62
chastise,62
vijay,62
iyer,62
maximalist,62
recreations,62
annotated,62
fandango,62
boobies,62
slade,62
suzan,62
superfans,62
wallander,62
haruki,62
murakami,62
adorkable,62
imperium,62
revamps,62
sprawled,62
illustrator,60
sculpture,60
webster,59
endowment,57
bard,57
ailey,56
intersectional,56
rowling,55
librarian,55
cartoonist,55
canon,53
podcasts,53
banksy,53
chihuly,53
snape,53
animator,53
quirkiest,53
witchcraft,53
ginny,53
hadley,53
cursed,51
kahlo,51
yiannopoulos,50
julius,50
coloring,48
dystopian,48
evocative,47
toussaint,47
mural,47
angriest,47
fonts,47
bardo,47
macarthur,47
fellows,47
hypocrisies,47
reptiles,47
upsurge,47
snubbing,47
subversion,47
69th,47
extinguish,47
quixote,47
pryce,47
affording,47
bios,47
mulaney,47
ebbs,47
undervalued,47
sith,47
stupendous,47
rama,47
floorboards,47
liters,47
aberdeen,47
71st,47
eataly,47
plath,47
endowments,47
audre,47
kenyatta,47
crayola,47
wilco,47
incites,47
statistician,47
frill,47
wizardry,47
operatic,47
galentine,47
soprano,47
prima,47
orwellian,47
portia,47
mykki,47
bjork,47
claymation,47
tatyana,47
magnus,47
manischewitz,47
shostakovich,47
rushdie,47
sellout,47
o'-lanterns,47
goo,47
inge,47
humanizing,47
synonym,47
ceramics,47
lind,47
unsuccessfully,47
moulin,47
antwerp,47
conniving,47
favelas,47
guillaume,47
weems,47
lai,47
posits,47
painstaking,47
machismo,47
thiebaud,47
presences,47
bojack,47
drizzy,47
krakowski,47
ummm,47
nebula,47
caravaggio,47
carlyle,47
tambourine,47
feverishly,47
penning,47
panoramas,47
pounces,47
shredding,47
mommie,47
annabel,47
auditory,47
wrappers,47
adventuring,47
ritualistic,47
shelving,47
nerdiest,47
sneezed,47
sayin,47
automobiles,47
devastatingly,47
lumberjack,47
tm,47
fluidity,47
gorgeously,47
j.k,45
bookstore,45
nutcracker,44
filmmaking,43
chimamanda,43
ngozi,43
caesar,42
weiwei,41
adaptations,41
feral,41
topple,41
bookstores,41
benton,41
folklore,41
hobbes,41
reimagines,41
clarissa,41
harp,41
adichie,40
hermione,40
diggs,40
hamilton,40
manuel,39
vinci,37
servitude,37
bimbo,37
intersections,37
kauffman,37
hitters,37
guggenheim,37
appraising,37
confounds,37
bonafide,37
xiaobo,37
rubicon,37
jagged,37
sotheby,37
coffey,37
insufferable,37
sanitized,37
binaries,37
vito,37
rashid,37
alvin,37
centenarians,37
excrement,37
comrades,37
akasha,37
pullman,37
ballerina,37
comma,37
overgrown,37
excavation,37
jebidiah,37
folders,37
screenwriters,37
summarizes,37
reversals,37
operas,37
yorke,37
snags,37
lorena,37
wrestles,37
narrator,37
inconveniences,37
marlowe,37
retold,37
watercolors,37
excels,37
hua,37
taxidermy,37
turnip,37
gogh,37
undergarments,37
li'l,37
isms,37
antihero,37
nineteenth,37
aram,37
fiennes,37
niqab,37
scarecrow,37
ibiza,37
bront√´,37
distillery,37
mallory,37
saigon,37
collars,37
kenton,37
shakespearean,37
disguises,37
mantis,37
oakes,37
ahoy,37
fuzzies,37
jed,37
responder,37
undertones,37
kampf,37
fantasia,37
vhs,37
suspenseful,37
coconuts,37
montenegro,37
frenemies,37
kimono,37
visualizations,37
portraits,37
playwright,36
yoko,35
copies,35
lin,35
margaret,35
laureate,34
imprint,34
librarians,34
goodall,34
patriarchy,34
whitewashed,34
transcended,34
biennial,34
unattended,34
ernie,34
ethnicities,34
shadowy,34
collaborator,34
skeptic,34
felicia,34
dictionary,33
artwork,33
sculptures,33
sculptor,33
jos√©,33
revisits,33
sci,32
illustrations,32
frida,32
novel,31
dotard,31
formats,31
dishonor,31
latinx,31
herzog,31
treadmills,31
pepe,31
erm,31
paleontologist,31
stencils,31
zany,31
goer,31
jacobson,31
wnyc,31
redesigning,31
vogel,31
documentarian,31
kroll,31
scrabble,31
feminists,31
nauseous,31
heron,31
masturbating,31
misdeeds,31
erasure,31
immerses,31
ivana,31
mores,31
o'keeffe,31
wistful,31
zine,31
totalitarian,31
asghar,31
ensler,31
assigning,31
amplifies,31
tenfold,31
kinney,31
binder,31
frighten,31
renegade,31
realness,31
fam,31
graffitied,31
artifact,31
bastards,31
tempest,31
lehrer,31
dreamlike,31
motels,31
hitchhiker,31
lizards,31
blackouts,31
lorna,31
angling,31
bangladeshi,31
absurdist,31
flattened,31
tongan,31
ko,31
hull,31
bogart,31
christo,31
horseman,31
bartlett,31
eyre,31
bosch,31
utopian,31
acronyms,31
felipe,31
emin,31
thongs,31
cello,31
typeface,31
scholastic,31
proust,31
syncs,31
airmen,31
brownstein,31
vandalizing,31
megacities,31
textile,31
hypnotized,31
vegetation,31
bluth,31
taye,31
marjorie,31
mangled,31
optimists,31
bodybuilding,31
lupone,31
wednesdays,31
classical,30
libraries,30
artist,30
whitewashing,29
puns,29
milo,29
wiley,29
hallelujah,29
pulitzer,29
showrunner,29
caitlin,29
utopia,29
bookshelf,29
womanhood,28
humanities,28
entries,28
artists,28
haunting,27
scaredy,27
totes,27
mudbound,27
bleu,27
brutish,27
darkened,27
chimpanzees,27
leopards,27
baboons,27
fielding,27
shelved,27
watercolor,27
mixtape,27
wristbands,27
poets,27
cauldron,27
plagiarizing,27
handyman,27
tentacles,27
basquiat,27
recital,27
plagiarized,27
haste,27
muppet,27
20-something,27
berger,27
casket,27
exclamation,27
erected,27
sickly,27
unwitting,27
waller,27
74-year,27
orson,27
quilts,27
snapper,27
oldies,27
drawings,27
schuyler,27
yanks,27
taran,27
killam,27
atkinson,27
fetching,27
revolting,27
wretched,27
ilk,27
gripping,27
cutie,27
bookworm,27
retelling,27
vi,27
marcy,27
anointed,27
tasmanian,27
emo,27
frieze,27
potions,27
langston,27
quotable,27
yearnings,27
cartoonists,27
rothko,27
liberian,27
serpent,27
roma,27
ballerinas,27
ang,27
tombstone,27
hijinks,27
beatrix,27
marta,27
hyperrealistic,27
aughts,27
totem,27
jin,27
dangles,27
handiwork,27
potter,26
fiction,26
tyranny,26
smithsonian,26
archie,26
paintings,26
recreated,25
mann,25
literary,25
canoe,25
fi,25
toro,25
dexter,25
feminist,24
depicting,24
broadway,24
_,24
library,24
k.,23
epitomizes,23
alibi,23
mislabeled,23
stings,23
paddington,23
earful,23
odious,23
leaky,23
consummate,23
eddy,23
passersby,23
hatches,23
hatched,23
malaise,23
revolutionizing,23
crabapple,23
emmett,23
clich√©d,23
walcott,23
accomplices,23
treaties,23
photogenic,23
keegan,23
nguyen,23
darcy,23
homesick,23
tropes,23
linguistic,23
gendered,23
searing,23
shutter,23
marlon,23
ethereal,23
reprinted,23
trumpers,23
prodigies,23
banquet,23
lords,23
vol,23
tov,23
photoshoot,23
leans,23
ghastly,23
misspelled,23
intergenerational,23
conned,23
anonymity,23
skivvies,23
fandom,23
innocents,23
grassy,23
hilltop,23
niki,23
chronicled,23
devolve,23
octogenarian,23
petrified,23
commissions,23
exorcist,23
terence,23
interchangeable,23
resignations,23
insulated,23
stormtroopers,23
87-year,23
patterson,23
filler,23
crowdsourced,23
tides,23
vr,23
exudes,23
nosed,23
categorize,23
delia,23
mein,23
suspense,23
shred,23
sedaris,23
memoirs,23
playwrights,23
hedwig,23
ogden,23
fabrication,23
painting,23
elena,23
painter,22
ono,22
fragmented,22
ghostly,22
crane,22
dylan,22
shakespeare,21
fetch,21
pak,21
novelist,21
guant√°namo,21
alias,21
poetry,21
cis,21
blatantly,21
superfan,21
smoldering,21
apex,21
regift,21
queerness,21
looted,21
heirs,21
fuse,21
rei,21
geeky,21
sympathetic,21
bourgeois,21
sugarcoat,21
catalogue,21
todrick,21
apathetic,21
cautions,21
kindred,21
captioned,21
olaf,21
dismayed,21
mazel,21
paradoxes,21
technicolor,21
1800s,21
walken,21
alvarez,21
anastasia,21
streaks,21
sitters,21
goddard,21
slayed,21
compulsion,21
‚ú®,21
sculpting,21
profess,21
trippy,21
illuminates,21
outlander,21
hasbro,21
swirls,21
neanderthals,21
mj,21
spiegel,21
protectors,21
dang,21
sever,21
archive,21
suburbia,21
whimsy,21
eduardo,21
82nd,21
oddball,21
renoir,21
astrophysicist,21
lucille,21
silliness,21
rawlings,21
kickass,21
cuckoo,21
bookmark,21
sanskrit,21
surreal,20
depicts,20
novels,20
books,20
rockwell,20
u.s.-mexico,20
liu,20
stoner,20
af,20
dina,20
pantsuit,20
commemorates,20
copeland,20
attic,20
tessa,20
photographer,19
stems,19
hijack,19
booker,19
deceptively,19
nonfiction,19
abbi,19
holiness,19
hogwarts,19
borrows,19
borderline,19
eileen,19
railroad,19
bechdel,19
plastered,19
savages,19
textured,19
fascism,19
yas,19
orwell,19
kang,19
transcendent,19
bledel,19
inks,19
moran,19
stalked,19
sweltering,19
beatty,19
pottery,19
mushy,19
rockstar,19
wizarding,19
portrays,19
scrappy,19
coded,19
shortlist,19
mis,19
mcguire,19
narrated,19
pianist,19
hanger,19
mourned,19
macro,19
hercules,19
fantastically,19
jerky,19
voluminous,19
pornographic,19
mavens,19
topical,19
whichever,19
icelandic,19
poet,18
art,18
publisher,18
museum,18
exploitation,18
book,18
publishers,18
publish,18
veronica,18
futuristic,18
warhol,18
miranda,18
literature,18
relating,18
ambivalence,18
entirety,18
frog,17
creatives,17
embodiment,17
fated,17
revlon,17
skyline,17
musicals,17
inciting,17
whore,17
indecent,17
lecture,17
tickle,17
canals,17
felines,17
embroidery,17
mischievous,17
persisted,17
guitars,17
repulsive,17
validation,17
bareilles,17
li,17
incite,17
warped,17
blanco,17
sharma,17
westeros,17
nah,17
skewered,17
encountering,17
shatters,17
artworks,17
scandinavian,17
spellbinding,17
mckenzie,17
outskirts,17
enacting,17
snails,17
pollock,17
byron,17
vida,17
hauntingly,17
realms,17
angus,17
scully,17
conductor,17
censored,17
manic,17
coen,17
cutouts,17
unscripted,17
chandeliers,17
craters,17
koons,17
upgrading,17
morbid,17
explores,17
searches,17
authors,16
hulu,16
17th,16
erotic,16
stirring,16
slang,16
sylvia,16
photographing,16
tamblyn,16
gentrification,16
pencils,16
bollywood,16
illustrate,16
storytelling,16
prize,16
manuscript,16
gravitate,16
plaque,16
copying,16
playhouse,16
sizable,16
memoir,16
frankie,16
rosenthal,16
crowns,16
backstory,16
crayon,16
metallica,16
entice,16
mortals,16
schaefer,16
canvas,16
snubbed,16
yin,16
scorching,16
seduction,16
songwriters,16
gushed,16
dis,16
demagogue,16
boyle,16
schneider,16
phew,16
damp,16
gangs,16
almighty,16
quilt,16
claude,16
drifting,16
follower,16
erasing,16
janis,16
imperfection,16
recreating,16
dali,16
mozart,16
guerrilla,16
taker,16
puke,16
jamaican,16
o'clock,16
wwi,16
baroque,16
unassuming,16
clogs,16
chilling,15
adaptation,15
rebellion,15
composer,15
installation,15
author,15
bristol,15
scarier,15
moma,15
fractured,15
fitzgerald,15
essays,15
symphony,15
basel,15
histories,15
cynthia,15
simon,15
arts,14
drawing,14
imaginary,14
strand,14
liberated,14
nimble,14
saunders,14
amos,14
peering,14
savior,14
scheer,14
seuss,14
queensland,14
professionalism,14
downloaded,14
hoop,14
obey,14
collaborated,14
asap,14
thom,14
acclaim,14
grammar,14
replica,14
offline,14
redux,14
inexperienced,14
touristy,14
welp,14
koh,14
andres,14
vandals,14
cliches,14
josephine,14
composers,14
stalk,14
sledding,14
inequity,14
extraterrestrial,14
jumpsuits,14
corgi,14
onscreen,14
hobbies,14
yoda,14
dora,14
outtakes,14
impractical,14
memorabilia,14
criss,14
pigeon,14
comics,14
chronicles,14
clay,14
kurt,14
accordingly,14
acclaimed,14
spiked,14
fey,14
likens,14
unsung,14
sentimental,14
blackness,14
nobel,14
portrait,14
photographers,14
elisabeth,14
monopoly,14
oxford,14
tale,13
unpacking,13
90-year,13
confessional,13
reshaping,13
valuation,13
crazier,13
funnier,13
waterways,13
currents,13
romans,13
staging,13
deplorables,13
showcased,13
linear,13
softer,13
nightmarish,13
lipped,13
assemble,13
def,13
mildly,13
huff,13
commence,13
hued,13
pointy,13
tumultuous,13
characterize,13
boycotts,13
reviewers,13
grapples,13
creeping,13
raphael,13
experiential,13
absurdly,13
wagging,13
dystopia,13
stairway,13
misty,13
unsolved,13
eclipsed,13
bridging,13
moron,13
louvre,13
barge,13
meteorite,13
foley,13
buffy,13
questionnaire,13
rhapsody,13
solves,13
burwell,13
gevinson,13
uncovers,13
serendipity,13
aches,13
homage,13
documenting,13
mayoral,13
levi,13
smashed,13
galleries,13
highways,13
emojis,13
museums,13
animation,13
examines,13
shepard,13
indie,13
beastie,12
hotly,12
casper,12
infringement,12
mediocrity,12
explored,12
depict,12
recite,12
derailed,12
regina,12
slaughtered,12
reopen,12
surged,12
prestige,12
austen,12
swastikas,12
mushroom,12
devito,12
elimination,12
muses,12
homegrown,12
appropriation,12
trumpian,12
exhaustive,12
visualize,12
bulb,12
dissects,12
neal,12
theodore,12
artisans,12
goggles,12
ideals,12
vampires,12
apocalyptic,12
chants,12
provincetown,12
hopper,12
honorees,12
luckiest,12
patriarchal,12
troupe,12
undone,12
heralded,12
guillermo,12
constructing,12
rotting,12
ballet,12
musical,12
folk,12
horrors,12
attributed,12
strapped,12
ode,12
nuanced,12
ana,12
aerial,12
auction,12
bowie,12
sums,12
doorway,12
complicit,12
unequal,12
giraffes,12
syed,12
massively,12
kindly,12
knocks,12
hashtags,12
monty,12
purposeful,12
busyness,12
chicks,12
muppets,12
labyrinth,12
visions,12
ape,12
xanax,12
petra,12
preceded,12
dazed,12
skyrocketed,12
browser,12
edison,12
mines,12
adorned,12
nuance,12
medley,12
mesmerizing,12
vanishing,12
mcbride,12
spanning,12
tails,12
partake,12
eyeballs,12
mermaids,12
otherworldly,12
keeper,12
swapping,12
macbook,12
rousing,12
dares,12
oversaw,12
wray,12
conversational,12
violin,12
crimson,12
solomon,12
writers,12
exhibition,11
photography,11
hashtag,11
alt,11
fleeting,11
visionary,11
marina,11
disco,11
capture,11
mitchell,11
ross,11
accessibility,11
starry,11
titles,11
xenophobia,11
chen,11
trumped,11
denis,11
politely,11
proceeds,11
segments,11
repressive,11
installing,11
thwarted,11
gallagher,11
calendars,11
gloss,11
forgo,11
arabic,11
vests,11
snuggle,11
plaza,11
boudoir,11
abcs,11
doodles,11
panties,11
summits,11
draped,11
gothic,11
hussein,11
sublime,11
persian,11
timed,11
inflatable,11
incest,11
ante,11
omaha,11
idiots,11
underrepresented,11
carlton,11
wackiest,11
immersive,11
freakin,11
theater,11
pigs,11
comic,11
usage,11
teaming,11
twain,11
Ô∏è,11
pok√©mon,11
liberia,11
poem,11
nasty,11
dreamy,11
tribe,10
lit,10
eerie,10
masculinity,10
spoiled,10
hormonal,10
plastics,10
existent,10
anthology,10
stripper,10
cancelled,10
alanis,10
morissette,10
verb,10
fragility,10
nerds,10
morrison,10
equate,10
jacqueline,10
alphabet,10
smashes,10
whitman,10
pedophilia,10
traction,10
girly,10
puzzling,10
bummer,10
chatted,10
radiohead,10
'cause,10
burkini,10
swimsuits,10
burnett,10
nuke,10
disses,10
saddam,10
werk,10
mahal,10
bloodshed,10
maxi,10
merchant,10
hourly,10
saul,10
subversive,10
upbeat,10
schooler,10
mutant,10
bedside,10
corpse,10
realities,10
chad,10
worthwhile,10
militia,10
fields,10
diary,10
pussy,10
chin,10
danced,10
owen,10
infused,10
dancers,10
moody,10
visual,10
prairie,10
recreates,10
debunk,10
upbringing,10
exhibits,10
listeners,10
ambiguous,10
heroine,10
debuting,10
hairy,10
impassioned,10
auditions,10
lauded,10
commanding,10
bunk,10
nativity,10
gloom,10
cheaters,10
illustration,10
embarrass,10
rad,10
emphasizes,10
commented,10
meditative,10
makeshift,10
detainee,10
internationally,10
fantastical,10
unreal,10
lyric,10
herman,10
le,10
sorting,10
edgar,10
automobile,10
femininity,10
conjure,10
improbable,10
luminous,10
stature,10
lends,10
biologist,10
shrinks,10
tremendously,10
squeezed,10
musician,10
fictional,10
playful,10
captures,10
illustrated,10
poster,10
jane,10
columbus,10
pave,10
portrayed,10
harper,10
prohibition,10
photographs,10
paint,10
revolutionary,9
fairy,9
whiteness,9
leonardo,9
geniuses,9
secular,9
peculiar,9
annie,9
cringeworthy,9
ado,9
draconian,9
baseless,9
inked,9
spooky,9
manifesto,9
combines,9
trilogy,9
underestimate,9
visceral,9
mortar,9
negro,9
captivated,9
additionally,9
construct,9
dixon,9
descendants,9
sabrina,9
booty,9
prized,9
geometric,9
dizzy,9
chanting,9
superstars,9
pyramid,9
improper,9
vent,9
intimately,9
bark,9
font,9
hysterical,9
masked,9
decorators,9
picasso,9
impostor,9
mystical,9
tavi,9
lori,9
bestselling,9
sketches,9
portrayals,9
lapse,9
accusing,9
norman,9
gods,9
richardson,9
amateur,9
infinite,9
vader,9
hughes,9
adams,9
pierre,9
jewel,9
bottom,9
bob,9
medium,9
boggling,9
yankee,9
tote,9
depressing,9
developmental,9
inclusivity,9
harold,9
polarization,9
unraveling,9
mainland,9
infinity,9
renee,9
heartless,9
hamlet,9
theorist,9
parodies,9
jade,9
lasts,9
ecological,9
spells,9
verbally,9
napkin,9
handmade,9
indonesian,9
‚Äù,9
ethiopia,9
cuddle,9
espionage,9
ruby,9
continents,9
sanford,9
portuguese,9
bo,9
superstorm,9
crayons,9
witches,9
psychedelic,9
deliveries,9
frontal,9
godmother,9
uncanny,9
bod,9
nestled,9
ivanka,9
radical,9
podcast,9
19th,9
yorker,8
erased,8
blissful,8
alerts,8
stimulation,8
disappear,8
polluted,8
python,8
authoritarian,8
collaborating,8
abedin,8
companion,8
margot,8
interconnected,8
hugo,8
conquered,8
waitress,8
eerily,8
haze,8
dictators,8
burr,8
patti,8
rebecca,8
taboo,8
absurdity,8
triumphant,8
contestants,8
quarantine,8
mummy,8
marisa,8
tore,8
multicultural,8
alejandro,8
wearable,8
circulating,8
daydreaming,8
discarded,8
lens,8
taj,8
assumes,8
pda,8
beards,8
circular,8
previews,8
¬Ø\_(„ÉÑ)_/¬Ø,8
geopolitical,8
roth,8
roaming,8
gallery,8
genre,8
attendance,8
wtf,8
peele,8
beasts,8
pencil,8
nerd,8
capturing,8
shockingly,8
norms,8
reproductive,8
harry,8
sara,8
plight,8
obscene,8
bragged,8
finalists,8
comparisons,8
nyu,8
portraying,8
incentive,8
connectivity,8
schooled,8
utmost,8
echoes,8
cologne,8
com,8
unites,8
kara,8
literal,8
swan,8
bae,8
smashing,8
masterpiece,8
billed,8
fringe,8
reparations,8
filipino,8
joyce,8
insert,8
neat,8
piercing,8
villains,8
scorsese,8
herrera,8
mountaintop,8
masterpieces,8
samberg,8
unqualified,8
esque,8
namesake,8
bro,8
dubbed,8
garage,8
resisting,8
vincent,8
piers,8
bff,8
preferences,8
imagery,8
filmmakers,8
thriller,8
indigenous,8
plot,8
objects,8
dyke,8
psycho,8
housed,8
curl,8
flows,8
huma,8
influential,8
locker,8
psychologically,8
frances,8
vibes,8
sharon,8
handwritten,8
faithful,8
uruguay,8
alluring,8
chronicle,8
upsets,8
upsetting,8
snowflakes,8
restroom,8
wonderfully,8
showcasing,8
p,8
combinations,8
impossibly,8
nehisi,8
plots,8
seller,8
motivations,8
relish,8
picturesque,8
busts,8
trolls,8
detroit,8
lynn,8
mouse,8
emoji,8
floyd,8
moonlight,8
censorship,8
privileged,8
floating,8
identities,8
reader,7
mediocre,7
1930s,7
hansen,7
distracting,7
vandalism,7
harlem,7
dale,7
gritty,7
hijacked,7
dismantling,7
r.i.p,7
puppet,7
frees,7
guitar,7
latifah,7
flesh,7
stardom,7
photographic,7
authored,7
distinctly,7
noting,7
deletes,7
unanimous,7
possessions,7
goddess,7
undoing,7
tattooed,7
bunnies,7
tracey,7
mona,7
shouted,7
satirical,7
contemplate,7
flicks,7
inauguration,7
photograph,7
profiling,7
nicholas,7
twisted,7
stripped,7
icons,7
riot,7
announcing,7
explore,7
exhibit,7
statue,7
saddened,7
slap,7
clarifies,7
subtly,7
refresh,7
edward,7
victimized,7
supper,7
fantasies,7
encountered,7
refrain,7
notebook,7
channeling,7
valued,7
spanx,7
navajo,7
resemble,7
arson,7
erik,7
mash,7
housewife,7
amusing,7
stan,7
herd,7
decay,7
cottage,7
pun,7
stereotypical,7
scientology,7
spike,7
oakland,7
elf,7
glorious,7
listing,7
18th,7
accidental,7
donated,7
simone,7
beast,7
nostalgic,7
removes,7
absorbed,7
exec,7
creator,7
wrongly,7
uproar,7
sponsors,7
relied,7
lorde,7
rom,7
unconventional,7
tribes,7
louise,7
curves,7
voluntarily,7
bey,7
translated,7
octavia,7
degrading,7
demonstration,7
wrinkle,7
hitched,7
vibrant,7
hut,7
imagines,7
unesco,7
shaw,7
colony,7
trophies,7
ramos,7
colossal,7
reacting,7
ravaged,7
whisky,7
unfolds,7
hank,7
preservation,7
frustrations,7
fomo,7
dismantle,7
abstract,7
kathryn,7
seldom,7
vending,7
sia,7
sleepless,7
kings,7
comedians,7
errors,7
chemistry,7
dana,7
lays,7
rejoice,7
bedtime,7
language,7
kramer,7
historians,7
harrowing,7
slashing,7
rust,7
empowered,7
ferry,7
unfinished,7
italians,7
heartbreak,7
raps,7
sartorial,7
apologizing,7
bare,7
transforms,7
kinky,7
explicit,7
rat,7
apartheid,7
brilliance,7
stared,7
diaspora,7
recreate,7
streamed,7
entrenched,7
dramas,7
cod,7
kitty,7
storied,7
pep,7
philosopher,7
redhead,7
dion,7
reefs,7
selective,7
nudity,7
casting,7
returned,7
nightmares,7
wonderland,7
assassination,7
julian,7
cab,7
reclaim,7
carolyn,6
grappling,6
phony,6
exhausting,6
stash,6
lame,6
poetic,6
carving,6
disappeared,6
overlooking,6
jaden,6
han,6
orphaned,6
rigorous,6
rudolph,6
schiff,6
rafael,6
deception,6
psychic,6
shkreli,6
parisian,6
alexandra,6
dorothy,6
1970s,6
loads,6
leigh,6
hoarding,6
suzanne,6
jeanne,6
barbra,6
instrument,6
rehearsal,6
hues,6
notably,6
dvd,6
dizzying,6
alice,6
fueled,6
creates,6
honors,6
badass,6
writer,6
urgency,6
andrea,6
tales,6
clown,6
vergara,6
elaborate,6
paints,6
jazz,6
20th,6
africans,6
realizes,6
evans,6
feminine,6
messenger,6
magically,6
fascist,6
elsa,6
indifference,6
miscarriage,6
prolific,6
haunts,6
persona,6
carnage,6
boycotting,6
invaluable,6
abandoning,6
respectful,6
hysteria,6
climbed,6
drawer,6
sprawling,6
visitor,6
chills,6
scarves,6
coates,6
expedition,6
humanity,6
master,6
calvin,6
display,6
imperative,6
essay,6
neighborhoods,6
joys,6
optimistic,6
gentle,6
bbc,6
animated,6
virgin,6
predatory,6
40s,6
spacey,6
battered,6
tony,6
parole,6
regulating,6
bachelorette,6
graffiti,6
stumped,6
avoids,6
o‚Äôreilly,6
skit,6
excerpt,6
hayes,6
doubles,6
binary,6
quaint,6
notions,6
kelley,6
rodrigo,6
pressured,6
superpower,6
foodies,6
sleeve,6
rainbows,6
joyous,6
fist,6
redditor,6
argentine,6
replaces,6
lamp,6
maturity,6
underground,6
disabilities,6
isolation,6
relevant,6
outsider,6
slaves,6
sexism,6
cartoon,6
believes,6
readers,6
expertly,6
download,6
u.k,6
retrospective,6
provisions,6
lavender,6
hoax,6
smash,6
indulge,6
penned,6
uprising,6
surrounds,6
buddies,6
mae,6
disguise,6
deborah,6
minimalist,6
tangled,6
camilla,6
rack,6
pixie,6
proportion,6
branches,6
teenage,6
cast,6
thread,6
celebrates,6
wanna,6
images,6
nazis,6
ouch,6
quirky,6
sizes,6
goofy,6
stacked,6
debated,6
heel,6
credited,6
conceived,6
indians,6
grad,6
displays,6
mindy,6
escalate,6
oppression,6
sage,6
embark,6
boldly,6
garth,6
16th,6
footprint,6
solitude,6
rouge,6
poop,6
budding,6
f**king,6
frederick,6
narrowly,6
streisand,6
rants,6
colombian,6
transplants,6
soars,6
biz,6
inmates,6
recommendations,6
carol,6
imagination,6
abraham,6
lesser,6
rituals,6
stunning,6
slave,6
friendships,6
production,5
deter,5
doodle,5
gifting,5
kickstarter,5
shaking,5
strangely,5
whoops,5
temporarily,5
distributed,5
habitat,5
r.,5
quarters,5
heavenly,5
ruining,5
revived,5
coulter,5
bun,5
priced,5
kent,5
envision,5
documentary,5
damn,5
characters,5
mccarthy,5
winners,5
franchise,5
worlds,5
horror,5
s,5
inaugural,5
overlooked,5
genius,5
selfies,5
midnight,5
simpsons,5
toni,5
ensembles,5
disappoint,5
collections,5
queens,5
jenkins,5
vagina,5
salaries,5
boulder,5
disappearance,5
elton,5
conducting,5
cyberbullying,5
underrated,5
eiffel,5
bikes,5
disparity,5
couric,5
soak,5
salvador,5
fluffy,5
t.,5
condoms,5
potus,5
pantone,5
penguin,5
barrage,5
writing,5
english,5
write,5
factory,5
abandoned,5
ranging,5
pittsburgh,5
creators,5
fragile,5
blank,5
helen,5
publishing,5
detailed,5
dominated,5
absurd,5
behold,5
reflects,5
creepy,5
bigoted,5
bravo,5
criticizing,5
dubious,5
realm,5
sticker,5
flock,5
jfk,5
portions,5
distinctive,5
hybrid,5
invites,5
narratives,5
wiped,5
saddest,5
peterson,5
diners,5
reunites,5
regarded,5
malaysian,5
clint,5
brilliantly,5
pancreatic,5
positivity,5
academics,5
drowned,5
valentines,5
bohemian,5
ta,5
butterflies,5
employ,5
sunset,5
pluto,5
collectors,5
martin,5
tickets,5
gon,5
songwriter,5
torn,5
dancer,5
benjamin,5
word,5
garbage,5
print,5
relatable,5
wraps,5
entitlement,5
cheesecake,5
alleviate,5
sleeves,5
slogan,5
curated,5
adorably,5
pathetic,5
portrayal,5
recurring,5
foolish,5
sony,5
attracts,5
hotline,5
overdue,5
forthcoming,5
amtrak,5
bedrooms,5
hail,5
witty,5
bailey,5
powell,5
forge,5
dianne,5
babysitter,5
lou,5
thru,5
slut,5
hanks,5
11th,5
sketch,5
delivering,5
jonathan,5
reading,5
residency,5
insidious,5
dual,5
casually,5
gyllenhaal,5
incorporating,5
astonishing,5
accepts,5
salman,5
convey,5
dogg,5
gabriel,5
hugging,5
crawl,5
gaze,5
swag,5
cosmetics,5
guinea,5
printing,5
barrymore,5
runaway,5
blink,5
opera,5
theatre,5
smiles,5
equivalent,5
trending,5
exploration,5
tinder,5
delicate,5
represented,5
beneath,5
canceled,5
pioneer,5
buildings,5
insensitive,5
informed,5
philip,5
prints,5
chops,5
solstice,5
advise,5
scrambling,5
greet,5
victor,5
commandments,5
manual,5
marginalized,5
unfit,5
stockholm,5
poems,5
conventions,5
morris,5
humility,5
pioneering,5
splits,5
revolt,5
sail,5
partnerships,5
outcry,5
grit,5
inch,5
dependence,5
project,5
lee,5
pop,5
van,5
draw,5
custom,5
explosive,5
musicians,5
spirituality,5
politically,5
category,5
prisoners,5
defending,5
subjected,5
darth,5
whopping,5
earns,5
getty,5
subjects,5
solange,5
spoofs,5
magnificent,5
isaac,5
roe,5
tequila,5
bs,5
shawn,5
locally,5
sentences,5
towers,5
whimsical,5
escaped,5
rampage,5
veil,5
spirited,5
slaying,5
mourns,5
equals,5
lavish,5
logical,5
gradually,5
steamy,5
icon,5
refugee,5
anonymous,5
insult,5
till,5
tracking,5
reminds,5
wildly,5
slam,5
directors,5
tall,5
male,5
pile,5
allegation,5
glenn,5
boasts,5
consecutive,5
hannah,5
edgy,5
expression,5
relive,5
satire,5
formally,5
taxing,5
simplicity,5
recounts,5
janeiro,5
escalating,5
bland,5
sweep,5
pesky,5
mixing,5
centric,5
applause,5
sensation,5
naked,5
surrounded,5
jailed,4
feared,4
collecting,4
mashup,4
studio,4
dedicated,4
resilience,4
headed,4
predators,4
backdrop,4
shutting,4
unsettling,4
reclaiming,4
recruiting,4
shines,4
connects,4
rogen,4
grass,4
crafting,4
staged,4
copy,4
angst,4
ubiquitous,4
protestors,4
iceberg,4
mundane,4
longing,4
confinement,4
drunken,4
pal,4
glue,4
varied,4
tissues,4
morgan,4
rocky,4
tribute,4
chapter,4
subway,4
shithole,4
23-year,4
crappy,4
brett,4
nationalism,4
üî•,4
skip,4
alongside,4
berlin,4
sobering,4
switching,4
majestic,4
delights,4
mckinnon,4
earliest,4
prisons,4
jails,4
mic,4
rallying,4
flower,4
wallace,4
shapes,4
caf√©,4
drastically,4
painfully,4
paved,4
stereotype,4
pole,4
colorful,4
thomas,4
bold,4
inequality,4
century,4
carrie,4
talented,4
graphic,4
duo,4
viewers,4
nights,4
gender,4
award,4
enabled,4
tackles,4
theirs,4
distribution,4
destined,4
destruction,4
monuments,4
shattered,4
instance,4
unfortunate,4
timely,4
focuses,4
opposes,4
surroundings,4
scenic,4
willis,4
bonus,4
void,4
displayed,4
skull,4
stolen,4
christopher,4
iconic,4
performance,4
f**k,4
previously,4
nyc,4
j.,4
actors,4
duncan,4
curator,4
amazon,4
tower,4
depths,4
henson,4
motorcycle,4
digest,4
campaigning,4
stun,4
maintained,4
biles,4
scars,4
persecution,4
feedback,4
useless,4
spine,4
billboard,4
stranger,4
street,4
somebody,4
rage,4
delivers,4
hatred,4
comparing,4
joan,4
julie,4
experiment,4
organize,4
harmony,4
accessible,4
scenes,4
surge,4
racists,4
rocker,4
pressures,4
cow,4
als,4
denounce,4
caramel,4
historically,4
charm,4
betrayal,4
disappearing,4
yield,4
nagging,4
standardized,4
hunters,4
chapel,4
recommended,4
adapted,4
tortured,4
cartoons,4
ok,4
presents,4
darkness,4
history,4
compelling,4
teamed,4
virtual,4
mysterious,4
figures,4
assaulted,4
inaction,4
buddhist,4
certainty,4
tuna,4
executions,4
emerges,4
molly,4
accurately,4
screams,4
bending,4
dazzling,4
committing,4
puzzle,4
advised,4
crow,4
rooftop,4
bubbles,4
pervasive,4
bull,4
classic,4
magical,4
eyed,4
tackling,4
titled,4
sir,4
trayvon,4
random,4
henry,4
profound,4
petition,4
asians,4
trolling,4
surfaced,4
upside,4
cher,4
native,4
bursting,4
atop,4
cannon,4
saga,4
performers,4
allison,4
formation,4
reminding,4
booth,4
stubborn,4
twists,4
sherman,4
heartbreaking,4
pulls,4
ghost,4
documents,4
supremacy,4
barrier,4
navigating,4
rain,4
heroes,4
neighborhood,4
groping,4
difficulty,4
steel,4
reviews,4
tweeting,4
likelihood,4
confronts,4
pleasure,4
heartfelt,4
‚Äô,4
snoop,4
boobs,4
grieve,4
exclusion,4
asylum,4
fuller,4
enthusiasts,4
danish,4
turtle,4
gaming,4
lend,4
humor,4
activist,4
culture,4
sweeping,4
pages,4
dangers,4
electric,4
read,4
actual,4
charities,4
owes,4
siege,4
restoration,4
educating,4
clears,4
organizer,4
aliens,4
hometown,4
mocking,4
concerning,4
vanessa,4
hooked,4
15th,4
stereotypes,4
inflammatory,4
boob,4
realistic,4
meet,4
discusses,4
yorkers,4
melt,4
play,4
savage,4
resistance,4
defy,4
parking,4
scares,4
demographic,4
urgent,4
concert,4
advocating,4
lucas,4
finishing,4
grid,4
chorus,4
tribeca,4
references,4
thrilling,4
mermaid,4
blockbuster,4
extraordinary,4
cats,4
reads,4
sells,4
insights,4
el,4
series,4
drawn,4
explains,4
tabloid,4
supremacists,4
lab,4
metropolitan,4
appearing,4
monumental,4
ensuring,4
abound,4
brazilian,4
pumpkins,4
communicate,4
outs,4
loyal,4
deck,4
frenzy,4
mysteries,4
landmarks,4
jesse,4
hears,4
accidents,4
champ,4
madeleine,4
psychologists,4
brewing,4
absent,4
ladies,4
stories,4
wrote,4
nose,4
resist,4
tattoo,4
etiquette,4
creative,4
famous,4
exploring,4
crystal,4
serial,4
simmons,4
questioning,4
nostalgia,4
disturbing,4
diverse,4
provides,4
1980s,4
julia,4
appointed,4
retire,4
themes,4
dissent,4
hulk,4
brick,4
alexis,4
architectural,4
strangest,4
glitter,4
balloon,4
credible,4
shouting,4
camping,4
lloyd,4
loop,4
transport,4
dark,4
protest,3
manhattan,3
capitol,3
ruin,3
partisan,3
troll,3
attraction,3
piece,3
reminder,3
marvel,3
terrifying,3
refugees,3
redefining,3
darkest,3
structure,3
evan,3
identity,3
aclu,3
arthur,3
humane,3
veto,3
duvernay,3
gaps,3
begging,3
sole,3
obstacle,3
eternal,3
aspen,3
magic,3
humans,3
proposes,3
anthem,3
theaters,3
megyn,3
institutions,3
involves,3
drake,3
club,3
contracts,3
ignores,3
idiot,3
heroic,3
streaming,3
artistic,3
defines,3
marches,3
chess,3
cube,3
bader,3
gentlemen,3
wooden,3
statues,3
kissed,3
suburban,3
standoff,3
distractions,3
photographed,3
muse,3
dysfunctional,3
moss,3
orlando,3
injustice,3
adult,3
debut,3
celebrated,3
leonard,3
fad,3
violations,3
professors,3
attempting,3
houses,3
doug,3
spinning,3
sample,3
journalism,3
replacing,3
cave,3
mouths,3
jumpsuit,3
pressed,3
fluid,3
seas,3
tapes,3
spices,3
dream,3
garden,3
affected,3
pays,3
platform,3
empathy,3
remind,3
mary,3
supplies,3
swim,3
nazi,3
flooded,3
interfaith,3
legally,3
disputes,3
haunt,3
andy,3
f.,3
drill,3
solitary,3
acknowledging,3
enjoyed,3
matches,3
elegant,3
ninja,3
showcase,3
diva,3
reed,3
caution,3
icy,3
outdated,3
larger,3
touching,3
story,3
recognizing,3
bachelor,3
renaissance,3
millennials,3
underneath,3
grant,3
hammer,3
rover,3
aspiring,3
mara,3
compliment,3
splash,3
lighter,3
showcases,3
tension,3
a.,3
demonstrates,3
prom,3
misunderstood,3
missed,3
worthy,3
instant,3
wanting,3
‚Äú,3
entirely,3
haters,3
compete,3
cohen,3
addressed,3
edwards,3
14-year,3
violating,3
permission,3
prone,3
participate,3
documented,3
grandchildren,3
imposed,3
partly,3
revive,3
montreal,3
rivera,3
suite,3
fans,3
twist,3
parody,3
marie,3
friendship,3
women,3
bits,3
springsteen,3
venice,3
gala,3
meme,3
sweat,3
conventional,3
achievements,3
freshman,3
hypocrisy,3
lined,3
incarceration,3
madness,3
uganda,3
breathtaking,3
architect,3
salty,3
maggie,3
formed,3
ironic,3
rabbit,3
customs,3
charging,3
belongs,3
stations,3
holy,3
troubled,3
battling,3
watson,3
freak,3
contemporary,3
traditions,3
captured,3
rachel,3
google,3
quote,3
exposes,3
s**t,3
casts,3
transfer,3
nora,3
avenue,3
color,3
deserve,3
described,3
rio,3
works,3
sexuality,3
rent,3
brilliant,3
brexit,3
baldwin,3
heritage,3
dance,3
drones,3
respected,3
urges,3
nurture,3
pearl,3
striking,3
technological,3
melting,3
binge,3
outer,3
ruins,3
soap,3
overwhelmingly,3
rookie,3
remove,3
turns,3
miller,3
responds,3
dinosaur,3
makeover,3
mill,3
piano,3
centuries,3
expressing,3
sleek,3
spaces,3
rid,3
gang,3
grim,3
preach,3
v,3
poorly,3
panda,3
intimidating,3
villain,3
stare,3
line,3
added,3
bloody,3
performed,3
iranian,3
brief,3
glad,3
loneliness,3
patricia,3
voice,3
exclusively,3
praise,3
prada,3
occupation,3
kyle,3
trophy,3
jenny,3
chamber,3
dismiss,3
versions,3
sheep,3
cafe,3
dead,3
ugly,3
original,3
themed,3
fantastic,3
borders,3
adam,3
nude,3
hangs,3
cruelty,3
participating,3
wreck,3
bubble,3
defeated,3
embarrassed,3
flood,3
buyer,3
cubs,3
fundamentally,3
ava,3
pen,3
1960s,3
hipster,3
kisses,3
debuted,3
generations,3
collective,3
highlights,3
steal,3
winning,3
anne,3
finish,3
short,3
selfie,3
writes,3
yours,3
santa,3
grants,3
generosity,3
smith,3
theresa,3
clouds,3
quietly,3
emma,3
butler,3
sensitive,3
rated,3
brandon,3
horrifying,3
roses,3
dire,3
scratch,3
belgium,3
dinosaurs,3
definitive,3
sniper,3
tender,3
soundtrack,3
identifying,3
plays,3
asks,3
initiative,3
topic,3
remembering,3
generation,3
sexually,3
flew,3
promotion,3
groundbreaking,3
p.,3
foul,3
impressive,3
paradise,3
technical,3
cargo,3
premieres,3
dominate,3
blew,3
priceless,3
smallest,3
letters,3
inspired,3
cat,3
aim,3
sold,3
speech,3
activism,3
poignant,3
18-year,3
seasons,3
enjoyable,3
criticize,3
hosting,3
brace,3
hung,3
gloria,3
swept,3
c.,3
warning,3
express,3
missouri,3
obviously,3
voices,3
survive,3
motherhood,3
john,3
burns,3
emily,3
rebel,3
amber,3
nervous,3
galaxy,3
talks,3
patterns,3
turning,3
warmth,3
shelter,3
spoken,3
engineer,3
outstanding,3
posters,3
translate,3
midwest,3
problematic,3
arguing,3
boo,3
ginsburg,3
toilet,3
terminal,3
understands,3
mason,3
mlk,3
outlet,3
darren,3
origins,3
tonight,3
minds,3
document,3
broad,3
donate,3
honestly,3
rooms,3
modern,3
mystery,3
josh,3
wrestling,3
justify,3
permanent,3
instagrams,3
hosted,3
invasion,3
halls,3
weiner,3
80s,3
accessory,3
15-year,3
functioning,3
lifted,3
socially,3
angeles,3
sends,3
queen,3
pieces,3
coat,3
southern,3
neil,3
loud,3
devastating,3
controversial,3
admission,3
created,3
demonstrators,3
grooms,3
videos,3
hilton,3
shortly,3
lebanon,3
fisher,3
13-year,3
lambert,3
laurie,3
jedi,3
coral,3
mark,3
text,3
title,3
character,3
lauren,3
banned,3
revolution,3
brooklyn,3
jones,3
spotlight,3
annoying,3
commentary,3
derek,3
sxsw,3
diving,3
selfish,3
rough,3
mutual,3
simpson,3
dealt,3
shaming,3
ton,3
apparel,3
goodness,3
ultimate,3
replace,3
luck,3
disney,3
teenagers,3
gates,3
ipad,3
fortune,3
draws,3
celebrate,3
los,3
formerly,3
charleston,3
apologized,3
hell,3
nonsense,3
vp,3
victories,3
clubs,3
handy,3
enduring,3
pleased,3
winds,3
macy,3
spare,3
gesture,3
categories,3
cindy,3
deemed,3
contains,3
trains,3
technologies,3
hate,3
immigrants,3
queer,3
elect,3
reid,3
show,3
hero,3
female,3
actor,3
copyright,3
charity,3
hiding,3
trumpcare,3
renowned,3
nationwide,3
klein,3
wasting,3
nina,3
suggestion,3
inn,3
afghan,3
delightful,3
continent,3
u.n,3
evolve,3
guru,3
misses,3
consent,3
envy,3
sanity,3
tragic,3
appropriate,3
parker,2
hilarious,2
trees,2
jewish,2
cultural,2
asian,2
anticipation,2
curse,2
structures,2
tina,2
critically,2
materials,2
introduces,2
rooted,2
extension,2
housewives,2
damon,2
condemns,2
shiny,2
promotes,2
pairs,2
dicaprio,2
retro,2
hormones,2
juan,2
census,2
internet,2
behind,2
amy,2
dick,2
netflix,2
criticized,2
herself,2
instagram,2
90s,2
worldwide,2
fake,2
inspire,2
minority,2
monument,2
jaw,2
staffer,2
remake,2
barry,2
fundamental,2
perform,2
awarded,2
marine,2
tasks,2
amidst,2
yo,2
spoiler,2
audience,2
japanese,2
wolf,2
acceptance,2
superhero,2
films,2
forgotten,2
background,2
palestine,2
walt,2
nominated,2
devil,2
streep,2
notable,2
jean,2
regions,2
headquarters,2
wright,2
complaining,2
rejected,2
posed,2
interested,2
became,2
travels,2
gear,2
scene,2
movies,2
terry,2
hopes,2
designs,2
scandals,2
tracy,2
fought,2
beautifully,2
logo,2
completed,2
aug,2
stressing,2
oven,2
betty,2
powerful,2
define,2
respect,2
calm,2
desert,2
solidarity,2
beautiful,2
bean,2
transparent,2
adventures,2
becomes,2
disclose,2
movements,2
contestant,2
fragrance,2
dread,2
actresses,2
destroying,2
bored,2
freed,2
dirt,2
prove,2
wants,2
version,2
owners,2
sales,2
reflect,2
collaboration,2
feminism,2
narrative,2
wealth,2
complex,2
thanks,2
sweet,2
referred,2
speaks,2
disabled,2
weigh,2
edition,2
historical,2
sesame,2
intensity,2
obsession,2
heights,2
inches,2
casino,2
skeptical,2
franco,2
requests,2
lincoln,2
smell,2
politician,2
combination,2
proves,2
hateful,2
walks,2
fantasy,2
simultaneously,2
backstage,2
bullied,2
ian,2
poland,2
tis,2
covers,2
openly,2
gives,2
lions,2
creativity,2
combine,2
solid,2
candid,2
underwood,2
tongue,2
unknown,2
watchdog,2
sucks,2
wise,2
clutter,2
steady,2
painted,2
flames,2
aka,2
eaten,2
printed,2
wanted,2
editor,2
accurate,2
projects,2
agencies,2
stroke,2
nick,2
destroy,2
frightening,2
mock,2
sing,2
violated,2
danny,2
kansas,2
wade,2
slain,2
meryl,2
closest,2
preserve,2
pills,2
lone,2
genuine,2
tears,2
ball,2
awards,2
colin,2
won,2
bodies,2
uncertain,2
paula,2
tattoos,2
wage,2
practically,2
frank,2
microsoft,2
fixing,2
welcomes,2
grandmother,2
catherine,2
features,2
stephen,2
tomorrow,2
weird,2
explained,2
racial,2
managed,2
lisa,2
trauma,2
grandma,2
vintage,2
germany,2
dropping,2
reforms,2
equity,2
remembers,2
invented,2
pretend,2
sum,2
sally,2
industries,2
texts,2
port,2
satisfaction,2
e.,2
viral,2
shows,2
controversy,2
music,2
dollar,2
surrounding,2
remarkable,2
amendment,2
actress,2
signals,2
coolest,2
presented,2
collection,2
unveils,2
embraced,2
cancels,2
cooler,2
influenced,2
strangers,2
stigma,2
jim,2
lock,2
birds,2
adulthood,2
creating,2
rice,2
ford,2
passes,2
tape,2
fate,2
childhood,2
space,2
beloved,2
flowers,2
fatherhood,2
naomi,2
speeches,2
transforming,2
marilyn,2
horizon,2
shaping,2
monologue,2
mice,2
snacks,2
studying,2
richard,2
american,2
thrones,2
follows,2
tweets,2
hall,2
ai,2
michele,2
rape,2
nearby,2
but,2
countless,2
olds,2
madonna,2
apocalypse,2
performs,2
egyptian,2
generous,2
thrilled,2
enter,2
chicago,2
daughters,2
walls,2
film,2
happens,2
written,2
web,2
anger,2
incredible,2
swap,2
sweden,2
visited,2
abusive,2
traumatic,2
spell,2
notes,2
walker,2
forever,2
giant,2
dreams,2
raise,2
coming,2
anniversary,2
border,2
america,2
faces,2
dogs,2
thank,2
sue,2
irma,2
imagine,2
hbo,2
freezing,2
examine,2
fortunate,2
norway,2
separated,2
comparison,2
prompted,2
toxic,2
finally,2
lists,2
spicer,2
james,2
oregon,2
miami,2
racist,2
picture,2
peers,2
stark,2
janet,2
defining,2
fighters,2
thoughtful,2
cited,2
computers,2
scout,2
legacy,2
melissa,2
arrived,2
celebrating,2
wild,2
perfectly,2
ward,2
woody,2
refused,2
postpartum,2
mountains,2
empowerment,2
divine,2
blown,2
sale,2
fancy,2
upcoming,2
rose,2
words,2
rock,2
welcomed,2
congratulations,2
‚Äôve,2
crashed,2
approves,2
legendary,2
foot,2
representative,2
launching,2
forgot,2
visible,2
prepares,2
nightclub,2
cotton,2
booze,2
mob,2
reality,2
respond,2
opening,2
everybody,2
phoenix,2
volunteers,2
recording,2
v.,2
stunt,2
dump,2
defended,2
olive,2
score,2
late,2
broken,2
personally,2
burn,2
hint,2
train,2
talked,2
boys,2
york,2
appeared,2
daddy,2
playlist,2
delta,2
necessary,2
pitt,2
risky,2
website,2
quest,2
screaming,2
throwback,2
spencer,2
hathaway,2
frame,2
numerous,2
scroll,2
reaction,2
matt,2
tells,2
inspiring,2
slowly,2
inside,2
entire,2
therapy,2
houston,2
wheelchair,2
fits,2
clark,2
prank,2
ruth,2
hart,2
scream,2
whiskey,2
kissing,2
equipment,2
sunshine,2
designer,2
african,2
victims,2
landscape,2
privilege,2
explain,2
columnist,2
weirdest,2
propaganda,2
obsessed,2
damage,2
gina,2
camps,2
witch,2
deeply,2
buried,2
climb,2
punk,2
economics,2
karen,2
intimacy,2
brings,2
uk,2
exchange,2
honored,2
funding,2
building,2
shared,2
freaking,2
lets,2
thriving,2
snapchat,2
hottest,2
lifelong,2
papers,2
pig,2
owe,2
shy,2
bones,2
height,2
played,2
removed,2
courtesy,2
location,2
work,2
director,2
peace,2
ending,2
concrete,2
nonprofit,2
arrival,2
harris,2
homework,2
bloom,2
sustainability,2
cool,2
puppy,2
uses,2
entertainment,2
happening,2
era,2
absolutely,2
east,2
fan,2
sign,2
protesting,2
aging,2
addresses,2
thankfully,2
ego,2
peek,2
detained,2
conservation,2
lyrics,2
glow,2
chose,2
boring,2
urban,2
globe,2
guys,2
receives,2
portion,2
shade,2
string,2
ethnic,2
florence,2
chest,2
stream,2
glam,2
biopic,2
later,2
stands,2
hole,2
account,2
talk,2
',2
purpose,2
feels,2
bruce,2
producers,2
campbell,2
halloween,2
crossing,2
judging,2
roads,2
ranking,2
breakup,2
seeks,2
crime,2
featuring,2
suggested,2
opposite,2
dutch,2
younger,2
responses,2
ethical,2
massacre,2
suggesting,2
praises,2
drove,2
wives,2
southwest,2
columbia,2
wet,2
enthusiasm,2
george,2
alleged,2
worried,2
guess,2
band,2
girls,2
breaking,2
commission,2
philosophy,2
whitney,2
singing,2
ranks,2
istanbul,2
apply,2
met,2
bird,2
pink,2
brush,2
editors,2
wang,2
runners,2
commonly,2
viewed,2
landmark,2
shed,2
awe,2
ears,2
uncle,2
territory,2
duty,2
mexican,2
political,2
public,2
unlike,2
promote,2
dramatically,2
surf,2
episodes,2
cape,2
#,2
nature,2
dirty,2
criticism,2
nobody,2
honor,2
honest,2
massive,2
songs,2
10-year,2
rides,2
disgusting,2
secretly,2
compares,2
nixon,2
cox,2
okay,2
field,2
stressed,2
bee,2
goodbye,2
castle,2
tracks,2
maps,2
relate,2
turner,2
damaging,2
delight,2
quiet,2
assault,2
call,2
kinds,2
bags,2
‚Äôs,2
events,2
kaepernick,2
crying,2
professional,2
discussing,2
palestinian,2
invitation,2
bitter,2
haunted,2
introducing,2
politics,2
virginia,2
colleagues,2
trevor,2
journalists,2
hired,2
loser,2
bridges,2
encouraged,2
rejection,2
perception,2
underwater,2
hints,2
mirror,2
‚Äôre,2
helped,2
snow,2
bring,2
absolute,2
russians,2
wayne,2
threaten,2
mayo,2
aims,2
melania,2
hoped,2
turn,2
favorite,2
screen,2
stupid,2
sending,2
habit,2
app,2
whose,2
encourage,2
blamed,2
funds,2
shell,2
coping,2
panther,2
gray,2
natalie,2
grave,2
techniques,2
unarmed,2
include,2
real,2
colors,2
n‚Äôt,2
joke,2
pro,2
wait,2
countries,2
co,2
finished,2
mask,2
confessions,2
followers,2
assistance,2
locations,2
possibilities,2
city,2
beyonc√©,2
proposed,2
sounds,2
loses,2
filming,2
profit,2
burned,2
jake,2
expressed,2
homelessness,2
strongly,2
vision,2
election,2
alan,2
mad,2
dude,2
murray,2
madison,2
widespread,2
waking,2
angel,2
conflict,2
black,2
sorry,2
stage,2
oscars,2
describe,2
loving,2
new,2
jeff,2
welfare,2
unclear,2
nightmare,2
woke,2
entitled,2
metal,2
setting,2
non,2
these,2
sort,2
ever,2
dies,2
shocking,2
frustration,2
obstacles,2
supporter,2
crimes,2
glory,2
joins,2
planes,2
attempted,2
length,2
legend,2
charlie,2
deliver,2
comfort,2
pull,2
means,2
based,2
passage,2
acceptable,2
fever,2
edge,2
leslie,2
involve,2
triple,2
champagne,2
zuckerberg,2
recognized,2
crowds,2
selling,2
future,2
opportunities,2
variety,2
usual,2
gap,2
currently,2
modeling,2
established,2
constant,2
manchester,2
defend,2
stages,2
cuban,2
punch,2
architecture,2
jan,2
developed,2
although,2
multiple,2
worries,2
belt,2
testimony,2
trading,2
toy,2
hackers,2
happily,2
village,2
fastest,2
death,2
designers,2
rare,2
michael,2
tom,2
beach,2
david,2
bright,2
myth,2
spray,2
regime,2
angela,2
angry,2
martha,2
boom,2
sake,2
troubling,2
clinical,2
computer,2
beauty,2
woman,2
society,2
alive,2
movie,2
trans,2
image,2
dramatic,2
south,2
hillary,2
waiting,2
muslim,2
'em,2
inspires,2
latin,2
dining,2
colombia,2
windows,2
comedy,2
update,2
looks,2
makes,2
grace,2
streets,2
offers,2
heels,2
panel,2
dear,2
card,2
years,2
silver,2
symbol,2
lemon,2
tweeted,2
bully,2
ate,2
encouraging,2
sudden,2
repeatedly,2
young,2
track,2
within,2
obvious,2
presidency,2
warriors,2
excited,2
principles,2
somewhere,2
stone,2
ashamed,2
urged,2
meditate,2
bloggers,2
puts,1
originally,1
atlanta,1
scary,1
set,1
dreaming,1
surveillance,1
existing,1
seattle,1
profits,1
spoof,1
absence,1
struggles,1
rolling,1
spirits,1
luther,1
fill,1
appreciation,1
message,1
nothing,1
shape,1
too,1
islands,1
survival,1
laugh,1
knew,1
creation,1
academic,1
politicians,1
tens,1
disappointed,1
built,1
sam,1
brave,1
reflections,1
seasonal,1
humanitarian,1
achieving,1
holocaust,1
lottery,1
box,1
ill,1
lake,1
inspiration,1
danger,1
lucky,1
ass,1
egg,1
critic,1
revenge,1
incredibly,1
mile,1
fruits,1
asleep,1
stomach,1
phenomenon,1
dying,1
off,1
die,1
white,1
carefully,1
arkansas,1
bipartisan,1
jokes,1
relaxing,1
festivals,1
enormous,1
lips,1
christina,1
chill,1
world,1
will,1
drunk,1
cuts,1
maternity,1
weinstein,1
casual,1
locked,1
invite,1
chemicals,1
races,1
dignity,1
maker,1
lonely,1
pay,1
believed,1
painful,1
except,1
near,1
indian,1
initial,1
remembered,1
slavery,1
shirts,1
package,1
nowhere,1
kellyanne,1
deserves,1
clever,1
wash,1
tyler,1
located,1
cozy,1
fuels,1
decorating,1
feast,1
girl,1
human,1
fell,1
rihanna,1
drag,1
takes,1
role,1
digital,1
recover,1
context,1
exotic,1
beyond,1
television,1
concern,1
room,1
create,1
winner,1
describes,1
starring,1
sandra,1
root,1
apparent,1
recalls,1
decided,1
festival,1
kevin,1
cutting,1
physical,1
rights,1
mentally,1
filled,1
eliminate,1
stake,1
parental,1
minor,1
connections,1
kiss,1
changed,1
made,1
feature,1
estate,1
release,1
every,1
record,1
prison,1
sized,1
occasion,1
spots,1
invisible,1
hunting,1
tremendous,1
howard,1
fatally,1
swift,1
arrive,1
alec,1
sister,1
affairs,1
vermont,1
saint,1
predict,1
neither,1
worrying,1
highly,1
diversity,1
jr,1
traffic,1
leading,1
letter,1
german,1
glimpse,1
stealing,1
beings,1
retreat,1
apologize,1
commercial,1
detention,1
giving,1
funny,1
mount,1
showing,1
accuses,1
barriers,1
guides,1
filmmaker,1
station,1
inclusive,1
lindsay,1
his,1
homes,1
bond,1
fearless,1
explosion,1
giants,1
tv,1
silence,1
moral,1
greg,1
aisle,1
uncertainty,1
elements,1
oct,1
motivation,1
lion,1
repeat,1
frequent,1
celeb,1
her,1
reporter,1
anti,1
river,1
newly,1
online,1
names,1
matters,1
pill,1
montana,1
brady,1
pledge,1
reportedly,1
seen,1
totally,1
discovered,1
trump,1
ellen,1
jong,1
donations,1
empowering,1
sept,1
glasses,1
inappropriate,1
emmys,1
crush,1
pictures,1
win,1
national,1
pretty,1
kind,1
covering,1
kushner,1
brad,1
volunteer,1
swimming,1
perfection,1
tensions,1
kris,1
vladimir,1
eco,1
warn,1
imagined,1
phil,1
divide,1
cold,1
anxiety,1
now,1
busy,1
direction,1
view,1
lines,1
deny,1
avoiding,1
marked,1
horrific,1
con,1
sides,1
pack,1
kanye,1
kelly,1
sued,1
disability,1
tour,1
inc,1
harsh,1
free,1
jack,1
very,1
early,1
youth,1
wall,1
dialogue,1
fellow,1
accidentally,1
tell,1
threat,1
vulnerable,1
an,1
buy,1
pushed,1
skills,1
calendar,1
endorsement,1
raw,1
insane,1
owned,1
catch,1
announcement,1
french,1
group,1
today,1
decline,1
aftermath,1
trailer,1
exclusive,1
twin,1
soldier,1
understood,1
true,1
seriously,1
oscar,1
here,1
prepared,1
through,1
ago,1
parenthood,1
aleppo,1
fierce,1
performing,1
listening,1
pat,1
across,1
adults,1
teens,1
placed,1
practical,1
purchase,1
motion,1
sadly,1
funeral,1
elementary,1
de,1
positions,1
pit,1
west,1
forget,1
response,1
seeing,1
song,1
published,1
rescue,1
arctic,1
mississippi,1
bacteria,1
butt,1
singer,1
walk,1
listen,1
bringing,1
progress,1
citizens,1
anyway,1
announces,1
organizations,1
count,1
stick,1
british,1
use,1
tropical,1
intimate,1
immigrant,1
patrick,1
emotionally,1
judgment,1
traveled,1
weed,1
launched,1
journalist,1
design,1
academy,1
joseph,1
neck,1
honoring,1
staying,1
never,1
mean,1
spiritual,1
leaving,1
popular,1
experienced,1
latest,1
around,1
current,1
luxury,1
center,1
serves,1
announce,1
spread,1
tiny,1
defined,1
toast,1
genetic,1
gets,1
this,1
keeping,1
putin,1
fire,1
confusing,1
circle,1
traditional,1
sparks,1
promises,1
gorgeous,1
emerging,1
gathered,1
-,1
old,1
everywhere,1
about,1
wins,1
lights,1
great,1
level,1
hack,1
conway,1
physically,1
exists,1
grill,1
all,1
johnson,1
post,1
power,1
says,1
once,1
laughing,1
locals,1
hopefully,1
granted,1
trapped,1
gained,1
boots,1
smile,1
lover,1
gifs,1
attention,1
called,1
is,1
shoot,1
exciting,1
making,1
scandal,1
prince,1
little,1
comment,1
yellow,1
bomb,1
blonde,1
cell,1
olivia,1
lift,1
senior,1
knowledge,1
table,1
chinese,1
make,1
eats,1
kill,1
curious,1
alternative,1
perfect,1
causes,1
right,1
a,1
none,1
shine,1
underwear,1
aaron,1
migrants,1
mix,1
went,1
upon,1
wars,1
audio,1
moore,1
investing,1
sets,1
name,1
fresh,1
scientists,1
exist,1
present,1
just,1
donald,1
joining,1
universe,1
apart,1
noted,1
debuts,1
leaves,1
outrageous,1
awful,1
delivered,1
column,1
raising,1
advocates,1
recall,1
convinced,1
monster,1
blames,1
settle,1
mtv,1
everything,1
girlfriend,1
dating,1
minnesota,1
dr,1
population,1
active,1
additional,1
commit,1
produced,1
rick,1
hanging,1
left,1
latino,1
balance,1
aide,1
chelsea,1
dan,1
lewis,1
encounter,1
picking,1
loves,1
storm,1
into,1
directed,1
romantic,1
weapon,1
contribute,1
device,1
promised,1
dressing,1
c,1
johnny,1
still,1
harassment,1
robert,1
truth,1
louis,1
threats,1
signs,1
voting,1
secret,1
seemed,1
refuses,1
needed,1
star,1
ignored,1
lovely,1
bite,1
smoke,1
reaching,1
taylor,1
of,1
live,1
harder,1
screening,1
widely,1
surprise,1
iphone,1
lost,1
love,1
worry,1
appearance,1
block,1
urge,1
match,1
medal,1
hopeful,1
happy,1
france,1
reveals,1
calling,1
kept,1
becoming,1
next,1
analysis,1
rescued,1
invited,1
california,1
lives,1
unless,1
launch,1
shop,1
spectacular,1
rings,1
flash,1
plans,1
hit,1
rather,1
used,1
come,1
canada,1
awkward,1
people,1
agent,1
surprises,1
don,1
desperate,1
december,1
reactions,1
individuals,1
cheap,1
pence,1
drama,1
send,1
maybe,1
colbert,1
nancy,1
blues,1
shaped,1
uncomfortable,1
healthcare,1
embracing,1
adele,1
drew,1
scott,1
animals,1
designed,1
soul,1
relatively,1
roger,1
miracle,1
join,1
emotional,1
charge,1
broke,1
candy,1
deaths,1
section,1
adventure,1
step,1
taken,1
suggests,1
eye,1
article,1
styles,1
confirms,1
lived,1
gut,1
main,1
visit,1
spot,1
by,1
comey,1
light,1
elephant,1
doors,1
grown,1
champion,1
proper,1
teenager,1
largest,1
actually,1
again,1
different,1
album,1
need,1
fail,1
sex,1
race,1
year,1
eu,1
islam,1
sisters,1
forgiveness,1
flat,1
dressed,1
facts,1
shame,1
who,1
men,1
full,1
updates,1
experiencing,1
christmas,1
gone,1
pregnancy,1
letting,1
older,1
hard,1
murder,1
constantly,1
react,1
throwing,1
anymore,1
visitors,1
mainstream,1
shocked,1
neighbors,1
emmy,1
fights,1
bone,1
store,1
man,1
size,1
blasts,1
return,1
hilariously,1
trail,1
nominees,1
cameron,1
are,1
the,1
how,1
final,1
suffering,1
georgia,1
lots,1
bit,1
missing,1
‚Äôm,1
quarter,1
town,1
clearly,1
arm,1
watch,1
become,1
minutes,1
included,1
ideas,1
due,1
olympics,1
definition,1
strike,1
swing,1
gaza,1
discovery,1
foster,1
backlash,1
life,1
loved,1
she,1
guy,1
rural,1
ideal,1
teach,1
rap,1
adds,1
strange,1
williams,1
list,1
stood,1
apologizes,1
laura,1
hop,1
spanish,1
sexist,1
opinions,1
organized,1
why,1
way,1
wish,1
critics,1
meditations,1
get,1
jersey,1
does,1
freedom,1
suffered,1
tone,1
oprah,1
italian,1
focusing,1
surgery,1
meat,1
against,1
winter,1
cards,1
vital,1
israel,1
saying,1
flow,1
oldest,1
irish,1
heading,1
plants,1
official,1
gave,1
us,1
away,1
king,1
stuff,1
learn,1
footage,1
sentence,1
tackle,1
hungry,1
brian,1
carter,1
let,1
class,1
beer,1
jared,1
month,1
lasting,1
panic,1
sand,1
legs,1
tourist,1
searching,1
chuck,1
unlikely,1
outside,1
including,1
sexual,1
choice,1
values,1
highlight,1
harvard,1
ordinary,1
alex,1
chemical,1
lip,1
like,1
past,1
fully,1
ohio,1
hidden,1
mixed,1
everyday,1
fighting,1
marriages,1
threatened,1
exposed,1
enjoying,1
alaska,1
la,1
phones,1
in,1
self,1
owner,1
give,1
face,1
should,1
its,1
price,1
really,1
dakota,1
threatening,1
advance,1
example,1
dates,1
tiger,1
memory,1
's,1
own,1
determined,1
drop,1
pose,1
support,1
stuck,1
philadelphia,1
supports,1
grammys,1
importance,1
stewart,1
heat,1
denies,1
review,1
bars,1
things,1
crew,1
marc,1
twins,1
grammy,1
roles,1
personal,1
amount,1
look,1
hundreds,1
ii,1
bunch,1
land,1
page,1
schedule,1
democracy,1
views,1
accept,1
aware,1
britain,1
ordered,1
scores,1
e,1
items,1
strength,1
done,1
see,1
discrimination,1
katie,1
using,1
parties,1
break,1
menu,1
ran,1
evil,1
shots,1
valuable,1
so,1
updated,1
mention,1
india,1
glass,1
out,1
turned,1
eyes,1
lovers,1
times,1
trying,1
september,1
long,1
what,1
thinks,1
shake,1
targeted,1
regret,1
loan,1
grab,1
lot,1
place,1
complete,1
preparing,1
whenever,1
conversation,1
age,1
afraid,1
together,1
already,1
eastern,1
alert,1
can,1
schools,1
known,1
naturally,1
largely,1
protesters,1
technology,1
process,1
bad,1
reveal,1
charlottesville,1
conspiracy,1
dallas,1
universal,1
adding,1
ban,1
were,1
nation,1
father,1
bombing,1
bridge,1
communication,1
spotted,1
newspaper,1
confused,1
international,1
first,1
jessica,1
olympic,1
clothing,1
costumes,1
nails,1
sharing,1
spain,1
romance,1
rainbow,1
endless,1
to,1
london,1
at,1
harvey,1
officially,1
needs,1
science,1
because,1
allegations,1
terrible,1
than,1
among,1
worse,1
has,1
flip,1
told,1
under,1
large,1
advice,1
despite,1
planned,1
farm,1
backed,1
21st,1
particularly,1
been,1
over,1
understand,1
embrace,1
domestic,1
truly,1
bernie,1
along,1
keys,1
april,1
golden,1
fox,1
burning,1
remains,1
game,1
fight,1
learned,1
oliver,1
worked,1
head,1
kid,1
you,1
clothes,1
summer,1
advocate,1
lying,1
mid,1
groups,1
brought,1
greatest,1
getting,1
addiction,1
intense,1
clients,1
limits,1
square,1
be,1
makeup,1
denied,1
contest,1
hand,1
forms,1
anderson,1
leader,1
for,1
re,1
it,1
administration,1
lady,1
benefit,1
extreme,1
australian,1
quotes,1
mini,1
soft,1
problem,1
proud,1
taking,1
go,1
pacific,1
factor,1
stars,1
twitter,1
something,1
flint,1
roots,1
cure,1
living,1
much,1
map,1
income,1
sitting,1
corporate,1
crucial,1
from,1
career,1
on,1
acts,1
heal,1
partners,1
potential,1
francisco,1
cities,1
fun,1
kerry,1
airlines,1
plenty,1
thing,1
hope,1
beat,1
appreciate,1
vegetables,1
himself,1
wonder,1
compared,1
identify,1
celebs,1
sight,1
expect,1
lesson,1
responsibility,1
action,1
violence,1
member,1
un,1
holds,1
difference,1
engage,1
closed,1
threatens,1
elizabeth,1
nra,1
crazy,1
only,1
local,1
want,1
time,1
finds,1
sources,1
privacy,1
inner,1
beaches,1
if,1
places,1
cover,1
lessons,1
standing,1
marry,1
‚Äï,1
korean,1
joy,1
happened,1
most,1
caribbean,1
directly,1
pets,1
enough,1
challenges,1
probably,1
playing,1
unusual,1
liberal,1
range,1
activists,1
numbers,1
christian,1
he,1
not,1
advantage,1
phone,1
lead,1
fine,1
featured,1
tool,1
ease,1
demands,1
whole,1
idea,1
him,1
there,1
as,1
telling,1
grew,1
guns,1
stop,1
andrew,1
animal,1
tried,1
with,1
fall,1
found,1
date,1
harm,1
required,1
type,1
admits,1
meaningful,1
wilson,1
cheese,1
adorable,1
reuters,1
teen,1
meaning,1
hollywood,1
ship,1
after,1
paper,1
open,1
being,1
holidays,1
pool,1
sun,1
single,1
feelings,1
we,1
suicide,1
cookie,1
results,1
hurt,1
enjoy,1
misconduct,1
historic,1
abuse,1
try,1
mistakes,1
dangerous,1
possible,1
hip,1
attend,1
testing,1
suffer,1
apartment,1
well,1
chic,1
illegal,1
would,1
struggle,1
shot,1
homeless,1
your,1
direct,1
extra,1
empty,1
pick,1
cheating,1
statement,1
breakfast,1
even,1
photos,1
journey,1
ourselves,1
dealing,1
afternoon,1
conversations,1
talent,1
budget,1
communities,1
sport,1
hoping,1
nice,1
launches,1
changing,1
lawsuit,1
situation,1
small,1
children,1
appeal,1
pulled,1
standard,1
press,1
secrets,1
putting,1
continued,1
partner,1
hide,1
practices,1
acting,1
during,1
produce,1
reason,1
feed,1
walked,1
window,1
company,1
simple,1
option,1
likes,1
debate,1
scientific,1
facing,1
sent,1
stronger,1
claims,1
close,1
allies,1
cycle,1
channel,1
meets,1
survey,1
other,1
tend,1
fabulous,1
remember,1
change,1
exactly,1
ben,1
tweet,1
choose,1
north,1
those,1
interest,1
calories,1
war,1
producer,1
releases,1
cry,1
confirmed,1
got,1
hotel,1
accounts,1
offering,1
pushing,1
sees,1
fame,1
annual,1
shooting,1
consider,1
boy,1
asked,1
issues,1
celebrity,1
england,1
everyone,1
diagnosed,1
looking,1
started,1
wake,1
delicious,1
second,1
wears,1
afford,1
cocktail,1
ignore,1
comes,1
positive,1
pennsylvania,1
suddenly,1
manage,1
bar,1
battle,1
moon,1
frozen,1
end,1
stay,1
gift,1
offer,1
prevent,1
ready,1
strikes,1
travel,1
gun,1
questions,1
protect,1
was,1
have,1
could,1
student,1
globes,1
nail,1
suggest,1
competition,1
anna,1
brothers,1
park,1
attacks,1
going,1
both,1
help,1
hurricane,1
nasa,1
salad,1
transition,1
homemade,1
friends,1
sunday,1
no,1
back,1
might,1
follow,1
favor,1
matter,1
scale,1
opens,1
sound,1
community,1
courage,1
association,1
expectations,1
ice,1
plant,1
serious,1
katy,1
machine,1
happier,1
their,1
straight,1
person,1
chance,1
offered,1
tests,1
weapons,1
before,1
some,1
smart,1
search,1
site,1
syndrome,1
up,1
continue,1
almost,1
half,1
coal,1
voted,1
talking,1
brown,1
stand,1
task,1
bizarre,1
costume,1
holiday,1
night,1
more,1
nearly,1
jay,1
yesterday,1
brides,1
lack,1
previous,1
sense,1
running,1
members,1
key,1
take,1
since,1
spirit,1
reached,1
roy,1
tries,1
feel,1
seth,1
strategies,1
corner,1
soon,1
changes,1
success,1
starting,1
arizona,1
helps,1
allows,1
sky,1
ahead,1
earth,1
season,1
chief,1
safe,1
developing,1
healing,1
grateful,1
side,1
amazing,1
fly,1
provide,1
focus,1
any,1
cleaning,1
otherwise,1
marks,1
tradition,1
walking,1
led,1
floor,1
spend,1
relationship,1
accused,1
air,1
campaign,1
between,1
say,1
sell,1
watched,1
anyone,1
carpet,1
they,1
thought,1
complicated,1
defends,1
deal,1
violent,1
paid,1
theory,1
mobile,1
heavy,1
taste,1
cute,1
son,1
choosing,1
sea,1
expected,1
depression,1
add,1
losing,1
jason,1
thousands,1
dinner,1
system,1
our,1
fear,1
body,1
kills,1
per,1
peter,1
myself,1
behavior,1
dancing,1
somehow,1
william,1
nuclear,1
school,1
lose,1
blogger,1
quiz,1
forward,1
experience,1
good,1
friend,1
jordan,1
grief,1
shirt,1
workers,1
hold,1
votes,1
hunger,1
hair,1
boss,1
affair,1
period,1
noah,1
global,1
least,1
lgbtq,1
spouse,1
jackson,1
build,1
jennifer,1
save,1
bear,1
legislation,1
question,1
wear,1
israeli,1
baseball,1
caught,1
clinton,1
parks,1
social,1
candidates,1
western,1
certainly,1
husband,1
mess,1
colorado,1
effort,1
ancient,1
onto,1
killer,1
following,1
birthday,1
prices,1
campus,1
awesome,1
poor,1
gold,1
that,1
handle,1
gratitude,1
escape,1
ended,1
camera,1
foreign,1
emails,1
without,1
fit,1
mountain,1
michelle,1
agenda,1
lifetime,1
're,1
anything,1
believe,1
seems,1
flag,1
concerned,1
drink,1
region,1
do,1
said,1
hill,1
special,1
allegedly,1
happen,1
retirement,1
dozens,1
hear,1
mindful,1
product,1
pope,1
immediately,1
breath,1
heads,1
weekend,1
n't,1
florida,1
eve,1
president,1
sanders,1
country,1
bank,1
chair,1
challenging,1
model,1
clear,1
ocean,1
them,1
lie,1
days,1
leave,1
dollars,1
form,1
kim,1
bathroom,1
ties,1
best,1
working,1
individual,1
elections,1
orange,1
easter,1
worst,1
continues,1
cash,1
heard,1
control,1
think,1
fish,1
media,1
sleeping,1
calls,1
civil,1
child,1
emergency,1
coffee,1
shut,1
unique,1
caused,1
must,1
may,1
know,1
roll,1
slams,1
activity,1
clip,1
pants,1
find,1
house,1
having,1
cross,1
relationships,1
flying,1
status,1
position,1
saw,1
premiere,1
touch,1
business,1
europe,1
worth,1
comedian,1
did,1
another,1
each,1
day,1
nations,1
ends,1
news,1
condition,1
rules,1
ceremony,1
decades,1
biden,1
middle,1
share,1
concerns,1
tree,1
recent,1
far,1
experts,1
tools,1
skin,1
mother,1
released,1
immigration,1
residents,1
hours,1
lifestyle,1
toward,1
epic,1
photo,1
presidential,1
probe,1
equal,1
sean,1
driver,1
meeting,1
faced,1
daughter,1
appear,1
allowed,1
highest,1
jon,1
suit,1
answers,1
knows,0
raised,0
impossible,0
interview,0
terms,0
heart,0
discuss,0
demand,0
passed,0
've,0
died,0
foundation,0
content,0
celebration,0
resolutions,0
able,0
am,0
rising,0
jail,0
fourth,0
program,0
impact,0
which,0
influence,0
unexpected,0
term,0
took,0
miss,0
when,0
source,0
lunch,0
home,0
oil,0
someone,0
magazine,0
former,0
wednesday,0
teaching,0
repeal,0
important,0
moving,0
had,0
also,0
spent,0
legal,0
holding,0
hearts,0
target,0
big,0
paul,0
learning,0
essential,0
prepare,0
breaks,0
interesting,0
isis,0
where,0
starts,0
throw,0
difficult,0
recognize,0
islamic,0
athletes,0
many,0
mindfulness,0
double,0
style,0
crisis,0
intelligence,0
programs,0
muslims,0
sexy,0
speaking,0
down,0
returns,0
decide,0
sarah,0
total,0
january,0
expert,0
percent,0
decisions,0
justice,0
vegas,0
closer,0
pet,0
solution,0
felt,0
order,0
royal,0
evening,0
banks,0
welcome,0
‚Äò,0
saving,0
third,0
county,0
environment,0
sandy,0
answer,0
connected,0
receive,0
meant,0
put,0
hot,0
killed,0
birth,0
camp,0
yourself,0
european,0
actions,0
barack,0
seek,0
grand,0
keeps,0
ads,0
via,0
craft,0
mind,0
remain,0
ex,0
victim,0
connection,0
less,0
fears,0
obama,0
revealed,0
failed,0
models,0
common,0
lies,0
brother,0
policies,0
goes,0
conference,0
cnn,0
state,0
racism,0
youtube,0
plan,0
cook,0
better,0
fact,0
guide,0
evolution,0
couples,0
blame,0
feet,0
strong,0
agency,0
until,0
pride,0
slow,0
alone,0
themselves,0
problems,0
appears,0
part,0
point,0
organization,0
agree,0
finding,0
journal,0
voter,0
government,0
low,0
similar,0
spring,0
result,0
opportunity,0
seat,0
then,0
front,0
moment,0
college,0
received,0
illness,0
paying,0
attack,0
sad,0
critical,0
major,0
few,0
autism,0
last,0
voters,0
dad,0
throughout,0
effect,0
road,0
forces,0
kids,0
committee,0
food,0
staff,0
coast,0
sit,0
driving,0
split,0
weeks,0
princess,0
americans,0
always,0
further,0
africa,0
water,0
challenge,0
steps,0
seem,0
hour,0
move,0
serve,0
details,0
warm,0
while,0
growth,0
moments,0
huffpost,0
ryan,0
supporters,0
usually,0
run,0
super,0
week,0
married,0
proposal,0
ring,0
practice,0
longer,0
hits,0
growing,0
judge,0
especially,0
china,0
me,0
drive,0
united,0
apparently,0
same,0
i,0
quickly,0
taught,0
easy,0
email,0
asking,0
lawmakers,0
conservative,0
video,0
named,0
industry,0
reasons,0
employees,0
approach,0
efforts,0
costs,0
mom,0
trend,0
definitely,0
mental,0
rise,0
host,0
ground,0
texas,0
whether,0
mothers,0
leadership,0
player,0
trends,0
brain,0
sometimes,0
wife,0
episode,0
wrong,0
bed,0
earlier,0
ways,0
area,0
red,0
value,0
minute,0
defense,0
june,0
amid,0
related,0
cops,0
cases,0
normal,0
beginning,0
abortion,0
goal,0
friendly,0
students,0
roundup,0
gay,0
issue,0
families,0
claim,0
reach,0
traveling,0
car,0
looked,0
mass,0
biggest,0
decision,0
yet,0
trade,0
recently,0
realize,0
loss,0
university,0
note,0
money,0
policy,0
habits,0
brand,0
tech,0
allow,0
push,0
reform,0
path,0
valentine,0
laws,0
easier,0
grow,0
successful,0
teacher,0
begin,0
job,0
doctor,0
democratic,0
planet,0
congress,0
itself,0
fat,0
others,0
ted,0
joe,0
san,0
party,0
hotels,0
attorney,0
completely,0
mexico,0
blood,0
labor,0
facebook,0
mike,0
babies,0
address,0
held,0
chocolate,0
certain,0
came,0
instead,0
nominee,0
turkey,0
rich,0
sure,0
snl,0
act,0
blue,0
killing,0
syria,0
hospital,0
baby,0
course,0
spending,0
games,0
one,0
awareness,0
arrested,0
linked,0
church,0
thoughts,0
ceo,0
climate,0
safety,0
fashion,0
couple,0
team,0
monday,0
hands,0
economy,0
wedding,0
reports,0
above,0
ask,0
high,0
speak,0
helping,0
credit,0
comments,0
access,0
millions,0
governor,0
market,0
patients,0
deep,0
movement,0
island,0
chris,0
meditation,0
ones,0
my,0
russian,0
born,0
perhaps,0
often,0
eat,0
treatment,0
force,0
cost,0
information,0
kardashian,0
paris,0
natural,0
such,0
benefits,0
care,0
network,0
huge,0
apple,0
weight,0
sports,0
bowl,0
jobs,0
ad,0
saturday,0
cause,0
pain,0
planning,0
morning,0
republican,0
quite,0
thanksgiving,0
event,0
according,0
happiness,0
simply,0
'm,0
poll,0
test,0
bill,0
companies,0
department,0
case,0
