confucius,129
quesada,129
finian,129
bayrle,129
lenbachhaus,129
münchen,129
déjeûner,129
l'herbe,129
megapolis,129
synne,129
rifbjerg,129
jenůfa,129
magritte,129
harmonic,129
bergonzi,129
così,129
tutte,129
osm,129
virée,129
classique,129
fabergé,129
caramoor,129
wagnerism,129
zaida,129
endahl,129
picabia,129
kunsthaus,129
dadaism,129
interconnection,129
montalban,129
irondale,129
yuccas,129
gugulethu,129
townships,129
wale(s,129
wiliams,129
zea,129
kentridge,129
tevere,129
summerstage,129
ortf,129
jang,129
geum,129
upritchard,129
pelléas,129
mallinson,129
atomos,129
70-minute,129
bathers,129
elegiac,129
sullen,129
fishers,129
pecheurs,129
perles,129
muese,129
meuse,129
ascetic,129
formlessness,129
americaville,129
gallivanting,129
aerialists,129
donizetti,129
lammermoor,129
bowland,129
cebu,129
perloff,129
levene,129
yearley,129
unrepeatable,129
dramatist,129
50-seat,129
gruffalo,129
98th,129
laxart,129
mutualart,129
crosher,129
ducats,129
usurer,129
tormenters,129
hrbek,129
animalism,129
ntozake,129
shange,129
dramatists,129
gardley,129
balletomanes,129
ligare,129
sm,129
flore,129
westgard,129
berlioz,129
gershwin,129
triumphal,129
yannick,129
nezet,129
seguin,129
bunnen,129
amuses,129
worshiped,129
steeple,129
folklorists,129
etgar,129
keret,129
massart,129
yes!but,129
capa,129
marton,129
pinups,129
slashies,129
yuccies,129
slashie,129
institutionalizing,129
bouches,129
dimora,129
lungo,129
wongo,129
knowingness,129
swingers,129
bleeker,129
commedia,129
guignol,129
rajiv,129
babur,129
anthropomorphism,129
sentinels,129
karcz,129
bloodline,129
lizotte,129
quotidian,129
socioeconomically,129
krasa,129
theresienstadt,129
terezin,129
lasky,129
smetanka,129
keatley,129
piecemaker,129
shulamit,129
urbex,129
rosenfeld,129
howards,129
jodorowsky,129
paik,129
fourth-,129
decathletes,129
masami,129
teraoka,129
riverbank,129
phils,129
rachmaninoff,129
romanticism,129
unacquainted,129
ritualized,129
materialization,129
sardonically,129
bachor,129
taiko,129
kudo,129
sophocles,129
obeisance,129
okwui,129
enwezor,129
apichatpong,129
werasethakul,129
zambello,129
dendy,129
rioult,129
revues,129
protégés,129
ekolu,129
tradesmen,129
biesenbach,129
fluxus,129
conflation,129
indexicality,129
gallerists,129
postmodernism,129
erosive,129
arnoldi,129
tailgates,129
adungu,129
threepenny,129
mahagonny,129
helgi,129
tomasson,129
prokofiev,129
impressario,129
scrutinizes,129
lanois,129
eno,129
weider,129
drypoints,129
tactility,129
drypoint,129
gioia,129
musicologist,129
bendjelloul,129
pirozzi,129
pastiche,129
daum,129
sedalia,129
ak-47-wielding,129
emojisinthewild,129
lobsang,129
icefalls,129
dalí,129
conceptualism,129
raptures,129
inhotim,129
cinemaphiles,129
francophones,129
frenchies,129
rampleman,129
mötley,129
crüe,129
boccaccio,129
decameron,129
tuckered,129
haegue,129
leeum,129
rymer,129
hollwood,129
abounding,129
toledano,129
zuill,129
muhly,129
schelomo,129
agustin,129
schang,129
broadway/110,129
gallerist,129
curatorial,129
maciunas,129
fluxhouses,129
shechter,129
hindemith,129
betsky,129
lenapehoking,129
pissarro,129
hipsterrific,129
cavalleria,129
rusticana,129
pagliacci,129
mcvicar,129
borneman,129
quarrels,129
cloakrooms,129
ameringer,129
mcenery,129
yohe,129
stratigraphies,129
excavations,129
borecore,129
everydayclimatechange,129
schawinsky,129
bauhaus,129
quartets,129
tsontakis,129
wheelock,129
mizmar,129
undulates,129
mournful,129
deavere,129
forgacs,129
péter,129
forgács,129
flexn,129
regg,129
sellars,129
sant'ivo,129
esthetics,129
syzygy,129
bluestocking,129
wokka,129
downtow,129
musics,129
bardic,129
harpers,129
unceasingly,129
pamuk,129
eventi,129
letterari,129
verità,129
rhebus,129
karel,129
rodchenko,129
retrofitted,129
stockard,129
dubac,129
schlegel,129
ripps,129
moonlust,129
holydrug,129
kodo,129
bando,129
nobuyuki,129
nishimura,129
kazumi,129
kenichi,129
mashiko,129
pasquini,129
lomax,129
zilke,129
casselman,129
quarries,129
accademia,129
arti,129
videocassette,129
posterity,129
daldry,129
calder,129
vulnicura,129
kasmin,129
vac,129
vitra,129
somi,129
godlike,129
disdained,129
lizzo,129
canny,129
huzzahs,129
natvar,129
bhavsar,129
tower49,129
hamdy,129
durational,129
zaeefeh,129
wretchedness,129
gagprojects,129
shahs,129
metanarrative,129
marber,129
"hell""--the",129
khrushchev,129
erwitt,129
qanir,129
nanotechnologist,129
zielinski,129
ingham,129
gifys,129
r)evolution,129
zausner,129
galicia,129
stoppard,129
bed-,129
rinckenberger,129
brassy,129
lagravanese,129
gob,129
brecht,129
scottsboro,129
feminized,129
hellzapoppin,129
zoetrope,129
cresting,129
internationale,129
filmfestspiele,129
persephone,129
demiurge,129
assael,129
overpasses,129
viaducts,129
vivant,129
docudrama,129
philadelphiatheatreco,129
garonzik,129
ptc,129
maier,129
rochberg,129
jaque,129
chivalrous,129
nycb,129
squired,129
ussie,129
riehen,129
musée,129
scheuer,129
angelli,129
m.a,129
watercolour,129
government-,129
rōdē,129
ō,129
micropolis,129
contrasty,129
carvings,129
symposiums,129
habjouqa,129
turgenev,129
vaudevillian,129
formalism,129
swihart,129
preternaturally,129
aurie,129
hassin,129
film/,129
wonderettes,129
interlochen,129
constellations,129
ivins,129
froth,129
inhales,129
strivings,129
koudelka,129
maquettes,129
lehar,129
operetta,129
wafflers,129
titter,129
amphipolis,129
bargemusic,129
kochi,129
muziris,129
periyar,129
phoenicia,129
abjectness,129
lerdahl,129
pedagogic,129
elaboration,129
kenward,129
caggiano,129
kunkle,129
kuitca,129
superficialities,129
gloomily,129
tzar,129
flunkeys,129
centred,129
ghastliest,129
primeval,129
wnyu,129
darshan,129
jockum,129
nordström,129
zwirner,129
saldiva,129
cappiello,129
garfinkel,129
perennials,129
councilmen,129
rapturous,129
noche,129
pasión,129
septime,129
webre,129
clarinetist,129
tamburlaine,129
yseult,129
spillage,129
kneehigh,129
adapter,129
cornish,129
amleto,129
tiddy,129
shoeboxes,129
snarkitecture,129
breadbox,129
himmler,129
heinrich,129
handforth,129
kayne,129
allegro,129
prurient,129
reticence,129
klinghoffer,129
torke,129
eddied,129
schreck,129
quickens,129
sot,129
yuna,129
inflected,129
henoch,129
encores,129
seibt,129
pointz,129
artselfie,129
zeev,129
walead,129
beshty,129
barbican,129
pleasance,129
aeneas,129
bluebeard,129
bartók,129
kosky,129
pilchuck,129
krysa,129
selector,129
toygodd,129
presentness,129
hove,129
irt,129
judaica,129
emanu,129
kellesimone,129
heartist,129
warmuth,129
plagiarist,129
zaha,129
windhover,129
enlivens,129
martinu,129
goren,129
bohuslav,129
bis,129
liaisons,129
procol,129
harum,129
playgoers,129
comden,129
d'arrietta,129
poolers,129
chaperon,129
henrich,129
hokusai,129
qalandiya,129
brevis,129
longa,129
personifying,129
syncronicity,129
playlets,129
sheherezade,129
cayabyab,129
crumpacker,129
lacerating,129
leroux,129
sonce,129
andersons,129
picador,129
@large,129
mephistopheles,129
kaminski,129
xuchi,129
naungayan,129
eggleton,129
sheens,129
ostrava,129
copland,129
selznick,129
trucked,129
occidente,129
nuevo,129
migliorino,129
bamboozeled,129
saar,129
monad,129
karnowsky,129
discordance,129
ephemera,129
sacremento,129
no.04,129
pierowall,129
no.03,129
clipperton,129
carload,129
veronaon,129
veneration,129
playgoer,129
choreographing,129
abrera,129
locsin,129
revolucion,129
decrepit,129
modu,129
ulbricht,129
tutelage,129
zai,129
djerassi,129
drap,129
woodside,129
childrennotsoldiers,129
reinserting,129
ouchida,129
ecclesiastics,129
fabulism,129
thinhstudio,129
illum,129
nordland,129
adelsteen,129
normann,129
bodø,129
bodøgaard,129
dorner,129
nguyễn,129
bestival,129
intenseness,129
bedpans,129
plié,129
dictation,129
groucho,129
harpo,129
freyda,129
reconfigure,129
defaces,129
redoubt,129
abramopug,129
grandpuppy,129
plimpton,129
rebeck,129
shalott,129
gesamtkunstwerk,129
rationalist,129
christianized,129
roadies,129
garcin,129
beisner,129
fishbeyn,129
streamsong,129
mancha,129
darion,129
bertolt,129
hamme,129
rambunctiously,129
demimonde,129
savonarola,129
huffingtonpost,129
pervasiveness,129
synthia,129
pylypchuk,129
abt,129
rez,129
sturges,129
watermill,129
benefit/,129
mutoid,129
shashank,129
khaitan,129
williamstown,129
culturezohn,129
tiler,129
popera,129
krupin,129
trill,129
caraballo,129
budz,129
prosaically,129
gadflies,129
čechomor,129
český,129
krumlov,129
phialas,129
marakame,129
katira,129
vilchez,129
kritzer,129
wicks,129
catcerto,129
mapmaker,129
valueville,129
harnick,129
gitlin,129
kawara,129
drunkards,129
falstaff,129
jasoos,129
bilkis,129
vidya,129
balan,129
parakeets,129
ghenady,129
meirson,129
darrow,129
mélissa,129
laveaux,129
formatted,129
navigable,129
m.f.a,129
crapstraction,129
dropcloth,129
expressionists,129
d'augustine,129
whacky,129
groupies,129
harmonywiz,129
barceló,129
hielo,129
surpising,129
sónar,129
runtime,129
bettie,129
cartographia,129
mapmakers,129
orienteers,129
agoraphobia,129
gutzon,129
borglum,129
féminin,129
salimata,129
wologem,129
jacaranda,129
junger,129
korengal,129
restrepo,129
hefzy,129
ismailia,129
deconstructs,129
ladyland,129
hulings,129
nordbee,129
keystroke,129
alessandrini,129
moodysson,129
moodyson,129
pulsates,129
rotenberg,129
cappello,129
rhymed,129
bayadère,129
mariinsky,129
taudevin,129
55-minute,129
synergistic,129
titli,129
kanu,129
behl,129
fujiko,129
nakaya,129
gerges,129
zullo,129
sherr,129
gallery1988,129
lucio,129
morandi,129
croisette,129
submersed,129
sanad,129
dahan,129
leonore,129
saeculum,129
obscurum,129
baronius,129
indochinese,129
douce,129
secundaria,129
felsen,129
soundstages,129
frehner,129
dilliard,129
gornik,129
danese,129
calatrava,129
pharos,129
wagnerites,129
unhearable,129
gruessing,129
fabrik,129
indubitably,129
rollingly,129
stade,129
librettist,129
foglia,129
lohman,129
lothar,129
baumgarten,129
450th,129
doddering,129
creaking,129
perceptiveness,129
senility,129
counterbalances,129
holbrook,129
uncoils,129
innerst,129
koons,117
mainstage,110
yarrow,103
arthamptons,97
govan,97
hunchback,97
ungerer,97
lypsinka,97
thiebaud,97
immensity,97
ute,86
colm,86
tóibín,86
tiber,86
elegantly,86
bert,86
bosque,86
orchestras,86
appelhof,86
maidstone,86
symphonies,86
splendour,86
piaf,86
caamfest,86
ragtime,86
stravinsky,86
heizer,86
impressionism,86
sapienza,86
arad,86
det,86
matisse,86
oeuvre,86
bellydancing,86
cityscapes,86
gauguin,86
fondation,86
beyeler,86
sontag,86
zamperini,86
halley,86
feiffer,86
auster,86
reiss,86
baryshnikov,86
saxophonist,86
wiseman,86
wiesenthal,86
lund,86
colours,86
gaudí,86
eubank,86
abstraction,86
rodriquez,86
mythos,86
marla,86
mase,86
nighter,84
playwrights,80
pianos,77
intermission,77
berns,77
tchaikovsky,77
aram,77
hindi,77
bloch,74
björk,74
humpty,74
biennale,70
painters,69
lemper,64
narrators,64
branagh,64
chuda,64
quintet,64
rossini,64
naturalistic,64
westside,64
sfmoma,64
ng,64
migrates,64
herding,64
sneers,64
entropy,64
simard,64
synthesized,64
lustrous,64
bizet,64
monograph,64
variously,64
freckle,64
fenced,64
acrobats,64
stilts,64
coursing,64
belles,64
othello,64
caustic,64
bronzing,64
bata,64
katori,64
impressing,64
classicist,64
eroticism,64
b'way,64
gower,64
lolling,64
callings,64
amuse,64
bouche,64
anish,64
amore,64
messe,64
yuks,64
murmurs,64
unperturbed,64
choral,64
plucky,64
penetrating,64
jaffa,64
iain,64
pei,64
gasped,64
promontory,64
mckinniss,64
ominously,64
resnais,64
revue,64
beeline,64
soloists,64
recedes,64
luckett,64
weill,64
winterland,64
victorians,64
forwards,64
mediums,64
margolin,64
subverts,64
cellist,64
concerto,64
materialized,64
dour,64
nighy,64
hare,64
recriminations,64
malevolently,64
frazzles,64
normcore,64
janine,64
molinari,64
megawatt,64
frescoes,64
foundry,64
morbidity,64
recondite,64
electrician,64
triad,64
cofounded,64
aleksandr,64
tonality,64
animalistic,64
rubens,64
tactile,64
humdinger,64
hidebound,64
geffen,64
highsmith,64
pubescent,64
absolves,64
kartell,64
egan,64
readymade,64
duchamp,64
rasa,64
excerpted,64
ayoub,64
yellin,64
mikado,64
resplendent,64
núñez,64
fieldwork,64
zooms,64
doodling,64
brice,64
hildebrandt,64
hoy,64
bijou,64
mullins,64
peerless,64
mcavoy,64
spatial,64
unsigned,64
o'keeffe,64
stieglitz,64
première,64
ps1,64
whelan,64
d'orsay,64
aboriginal,64
kakadu,64
scrupulous,64
nudie,64
hobbyists,64
arty,64
sensationalistic,64
rebelliousness,64
haphazardly,64
pasolini,64
émigrés,64
urbanizing,64
exurban,64
libretto,64
josef,64
vies,64
desktops,64
folksy,64
enactors,64
tr,64
fleshy,64
disfigurement,64
contorts,64
predestination,64
alternates,64
preamble,64
impotent,64
orpheus,64
oedipus,64
dekkers,64
vaudeville,64
revivals,64
epperson,64
obie,64
welt,64
backbeat,64
classed,64
prettiness,64
cosmologies,64
avedon,64
shallower,64
inducement,64
dialect,64
fascinatingly,64
pia,64
dido,64
ivo,64
adolph,64
archivists,64
mullahs,64
robustly,64
exults,64
wasps,64
pavarotti,64
clarinet,64
alpert,64
marchetti,64
lezley,64
ivanov,64
rococo,64
tacking,64
frustrate,64
artweek.la,64
lytro,64
fps,64
tingly,64
willi,64
handicraft,64
trueman,64
taxidermist,64
gertrude,64
democratizes,64
demystifies,64
reprehensibly,64
arthurian,64
genevieve,64
undertow,64
pushkar,64
countercultural,64
corporatization,64
artofy,64
dandies,64
mods,64
guitarists,64
dishonorable,64
subtitles,64
peyote,64
ramírez,64
cohamiata,64
jalisco,64
hernán,64
mid-1800s,64
munson,64
fiddler,64
antony,64
agnieszka,64
reinhardt,64
nino,64
armadillo,64
75-minute,64
schoolkids,64
sphinx,64
curran,64
stylistic,64
forcefulness,64
koolhaas,64
birnbaum,64
unsentimental,64
propriety,64
axiom,64
donal,64
thoms,64
blowin,64
redgrave,64
kieran,64
philanderer,64
cad,64
categorization,64
homespun,64
ferrer,64
lavin,64
quenches,64
charitably,64
nava,64
ideologue,64
wack,64
countervailing,64
clans,64
coils,64
recoils,64
sondheim,59
playhouse,59
orchestra,58
gurney,57
basel,57
agnes,55
hyperrealistic,55
basquiat,55
modernism,55
annenberg,55
labute,55
exhibitions,54
mozart,54
theatre,53
opera,53
arianne,51
shylock,51
symbiosis,51
calle,51
wry,51
kimball,51
verdi,51
gustavo,51
harem,51
abramovic,51
amour,51
enthralled,51
expressionist,51
yan,51
ming,51
grosso,51
marcel,51
charlatan,51
yuan,51
botero,51
pintauro,51
90-minute,51
christophe,51
erizku,51
yeager,51
exposition,51
repertory,49
theatrical,48
choreographer,47
artworks,47
fleming,47
pollock,47
sharma,47
amadeus,43
couche,43
christo,43
masterwork,43
quenching,43
bianco,43
fortaleza,43
residencies,43
whirlpool,43
conservatory,43
deon,43
thelonious,43
dusky,43
panhandle,43
divulging,43
suzan,43
precincts,43
auspices,43
lucinda,43
winnowing,43
vinci,43
ervin,43
trisha,43
snatches,43
heft,43
installations,43
beguiling,43
clybourne,43
philandering,43
tormentors,43
admirably,43
expressive,43
hightail,43
pripyat,43
terrance,43
giselle,43
ruthie,43
catalogued,43
aitken,43
commandeering,43
immerses,43
oddballs,43
pornosophy,43
linklater,43
subscriber,43
artnet,43
hee,43
pearce,43
voyeur,43
sonnets,43
fillmore,43
inhumanity,43
supersede,43
guggenheim,43
hickey,43
skylight,43
machiavellian,43
improvising,43
haydn,43
aristocrat,43
sharjah,43
notebooks,43
homogenization,43
naughtiest,43
parochial,43
buckminster,43
geodesic,43
orhan,43
twiddling,43
crowley,43
mons,43
n.y.c,43
nasr,43
shadi,43
bartlett,43
ungainly,43
streamer,43
galician,43
tawdry,43
viv,43
entanglement,43
pov,43
iceman,43
bakersfield,43
villarreal,43
erotically,43
balanchine,43
comportment,43
choreographers,43
conceptually,43
happenstance,43
cubist,43
comprehended,43
healy,43
cherishes,43
merrier,43
danziger,43
eclipsing,43
enacts,43
emin,43
mcinerney,43
crustaceans,43
sq,43
parable,43
capote,43
paola,43
antonelli,43
bellows,43
dafoe,43
pres,43
sparky,43
domesticity,43
narration,43
bellow,43
concourse,43
fite,43
melange,43
tinkering,43
wick,43
purcell,43
marysville,43
parcel,43
pelican,43
astana,43
frenetic,43
obedience,43
secreted,43
vita,43
wily,43
retinue,43
ladd,43
voyages,43
credentialed,43
tijuana,43
sagrada,43
thieving,43
foote,43
família,43
emcee,43
figaro,43
lockout,43
westray,43
merges,43
memorization,43
interpretive,43
bentonville,43
sapphire,43
craftsmanship,43
neruda,43
harald,43
bulldozed,43
contrasted,43
marx,43
chico,43
logically,43
ganz,43
58th,43
winogrand,43
unemployable,43
gemstone,43
leverages,43
adopters,43
hallucinatory,43
da,43
sagas,43
crooners,43
reacquainted,43
uncorked,43
fairchild,43
creepier,43
labyrinths,43
titillate,43
paintbrushes,43
luigi,43
maes,43
prodigiously,43
concise,43
ponderous,43
labors,43
markedly,43
tryout,43
godard,43
turbans,43
realist,43
chronicler,43
onegin,43
theatergoer,43
movingly,43
masquerades,43
eggshells,43
palais,43
ebner,43
rebelling,43
darken,43
kama,43
complements,43
vignettes,43
strenuously,43
huckleberry,43
cults,43
raine,43
supercharged,43
arnie,43
retrospective,40
composers,40
ballet,39
insides,39
nutcracker,38
warhol,37
exhibition,37
monet,37
twentieth,37
mon,37
auctions,37
edm,37
lyricist,37
choreography,37
elise,37
dumas,37
prologue,37
ballerinas,37
astonishment,37
moe,37
estelle,37
frieze,37
chaperone,37
romp,37
symphony,36
moma,36
galleries,35
picasso,35
shakespeare,35
creatives,35
musicals,35
corridors,35
biennial,35
coney,35
twigs,35
troupe,34
avant,34
taper,32
shaffer,32
tard,32
macon,32
waltzing,32
paterson,32
uplifted,32
vic,32
laurels,32
feinberg,32
fluctuates,32
ganges,32
navigator,32
lansbury,32
recollections,32
stingy,32
nottage,32
slims,32
potemkin,32
hector,32
tastier,32
predicated,32
curators,32
pretense,32
welling,32
yiddish,32
intergalactic,32
qualms,32
abreast,32
ethnically,32
vips,32
morrow,32
dp,32
productions,32
successive,32
effie,32
retell,32
surfboard,32
worriers,32
francesca,32
haskell,32
shies,32
grrrl,32
eschews,32
impresario,32
tate,32
repressed,32
leonean,32
revels,32
bawdy,32
untouchable,32
wordsworth,32
atrium,32
tangibly,32
cloistered,32
fizzles,32
plaintive,32
impeccably,32
reclusive,32
armory,32
alla,32
swenson,32
scarcely,32
cobblestones,32
exploitative,32
utopias,32
landlocked,32
hullabaloo,32
bjork,32
klaus,32
henri,32
reda,32
manuscripts,32
castor,32
shredding,32
messrs,32
timeliness,32
mutter,32
lockouts,32
courtyard,32
berlinale,32
tron,32
subtitled,32
andrés,32
strident,32
treaties,32
pinstriped,32
corita,32
cornfields,32
prima,32
earbuds,32
georgie,32
dumbing,32
inhabitant,32
subcontinent,32
fleets,32
festering,32
lurched,32
cocker,32
calloused,32
overdressed,32
mortem,32
comparative,32
kiki,32
jules,32
ceramics,32
archivist,32
grandest,32
soirée,32
goofball,32
resurrecting,32
gestapo,32
oddity,32
neue,32
mannerisms,32
craftsman,32
scholl,32
hulking,32
immediacy,32
occupies,32
oliveira,32
alexandre,32
counterculture,32
intransigence,32
bullfighting,32
gentrified,32
melancholic,32
fascinates,32
sailed,32
appropriated,32
amusingly,32
filipina,32
dimly,32
rapture,32
conspire,32
hawthorne,32
representational,32
redskin,32
busta,32
stubby,32
participatory,32
nepali,32
expressionism,32
gospels,32
pervades,32
beggars,32
doings,32
gorgeously,32
copley,32
mcewen,32
quinton,32
glimmers,32
ojai,32
thalia,32
reproduced,32
lithuanian,32
helander,32
gatherers,32
fallible,32
operatic,32
rudess,32
poignantly,32
pathos,32
posits,32
humanism,32
torrance,32
abridged,32
hedwig,32
inge,32
lukas,32
mckenna,32
absurdities,32
postscript,32
qué,32
cylinders,32
dreamland,32
rosamund,32
vibrator,32
fonts,32
schnabel,32
geyser,32
hanksy,32
screenplays,32
drifts,32
rereading,32
artifacts,31
hungarian,30
sculptures,30
utopia,30
tanya,30
burkina,30
artistic,29
beams,29
observant,29
crocker,29
bushwick,29
multicolored,29
adelaide,29
nada,29
bourgeois,29
oddball,29
parr,29
cartagena,29
lieberman,29
sensing,29
masterpieces,28
faso,28
rockwell,27
hyatt,27
cabaret,27
painter,27
revived,26
schwartz,26
paintings,26
adoring,26
surrealism,26
overflow,26
judas,26
libations,26
dae,26
commercialization,26
artsy,26
fellowes,26
enthralling,26
incorporates,26
middleman,26
tormented,26
confounds,26
spender,26
trojans,26
philadelphians,26
cobble,26
milieu,26
kapoor,26
humayun,26
illustrators,26
allegory,26
shrunken,26
dorothea,26
numerical,26
nam,26
indiscriminately,26
equine,26
potholes,26
averaged,26
wakefulness,26
romaine,26
recaps,26
diverge,26
recounting,26
rake,26
disciplines,26
idealist,26
unscheduled,26
adorning,26
operas,26
stead,26
explorations,26
pianist,26
godfrey,26
quartet,26
solemnity,26
vhs,26
ems,26
loeb,26
procure,26
newsies,26
michelangelo,26
superbly,26
wrangle,26
detract,26
multiplied,26
yangon,26
font,26
appraisal,26
nasim,26
visualizations,26
magnum,26
eloise,26
medellín,26
deftly,26
65th,26
cometh,26
leotard,26
peck,26
haiku,26
monochromatic,26
3d,26
profundity,26
enigmatic,26
waterway,26
amputated,26
sameness,26
exude,26
distorts,26
subliminal,26
krieger,26
willem,26
sacrosanct,26
stylized,26
personifies,26
holistically,26
flute,26
electronica,26
crates,26
eons,26
antihero,26
undertones,26
rotating,26
fedora,26
humanoid,26
fantasia,26
trier,26
unmoved,26
clippings,26
muir,26
bullpen,26
embarrassingly,26
verona,26
hjorth,26
riitta,26
ikonen,26
domains,26
inserted,26
scribble,26
melodies,26
pax,26
upswing,26
multitudes,26
stuffs,26
unfriendly,26
irrepressible,26
fka,26
krasner,26
juxtaposition,26
stalwart,26
stitching,26
sundown,26
inez,26
frenemy,26
kander,26
aolbuild,26
morphs,26
discard,26
refreshes,26
hd,26
puddles,26
ives,26
sher,26
mojave,26
cecilia,26
delves,26
technicians,26
pushkin,26
canines,26
excavation,26
screenwriting,26
nph,26
idealized,26
harmonies,26
resists,26
sutra,26
deafness,26
contemporary,25
psychedelic,25
yoko,25
composer,24
cinematic,24
fairs,24
doris,24
artists,24
classical,24
webber,23
kahlo,23
conductor,23
interdisciplinary,23
finley,23
irving,23
classically,23
kaleidoscope,23
tristan,23
sweetly,23
alcatraz,23
soloway,23
submissions,23
crochet,23
fontana,23
staten,23
davies,23
theater,23
jaded,23
illuminate,23
intuitively,23
gallagher,23
ono,23
boyhood,23
wagner,23
poetic,22
frida,22
art,22
gallery,22
photography,22
claude,21
camo,21
spiky,21
patrons,21
streetcar,21
piazza,21
chimes,21
eichner,21
amateurs,21
proto,21
renovate,21
globalized,21
query,21
wistful,21
inflexible,21
repaid,21
philosophies,21
vibrancy,21
trendsetter,21
antithetical,21
exclusivity,21
utopian,21
reverberations,21
dante,21
entanglements,21
mimics,21
repertoire,21
ritchie,21
chernobyl,21
lodged,21
oligarchy,21
flutter,21
performers,21
tomas,21
engraved,21
profane,21
idiosyncrasies,21
inimitable,21
rotary,21
soundtracks,21
dimensional,21
unpack,21
basements,21
belarus,21
postwar,21
bygone,21
jarrett,21
contraband,21
tapestry,21
brant,21
unvarnished,21
rejuvenated,21
blinds,21
cello,21
invigorating,21
pseudonym,21
reviewer,21
allan,21
hiked,21
carlo,21
ulysses,21
degenerate,21
contingent,21
lupone,21
permeated,21
sf,21
procrastinators,21
weathering,21
surrealist,21
maniacal,21
hitching,21
sensationalism,21
gagosian,21
serrano,21
multimedia,21
secularism,21
franz,21
fingernails,21
ramona,21
anthems,21
songbook,21
derives,21
faithfull,21
bonaparte,21
athleticism,21
originality,21
ebooks,21
morphing,21
wrestlers,21
barrie,21
collage,21
rammed,21
pooling,21
origami,21
mcnally,21
befriended,21
marquis,21
flattened,21
herbie,21
hillbilly,21
typeface,21
absurdist,21
karoline,21
alleviating,21
strayed,21
cohesive,21
te,21
59th,21
pixels,21
underworld,21
sirens,21
normality,21
persecute,21
improvisation,21
odessa,21
rarity,21
squee,21
dissertation,21
mediated,21
aj,21
fibs,21
slasher,21
asserting,21
salesmen,21
calabasas,21
frederica,21
dollhouses,21
broadway,21
painting,21
portraits,21
dancers,21
gotham,21
photographic,21
audiences,20
hypnotic,20
norris,20
copeland,20
marble,20
delightfully,20
fantastical,20
recordings,20
czech,20
beethoven,20
nico,20
compose,20
lagos,20
stanton,20
summons,20
hubbard,20
bach,20
purest,20
nudes,20
ki,20
conceptual,20
jimi,20
pedro,20
arts,20
conceived,19
marina,19
gogh,19
sweeney,19
juliet,19
peters,19
ballerina,19
geometric,19
tucson,19
emergence,19
victorian,19
artist,19
playwright,19
appellation,18
sorcery,18
unedited,18
jin,18
yong,18
lightness,18
prose,18
collaborators,18
trunks,18
michal,18
marys,18
tonys,18
commemorating,18
steers,18
currents,18
pavilion,18
slum,18
miraculously,18
sitcoms,18
sidetracked,18
catapulted,18
soto,18
buoyed,18
swath,18
synchronicity,18
uniformly,18
aficionados,18
johnston,18
nathaniel,18
giuseppe,18
celtic,18
broderick,18
telluride,18
rhythmic,18
adversely,18
hodge,18
thrillers,18
scour,18
newsstand,18
geometry,18
bookworm,18
imitates,18
extracts,18
unsettled,18
arising,18
blacklisted,18
untamed,18
manned,18
discarding,18
navel,18
grazing,18
divinity,18
interpreter,18
cohorts,18
abramson,18
husky,18
ivan,18
watercolor,18
vi,18
reproduce,18
cartoonists,18
fairytales,18
glamor,18
coincidentally,18
typed,18
indecisive,18
foreground,18
suarez,18
epitomized,18
rehearsals,18
curating,18
egalitarian,18
hamlet,18
corcoran,18
tahiti,18
handcrafted,18
condos,18
recoup,18
paltry,18
superbowl,18
icebergs,18
infecting,18
assistants,18
canvases,18
lars,18
merrily,18
stealers,18
biter,18
jaipur,18
jazzy,18
fjords,18
walton,18
juncture,18
leary,18
colorized,18
blacklist,18
bewitched,18
yolk,18
playfulness,18
healers,18
harping,18
anyways,18
risque,18
preeminent,18
sensuality,18
penchant,18
rothko,18
imbued,18
bombshells,18
quilts,18
porcelain,18
wasteland,18
impropriety,18
punks,18
cannibal,18
justifiably,18
bolshoi,18
truthfulness,18
figurines,18
southampton,18
aching,18
bristles,18
medicated,18
photographs,18
marvelous,18
strictly,18
layered,18
offbeat,18
cosmos,18
teller,18
paints,17
morton,17
piper,17
belated,17
bam,17
idealistic,17
treasured,17
guillermo,17
keepers,17
skewed,17
lowry,17
eccentric,17
folk,17
earl,17
aptly,17
photographing,17
kara,17
presenting,16
ca,16
moderated,16
brouhaha,16
barbed,16
reptiles,16
typewriter,16
collector,16
mythic,16
bubbling,16
zurich,16
midsummer,16
virulent,16
clichéd,16
celestial,16
ethereal,16
machinery,16
adaptable,16
adieu,16
craves,16
islander,16
requiem,16
shove,16
categorize,16
gibney,16
alain,16
sensibilities,16
reductive,16
romeo,16
openings,16
khmer,16
hartman,16
exquisitely,16
intersect,16
enforced,16
venetian,16
smackdown,16
encapsulated,16
heiress,16
searing,16
kaleidoscopic,16
clutching,16
soiree,16
blurry,16
abrasive,16
elicits,16
censoring,16
faye,16
greenberg,16
bathed,16
solomon,16
dorfman,16
contends,16
ziegler,16
plato,16
genesis,16
scrapbook,16
nosed,16
combinations,16
payne,16
whereby,16
uneven,16
idle,16
limps,16
cum,16
emblazoned,16
violet,16
rattle,16
rendezvous,16
manipulative,16
downloads,16
lucifer,16
accomplices,16
yesteryear,16
mapping,16
musically,16
pt,16
tinged,16
incarnation,16
compositions,16
labyrinth,16
tethered,16
loomed,16
hasidic,16
heartening,16
macmillan,16
stirling,16
unbeknownst,16
intergenerational,16
kline,16
torment,16
encased,16
cavernous,16
penetrated,16
luc,16
rushmore,16
dinnerware,16
gimmicks,16
lords,16
pantheon,16
crossword,16
@,16
muller,16
eighties,16
estates,16
perky,16
finn,16
hal,16
drawings,16
pablo,16
philly,15
sculpture,15
melanie,15
soho,15
commissioned,15
aesthetic,15
revival,15
museum,15
souleo,15
intelligent,15
decidedly,15
kaufman,15
intrepid,15
murals,15
mulligan,15
incest,15
familiarity,15
immersive,15
skateboarding,15
orchid,15
roland,15
wallis,15
inventive,15
contemplative,15
josé,15
nsfw,15
metropolitan,15
mounted,15
performances,15
elliott,15
musical,15
curator,14
intrigue,14
abstract,14
shaw,14
yearly,14
unreliable,14
realistically,14
frail,14
thrived,14
merchant,14
sensations,14
seminars,14
writings,14
domesticated,14
brownstone,14
antoinette,14
illuminates,14
mosaics,14
lulled,14
clapping,14
pascal,14
sixties,14
revitalizing,14
harp,14
revere,14
royale,14
somethings,14
flourishing,14
mercer,14
unheard,14
impactful,14
broaden,14
overriding,14
roc,14
provincial,14
activating,14
undertaken,14
nameless,14
hippest,14
fiercest,14
kensington,14
novelist,14
accelerator,14
sanskrit,14
sculpting,14
renovated,14
o'hara,14
dyer,14
dispatched,14
obscurity,14
preconceived,14
exiles,14
catalogue,14
swirls,14
distanced,14
paz,14
resonance,14
convergence,14
sexiness,14
ecology,14
mikhail,14
taint,14
terrier,14
conjoined,14
atypical,14
listens,14
kindred,14
weiwei,14
customary,14
familia,14
whimsy,14
melancholy,14
morales,14
sneaks,14
awesomely,14
johannesburg,14
vaginas,14
min,14
facade,14
screws,14
woolf,14
quixotic,14
hirst,14
awol,14
teal,14
predisposed,14
hobbes,14
hendrix,14
ceased,14
adaptations,14
mi,14
conceiving,14
suburbia,14
mckellar,14
ambivalent,14
photographers,14
production,14
thru,14
intricate,14
bailey,14
odyssey,14
misty,14
illustrator,14
depicts,14
prairie,14
são,14
toasting,14
inseparable,14
edith,14
aesthetics,14
visually,14
renée,14
inconvenience,14
manipulated,14
edged,14
conjure,14
femininity,14
whim,14
arcade,14
listeners,14
chalk,14
heroine,14
genre,13
mural,13
jeanne,13
sheila,13
poems,13
artwork,13
editions,13
departed,13
umbrellas,13
analyses,13
winged,13
angelic,13
wits,13
liking,13
unmatched,13
literate,13
hoaxes,13
interpreted,13
bask,13
bernstein,13
cedar,13
presently,13
holiness,13
alchemy,13
dune,13
sledgehammer,13
seductive,13
quipped,13
venturing,13
documentaries,13
tibetan,13
snub,13
wondrous,13
punchline,13
composition,13
moth,13
carves,13
barreling,13
80th,13
humanities,13
calculating,13
clearest,13
mired,13
positioning,13
potion,13
fiennes,13
fledged,13
kelli,13
bestseller,13
di,13
intimately,13
masturbation,13
dazzled,13
visceral,13
materialistic,13
doyle,13
bravado,13
swatches,13
enchanting,13
doh,13
archaeological,13
moods,13
flimsy,13
omnipresent,13
choreographed,13
mecca,13
crawls,13
depict,13
enterprises,13
rené,13
affords,13
auburn,13
purveyor,13
53-year,13
senegal,13
hymn,13
permeates,13
experimentation,13
onward,13
bedfellows,13
brook,13
okla,13
strives,13
multifaceted,13
saturdays,13
styrofoam,13
bock,13
rem,13
savages,13
hurley,13
upping,13
bursts,13
springing,13
horton,13
charade,13
79-year,13
chameleon,13
iv,13
screened,12
1950s,12
smack,12
undermined,12
afloat,12
chenoweth,12
fernando,12
renee,12
mundane,12
norton,12
dictates,12
sebastian,12
outsider,12
piano,12
bernard,12
deborah,12
alfred,12
mesmerizing,12
keaton,12
minimalist,12
photographer,12
berkeley,12
osborne,12
kemp,12
brushed,12
transported,12
evenings,12
carriage,12
illuminated,12
splendid,12
mann,12
imprint,12
groff,12
gambit,12
hedges,12
42nd,12
photographed,12
flex,12
taj,12
morbid,12
scotia,12
paige,12
overview,12
andreas,12
collaborating,12
backyards,12
outbursts,12
electrifying,12
emanating,12
pungent,12
tibet,12
whore,12
yang,12
brass,12
sandwiched,12
wandering,12
indefinite,12
formative,12
procession,12
44th,12
spellbinding,12
flocked,12
hasten,12
doubtful,12
ripley,12
indecent,12
riveting,12
sonny,12
cds,12
birthed,12
catastrophes,12
fore,12
trappings,12
snippets,12
marlene,12
xvi,12
insure,12
fakes,12
paolo,12
polluted,12
fated,12
fragments,12
sideshow,12
lightening,12
boundless,12
farmhouse,12
blends,12
financiers,12
mischievous,12
spelled,12
alejandro,12
participant,12
pasadena,12
eerily,12
shadowy,12
lashing,12
realms,12
hermit,12
headliners,12
sabbath,12
uptown,12
vida,12
feather,12
peeled,12
naïve,12
audacious,12
puzzles,12
giorgio,12
legions,12
idiocy,12
marbles,12
leonard,11
transforms,11
ensemble,11
capturing,11
audience,11
americana,11
noir,11
greeted,11
robbins,11
classics,11
continuously,11
muscular,11
salesman,11
standardized,11
sara,11
untouched,11
namesake,11
joyce,11
erotic,11
invade,11
sacrificed,11
illustrations,11
masterpiece,11
pencils,11
casa,11
adhere,11
mcqueen,11
swan,11
insightful,11
portrait,11
renaissance,11
woven,11
disbelief,11
brilliantly,11
baroque,11
venomous,11
superb,11
invoking,11
generating,11
assemblyman,11
24th,11
venice,11
trojan,11
levy,11
gigs,11
transcend,11
stimulated,11
unassuming,11
wwi,11
snagged,11
canvas,11
scrabble,11
bc,11
exaggerating,11
cassandra,11
hoopla,11
spotlighting,11
storyteller,11
revolutions,11
achieves,11
elicit,11
damp,11
parlor,11
monte,11
evocative,11
fledgling,11
acquainted,11
rang,11
aficionado,11
assortment,11
jerome,11
exceptionally,11
roiling,11
devoting,11
chandelier,11
maddie,11
thefts,11
dali,11
dinklage,11
knox,11
axed,11
exhale,11
bulge,11
profanity,11
fondly,11
spotlights,11
rulers,11
quilt,11
adorn,11
goldfish,11
courageously,11
quagmire,11
hebrew,11
vista,11
dichotomy,11
consisting,11
semifinals,11
clumsy,11
supremely,11
disparate,11
leveling,11
revision,11
rebrand,11
gleaned,11
exhibited,11
tidbits,11
clarifying,11
richly,11
sergio,11
truest,11
powering,11
sculpted,11
guerrilla,11
swirl,11
portrayal,10
literary,10
installation,10
examination,10
wagon,10
slut,10
collision,10
cannes,10
regards,10
shout,10
viewer,10
distinctly,10
stardom,10
weave,10
tracey,10
revered,10
manly,10
tattooed,10
piles,10
observer,10
guild,10
beautifully,10
spectacle,10
morris,10
fog,10
unabashedly,10
buckley,10
kristi,10
nexus,10
gymnasts,10
strand,10
slater,10
deficiencies,10
insistence,10
wolfe,10
bingo,10
burlesque,10
lullaby,10
obliged,10
pondered,10
stalk,10
filmmaking,10
shouts,10
composed,10
superstitions,10
contradiction,10
deli,10
pulitzer,10
pedestal,10
lamps,10
thicker,10
viciously,10
millie,10
sudanese,10
weekday,10
velasquez,10
populated,10
midcentury,10
detractors,10
informs,10
defied,10
baiting,10
cd,10
untapped,10
knowingly,10
albright,10
andres,10
piss,10
wit,10
silhouettes,10
erect,10
marginal,10
preserves,10
hallelujah,10
muck,10
namely,10
encrusted,10
austrian,10
unworthy,10
townhouse,10
endowment,10
embodied,10
frantically,10
rouhani,10
manufacture,10
springboard,10
upright,10
o.,10
shelley,10
93-year,10
memorabilia,10
bountiful,10
peering,10
devised,10
undiscovered,10
manifests,10
impractical,10
boogie,10
whiplash,10
bard,10
collaborated,10
weighty,10
cooperative,10
impede,10
happenings,10
ufos,10
turnaround,10
chalkboard,10
drowsy,10
erotica,10
actors,10
performer,10
subjects,10
parallel,10
premieres,10
ambitious,10
imageblog,10
millennial,10
somber,10
understatement,10
blossoms,10
flashback,10
hiroshima,10
reigns,10
ernest,10
imagines,10
dickinson,10
airs,10
forbidden,10
tribes,10
downside,9
lennon,9
filmmaker,9
parenthesis,9
resonates,9
thirst,9
erosion,9
constance,9
opinionated,9
redeem,9
singular,9
singers,9
lectures,9
caffeinated,9
dystopia,9
token,9
vineyard,9
stirs,9
poets,9
directive,9
dramas,9
consumerism,9
storied,9
receipts,9
similarity,9
belfast,9
caves,9
firsts,9
riverside,9
bulbs,9
reviewers,9
reggie,9
illusions,9
marvin,9
greenwich,9
devoid,9
someplace,9
blasphemy,9
negatives,9
precise,9
exile,9
acquiring,9
vivian,9
def,9
installed,9
flux,9
visibly,9
showcased,9
grunge,9
grimm,9
diaries,9
sumptuous,9
maritime,9
purely,9
disproportionate,9
rhapsody,9
introspection,9
patron,9
tribulations,9
exceeded,9
stitches,9
banksy,9
marvels,9
earthly,9
beaming,9
funnier,9
jargon,9
lipped,9
towering,9
extraction,9
conor,9
admiring,9
louvre,9
fanatic,9
carved,9
acutely,9
mixtape,9
swanson,9
genitals,9
physique,9
reyes,9
commence,9
rodgers,9
candidly,9
softer,9
gerard,9
rodents,9
bothering,9
marriott,9
subsequently,9
nairobi,9
henry,9
earliest,9
concerts,9
languages,9
wilson,9
poetry,9
extent,9
earnest,9
ingenious,9
narcissism,9
fictional,9
galore,9
rehearsal,9
museums,9
evokes,9
provoking,9
mirren,9
alexandra,9
churchill,9
recycled,9
truthful,9
sans,9
touring,9
literature,9
dancer,9
benjamin,9
peaks,9
stage,9
architecture,9
established,9
performing,9
undone,9
chaka,9
carlin,9
invariably,9
eponymous,9
presenters,9
architect,9
sergei,9
vu,9
micah,9
persona,9
loopholes,9
arenas,9
entity,9
walkers,9
sturdy,9
abandonment,9
snail,9
viii,9
playgrounds,9
strut,9
30th,9
hairs,9
prolific,9
fanny,9
quantum,9
novak,9
claps,9
vampires,9
momentary,9
borough,9
bumped,9
snowman,9
ebony,9
pitbull,9
enviable,9
neal,9
terrence,9
premiering,9
wracking,9
hotbed,9
sucker,9
artistry,9
visualize,9
b.i.g,9
framing,9
lenses,9
omnibus,9
kathmandu,9
garry,9
preston,9
bart,9
idina,9
gripped,9
versatility,9
validity,9
dissects,9
hopper,9
exuberant,9
harlem,9
directed,9
factory,8
monica,8
photograph,8
door,8
pipe,8
gregory,8
literal,8
erase,8
chi,8
biography,8
pioneers,8
pearls,8
instruments,8
argentine,8
nuanced,8
conquering,8
aisle,8
merry,8
exhibit,8
landscapes,8
bending,8
palette,8
vincent,8
molly,8
musicians,8
performed,8
bye,8
oneself,8
cofounder,8
immensely,8
studio,8
squid,8
cyberspace,8
mcbride,8
buyers,8
meanings,8
coasts,8
leonardo,8
transcending,8
switzerland,8
swapping,8
preceded,8
mines,8
shutter,8
tides,8
ferocious,8
projection,8
regimes,8
exquisite,8
dhabi,8
textures,8
download,8
neatly,8
gazing,8
quotient,8
unspeakable,8
buzzed,8
restricted,8
loathe,8
dissatisfied,8
commands,8
aretha,8
googled,8
monty,8
squares,8
chamber,8
seamlessly,8
endures,8
palpable,8
rows,8
wonderfully,8
vertical,8
cellular,8
cusp,8
graceful,8
sacks,8
papa,8
incapable,8
hangout,8
conversational,8
alligators,8
nuance,8
ebb,8
teeming,8
critters,8
boardwalk,8
menzel,8
untitled,8
skulls,8
aspiration,8
horizontal,8
ceramic,8
skyrocketed,8
poe,8
scrambles,8
stunted,8
olivier,8
grotesque,8
rationale,8
paramount,8
cripple,8
sawyer,8
provocation,8
cal,8
hitchcock,8
studios,8
dance,8
gaming,8
danielle,8
creativity,8
painted,8
jazz,8
vandalized,8
paulo,8
biz,8
frederick,8
herb,8
testament,8
invention,8
mitchell,8
rendition,8
imagination,8
letters,8
thrilling,8
tribeca,8
cultural,8
skill,8
undoubtedly,8
20th,8
yielded,8
overheard,8
lester,8
dazzle,8
humbled,8
sidewalks,8
deepening,8
starry,8
recalling,8
gamer,8
miniature,8
gothic,8
ensues,8
nova,8
splendor,8
cliche,8
poignant,8
undergone,8
aura,8
solemn,8
repressive,8
throes,8
williamson,8
draped,8
soulful,8
originals,8
thumbs,8
envision,8
rebellious,8
kimberly,8
wholesale,8
schock,8
darwin,8
erode,8
oxymoron,8
knowledgeable,8
bullshit,8
parsons,8
boxed,8
likable,8
cambodian,8
contemplation,8
revisits,8
wesley,8
hilarity,8
onboard,8
perch,8
rusty,8
rhymes,8
consulted,8
calculate,8
ripples,8
socio,8
builder,8
conjures,8
doodles,8
claws,8
pedestrian,8
portal,8
ailing,8
angles,8
picket,8
bombed,8
interviewer,8
sublime,8
fellowship,8
forgo,8
andy,8
nikki,7
explores,7
terrific,7
outs,7
wacky,7
laughs,7
adrian,7
twain,7
vagina,7
6th,7
collections,7
almond,7
fills,7
surfaces,7
coupled,7
garage,7
hawk,7
moses,7
producing,7
themes,7
crossroads,7
bullets,7
dynamic,7
works,7
desired,7
eerie,7
residence,7
unlimited,7
upper,7
louise,7
impersonating,7
hailing,7
raft,7
collectors,7
samuel,7
timeless,7
affinity,7
articulate,7
versailles,7
armageddon,7
bloodshed,7
societies,7
triumphs,7
disingenuous,7
centennial,7
talents,7
unravel,7
locale,7
unbreakable,7
surefire,7
pas,7
powerfully,7
nutty,7
bore,7
subversive,7
hybrid,7
sharper,7
distinctive,7
resemblance,7
kathleen,7
pier,7
verb,7
rosenstein,7
archive,7
firsthand,7
curing,7
birdman,7
reclaimed,7
folding,7
burnett,7
fragility,7
raccoon,7
situated,7
perpetrators,7
ancestry,7
dollhouse,7
weeping,7
1940s,7
amplify,7
bearded,7
responsive,7
djs,7
jarring,7
zeitgeist,7
railway,7
alexandria,7
morrison,7
sensual,7
bedside,7
emerson,7
tony,7
masters,7
surreal,7
gentlemen,7
wooden,7
francisco,7
moody,7
gigi,7
refers,7
fearlessly,7
forge,7
compelling,7
materials,7
visual,7
titled,7
dylan,7
cyclone,7
sur,7
magician,7
horizons,7
upbringing,7
astonishing,7
mythology,7
reinforced,7
automobile,7
haunting,7
edgar,7
fab,7
digitally,7
crazed,7
tranquility,7
commanding,7
grams,7
auditions,7
satellite,7
likened,7
shameless,7
plugged,7
springfield,7
rave,7
coherent,7
weeds,7
recovers,7
techno,7
messiah,7
marianne,7
makeshift,7
customized,7
tranquil,7
pandora,7
lyric,7
exhibits,7
exaggerated,7
fukushima,7
decoding,7
illustration,7
aquarium,7
printing,7
beck,7
creeps,7
genres,7
fabricated,7
damien,7
tremendously,7
subscribers,7
herman,7
monaco,7
puns,7
attic,7
festival,7
berlin,7
jean,7
landscape,7
master,7
pioneering,7
ambition,7
grit,7
onstage,7
historian,7
luis,7
writers,7
storytelling,7
dennis,7
hydrated,6
sizzling,6
lion,6
cobb,6
contents,6
confined,6
hoops,6
assessing,6
higgins,6
lori,6
redefined,6
construct,6
script,6
peculiar,6
medieval,6
duet,6
charisma,6
superstars,6
paving,6
grounded,6
combines,6
spirited,6
roaring,6
initiated,6
egos,6
thinker,6
hinges,6
cutter,6
pastime,6
selected,6
bottoms,6
n.c,6
damascus,6
figuratively,6
vase,6
midday,6
repercussions,6
150th,6
clara,6
hogwarts,6
donning,6
thrives,6
captivated,6
trilogy,6
chandler,6
towers,6
tier,6
goosebumps,6
undertaking,6
transcends,6
tout,6
unintentionally,6
stainless,6
holland,6
jolt,6
pyramid,6
stunningly,6
overrated,6
string,6
zombie,6
channing,6
casts,6
produced,6
resonate,6
amateur,6
delighted,6
satire,6
widow,6
cosmopolitan,6
sensation,6
graffiti,6
medium,6
concludes,6
metrics,6
staged,6
bushes,6
warehouse,6
remarkably,6
frightened,6
imaginative,6
exceptional,6
formidable,6
wong,6
peruvian,6
i.,6
swiftly,6
span,6
directing,6
unapologetic,6
prevailing,6
relating,6
drenched,6
presumably,6
slack,6
ibm,6
birthplace,6
earthy,6
fig,6
harold,6
nourishment,6
commonplace,6
unsettling,6
connects,6
underestimated,6
immerse,6
stab,6
alarms,6
listener,6
attends,6
acknowledges,6
entirety,6
missteps,6
ecological,6
divergent,6
masks,6
sloppy,6
gopro,6
reeves,6
cummings,6
ambivalence,6
mainland,6
desks,6
impeccable,6
l.a,6
lighthouse,6
sanford,6
centuries,6
nathan,6
san,6
glorious,6
von,6
equity,6
manhattan,6
festivals,6
innocence,6
occasionally,6
cynical,6
participation,6
cemetery,6
brett,6
identical,6
heartbeat,6
ghostbusters,6
superior,6
captures,6
urban,6
vibrant,6
influences,6
volume,6
transforming,6
memory,6
opened,6
circa,6
gretchen,6
fences,6
unrelenting,6
oblivious,6
appearances,6
hampton,6
dimensions,6
examines,6
sophie,6
concentration,6
roaming,6
williamsburg,6
triumphant,6
grabs,6
bromance,6
bracing,6
sequence,6
ants,6
carlos,6
intellectually,6
farrell,6
ramirez,6
travelling,6
animation,6
femme,6
fathom,6
python,6
recreated,6
journalistic,6
surroundings,6
genders,6
masculine,6
integration,6
primal,6
visuals,6
phyllis,6
reviewing,6
debunking,6
beards,6
shakira,6
techniques,6
english,6
digest,6
vivid,6
scars,6
interrupted,6
jonathan,6
c.,6
gloria,6
principal,6
emily,6
sluggish,6
yield,6
psy,6
succeeded,6
dealer,6
utmost,6
lea,6
tunes,6
slot,6
ripple,6
ginsburg,6
discerning,6
capitalize,6
delegation,6
defiance,6
disciplinary,6
billed,6
glitz,6
confront,6
baring,6
drums,6
mounts,6
inability,6
nun,6
plaid,6
teeny,6
vitality,6
fringe,6
closeted,6
gasp,6
unfolding,6
bidding,6
edinburgh,6
joni,6
waning,6
radioactive,6
smashing,6
turban,6
wallets,6
poo,6
bollywood,6
bolivia,6
shrine,6
offend,6
connectivity,6
employing,6
descended,6
interpretations,6
threads,6
disgust,6
interracial,6
numb,6
peter,6
margaret,6
distant,6
solo,6
homage,6
applaud,5
interviewing,5
imagery,5
pity,5
recording,5
pulse,5
differ,5
paint,5
tales,5
burst,5
collected,5
drawing,5
frigid,5
influential,5
bursting,5
skins,5
sung,5
lucia,5
b.,5
outward,5
thereby,5
derived,5
behaved,5
similarities,5
midtown,5
seoul,5
flashing,5
sinatra,5
mortality,5
splitting,5
handwritten,5
sultry,5
restraint,5
otto,5
stilettos,5
meg,5
snowflakes,5
sherman,5
housed,5
testified,5
uniquely,5
complexities,5
psycho,5
waterfall,5
frames,5
ignited,5
individually,5
scripted,5
reinventing,5
showcasing,5
rebound,5
films,5
karen,5
observe,5
enduring,5
brooks,5
contrast,5
deemed,5
cindy,5
mixed,5
floating,5
sacramento,5
jew,5
demise,5
passionate,5
delightful,5
projects,5
kong,5
claudia,5
vandalism,5
format,5
flesh,5
apt,5
wakes,5
appreciation,5
interviewed,5
shocks,5
predecessor,5
o,5
coins,5
continental,5
bells,5
michel,5
belonged,5
spends,5
eden,5
tomi,5
unanimous,5
spotify,5
arresting,5
unconsciously,5
optical,5
gritty,5
budapest,5
irl,5
slight,5
disappointments,5
plunges,5
propelled,5
stretched,5
1930s,5
45th,5
competence,5
deeds,5
yourselves,5
ominous,5
dale,5
recycle,5
showtime,5
input,5
mona,5
noisy,5
performance,5
daniel,5
yorkers,5
fascinating,5
occurs,5
liberation,5
producers,5
jefferson,5
philanthropy,5
stripped,5
soaring,5
solely,5
defy,5
fools,5
opening,5
modern,5
inevitably,5
music,5
reads,5
buffalo,5
emerging,5
philip,5
feeds,5
housewife,5
breakthroughs,5
disrupting,5
pun,5
consultant,5
consultants,5
benson,5
confronted,5
limbs,5
globalization,5
thrill,5
imperial,5
definitions,5
catalyst,5
afar,5
paradigm,5
cattle,5
herd,5
heaven,5
placement,5
sincere,5
pipes,5
imposing,5
40th,5
roster,5
'd,5
revisited,5
endlessly,5
rebirth,5
deepens,5
decisive,5
sustain,5
adjustment,5
boarding,5
squirrel,5
amusing,5
marketed,5
trove,5
endeavors,5
envisioned,5
atomic,5
navajo,5
correlation,5
speechless,5
channeling,5
anguish,5
coined,5
radcliffe,5
talented,5
edge,5
spirituality,5
entertaining,5
filmed,5
evolved,5
plays,5
feminism,5
lloyd,5
l.,5
18th,5
representation,5
medals,5
profoundly,5
brick,5
rats,5
repurposing,5
exact,5
stunned,5
diego,5
jesus,5
entertainer,5
unveiled,5
constructed,5
bypass,5
mcgregor,5
cluster,5
minimal,5
pleasures,5
lineup,5
entities,5
tendencies,5
mutually,5
shatter,5
darkest,5
thrills,5
craze,5
alignment,5
maps,5
doe,5
ovation,5
interpret,5
nostalgic,5
albums,5
ridden,5
tame,5
passionately,5
sia,5
freelance,5
schilling,5
relied,5
immersed,5
traces,5
boyfriends,5
demonstration,5
completing,5
postcards,5
behold,5
brushes,5
sleepless,5
moroccan,5
colony,5
amused,5
preservation,5
frustrations,5
guitarist,5
32-year,5
deployment,5
seldom,5
detrimental,5
musings,5
hong,5
lapse,5
element,5
century,5
burning,5
subject,5
auction,5
excellent,5
combine,5
expression,5
resulted,5
dysfunctional,5
examples,5
evident,5
bridges,5
offerings,5
brooklyn,5
collecting,5
genuine,5
nude,5
play,5
film,5
wayne,5
tons,5
broad,5
compromised,5
laying,5
surely,5
monk,5
kramer,5
queens,5
novels,5
guards,5
treasure,5
rotten,5
influx,5
sweaty,5
venues,5
apartheid,5
diaspora,5
philosophical,5
nausea,5
acquisition,5
paddy,5
arrow,5
ethnicity,5
homer,5
gripping,5
tumultuous,5
avoidance,5
geography,5
burgundy,5
pep,5
assemble,5
fostering,5
fascination,5
exploded,5
staging,5
attracted,5
paranoid,5
suspend,5
historians,5
brilliance,5
swinging,5
til,5
lofty,5
concentrate,5
italians,5
wiser,5
ferry,5
depiction,5
philadelphia,5
palace,5
triumph,5
passion,5
julian,5
wonderland,5
showcase,5
practiced,5
architects,5
shadow,4
adaptation,4
jewish,4
street,4
remotely,4
villages,4
achievement,4
dunn,4
strive,4
elevate,4
extravagant,4
bud,4
pending,4
exceed,4
varying,4
stroller,4
provocative,4
hails,4
buzzer,4
intuitive,4
ghost,4
steam,4
interacting,4
particle,4
disrespect,4
unearthed,4
commodity,4
barnes,4
prophet,4
smithsonian,4
detailing,4
authenticity,4
belonging,4
prosthetic,4
impromptu,4
landlord,4
tyranny,4
scholar,4
owed,4
occurring,4
salvation,4
leigh,4
maze,4
reflective,4
awry,4
invaded,4
legacies,4
scouring,4
conrad,4
stash,4
fading,4
mania,4
viewers,4
focuses,4
w,4
blogging,4
permission,4
andrea,4
partly,4
leslie,4
5th,4
soldier,4
incorporate,4
irony,4
stages,4
cuban,4
gathering,4
haves,4
weary,4
paradox,4
finest,4
appreciating,4
archives,4
sooner,4
bits,4
bury,4
threshold,4
rabbit,4
visitor,4
creatively,4
fade,4
womb,4
explored,4
scents,4
prevail,4
formed,4
sinister,4
rains,4
tango,4
centre,4
judy,4
lament,4
variations,4
optional,4
comfy,4
enrich,4
hipsters,4
perk,4
expedition,4
tighten,4
ticking,4
skyscraper,4
perfectionism,4
tighter,4
magically,4
inevitable,4
diverse,4
janet,4
defining,4
industrial,4
form,4
dances,4
dreamed,4
inspires,4
mounting,4
norman,4
nora,4
legends,4
beatles,4
charm,4
proved,4
animated,4
images,4
presents,4
petite,4
tow,4
snakes,4
inward,4
tidal,4
matched,4
marcus,4
niche,4
sounding,4
hayes,4
albeit,4
billie,4
projections,4
libraries,4
hostages,4
battered,4
aerial,4
pharmacy,4
vienna,4
dragons,4
cardinal,4
ecstatic,4
singapore,4
keen,4
soaked,4
collaborate,4
futuristic,4
dime,4
notions,4
tomb,4
wes,4
pornography,4
horn,4
pleasing,4
rooting,4
probing,4
petersburg,4
unfold,4
apologies,4
undeniable,4
lax,4
domino,4
judgement,4
raven,4
caesar,4
kelley,4
buildings,4
designs,4
angeles,4
somewhat,4
hall,4
lover,4
square,4
reflections,4
concluded,4
sleek,4
presentation,4
isolation,4
longevity,4
mar,4
documentary,4
drama,4
introduced,4
adventures,4
talent,4
written,4
stunning,4
sir,4
objects,4
arrives,4
frame,4
innovative,4
bloody,4
collaboration,4
phrase,4
irish,4
books,4
keeper,4
centerpiece,4
freedoms,4
pieces,4
fiercely,4
obsession,4
speakers,4
buttons,4
surrounds,4
clark,4
recognizable,4
unthinkable,4
kindly,4
unseen,4
knit,4
discourse,4
stale,4
clad,4
arena,4
perched,4
wal,4
salsa,4
synagogue,4
60s,4
discontent,4
yearning,4
scramble,4
whisper,4
disguise,4
holistic,4
wasserman,4
defects,4
newman,4
blurred,4
openness,4
defies,4
elaine,4
inconvenient,4
paperwork,4
los,4
creative,4
stein,4
1960s,4
invested,4
debuted,4
flowing,4
indian,4
la,4
project,4
comic,4
steal,4
duo,4
lighting,4
scandalous,4
bustle,4
lens,4
embark,4
soars,4
goofy,4
soundtrack,4
perspectives,4
fled,4
rouge,4
lecture,4
solitude,4
concept,4
thunder,4
roses,4
conclude,4
7th,4
luna,4
disco,4
oreos,4
constitutes,4
tags,4
artisan,4
vessel,4
rebecca,4
wow,4
porter,4
escalate,4
longstanding,4
accommodate,4
cans,4
29-year,4
sustaining,4
afro,4
interested,4
starring,4
robert,4
sink,4
lyrics,4
rome,4
sacred,4
fort,4
rituals,4
g,4
acclaimed,4
daring,4
carol,4
technical,4
houses,4
milestone,4
poet,4
detroit,4
gif,4
chatter,4
tucker,4
expansive,4
morocco,4
shaking,4
strangely,4
norms,4
persistence,4
nashville,4
gatherings,4
concert,4
17th,4
whirlwind,4
quarters,4
cabbage,4
heavenly,4
scissors,4
reference,4
kent,4
friedman,4
havana,4
establishing,4
proceeds,4
melts,4
elegance,4
kunis,4
voluntary,4
chan,4
ruining,4
26-year,4
brace,4
desirable,4
eugene,4
rican,4
ellie,4
altar,4
featuring,4
view,4
beings,4
mostly,4
object,4
southwest,4
spectacular,4
collection,4
presented,4
broader,4
band,4
warmth,4
contribution,4
counter,4
original,4
communicate,4
edward,4
reception,4
fairy,4
shaped,4
aspects,4
baron,4
elements,4
ships,4
lifted,4
dawn,4
advises,4
illustrate,4
frost,4
crystal,4
pumped,4
demonstrated,4
roman,4
shore,4
wales,4
abu,4
shook,4
sullivan,4
conducting,4
viable,4
salvador,4
experimental,4
goats,4
bottled,4
gamble,4
barrage,4
upstate,4
bandwagon,4
wrestling,4
absorb,4
mohamed,4
extended,4
cultures,4
walls,4
familiar,4
quo,4
careers,4
gifted,4
merrick,4
iconic,4
detailed,4
blank,4
chick,4
endure,4
filmmakers,4
display,4
songs,4
currently,4
elephant,4
grand,4
perfection,4
forgiveness,4
delight,4
structure,4
turner,4
savannah,4
recruit,4
submit,4
radically,4
fixes,4
commentary,4
scales,4
mayhem,4
fischer,4
alphabet,4
observation,4
christ,4
relevance,4
infinitely,4
electricity,4
autopsy,4
aligned,4
rough,4
perpetual,4
eclectic,4
butts,4
drowned,4
accomplishment,4
marked,4
requested,4
21-year,4
norm,4
eggplant,4
charms,4
sweetness,4
nerds,4
exceptions,4
sections,4
washed,4
postcard,4
riders,4
innovators,4
butterflies,4
celebrates,4
bobby,4
bunny,4
dust,4
songwriter,4
lynn,4
material,4
dialogue,4
wind,3
kenneth,3
11th,3
spilled,3
pony,3
commerce,3
hoped,3
spinoff,3
slogan,3
mankind,3
forms,3
ag,3
copies,3
culturally,3
annually,3
educated,3
attracts,3
personalities,3
striped,3
ryder,3
sleeves,3
renowned,3
planted,3
gilbert,3
sparkle,3
settles,3
bio,3
diary,3
infused,3
curated,3
patriot,3
cinema,3
floors,3
chad,3
mila,3
thoroughly,3
recurring,3
forthcoming,3
wraps,3
rug,3
witty,3
comedic,3
plastic,3
bare,3
sacrifice,3
magic,3
elementary,3
cultivate,3
retro,3
comedy,3
william,3
trash,3
susan,3
producer,3
aggressively,3
andrews,3
fascinated,3
convey,3
alumni,3
traveled,3
stillness,3
settled,3
springtime,3
arrangement,3
malik,3
supermodels,3
belle,3
floats,3
collide,3
winding,3
aiming,3
gaze,3
intimate,3
gyllenhaal,3
meditating,3
motto,3
stuart,3
aspirations,3
teddy,3
obsessive,3
outspoken,3
bind,3
residency,3
contemplating,3
crab,3
intrigued,3
accuracy,3
internationally,3
imagining,3
suburbs,3
somalia,3
postal,3
japanese,3
brief,3
perspective,3
fair,3
emerge,3
todd,3
beach,3
cried,3
background,3
smiles,3
posed,3
palestine,3
jackson,3
lane,3
hamilton,3
richard,3
miami,3
scotland,3
manual,3
gangnam,3
nuns,3
lucy,3
stockholm,3
knocking,3
anticipate,3
stumble,3
organizational,3
bolton,3
premiered,3
fountain,3
angle,3
dislike,3
observing,3
portrayed,3
converted,3
speeding,3
sinks,3
depth,3
solstice,3
bradley,3
drawn,3
conventions,3
daisy,3
sail,3
revolt,3
researching,3
recipient,3
mirrors,3
honduras,3
unleash,3
terry,3
emotion,3
avid,3
volatile,3
sensational,3
22-year,3
scrambling,3
characters,3
writer,3
pleasure,3
reviews,3
desert,3
gifs,3
crowds,3
duke,3
van,3
draw,3
movements,3
antonio,3
thick,3
explosive,3
oakland,3
transparent,3
dread,3
returned,3
selfie,3
review,3
essence,3
rock,3
club,3
unusual,3
acute,3
struggled,3
darth,3
slides,3
lavish,3
mix,3
mercury,3
breathtaking,3
pub,3
takeover,3
kurt,3
granddaughter,3
pursuit,3
clay,3
exploding,3
equals,3
frequently,3
dustin,3
determining,3
winston,3
gadget,3
occupied,3
exhaustion,3
spiral,3
deliberate,3
crusade,3
import,3
instinct,3
manages,3
highlighted,3
announcements,3
congo,3
contractors,3
burton,3
tale,3
river,3
score,3
martha,3
anonymous,3
transformed,3
sake,3
london,3
simultaneously,3
wildly,3
ian,3
award,3
neighborhood,3
colombia,3
highlights,3
famous,3
genius,3
adolescent,3
institutions,3
glenn,3
vader,3
existential,3
solid,3
commencement,3
extraordinary,3
educator,3
selecting,3
periods,3
audition,3
entertained,3
shelf,3
punish,3
recounts,3
restless,3
balloons,3
printed,3
slated,3
centric,3
pins,3
produces,3
experiments,3
exploitation,3
circus,3
circumstance,3
jewel,3
martinez,3
communist,3
richardson,3
edgy,3
mickey,3
classy,3
collaborative,3
whom,3
striking,3
sing,3
dubai,3
lone,3
expose,3
superman,3
stanford,3
singing,3
spirits,3
murphy,3
surface,3
memorable,3
seemed,3
scene,3
joshua,3
grills,3
unofficial,3
wheels,3
max,3
practically,3
drum,3
uncertain,3
crafting,3
shines,3
ribs,3
superstar,3
deceased,3
murderer,3
magnitude,3
hub,3
clutch,3
copy,3
crafted,3
sassy,3
backdrop,3
characterized,3
admired,3
waits,3
hadid,3
crust,3
stalled,3
vocal,3
edges,3
handmade,3
resting,3
similarly,3
loose,3
makers,3
creation,3
relevant,3
holocaust,3
exploring,3
library,3
bay,3
electronic,3
simon,3
bridge,3
traditional,3
rainbow,3
apples,3
sally,3
smartphones,3
nazi,3
e.,3
greatly,3
gravity,3
rocky,3
port,3
chilling,3
beware,3
enormous,3
entertainment,3
remarkable,3
actual,3
vision,3
bets,3
pole,3
recently,3
wallace,3
adolescents,3
futures,3
café,3
influenced,3
basement,3
reflection,3
creations,3
morality,3
lowest,3
rays,3
delights,3
reserved,3
snapped,3
cultivating,3
panels,3
uphold,3
cycles,3
majestic,3
documenting,3
embraced,3
saints,3
paved,3
intriguing,3
nevertheless,3
orthodox,3
cast,3
carey,3
fiction,3
ukraine,3
insider,3
humanity,3
prove,3
spotlight,3
woods,3
don,3
inspire,3
pen,3
premiere,3
resilient,3
jumped,3
shaping,3
designed,3
design,3
graphic,3
east,3
sensitive,3
damaged,3
scenic,3
prospective,3
enabled,3
nearby,3
authoritarian,3
flotus,3
timely,3
independent,3
creates,3
ai,3
colon,3
displayed,3
buzzing,3
settling,3
shipping,3
smiling,3
instance,3
destined,3
patti,3
examining,3
reeling,3
stains,3
merit,3
bolt,3
taboo,3
companion,3
ariel,3
premise,3
badass,3
coveted,3
mayors,3
specialist,3
irresponsible,3
image,3
twist,3
encourages,3
tragic,3
york,3
interviews,3
trees,3
attendance,3
sue,3
gala,3
lit,3
ideals,3
proceedings,3
nerd,3
opener,3
creep,3
graduating,3
pencil,3
attended,3
|,3
fitting,3
maintained,3
reflects,3
heating,3
telephone,3
witnessing,3
angels,3
depths,3
cleared,3
appropriately,3
pumps,3
irma,3
contender,3
settings,3
dna,3
noise,3
ancient,3
invisible,3
holy,3
mainstream,3
arrive,3
brothers,3
thoughtful,3
crisp,3
penn,3
corey,3
desire,3
acts,3
international,3
sets,3
barriers,3
alternate,3
coincidence,3
gentle,3
laser,3
laughed,3
disappearing,3
unfamiliar,3
ceremonies,3
recommended,3
pursue,3
14th,3
horrors,3
leaf,3
betrayal,3
wendy,3
intersection,3
chapel,3
echoes,3
maple,3
skirts,3
hunters,3
pressures,3
extremists,3
export,3
regional,3
dots,3
sheldon,3
tortured,3
recorded,3
coaching,3
cartoons,3
describe,3
seeing,3
darkness,3
sight,3
crossed,3
ode,3
laura,3
slice,3
humble,3
barcelona,3
cole,3
writing,3
piers,3
linking,3
robust,3
ish,3
underground,3
tara,3
multitasking,3
institute,3
pond,3
marking,3
waffle,3
naughty,3
therapeutic,3
dazzling,3
bowls,3
buddhist,3
consequence,3
symbolic,3
impulse,3
versatile,3
ashton,3
polite,3
w.,3
bull,3
capacity,3
phil,3
random,3
iranian,3
range,3
throughout,3
ruth,3
recognition,3
saga,3
musician,3
visions,3
synonymous,3
terrain,3
knight,3
lap,3
faithful,3
wiig,3
booth,3
edition,3
paired,3
sitcom,3
notch,3
acquired,3
norwegian,3
equipment,3
stubborn,3
swallow,3
feat,3
praised,3
hugs,3
bulls,3
reminding,3
mattress,3
icon,3
searching,3
explore,3
fortune,3
fly,3
seeds,3
punk,3
ordinary,3
poster,3
eva,3
stakes,3
illustrated,3
piece,3
collective,3
captive,3
valid,3
congrats,3
biting,3
raw,3
concepts,3
bearing,3
reconciliation,3
exclusion,3
heartfelt,3
assignment,3
memphis,3
confronts,3
misery,3
fuller,3
grindr,3
bones,3
sheets,3
premium,3
holly,3
strips,3
retreats,3
discussions,3
insiders,3
privileged,3
50s,3
emoji,3
viewing,3
steel,3
echo,3
ricky,3
cerebral,3
indoors,3
humor,3
twin,3
wood,3
culture,3
craig,3
connecting,3
valley,3
electric,3
roles,3
topic,3
atlanta,3
sort,3
distress,3
breed,3
arab,3
shifting,3
complexity,3
chaos,3
page,3
generated,3
positively,3
organizer,3
hooked,3
achieved,3
capture,3
curly,3
astronauts,3
glee,3
goddess,3
ego,3
motion,3
consistently,3
educating,3
witnessed,3
saturated,3
scholars,3
reinvent,3
stern,3
transformative,3
guitar,3
civilization,3
inexpensive,3
15th,3
shelters,3
thomas,3
dick,3
globe,3
atlantic,3
sound,3
glam,3
florence,3
lake,3
ran,3
account,3
launches,3
leverage,3
chorus,3
lucas,3
introduction,3
benedict,3
passions,3
bruce,3
joseph,3
plaza,3
honoring,3
cracked,3
escaping,3
parking,3
unite,3
blake,3
blockbuster,3
tolerate,3
instances,3
quarterback,3
technically,3
sufficient,3
lyme,3
lasted,3
scares,3
references,3
founded,3
finishing,3
palmer,3
twisted,3
economist,3
hated,3
island,3
result,3
lovers,3
naked,3
center,3
bears,3
brilliant,3
mall,3
lady,3
insights,2
laughter,2
worlds,2
touched,2
sights,2
acting,2
gathered,2
gorgeous,2
circle,2
newest,2
fifth,2
authentic,2
painful,2
bold,2
israeli,2
exists,2
indication,2
innovation,2
awakening,2
monumental,2
appearing,2
mysteries,2
arise,2
ensuring,2
deepest,2
dedicated,2
brazilian,2
excellence,2
indictment,2
bonds,2
guardian,2
flop,2
overlooked,2
encountered,2
absent,2
redefine,2
philippine,2
landmarks,2
emerged,2
whitney,2
pigs,2
25th,2
doubled,2
rhythm,2
gordon,2
candles,2
royalty,2
ladies,2
beats,2
disabilities,2
tattoo,2
bodies,2
streets,2
shed,2
elsewhere,2
playground,2
reveal,2
selfies,2
ron,2
viewed,2
building,2
digital,2
joe,2
strange,2
discovered,2
billy,2
digging,2
baptist,2
brings,2
beg,2
abandoned,2
cameras,2
1980s,2
loop,2
mold,2
bands,2
conquer,2
corporation,2
renew,2
heavily,2
narrative,2
appointed,2
endless,2
entrepreneurial,2
camping,2
premier,2
relentless,2
gospel,2
pure,2
balloon,2
civic,2
amongst,2
curve,2
dissent,2
oasis,2
pies,2
mud,2
history,2
offering,2
text,2
impossible,2
historical,2
aaron,2
fine,2
nixon,2
absurd,2
linda,2
ear,2
jill,2
politician,2
seemingly,2
series,2
21st,2
exist,2
deliberately,2
messaging,2
goodbye,2
grassroots,2
texture,2
arthur,2
container,2
kristin,2
collapsed,2
tuned,2
equipped,2
accomplished,2
eternal,2
controlled,2
castle,2
complained,2
radar,2
reminders,2
stella,2
wider,2
obstacle,2
load,2
prey,2
filter,2
tracks,2
dragged,2
hearty,2
dedication,2
nominations,2
universe,2
quiet,2
herself,2
walks,2
connection,2
sold,2
eventually,2
nyc,2
jumping,2
introducing,2
refreshing,2
theaters,2
technique,2
creatures,2
haunted,2
landed,2
considered,2
express,2
winning,2
wise,2
statements,2
seconds,2
city,2
commercial,2
flame,2
tricky,2
limits,2
classic,2
fiancé,2
conduct,2
suburban,2
baton,2
sane,2
encounter,2
leo,2
marches,2
intense,2
muse,2
ongoing,2
encouraged,2
distractions,2
monitoring,2
nigerian,2
admire,2
taps,2
magical,2
maximum,2
busiest,2
underwater,2
simpler,2
bass,2
coin,2
tossed,2
side,2
wealthy,2
bob,2
steven,2
device,2
scale,2
insists,2
blessed,2
expectations,2
offers,2
zone,2
quotes,2
sketch,2
shrinking,2
spices,2
prisoner,2
gray,2
doug,2
advisor,2
forgetting,2
natalie,2
greed,2
strategist,2
m,2
mystery,2
cloud,2
haul,2
mia,2
founders,2
integrity,2
rat,2
transplant,2
courtney,2
professors,2
sentiment,2
strengths,2
necessity,2
heartbreak,2
newly,2
pays,2
perhaps,2
lisa,2
screening,2
david,2
authors,2
swim,2
therefore,2
followers,2
sings,2
bizarre,2
alike,2
denmark,2
f.,2
lurking,2
sounds,2
outdated,2
discipline,2
hustle,2
subway,2
muscle,2
aunt,2
grain,2
engaging,2
christine,2
invited,2
methods,2
solitary,2
ronald,2
expressed,2
perform,2
elegant,2
icy,2
wished,2
teases,2
diva,2
anniversary,2
career,2
unique,2
parts,2
mama,2
angel,2
northern,2
allows,2
ford,2
company,2
jeff,2
revealing,2
entitled,2
setting,2
forefront,2
ya,2
soviet,2
embraces,2
busting,2
underneath,2
motivated,2
aspiring,2
unclear,2
metal,2
scarlett,2
smaller,2
uncomfortable,2
showcases,2
playful,2
a.,2
neon,2
ahmed,2
created,2
nights,2
tradition,2
wide,2
dig,2
tribute,2
length,2
glory,2
guidance,2
acknowledge,2
countless,2
particular,2
king,2
april,2
ny,2
2nd,2
organ,2
determination,2
elaborate,2
precisely,2
insisted,2
extends,2
boredom,2
cuisine,2
revive,2
recognized,2
rivera,2
participate,2
bishop,2
kicked,2
reflected,2
luke,2
edwards,2
darn,2
branding,2
interactions,2
sin,2
kidman,2
charitable,2
hand,2
memorial,2
exclusive,2
variety,2
usual,2
marie,2
constant,2
landing,2
prize,2
friendship,2
interior,2
met,2
tree,2
discovering,2
happily,2
racially,2
prisoners,2
province,2
uganda,2
stones,2
conventional,2
corps,2
peoples,2
collect,2
needing,2
finals,2
sparkling,2
astronaut,2
ironic,2
sikh,2
dolls,2
stairs,2
rampant,2
mark,2
its,2
founder,2
dancing,2
grande,2
angela,2
photoshop,2
organizations,2
return,2
experiment,2
tickets,2
intended,2
cooper,2
traditions,2
specific,2
dramatic,2
feminist,2
work,2
pictures,2
distinct,2
beard,2
neighborhoods,2
essay,2
directors,2
whose,2
joys,2
tap,2
imperative,2
value,2
avenue,2
captured,2
gods,2
hilary,2
amazed,2
accusing,2
starving,2
allure,2
malaysia,2
directions,2
latin,2
transfer,2
quote,2
external,2
',2
guardians,2
skies,2
limitations,2
peninsula,2
described,2
meaning,2
print,2
paper,2
poem,2
barbecue,2
curiosity,2
encouraging,2
beautiful,2
fancy,2
upcoming,2
paris,2
show,2
warriors,2
hop,2
patch,2
pearl,2
implications,2
legendary,2
grader,2
qaeda,2
ordering,2
spanish,2
misogyny,2
surrounded,2
graduated,2
fulfillment,2
internal,2
sync,2
chaotic,2
maintenance,2
cheers,2
soap,2
citing,2
ham,2
prospects,2
regard,2
present,2
interview,2
hip,2
character,2
scary,2
waters,2
asian,2
dreaming,2
wave,2
existing,2
temporary,2
roof,2
western,2
miller,2
light,2
space,2
description,2
frank,2
specifically,2
generate,2
troubles,2
confronting,2
mill,2
spaces,2
grandfather,2
theft,2
yard,2
intimidating,2
jacob,2
picnic,2
hobby,2
worship,2
conversations,2
words,2
critic,2
stomach,2
phenomenon,2
spirit,2
camera,2
flow,2
profound,2
slowly,2
conversation,2
lips,2
offenders,2
jenny,2
none,2
executed,2
violate,2
gaga,2
forth,2
lobby,2
19th,2
intellectual,2
applications,2
patricia,2
brink,2
sheep,2
plates,2
dismiss,2
fearful,2
cafe,2
seen,2
privilege,2
drive,2
maker,2
insight,2
flower,2
obsessed,2
rain,2
produce,2
window,2
moved,2
likes,2
looms,2
remembered,2
initial,2
whites,2
greek,2
approached,2
bench,2
entrance,2
glamorous,2
sexiest,2
cruelty,2
credibility,2
usher,2
sweetest,2
malfunctions,2
fundamentally,2
bubble,2
frankly,2
vampire,2
distance,2
marketing,2
enjoying,2
exchange,2
legacy,2
meets,2
beloved,2
advance,2
book,2
fabulous,2
ann,2
hills,2
west,2
vintage,2
conflict,2
various,2
hats,2
memoir,2
scored,2
santa,2
grants,2
displays,2
wasted,2
squeeze,2
rocking,2
interest,2
tiny,2
quietly,2
degrees,2
brandon,2
ideology,2
dire,2
definitive,2
plunge,2
pillow,2
discomfort,2
horrifying,2
theresa,2
pete,2
bees,2
beyond,2
sales,2
challenging,2
toronto,2
forum,2
massive,2
expand,2
peek,2
ii,2
walker,2
kiss,2
flew,2
connections,2
rivalry,2
slept,2
e,2
mansion,2
allen,2
disappointing,2
paradise,2
insist,2
lesser,2
thus,2
impressive,2
sang,2
sustained,2
priceless,2
observed,2
ranch,2
interactive,2
canyon,2
dominate,2
intentionally,2
fence,2
groundbreaking,2
princesses,2
young,2
figure,2
which,2
religion,2
sarah,2
zealand,2
bros,2
indeed,2
professor,2
sector,2
thrown,2
confusion,2
elderly,2
severely,2
neither,2
comforting,2
donuts,2
hung,2
liquid,2
salute,2
misconceptions,2
r.,2
kickstarter,2
oceans,2
enjoyable,2
blend,2
glass,2
eyes,2
obviously,2
expanding,2
glimpse,2
unable,2
drone,2
depends,2
st,2
class,2
rarely,2
regret,2
types,2
world,2
glowing,2
acted,2
mandate,2
outstanding,2
smokers,2
taxi,2
plight,2
counts,2
perceptions,2
samsung,2
garner,2
belief,2
tastes,2
mason,2
superheroes,2
drain,2
outlet,2
unbelievable,2
screw,2
midwest,2
understands,2
alive,2
leaves,2
movement,2
ed,2
promoting,2
pace,2
giants,2
philippines,2
director,2
personal,2
naturally,2
celebrated,2
technology,2
language,2
wilde,2
governors,2
hosted,2
imagine,2
stellar,2
cracks,2
greg,2
80s,2
vehicle,2
permanent,2
katrina,2
southeast,2
syrup,2
robot,2
stir,2
trivia,2
downton,2
proudly,2
instagrams,2
lakes,2
ghosts,2
virtual,2
sober,2
souls,2
dubbed,2
downs,2
american,2
legend,2
town,2
prominent,2
retired,2
tune,2
surprise,2
eye,2
born,2
fragile,2
teaches,2
publisher,2
grows,2
bust,2
labels,2
rubber,2
spite,2
honey,2
junk,2
harbor,2
unforgettable,2
supplements,2
hilton,2
globally,2
indigenous,2
ink,2
detective,2
creators,2
pin,2
sudan,2
lambert,2
publishing,2
boundaries,2
iron,2
farm,2
terrifying,2
revolution,2
direction,2
identity,2
creator,2
along,2
bee,2
shadows,2
attending,2
realm,2
approximately,2
actively,2
rica,2
eyebrows,2
gems,2
creepy,2
smartphone,2
shaming,2
aircraft,2
chairs,2
enters,2
destroys,2
freeze,2
invites,2
con,2
dealt,2
semitism,2
age,2
bags,2
closely,2
tour,2
disability,2
establishment,2
harsh,2
silly,2
events,2
oliver,2
ages,2
inspired,2
offense,2
gesture,2
prejudice,2
enhance,2
beneficial,2
contains,2
otherwise,2
authority,2
handy,2
prompts,2
trains,2
vehicles,2
lawn,2
clubs,2
categories,2
backyard,2
greatest,2
ireland,2
grace,2
rep,2
hardly,2
hero,2
october,2
mirror,2
stephen,2
metric,2
miracles,2
indie,2
catches,2
welcoming,2
decline,2
installment,2
liam,2
myanmar,2
suggestion,2
copyright,2
nod,2
anderson,2
diamond,2
adorably,2
misses,2
understood,2
guru,2
nina,2
j.,2
steve,2
dangers,2
effectively,2
encourage,2
land,2
districts,2
layers,2
juan,2
tan,2
eclipse,2
sadly,2
declare,2
credits,2
pancakes,2
anticipation,2
nerve,2
desires,2
curse,2
shiny,2
rewarding,2
extension,2
junior,2
stability,2
miles,2
at,2
dozen,2
an,2
somehow,2
bacteria,2
arctic,2
pitch,2
wrote,2
built,2
progress,2
part,2
through,2
write,2
appeared,2
profit,2
emotionally,2
targets,2
persons,2
fulfilling,2
harrison,2
barry,2
ownership,2
illusion,2
existence,2
sweater,2
heather,2
blocking,2
jaw,2
distracted,2
fest,2
expanded,2
answer,2
lucky,2
program,2
often,2
canadian,2
teacher,2
wolf,2
academy,2
wonders,2
cars,2
experienced,2
affair,2
attempt,2
exploration,2
accepted,2
signature,2
trending,2
forgotten,2
coachella,2
seekers,2
appreciate,2
wright,2
disastrous,2
hitler,2
deserved,2
circuit,2
catching,2
riot,2
trucks,2
abbey,2
airbnb,2
devil,2
delicate,2
checklist,2
irs,2
source,2
soup,2
wondering,2
horror,2
rand,2
mission,2
deeply,2
truth,2
holds,2
inside,2
teaching,2
martin,2
movies,2
breaking,2
detox,2
entirely,2
completed,2
closed,2
prints,2
showdown,2
strongest,2
betty,2
logo,2
evolving,2
celebrate,2
stories,2
define,2
example,2
advertising,2
faces,2
discover,2
within,2
story,2
bored,2
doc,2
sundance,2
actresses,2
dirt,2
crawford,2
past,2
stock,2
chinese,2
interesting,2
curious,2
meanwhile,2
reflect,2
odd,2
escape,2
playing,2
tourists,2
complex,2
forces,2
discussion,2
powder,2
speaks,2
mountain,2
referred,2
village,2
casino,2
hosts,2
listed,2
intensity,2
franco,2
escaped,2
cult,2
demonstrate,2
perks,2
magnificent,2
heights,2
accidental,2
civilians,2
recent,2
taken,2
george,2
site,2
demands,2
decade,2
lincoln,2
property,2
happens,2
such,2
blood,2
jerry,2
grew,2
andrew,2
outrageous,2
tis,2
till,2
appealing,2
apart,2
hateful,2
honeymoon,2
upgrade,2
destiny,2
modest,2
insult,2
poland,2
socks,2
reminds,2
assumed,2
either,2
sat,2
covers,2
trips,2
turns,2
activities,2
tim,2
first,2
proof,2
heels,2
israel,2
union,2
africa,2
involves,2
bullies,2
surviving,2
processed,2
unknown,2
minnesota,2
stretch,2
adams,2
beverly,2
flames,2
tongue,2
aka,2
eaten,2
candid,2
september,2
middle,2
wisconsin,2
obvious,2
ingredients,2
later,2
almost,2
complete,2
literally,2
boys,2
royal,2
closest,2
intent,2
remained,2
chair,2
flee,2
meryl,2
mighty,2
utterly,2
yale,2
screens,2
attend,2
nepal,2
plot,2
exhausted,2
shining,2
preserve,2
stroke,2
era,2
great,2
veteran,2
includes,2
rolling,2
waves,2
odds,2
silence,2
song,2
direct,2
meet,2
forced,2
jones,2
grass,2
pound,2
lifting,2
poised,2
reaching,2
welcomes,2
boot,2
market,2
statement,2
relations,2
kind,2
lower,2
features,2
brand,2
inspiration,2
meant,2
focused,2
empathy,2
heard,2
attention,2
mary,2
prospect,2
horse,2
match,2
ultimately,2
saved,2
sierra,2
salon,2
brains,2
vaccines,2
classified,2
goldman,2
calif,2
luxurious,2
texts,2
nightmares,2
popcorn,2
urge,2
tastemakers,2
charts,2
institution,2
dairy,2
deaf,2
honest,2
kept,2
different,2
orleans,2
of,2
voices,2
takes,2
cats,2
caused,2
strangers,1
spin,1
jim,1
cups,1
roll,1
mentioned,1
fred,1
shapes,1
adulthood,1
revenue,1
polar,1
resource,1
isolated,1
hide,1
served,1
became,1
fun,1
creating,1
truly,1
feed,1
instagram,1
minds,1
blocks,1
shock,1
desperate,1
experience,1
status,1
requires,1
stars,1
years,1
remains,1
flowers,1
wounds,1
speeches,1
alice,1
craigslist,1
removing,1
horizon,1
monologue,1
griffin,1
ripped,1
drew,1
bullet,1
studying,1
scott,1
soul,1
future,1
sense,1
eric,1
multi,1
core,1
relatively,1
experiences,1
monuments,1
powers,1
current,1
disappear,1
cope,1
michele,1
but,1
yorker,1
thrilled,1
fallen,1
disclosure,1
cohen,1
generous,1
libya,1
blessing,1
toe,1
performs,1
unfortunate,1
egyptian,1
male,1
cry,1
approach,1
trend,1
female,1
lived,1
main,1
selling,1
styles,1
living,1
dark,1
investment,1
fame,1
accounts,1
difficult,1
excessive,1
doors,1
checked,1
champion,1
visited,1
spell,1
parody,1
networking,1
veggies,1
franklin,1
walter,1
album,1
giant,1
screen,1
dreams,1
itself,1
filled,1
known,1
joined,1
although,1
experiencing,1
rivals,1
severe,1
barbie,1
hbo,1
precious,1
onion,1
leap,1
norway,1
feminine,1
examine,1
long,1
however,1
emmy,1
receiving,1
anymore,1
based,1
huge,1
well,1
sitting,1
anna,1
blow,1
park,1
halt,1
devoted,1
racing,1
gon,1
manuel,1
cap,1
calvin,1
bangladesh,1
stark,1
peers,1
leading,1
georgia,1
suffering,1
between,1
moments,1
voice,1
alexander,1
epic,1
area,1
possibly,1
included,1
large,1
foster,1
narrow,1
spiritual,1
sexuality,1
ms,1
distraction,1
divine,1
ward,1
origin,1
organizers,1
rethink,1
comics,1
woody,1
create,1
becomes,1
tragedy,1
lives,1
louisiana,1
opens,1
appear,1
rural,1
something,1
held,1
representative,1
nature,1
machine,1
nightclub,1
carry,1
venture,1
costa,1
youngest,1
cotton,1
genocide,1
cherry,1
launching,1
fashioned,1
visible,1
reality,1
crowd,1
offered,1
mysterious,1
everybody,1
garden,1
queen,1
half,1
possibility,1
realized,1
extend,1
inspirational,1
soldiers,1
partnership,1
sums,1
attendant,1
volunteers,1
society,1
foundation,1
content,1
celebration,1
critical,1
by,1
few,1
human,1
always,1
second,1
enemy,1
necessary,1
vast,1
hathaway,1
numerous,1
buys,1
rounded,1
cartoon,1
delta,1
risky,1
notorious,1
utah,1
stadium,1
tackling,1
private,1
hope,1
worth,1
corner,1
road,1
changing,1
mind,1
shall,1
instantly,1
footage,1
brian,1
champions,1
solving,1
upside,1
scream,1
temple,1
execution,1
hart,1
release,1
turning,1
wisdom,1
august,1
blog,1
designer,1
rare,1
fantastic,1
outside,1
sand,1
grateful,1
quite,1
power,1
exception,1
columnist,1
intimacy,1
climb,1
famed,1
associate,1
ritual,1
witch,1
tokyo,1
walking,1
generations,1
sweet,1
type,1
night,1
northeast,1
maintaining,1
miserable,1
height,1
anthony,1
flies,1
closing,1
picked,1
solved,1
nazis,1
lifelong,1
purse,1
relative,1
gardens,1
thriving,1
artificial,1
donor,1
simply,1
lee,1
played,1
potential,1
anne,1
ray,1
these,1
drag,1
importance,1
concrete,1
bloom,1
quirky,1
writes,1
seniors,1
packed,1
finance,1
miranda,1
grammys,1
infamous,1
weighs,1
resident,1
grounds,1
sustainability,1
historic,1
saw,1
wonder,1
listening,1
radio,1
one,1
initiative,1
twins,1
surprisingly,1
others,1
beauty,1
generation,1
valentine,1
the,1
happening,1
given,1
goods,1
protesting,1
rodriguez,1
trafficking,1
smarter,1
funded,1
realistic,1
tolerance,1
eager,1
trainer,1
thankfully,1
scores,1
allowing,1
republic,1
hands,1
her,1
summer,1
filling,1
driven,1
b,1
ptsd,1
friendships,1
slave,1
pic,1
double,1
portion,1
british,1
usually,1
patrick,1
actor,1
shots,1
though,1
records,1
man,1
today,1
went,1
donna,1
returns,1
seeks,1
lin,1
mention,1
urgent,1
conviction,1
freddie,1
payment,1
hits,1
january,1
period,1
bring,1
both,1
opportunity,1
label,1
centers,1
small,1
luxury,1
vegas,1
south,1
china,1
fact,1
patterns,1
sugar,1
situations,1
enthusiasm,1
psychological,1
suggesting,1
wet,1
el,1
responses,1
lego,1
employers,1
speak,1
place,1
whenever,1
shelter,1
new,1
as,1
saturday,1
evening,1
commission,1
eastern,1
philosophy,1
sits,1
cruel,1
istanbul,1
statue,1
until,1
certainly,1
looking,1
short,1
toward,1
apply,1
smile,1
success,1
pink,1
dallas,1
bang,1
onto,1
serial,1
midnight,1
despair,1
impressed,1
blowing,1
merely,1
brush,1
ears,1
universal,1
territory,1
broadcast,1
uncle,1
nostalgia,1
awe,1
accomplish,1
questioning,1
tournament,1
easily,1
communication,1
sends,1
spotted,1
around,1
full,1
saying,1
alternative,1
spain,1
initially,1
sharing,1
episodes,1
trials,1
romance,1
bow,1
cares,1
spreading,1
julia,1
dramatically,1
taco,1
criticism,1
lesbian,1
into,1
terrible,1
high,1
operations,1
anybody,1
dominated,1
secretly,1
jane,1
detail,1
mere,1
keeps,1
field,1
under,1
ground,1
involved,1
forget,1
particularly,1
colorful,1
paul,1
choice,1
proves,1
remain,1
embrace,1
dry,1
struck,1
virtually,1
fairly,1
approaches,1
gig,1
relate,1
walk,1
made,1
happen,1
dozens,1
his,1
journey,1
fathers,1
luck,1
come,1
disney,1
immediately,1
wonderful,1
hollywood,1
late,1
behalf,1
mrs,1
brighten,1
crop,1
sophisticated,1
dilemma,1
palestinian,1
crown,1
proposes,1
alien,1
bitter,1
means,1
active,1
hell,1
mid,1
terror,1
brought,1
event,1
lies,1
expensive,1
funny,1
together,1
hired,1
garbage,1
graham,1
amounts,1
essentially,1
swedish,1
destroyed,1
streaming,1
perception,1
channels,1
loser,1
in,1
shares,1
wild,1
june,1
ruling,1
last,1
engagement,1
alliance,1
tactics,1
noticed,1
rapidly,1
absolute,1
bedtime,1
client,1
russians,1
aims,1
fields,1
dc,1
was,1
with,1
re,1
level,1
debut,1
italy,1
favorite,1
passing,1
important,1
idea,1
straight,1
since,1
watching,1
organizing,1
asia,1
representatives,1
kicking,1
whale,1
attempting,1
coping,1
grave,1
strategic,1
cave,1
taking,1
across,1
wanted,1
global,1
individual,1
mine,1
friendly,1
feeling,1
pacific,1
aside,1
colors,1
platform,1
names,1
joke,1
rule,1
learning,1
cigarettes,1
confessions,1
locations,1
possibilities,1
promising,1
suspects,1
mask,1
maya,1
finished,1
idol,1
appearance,1
singer,1
map,1
appears,1
sons,1
father,1
reading,1
rebels,1
squad,1
rant,1
burned,1
articles,1
wrapped,1
belong,1
larger,1
natural,1
murray,1
beans,1
stuffed,1
remaining,1
alan,1
net,1
magazines,1
balls,1
intention,1
jacket,1
popularity,1
madison,1
diana,1
biggest,1
individuals,1
bachelor,1
comes,1
loving,1
himself,1
position,1
missed,1
nightmare,1
inclusion,1
answered,1
muhammad,1
represents,1
prom,1
grant,1
involving,1
europe,1
their,1
silent,1
a,1
ever,1
difference,1
february,1
picks,1
him,1
national,1
ago,1
op,1
palm,1
attempted,1
figures,1
joins,1
jam,1
planes,1
obstacles,1
turned,1
internet,1
author,1
most,1
southern,1
ends,1
james,1
record,1
collins,1
declares,1
colored,1
major,1
opportunities,1
title,1
increasingly,1
marry,1
extremely,1
this,1
firm,1
politically,1
forest,1
owners,1
directly,1
backing,1
faster,1
trigger,1
tear,1
me,1
presence,1
increasing,1
hundreds,1
love,1
once,1
defending,1
lively,1
july,1
lean,1
winners,1
worries,1
amazon,1
fiscal,1
belt,1
getty,1
meetings,1
bottles,1
gone,1
seeking,1
working,1
hard,1
featured,1
charged,1
very,1
leads,1
tired,1
bright,1
including,1
watson,1
documents,1
sunny,1
rip,1
troubling,1
freak,1
cuff,1
myth,1
boom,1
convince,1
function,1
longest,1
give,1
central,1
maybe,1
final,1
heroes,1
blended,1
brazil,1
willing,1
bureau,1
kingdom,1
required,1
windows,1
shown,1
tall,1
shared,1
ship,1
dear,1
own,1
french,1
rent,1
symbol,1
nasty,1
crafts,1
cuba,1
silver,1
baked,1
each,1
never,1
public,1
jon,1
giving,1
planet,1
many,1
rose,1
away,1
body,1
bloggers,1
development,1
points,1
recommend,1
dave,1
entering,1
medication,1
binge,1
infidelity,1
snap,1
knows,1
shoes,1
raised,1
puts,1
uses,1
nick,1
during,1
remove,1
profits,1
fill,1
empower,1
require,1
surveillance,1
absence,1
beijing,1
silicon,1
luther,1
disagree,1
i,1
had,1
discuss,1
passed,1
headed,1
empty,1
effort,1
realizing,1
strip,1
academic,1
fingers,1
anywhere,1
achieving,1
clinic,1
disappointed,1
nearly,1
humans,1
another,1
nation,1
afternoon,1
tomorrow,1
ill,1
from,1
thought,1
table,1
revenge,1
recession,1
rising,1
incredibly,1
ass,1
sparked,1
moscow,1
fruits,1
penis,1
toys,1
spectrum,1
advanced,1
polish,1
dying,1
head,1
inspiring,1
old,1
basically,1
therapy,1
influence,1
learn,1
life,1
unexpected,1
carefully,1
outdoors,1
diane,1
jokes,1
chat,1
arkansas,1
feud,1
among,1
upon,1
appeal,1
victoria,1
beyonce,1
standard,1
strong,1
anything,1
companies,1
who,1
to,1
is,1
limited,1
believe,1
invite,1
prior,1
lord,1
commitment,1
construction,1
continued,1
alongside,1
borders,1
end,1
amazing,1
way,1
walked,1
except,1
themselves,1
girls,1
that,1
forward,1
las,1
regrets,1
heidi,1
everyday,1
moving,1
facing,1
thing,1
share,1
hilarious,1
cycle,1
located,1
gunman,1
clever,1
notion,1
feast,1
fuels,1
chart,1
qatar,1
tend,1
allergies,1
awards,1
exactly,1
girl,1
fall,1
movie,1
fell,1
treat,1
messages,1
popular,1
pre,1
navigate,1
exotic,1
unprecedented,1
destruction,1
smith,1
exit,1
while,1
releases,1
force,1
then,1
francis,1
buying,1
times,1
am,1
room,1
moment,1
starts,1
thanks,1
decided,1
intentions,1
pray,1
root,1
opposed,1
definitely,1
handed,1
apparent,1
describes,1
incredible,1
annual,1
notes,1
lot,1
yet,1
everyone,1
zoe,1
fail,1
stake,1
blogs,1
england,1
minor,1
parental,1
aspect,1
contain,1
pulling,1
lindsey,1
other,1
like,1
changed,1
out,1
understand,1
feature,1
cocktail,1
so,1
only,1
much,1
programs,1
continues,1
parties,1
bias,1
carried,1
newborn,1
occasion,1
bar,1
available,1
moon,1
affordable,1
year,1
makes,1
india,1
predict,1
activism,1
rival,1
affairs,1
saint,1
conflicts,1
take,1
questions,1
some,1
dream,1
point,1
diversity,1
warning,1
thoughts,1
hours,1
has,1
khan,1
season,1
capable,1
german,1
motherhood,1
aged,1
remote,1
galaxy,1
talks,1
been,1
minute,1
arrived,1
friends,1
due,1
might,1
began,1
feeding,1
burden,1
spoken,1
station,1
jackie,1
toilet,1
demanding,1
reaches,1
mount,1
off,1
there,1
latest,1
possible,1
matter,1
also,1
community,1
bond,1
williams,1
considering,1
theme,1
trek,1
rises,1
barbara,1
honestly,1
document,1
sequel,1
ball,1
ferguson,1
third,1
expect,1
read,1
environment,1
moral,1
plant,1
color,1
person,1
any,1
tests,1
services,1
sought,1
outcome,1
repeat,1
vietnam,1
error,1
see,1
smart,1
syndrome,1
cut,1
continue,1
those,1
students,1
remind,1
coat,1
graduate,1
brown,1
death,1
ellen,1
costume,1
camp,1
lack,1
talked,1
seem,1
videos,1
glasses,1
fisher,1
reach,1
sept,1
myths,1
able,1
seek,1
joy,1
thinking,1
will,1
stance,1
careful,1
divide,1
eco,1
kushner,1
covering,1
tennis,1
imagined,1
serving,1
he,1
knew,1
reason,1
lines,1
aimed,1
fund,1
graduation,1
annoying,1
ask,1
set,1
behind,1
african,1
earth,1
sky,1
waste,1
ability,1
live,1
came,1
unfortunately,1
pattern,1
store,1
tom,1
management,1
sued,1
back,1
instead,1
professional,1
school,1
free,1
early,1
youth,1
emotional,1
it,1
aggressive,1
pac,1
forgive,1
scientist,1
abroad,1
uk,1
marks,1
hurts,1
word,1
now,1
doubt,1
floor,1
air,1
trip,1
p.m.,1
owned,1
act,1
pop,1
sell,1
when,1
rather,1
even,1
group,1
hearing,1
snow,1
tech,1
youtube,1
vacations,1
complicated,1
crack,1
hiding,1
true,1
turn,1
results,1
fails,1
violent,1
enjoy,1
evolution,1
path,1
parker,1
feet,1
heavy,1
investigate,1
fierce,1
classes,1
no,1
adults,1
pair,1
sea,1
process,1
what,1
placed,1
positions,1
funeral,1
supported,1
de,1
pit,1
lead,1
guilty,1
days,1
michael,1
announced,1
butt,1
rescue,1
kick,1
discusses,1
nuclear,1
bringing,1
hotel,1
deep,1
run,1
finding,1
stands,1
fundamental,1
corporate,1
chosen,1
organization,1
marine,1
tropical,1
judgment,1
rachel,1
impact,1
issues,1
next,1
hold,1
spring,1
begin,1
gross,1
hang,1
arms,1
rolls,1
cable,1
agreed,1
plenty,1
make,1
chris,1
toast,1
shoe,1
term,1
seat,1
noah,1
hardest,1
tested,1
serves,1
agents,1
defined,1
lost,1
keeping,1
them,1
united,1
chicago,1
secure,1
gear,1
confusing,1
travels,1
item,1
beckham,1
received,1
question,1
real,1
everywhere,1
were,1
lights,1
dies,1
caught,1
campaigns,1
student,1
fought,1
grill,1
than,1
find,1
effects,1
on,1
spent,1
become,1
resist,1
calm,1
kicks,1
colorado,1
solidarity,1
increased,1
immediate,1
laughing,1
granted,1
woman,1
big,1
shoot,1
exciting,1
gender,1
lessons,1
cover,1
birthday,1
standing,1
ted,1
sexism,1
awesome,1
finger,1
continuing,1
co,1
happened,1
hot,1
knowledge,1
cool,1
lands,1
airplane,1
begun,1
picture,1
#,1
ended,1
eats,1
earn,1
jerusalem,1
effect,1
having,1
've,1
ride,1
scenes,1
ensure,1
classroom,1
deals,1
higher,1
keith,1
unity,1
capitol,1
shine,1
november,1
checking,1
must,1
's,1
lifetime,1
opinion,1
look,1
combination,1
smell,1
throws,1
audio,1
investing,1
elite,1
seems,1
about,1
fresh,1
flag,1
spoke,1
mike,1
debuts,1
occurred,1
q&a,1
delivered,1
awful,1
special,1
retirement,1
winter,1
non,1
war,1
offer,1
self,1
key,1
learned,1
monster,1
citizen,1
product,1
recall,1
convinced,1
every,1
breath,1
car,1
further,1
water,1
are,1
rich,1
4th,1
weekend,1
sun,1
additional,1
mortgage,1
heads,1
cabinet,1
dare,1
plain,1
feelings,1
have,1
good,1
desk,1
chelsea,1
covered,1
lewis,1
prayer,1
tight,1
loves,1
felt,1
greece,1
follow,1
education,1
c,1
confidence,1
romantic,1
nurse,1
household,1
firing,1
moss,1
absolutely,1
harassment,1
clear,1
achieve,1
louis,1
details,1
serve,1
asked,1
struggle,1
contract,1
shot,1
massachusetts,1
fans,1
they,1
may,1
know,1
mail,1
journalism,1
refuses,1
needed,1
getting,1
ultimate,1
ourselves,1
assume,1
grandma,1
transformation,1
truths,1
managed,1
men,1
increase,1
fish,1
responsible,1
role,1
practice,1
matthew,1
block,1
attempts,1
measures,1
tv,1
crime,1
reveals,1
begins,1
controversy,1
post,1
tell,1
equally,1
damn,1
surrounding,1
analysis,1
chapter,1
rescued,1
leg,1
exposure,1
took,1
especially,1
launch,1
my,1
touching,1
rings,1
activity,1
clip,1
witness,1
surprised,1
visits,1
skip,1
birds,1
math,1
putting,1
quickly,1
tonight,1
activist,1
photo,1
%,1
kennedy,1
investors,1
december,1
progressive,1
lopez,1
fate,1
surprises,1
reactions,1
simple,1
for,1
twice,1
fast,1
month,1
poverty,1
blues,1
doing,1
couple,1
surprising,1
folks,1
named,1
all,1
corporations,1
follows,1
miracle,1
entrepreneur,1
instant,1
time,1
nothing,1
candy,1
crazy,1
broke,1
charge,1
comedian,1
not,1
spend,1
someone,1
over,1
step,1
basic,1
section,1
best,1
if,1
comfort,1
nations,1
'm,1
shows,1
does,1
how,1
article,1
gut,1
visit,1
prefer,1
physical,1
largest,1
be,1
forever,1
pretty,1
vice,1
found,1
-,1
grade,1
started,1
adoption,1
shame,1
multiple,1
above,1
madness,1
comeback,1
memories,1
reputation,1
professionals,1
slightly,1
finally,1
line,1
aids,1
less,1
tennessee,1
react,1
shocked,1
somebody,1
ali,1
tools,1
maintain,1
fights,1
constantly,1
rage,1
nicole,1
helping,1
sometimes,1
nominees,1
blasts,1
residents,1
cameron,1
wrong,1
letter,1
powerful,1
earlier,1
animal,1
lots,1
bit,1
why,1
where,1
red,1
clearly,1
clock,1
quarter,1
media,1
sean,1
us,1
cities,1
mountains,1
definition,1
discovery,1
gaza,1
swing,1
talk,1
adds,1
highest,1
affect,1
ideal,1
things,1
front,1
sexist,1
apologizes,1
t,1
stood,1
organized,1
opinions,1
college,1
include,1
dangerous,1
governor,1
critics,1
wish,1
terms,1
happy,1
search,1
more,1
freedom,1
shape,1
impression,1
demand,1
italian,1
argue,1
local,1
talking,1
go,1
stand,1
goes,1
personally,1
treating,1
circumstances,1
makeover,1
focusing,1
places,1
would,1
needs,1
daddy,1
vital,1
cards,1
playlist,1
quest,1
tells,1
open,1
limit,1
rocks,1
anxiety,1
heading,1
gave,1
mass,1
stuff,1
whatever,1
praise,1
disaster,1
carter,1
starting,1
organic,1
video,1
contact,1
lunch,1
panic,1
unlikely,1
god,1
action,1
alex,1
ones,1
highlight,1
harvard,1
values,1
ready,1
russian,1
near,1
enough,1
honored,1
provided,1
hidden,1
empire,1
hear,1
problem,1
owner,1
party,1
everything,1
note,1
parade,1
lets,1
number,1
gives,1
habits,1
hit,1
finish,1
location,1
steps,1
determined,1
courtesy,1
drop,1
essential,1
ending,1
oscar,1
nonprofit,1
harris,1
yours,1
reasons,1
same,1
country,1
social,1
taste,1
crew,1
remembering,1
son,1
model,1
amount,1
winner,1
service,1
california,1
larry,1
consider,1
schedule,1
recognize,1
bunch,1
crash,1
bedroom,1
better,1
far,1
dead,1
women,1
filed,1
britain,1
ordered,1
jet,1
behavior,1
boring,1
excuse,1
training,1
strength,1
washington,1
approved,1
katie,1
levels,1
she,1
case,1
break,1
hole,1
valuable,1
donors,1
can,1
feels,1
star,1
updated,1
barely,1
total,1
breakup,1
upset,1
race,1
jr,1
because,1
sports,1
missouri,1
suggested,1
little,1
decisions,1
closer,1
thinks,1
just,1
towns,1
editor,1
capital,1
jeans,1
shake,1
helpful,1
readers,1
showing,1
religious,1
alert,1
banks,1
egypt,1
truck,1
connect,1
largely,1
shades,1
strain,1
serious,1
research,1
generally,1
engaged,1
reporter,1
vs.,1
connected,1
industry,1
gold,1
poor,1
newspaper,1
people,1
veterans,1
d,1
radical,1
promote,1
typical,1
devastating,1
nails,1
loud,1
neil,1
costumes,1
average,1
podcast,1
european,1
mouth,1
rise,1
science,1
family,1
actually,1
christians,1
prime,1
determine,1
pakistan,1
looks,1
deserve,1
told,1
ideas,1
wars,1
showed,1
advice,1
too,1
banned,1
deeper,1
transform,1
craft,1
golf,1
labor,1
soon,1
top,1
address,1
certain,1
after,1
golden,1
profile,1
kinds,1
carrie,1
game,1
chief,1
fears,1
brain,1
energy,1
bush,1
fees,1
u.s,1
anthem,1
making,1
home,1
remember,1
virginia,1
sex,1
models,1
advocate,1
colleagues,1
customer,1
corruption,1
mitch,1
.,1
queer,1
basis,1
use,1
killing,1
traveler,1
denied,1
contest,1
helped,1
racism,1
charity,1
adult,1
peace,1
link,1
course,1
meal,1
appropriate,1
gets,1
extreme,1
australian,1
stupid,1
bride,1
entire,1
greater,1
proud,1
hat,1
likely,1
political,1
did,1
affected,1
agency,1
teenage,1
speed,1
bell,1
thousands,1
watch,1
feel,1
n't,1
boat,1
alone,1
separate,1
roots,1
conscious,1
cure,1
green,1
issue,1
below,1
90s,1
citizens,1
failing,1
ups,1
calling,1
civil,1
becoming,1
minority,1
loses,1
crucial,1
john,1
journal,1
heal,1
outdoor,1
celebrating,1
still,1
acceptance,1
claimed,1
leaving,1
easy,1
perfect,1
think,1
kitchen,1
bad,1
oscars,1
beliefs,1
least,1
trial,1
list,1
identify,1
guard,1
touch,1
compared,1
base,1
lesson,1
fan,1
member,1
un,1
bridal,1
wall,1
paying,1
fed,1
shocking,1
engage,1
hopes,1
johnson,1
face,1
charlie,1
respect,1
called,1
broken,1
boston,1
sources,1
treats,1
sad,1
overall,1
being,1
following,1
train,1
korean,1
baltimore,1
rush,1
drops,1
football,1
pipeline,1
decades,1
ticket,1
regardless,1
caribbean,1
pets,1
version,1
raise,1
cold,1
here,1
probably,1
wealth,1
without,1
armed,1
toy,1
you,1
christmas,1
dads,1
should,1
opposition,1
myself,1
ease,1
designers,1
tool,1
moore,1
whole,1
telling,1
coast,1
america,1
fantasy,1
right,1
missing,1
date,1
dining,1
soda,1
adorable,1
minutes,1
kristen,1
quick,1
cup,1
challenge,1
pool,1
months,1
cookie,1
flight,1
track,1
really,1
wants,1
basketball,1
holiday,1
access,1
order,1
apartment,1
testing,1
hour,1
suffer,1
originally,1
kansas,1
before,1
move,1
seattle,1
illegal,1
chic,1
visiting,1
heart,1
homeless,1
warm,1
died,1
responds,1
laugh,1
mood,1
survival,1
goals,1
pick,1
else,1
cheating,1
brave,1
could,1
explained,1
online,1
weird,1
understanding,1
egg,1
communities,1
believes,1
sport,1
ring,1
worry,1
affects,1
mean,1
france,1
longer,1
growing,1
ugly,1
secrets,0
partner,0
apparently,0
committed,0
practices,0
choices,0
house,0
rice,0
believed,0
eggs,0
childhood,0
raises,0
scientific,0
sites,0
explains,0
porn,0
option,0
inequality,0
close,0
survey,0
deserves,0
channel,0
business,0
pie,0
join,0
choose,0
north,0
countries,0
markets,0
emma,0
confirmed,0
efforts,0
concern,0
enter,0
friday,0
spot,0
sees,0
closet,0
cost,0
pushing,0
usa,0
web,0
sign,0
kardashian,0
boy,0
cutting,0
previously,0
falls,0
delicious,0
coming,0
dressed,0
pennsylvania,0
suddenly,0
cat,0
manage,0
employee,0
iraq,0
standards,0
older,0
stranger,0
personality,0
frozen,0
row,0
gift,0
black,0
oregon,0
do,0
episode,0
nail,0
competition,0
going,0
trying,0
white,0
transition,0
our,0
chances,0
jobs,0
favor,0
fashion,0
homes,0
already,0
welcome,0
courage,0
association,0
call,0
ice,0
katy,0
foot,0
violence,0
beginning,0
runway,0
weapons,0
goal,0
rapper,0
resort,0
change,0
up,0
roundup,0
voted,0
coal,0
cause,0
pain,0
develop,0
japan,0
get,0
previous,0
yesterday,0
honor,0
running,0
states,0
members,0
traveling,0
reached,0
looked,0
plans,0
meals,0
strategies,0
pass,0
changes,0
houston,0
tricks,0
helps,0
tied,0
native,0
beer,0
sides,0
replace,0
got,0
developing,0
healing,0
worthy,0
trade,0
reported,0
thanksgiving,0
notice,0
provide,0
focus,0
jack,0
consumer,0
politics,0
damage,0
photos,0
fellow,0
won,0
threat,0
vulnerable,0
associated,0
money,0
wardrobe,0
watched,0
anyone,0
rest,0
defends,0
leader,0
seriously,0
allow,0
again,0
push,0
theory,0
manager,0
mobile,0
paid,0
expected,0
losing,0
per,0
published,0
put,0
blogger,0
anyway,0
davis,0
day,0
conditions,0
grief,0
jordan,0
waiting,0
successful,0
shirt,0
launched,0
grow,0
down,0
hair,0
smoking,0
boss,0
daughter,0
younger,0
alcohol,0
we,0
jennifer,0
build,0
avoid,0
save,0
worried,0
bottom,0
incident,0
guess,0
epidemic,0
parks,0
executive,0
supporting,0
actress,0
puerto,0
investigation,0
general,0
bomb,0
handle,0
senior,0
mexican,0
added,0
uber,0
bus,0
speech,0
australia,0
start,0
kill,0
warns,0
nobody,0
dirty,0
independence,0
die,0
completely,0
worse,0
struggling,0
reminder,0
're,0
rumors,0
planned,0
ok,0
measure,0
scientists,0
concerned,0
wearing,0
region,0
hill,0
falling,0
advocates,0
pope,0
nominee,0
population,0
need,0
common,0
eve,0
relief,0
blue,0
tears,0
areas,0
ocean,0
lie,0
admit,0
secret,0
dollars,0
games,0
afghanistan,0
kim,0
orange,0
awareness,0
taylor,0
prison,0
church,0
linked,0
mistake,0
harder,0
posted,0
iphone,0
germany,0
customers,0
sleeping,0
calls,0
ceo,0
unless,0
safety,0
shopping,0
used,0
canada,0
towards,0
cross,0
flying,0
morning,0
thrones,0
according,0
suggests,0
say,0
condition,0
fraud,0
daughters,0
rules,0
anger,0
vogue,0
tea,0
plan,0
ceremony,0
gap,0
grown,0
taxes,0
challenges,0
texas,0
despite,0
marco,0
regular,0
style,0
phone,0
letting,0
fire,0
michigan,0
state,0
name,0
angry,0
wife,0
kid,0
tried,0
lifestyle,0
risk,0
equal,0
perfectly,0
meeting,0
faced,0
loved,0
left,0
single,0
teach,0
allowed,0
emotions,0
answers,0
click,0
week,0
jersey,0
amy,0
rates,0
meat,0
surgery,0
politicians,0
environmental,0
box,0
want,0
supposed,0
super,0
fourth,0
trick,0
korea,0
victims,0
press,0
cuts,0
meditation,0
oil,0
economic,0
magazine,0
destinations,0
wednesday,0
ohio,0
loss,0
funding,0
legal,0
target,0
hearts,0
tuesday,0
support,0
knowing,0
stewart,0
heat,0
bars,0
prepare,0
television,0
asks,0
iowa,0
throw,0
athletes,0
views,0
soccer,0
aware,0
accept,0
stopped,0
mindfulness,0
items,0
done,0
using,0
positive,0
let,0
speaking,0
convention,0
data,0
americans,0
highly,0
expert,0
keep,0
significant,0
climate,0
sunday,0
alleged,0
pet,0
solution,0
tip,0
clinton,0
schools,0
protests,0
county,0
sandy,0
chance,0
children,0
your,0
receive,0
negative,0
moves,0
yourself,0
said,0
harvey,0
actions,0
ways,0
barack,0
patient,0
via,0
busy,0
whether,0
victim,0
criminal,0
ahead,0
try,0
worked,0
failed,0
clothes,0
immigrants,0
brother,0
buy,0
restaurants,0
happiness,0
skills,0
catch,0
shooting,0
perry,0
guide,0
leave,0
studies,0
syrian,0
benefit,0
test,0
bill,0
border,0
worst,0
dinner,0
slow,0
pride,0
response,0
netflix,0
income,0
agree,0
workers,0
low,0
marijuana,0
similar,0
court,0
job,0
guy,0
beat,0
effective,0
promise,0
team,0
responsibility,0
former,0
several,0
toddler,0
elizabeth,0
gay,0
inner,0
scandal,0
win,0
daily,0
marriage,0
numbers,0
victory,0
players,0
staff,0
explain,0
sit,0
driving,0
news,0
weeks,0
princess,0
debt,0
update,0
kate,0
suicide,0
lawyer,0
controversial,0
fear,0
growth,0
extra,0
harry,0
rate,0
breakfast,0
guys,0
supporters,0
hiv,0
mother,0
cream,0
nice,0
faith,0
married,0
situation,0
pressure,0
against,0
justin,0
shop,0
taught,0
facebook,0
breast,0
asking,0
send,0
quality,0
sent,0
animals,0
conservative,0
weekly,0
parents,0
ben,0
eat,0
rape,0
kids,0
employees,0
baby,0
stop,0
wake,0
facts,0
refugees,0
cooking,0
leadership,0
march,0
player,0
murder,0
trends,0
racist,0
size,0
hurricane,0
suspect,0
related,0
normal,0
matters,0
board,0
families,0
claim,0
check,0
decision,0
fight,0
russia,0
realize,0
led,0
protest,0
university,0
price,0
carpet,0
deal,0
reform,0
depression,0
add,0
teens,0
trust,0
easier,0
listen,0
fake,0
gifts,0
friend,0
crisis,0
anti,0
pounds,0
wins,0
doctors,0
rights,0
fat,0
thank,0
prince,0
killed,0
hotels,0
foreign,0
law,0
fit,0
mexico,0
food,0
