pattiz,163
collaborationists,163
ibram,163
kendi,163
antiracist,163
atar,163
scharf,163
umd,163
shuping,163
yeshiva,163
bluebook,163
mo(u)rning,163
comissioner,163
uccs,163
colorblindness,163
piterberg,163
pogge,163
vandenburg,163
condoleeza,163
metronaps,163
energypod,163
gwu,163
confidences,163
commandant,163
katehi,163
askforconsent,163
salovey,163
assol,163
sulkowicz,163
affronts,163
undervalue,163
caddying,163
copline,163
mbta,163
homestay,163
asphyxiation,163
rochon,163
lsats,163
plebes,163
capilouto,163
quenette,163
castleton,163
demitri,163
10-story,163
loftin,163
admins,163
accreditor,163
sombreros,163
arkin,163
storrs,163
ato,163
notation,163
baruch,163
whiling,163
rosemonde,163
ukwuachu,163
lohse,163
grinnell,163
professorship,163
kebin,163
utc,163
elrod,163
unt,163
nondenominational,163
northridge,163
preloaded,163
popkey,163
cisgendered,163
kipnis,163
approbation,163
xe,163
bonamici,163
unlevel,163
sulkowickz,163
ra√∫l,163
pitzer,163
casillas,163
valles,163
instragram,163
meritocratic,163
notsafeunc,163
telegenic,163
brandeis,163
brograine,163
bracketing,163
adjudicate,163
non¬≠‚Äêalcohol¬≠-consuming,163
thesising,163
avocations,163
toos,163
collegegourmet,163
figurehead,163
sureshbhai,163
spiff,163
tedtalks,163
alumnae,163
f35,163
usde,163
pennvention,163
permissible,163
littering,163
malinchismo,163
deposing,163
defeatist,163
lolled,163
vali,163
stiffer,163
syverud,163
studentpreneur,163
fayad,163
hscc2015,163
themeccafest,163
i''m,163
rapebait,163
isamu,163
akasaki,163
hiroshi,163
shuji,163
leds,163
blueness,163
mawr,163
uga,163
contentedness,163
salamanca,163
gresham,163
referent,163
nonconsensual,163
salaita,163
niu,163
exorbitantly,163
recapping,163
palumbo,163
zelinsky,163
uiuc,163
randomest,163
medias,163
lexicons,163
ossei,163
117k,163
--forgetting,163
hypercompetitive,163
huck,163
siddartha,163
psychoanalyst,163
1860s,163
1880s,163
iem,163
feloncrushfriday,163
minimization,163
teagle,163
lummus,163
swarthmore,163
csu,163
babson,163
uncertainly,163
flitting,163
langdell,163
sae,140
sleeprevolution,136
regents,123
urbana,123
frats,123
fraternities,115
posner,109
uw,109
nooses,109
vassar,109
twitching,109
briar,109
suny,109
bryn,109
fraternity,99
epsilon,98
tenured,98
tutor,98
champaign,98
sororities,93
yik,91
sigma,91
wesleyan,91
faculty,89
frat,85
regent,82
outwits,82
tertiary,82
hesitates,82
diplomas,82
hoyas,82
yeatman,82
acrobat,82
indoctrination,82
legalese,82
amherst,82
gillard,82
taskforce,82
rebates,82
nungesser,82
reprimands,82
unconstitutionally,82
wheaton,82
lowlifes,82
nilly,82
janna,82
basler,82
eardrum,82
dropbox,82
overreacted,82
mcginn,82
ucc,82
starship,82
kenyon,82
hayride,82
fordham,82
impressing,82
upmanship,82
lawrenceville,82
forex,82
delphic,82
reeducate,82
helbig,82
marketability,82
bracketology,82
steward,82
martese,82
theses,82
comp,82
commentaries,82
unskilled,82
thoughtlessness,82
fetishization,82
groover,82
hissy,82
narco,82
behoove,82
mortification,82
bfa,82
amano,82
callow,82
exults,82
thoroughbreds,82
extracurriculars,82
capricious,82
awesomest,82
adjuncts,82
blotter,82
braggadocio,82
dispensable,82
admittance,82
hypothetically,82
existentialist,82
gateways,82
corley,82
plotlines,82
exasperate,82
uc,77
trustees,75
uva,73
woodrow,70
unreported,70
grads,67
universities,67
colleges,66
campuses,65
retracted,65
mizzou,65
ithaca,65
dormitory,65
usf,65
professors,64
campus,64
dartmouth,64
evergreen,61
ucf,59
edm,58
hazing,57
internship,57
yak,54
dorms,54
bettering,54
akron,54
holyoke,54
hobbled,54
toughen,54
defamed,54
capella,54
middlebury,54
glock,54
roiled,54
harrisburg,54
fsu,54
thrasher,54
webpage,54
sandbags,54
swiped,54
banners,54
grubhub,54
basements,54
holleran,54
microaggressions,54
hoosier,54
postsecondary,54
detoxes,54
admonition,54
rededicating,54
antisemitism,54
quantifying,54
quds,54
homogenous,54
homogenization,54
sobbed,54
ou,54
skillset,54
prerogative,54
newscasts,54
confided,54
poms,54
demagogic,54
marginalizing,54
bouncers,54
juniors,54
crumb,54
ayotzinapa,54
veracity,54
nasr,54
futon,54
psi,54
freakonomics,54
flyover,54
alumna,54
remiss,54
individualistic,54
unacknowledged,54
sigmund,54
hs,54
intersecting,54
zips,54
dorm,50
administrators,50
fafsa,50
semester,49
providence,49
princeton,48
graduating,47
graduations,47
bloat,47
retardants,47
bavaria,47
chancellor,47
essays,46
commencement,44
tau,41
‚úî,41
smarty,41
kailash,41
satyarthi,41
preponderance,41
shasta,41
amen,41
uconn,41
chalked,41
r.i,41
coddled,41
catalyzed,41
kan,41
unsanctioned,41
specimen,41
aau,41
endowments,41
fleek,41
patrolling,41
junky,41
kappa,41
transgendered,41
forwarding,41
lowly,41
jumble,41
cacophony,41
unexamined,41
booyah,41
totalitarianism,41
internalizing,41
uttering,41
heteronormative,41
contacting,41
queries,41
houseguest,41
inboxes,41
irvine,41
stupidly,41
melodrama,41
posits,41
staffs,41
tourniquet,41
frequencies,41
staggeringly,41
commodification,41
unpatriotic,41
steepest,41
inebriated,41
draping,41
christmases,41
deferring,41
kickstart,41
grasped,41
bathwater,41
emits,41
clery,41
daunted,41
developmentally,41
viber,41
outmoded,41
osu,41
overachiever,41
prof,41
seep,41
embittered,41
deadmau5,41
generically,41
everyman,41
specialization,41
postscript,41
segues,41
gainful,41
bogey,41
college,39
sorority,39
20-somethings,38
bard,38
admissions,38
scorecard,36
phi,36
yale,35
graduation,35
exams,35
freshmen,35
tuition,34
scholarships,34
retention,33
undergraduate,33
prestige,33
adhering,33
dominoes,33
waiving,33
connick,33
rebate,33
raton,33
cesspool,33
occidental,33
mustaches,33
albany,33
mit,33
revokes,33
responder,33
genitalia,33
nu,33
mellon,33
waterpark,33
citations,33
conferred,33
headwinds,33
socrates,33
callisto,33
helms,33
validity,33
postmodern,33
expelling,33
artfully,33
refining,33
redundant,33
symptomatic,33
scarily,33
intending,33
pupil,33
engender,33
validating,33
corrigan,33
garages,33
exemplify,33
deferral,33
pena,33
confine,33
curiosities,33
homesickness,33
nineties,33
gpa,33
hoarded,33
supplementing,33
idealist,33
1700s,33
bolstered,33
commercialization,33
freud,33
duplicated,33
elitism,33
assaults,32
lsu,31
clemson,31
graduates,30
alumni,30
ignites,30
na√Øve,30
psyches,30
interdisciplinary,30
grad,30
graduated,29
collegiate,29
nyu,28
ix,28
graduate,28
university,28
freshman,27
phasing,27
outspeak,27
caricature,27
malice,27
wharton,27
valencia,27
heeded,27
trojan,27
zzzs,27
calhoun,27
bloomington,27
buchanan,27
aristocracy,27
meritocracy,27
prejudicial,27
aghast,27
accreditation,27
overseen,27
ruptured,27
betraying,27
mishandled,27
phallic,27
napolitano,27
ledge,27
spelman,27
enthused,27
learners,27
epstein,27
rulers,27
mentors,27
scolding,27
notifying,27
deng,27
presentations,27
faceoff,27
scholarly,27
browning,27
civics,27
polarity,27
streamlined,27
assimilated,27
imitated,27
pla,27
repaid,27
low-,27
overshadows,27
starkly,27
busily,27
reverberating,27
willfully,27
assertions,27
byu,27
vitriolic,27
huckleberry,27
preface,27
pitying,27
crept,27
validates,27
gibbs,27
enormity,27
outliers,27
idling,27
derives,27
amateurs,27
sophomore,26
affordability,26
stanford,26
students,25
administrations,25
taunted,25
pell,25
endowment,25
transferring,25
professionalism,25
hobbies,25
perpetuated,25
humanities,25
northwestern,24
athletics,23
bankroll,23
criterion,23
liable,23
discredited,23
chennai,23
mater,23
discrepancies,23
veterinary,23
quizzes,23
citadel,23
deposed,23
deterred,23
naively,23
counseled,23
wasteland,23
emphatically,23
evacuates,23
marcy,23
multiyear,23
commemorating,23
pitchfork,23
commence,23
diploma,23
signers,23
vocational,23
u.,23
kerfuffle,23
eds,23
anointed,23
balding,23
thesis,23
trotted,23
doin',23
cheerleading,23
blacklisted,23
plurality,23
impropriety,23
lawns,23
rolodex,23
intrinsic,23
harnessed,23
nakamura,23
40-something,23
mails,23
gameday,23
arising,23
cascade,23
nathaniel,23
cramming,23
ut,23
deja,23
attentions,23
constituency,23
reasoned,23
academic,23
application,23
borrowers,22
student,22
phyllis,22
burritos,22
columbia,22
applying,22
conformity,22
clout,22
vick,22
ucla,21
bae,21
internships,21
unc,21
professor,21
institutions,21
alma,20
tropes,20
complicates,20
guesswork,20
cal,20
veneer,20
fairs,20
shove,20
barron,20
sanctity,20
blackface,20
boca,20
criticisms,20
overdosed,20
bowen,20
initiation,20
punter,20
saddle,20
connotations,20
marcia,20
emeritus,20
platitudes,20
guise,20
stung,20
foolishness,20
interchangeable,20
reforming,20
refinance,20
snowing,20
homesick,20
schoolchildren,20
orwellian,20
premises,20
tinsel,20
differentiator,20
timers,20
compiling,20
recruiter,20
attainment,20
moxie,20
southerners,20
elicits,20
textbooks,20
kingston,20
kline,20
overs,20
deceit,20
arduous,20
whereby,20
auld,20
berkeley,20
baylor,20
alpha,20
cursing,20
administrative,20
rape,19
brock,19
dismissing,19
redesign,19
transfer,19
implosion,18
panicking,18
apathetic,18
completing,18
waco,18
whitewater,18
powerhouses,18
pi,18
truther,18
pampered,18
soared,18
hotness,18
railing,18
patrols,18
disciplining,18
vividly,18
mandates,18
wyden,18
tailgating,18
fiduciary,18
reverberate,18
thomson,18
gridlocked,18
respectability,18
supplemental,18
gastric,18
patel,18
rauner,18
rectify,18
atypical,18
averse,18
overriding,18
flamenco,18
interrogation,18
expletive,18
repeals,18
achievers,18
authorize,18
climax,18
postings,18
percentages,18
deteriorated,18
faring,18
detached,18
cincinnati,18
resume,18
snooze,18
rename,17
conn,17
blur,17
eventual,17
becker,17
assault,17
mattress,17
correctness,17
secondary,17
loans,17
higher,17
peer,17
zeta,16
bummed,16
slush,16
rapists,16
refuel,16
innuendo,16
acronym,16
tarnish,16
affords,16
mistaking,16
clashing,16
columnists,16
sprouting,16
dawkins,16
lanterns,16
annoyance,16
lehigh,16
dominion,16
pottery,16
definite,16
resent,16
speculative,16
mackenzie,16
eloquent,16
variables,16
institutional,16
hibernation,16
tier,16
fundamentals,16
ky,16
bender,16
pom,16
withdrawals,16
orwell,16
wrestled,16
energizing,16
resorting,16
porches,16
diversify,16
potency,16
kippur,16
learner,16
virgins,16
maison,16
enroll,16
rodger,16
obscures,16
pomp,16
impetus,16
armored,16
jefferson,16
controversies,16
debit,16
ivy,16
polarization,16
missteps,16
repayment,16
chant,16
yom,16
coordinating,16
speakers,15
corresponding,15
yang,15
provocateur,15
glorifying,15
mishandling,15
42nd,15
paterno,15
quash,15
bowed,15
hauntingly,15
incite,15
pushback,15
chemist,15
unwarranted,15
accessed,15
geoffrey,15
transcripts,15
motorists,15
intervened,15
bails,15
trapping,15
memorize,15
toolkit,15
whitaker,15
instilled,15
rebuttal,15
idiocy,15
corinthian,15
sheltered,15
idiosyncratic,15
handguns,15
rightly,15
hasten,15
makings,15
warp,15
tagged,15
dmv,15
hopelessly,15
conductor,15
televisions,15
bureaucratic,15
distort,15
comparable,15
awarding,15
dropout,15
backyards,15
suspension,15
rankings,15
attending,15
environments,15
vanderbilt,14
undermines,14
admission,14
education,14
discord,14
knights,14
persky,14
reductions,14
misdemeanor,14
tab,14
malicious,14
spew,14
salem,14
savannah,14
puppets,14
distraught,14
navigated,14
mole,14
leveling,14
psych,14
thyself,14
safeguard,14
acquainted,14
spotlighting,14
refresher,14
connectedness,14
huddled,14
hugely,14
clarifying,14
perpetrator,14
fledgling,14
taxed,14
punishments,14
glittery,14
viewpoints,14
reconciling,14
sharpen,14
reverence,14
sketchy,14
disparate,14
forceful,14
mapping,14
spearheaded,14
unethical,14
mediate,14
catering,14
drafts,14
unify,14
dealings,14
unsurprising,14
enlightening,14
toppers,14
respectable,14
harvard,13
equity,13
slurs,13
delaware,13
lending,13
applicants,13
bunnies,13
zachary,13
ventures,13
deferred,13
legitimacy,13
milo,13
intellectual,13
filmmaking,13
starr,13
redditors,13
cadets,13
penn,13
hawkins,13
overturns,13
cancellation,13
unsubstantiated,13
wolfe,13
simmering,13
compose,13
resigning,13
partnerships,13
conducts,13
deficiencies,13
diligent,13
snapshot,13
ap,13
envelopes,13
researched,13
invisibility,13
incomparable,13
snoozing,13
roommates,13
peering,13
glimmer,13
expelled,13
precipice,13
roi,13
majors,13
devised,13
callous,13
imbalance,13
convoluted,13
unworthy,13
deepens,13
rutgers,13
investigations,12
probation,12
harassing,12
disciplined,12
appalled,12
residential,12
homecoming,12
tame,12
doe,12
detrimental,12
ravaged,12
rhimes,12
ernest,12
forged,12
investigated,12
jargon,12
stitches,12
termination,12
flagship,12
usc,12
expels,12
astronomer,12
worsening,12
gals,12
suspend,12
dixie,12
philosophical,12
straps,12
valuing,12
valuation,12
biomedical,12
neglecting,12
selective,12
erosion,12
circulated,12
absurdly,12
worldview,12
bloated,12
bulbs,12
acquiring,12
translation,12
churning,12
gunshots,12
workshops,12
ore,12
whistleblowers,12
presumed,12
plaguing,12
modify,12
exam,12
educators,12
liberal,12
handling,12
seniors,12
napping,11
sexual,11
semitism,11
cornell,11
silencing,11
drummer,11
breeds,11
overdoses,11
mania,11
unborn,11
apes,11
abroad,11
prospective,11
reviewing,11
prestigious,11
counselor,11
loan,11
illinois,11
resumes,11
reinforcing,11
minted,11
disciplines,11
cranky,11
teresa,11
mascot,11
spikes,11
garb,11
dayton,11
waved,11
samaritan,11
crossover,11
o'connor,11
junior,11
iteration,11
wedded,11
refinancing,11
anew,11
vigorously,11
mobilizing,11
positioned,11
wakeup,11
hesitant,11
maneuver,11
bewildered,11
cocky,11
channeled,11
unpaid,11
institutionalized,11
constructing,11
descriptions,11
dangling,11
unfounded,11
outweigh,11
differs,11
transferred,11
fortunes,11
exaggeration,11
napkins,11
vanishes,11
mechanics,11
seeming,11
mediocrity,11
sabbatical,11
asserts,11
comprise,11
thorough,11
methodology,11
millennial,11
essay,11
fidel,11
framework,11
weighing,11
pressured,11
graffiti,11
recruitment,11
niche,11
silenced,11
unfold,11
maturity,11
reply,10
requirements,10
unruly,10
felonies,10
applications,10
furor,10
empathetic,10
deceptive,10
lexington,10
strikingly,10
hazy,10
noose,10
ole,10
holdings,10
watershed,10
trades,10
cred,10
indictments,10
affiliated,10
confesses,10
oneself,10
otis,10
periodically,10
jumpstart,10
hashtags,10
footing,10
purposeful,10
twenties,10
nuance,10
violin,10
dreadful,10
doorway,10
baffling,10
academia,10
capability,10
oversee,10
finn,10
dub,10
quotient,10
radicals,10
rationale,10
resignation,10
privileged,10
scrutiny,10
lecture,10
chattanooga,10
vandalized,10
perspectives,10
entitled,10
violated,10
rolling,10
scholars,10
beta,10
tolerated,10
fellowship,10
vowing,10
passions,10
partnering,10
üëè,10
hubs,10
displaying,10
respectfully,10
eliminates,10
hanson,10
inflatable,10
pronouns,10
pedestrians,10
adrenaline,10
grueling,10
restrained,10
schwartz,10
aura,10
familial,10
enriching,10
elects,10
tumbling,10
originals,10
pinned,10
segments,10
kaplan,10
tightrope,10
suppliers,10
couches,10
illuminate,10
splendor,10
extras,10
morale,10
circumcision,10
rappers,10
goodbyes,10
liquor,9
intern,9
studying,9
condoms,9
absorb,9
litigation,9
classrooms,9
handled,9
civic,9
lobbying,9
networking,9
pandering,9
dispel,9
maroon,9
compromising,9
turner,9
academics,9
trashing,9
mentioning,9
drown,9
widens,9
temperament,9
disrespectful,9
bravo,9
employed,9
notre,9
syracuse,9
validate,9
chanted,9
broaden,9
propel,9
morrison,9
inexplicably,9
unnecessarily,9
empathize,9
uncharted,9
numbered,9
patches,9
wiped,9
yeezy,9
articulate,9
21-year,9
bandage,9
frying,9
pong,9
respective,9
demons,9
jarring,9
inception,9
primed,9
fumes,9
writings,9
shonda,9
counselors,9
circling,9
punitive,9
interns,9
schemes,9
buster,9
heavens,9
establishments,9
impactful,9
djs,9
overseeing,9
seminar,9
novelist,9
emerson,9
stripper,9
prejudice,9
debunked,9
yiannopoulos,9
declines,9
distinguish,9
hotline,9
worthwhile,9
forge,9
classes,9
richer,9
fundraiser,9
seize,9
debt,9
persons,9
rapes,9
partying,9
complacency,9
emphasizes,9
fabricated,9
flush,9
yougov,9
balcony,9
discourage,9
drafted,9
paulson,9
ashore,9
mathematics,9
geared,9
lingers,9
unapologetically,9
confidently,9
digitally,9
servants,9
stature,9
teamwork,9
trailing,9
liberating,9
impassioned,9
relation,9
flocking,9
complaining,8
mirrors,8
pacs,8
immense,8
blogging,8
suspended,8
heaviest,8
ample,8
transcends,8
contend,8
naive,8
dotted,8
racially,8
winston,8
prized,8
whiteness,8
repay,8
fla,8
willy,8
embody,8
equitable,8
sanctioned,8
remnants,8
carnegie,8
whack,8
mend,8
exchanged,8
paranoia,8
transfers,8
secular,8
chow,8
lovin',8
appalachian,8
clicks,8
conform,8
atheists,8
northeastern,8
pennies,8
backpacking,8
affluent,8
obtaining,8
filters,8
dent,8
hysterical,8
revolving,8
birthright,8
incomes,8
advertisement,8
counseling,8
biased,8
decides,8
partially,8
warnings,8
allegation,8
advantages,8
educator,8
azalea,8
motivational,8
glance,8
marching,8
ivory,8
philosophy,8
perkins,8
inclusivity,8
aloud,8
concludes,8
acknowledges,8
bruised,8
drunken,8
choked,8
offenses,8
android,8
seeker,8
unto,8
collar,8
handshake,8
deposit,8
pitching,8
metrics,8
razor,8
scooter,8
imaginable,8
comprehend,8
summers,8
abyss,8
consult,8
approving,8
sloppy,8
weaknesses,8
contention,8
loft,8
impaired,8
untrue,8
slaves,8
millennials,8
switching,8
applied,8
concussions,8
steadily,8
stone,7
journalistic,7
legislatures,7
tweaks,7
participant,7
nickname,7
denounces,7
needless,7
washes,7
shack,7
admiration,7
merit,7
banish,7
erased,7
publicized,7
oblivious,7
balances,7
fathom,7
sedentary,7
elliot,7
cosmos,7
sniper,7
arts,7
genre,7
prompted,7
resolved,7
clich√©,7
attendance,7
bros,7
peers,7
accessible,7
elite,7
arguing,7
depicting,7
swimmer,7
barring,7
pajama,7
standardized,7
ceremonies,7
verbal,7
integrating,7
grove,7
35-year,7
pressures,7
disciplinary,7
boasted,7
chapel,7
adhere,7
gentrification,7
echoes,7
disgust,7
perceive,7
guts,7
judgments,7
abide,7
unqualified,7
impacting,7
attest,7
capitalize,7
burdens,7
enrolled,7
invent,7
psyche,7
roadblocks,7
perseverance,7
stimulate,7
cite,7
congratulations,7
sober,7
inflation,7
grades,7
declaring,7
pledge,7
spaces,7
preparation,7
meg,7
signatures,7
resigned,7
administrator,7
blitz,7
mural,7
painkillers,7
ton,7
affirmative,7
cfpb,7
stating,7
arch,7
religiously,7
rebound,7
fiasco,7
packaging,7
hamburger,7
cheerleaders,7
measurement,7
garnered,7
drift,7
intensely,7
reliance,7
phillips,7
livelihoods,7
dame,7
castro,7
demanded,7
closure,7
consent,7
identities,7
degree,7
puppet,7
disagree,7
favorable,7
fractured,7
fret,7
discriminated,7
deletes,7
bookstore,7
arresting,7
outlaw,7
educating,7
yourselves,7
competitions,7
riches,7
poorer,7
greedy,7
nieto,7
symphony,7
vain,7
hinder,7
domination,7
gauge,7
exploited,7
tenure,7
iggy,7
predecessor,7
stink,7
humiliating,7
unsolicited,7
speeds,7
condemns,7
salary,7
cultivate,7
practical,7
rooted,7
educational,6
slave,6
awarded,6
illusion,6
demographic,6
rhode,6
accepted,6
assaulting,6
perpetuating,6
disgusted,6
disrupting,6
vetoes,6
consultants,6
appearing,6
distorted,6
purdue,6
antique,6
stereotypical,6
statue,6
screwing,6
component,6
deficits,6
existed,6
grammar,6
brewing,6
shortcomings,6
depicted,6
frenzy,6
merida,6
caps,6
heaven,6
aspire,6
envisioned,6
crumble,6
motivating,6
endeavors,6
takeaways,6
redefine,6
folly,6
divides,6
profession,6
boarding,6
advent,6
anguish,6
revisited,6
insecurities,6
mistress,6
namely,6
degrees,6
corporation,6
slur,6
entrepreneurial,6
curve,6
cases,6
classroom,6
entertainer,6
collaborations,6
reviewed,6
evaluated,6
ridden,6
demeaning,6
semi,6
encouragement,6
ovation,6
glued,6
desired,6
relied,6
wealthiest,6
accessing,6
flurry,6
scarce,6
colossal,6
tendencies,6
mentoring,6
sentiments,6
immersed,6
q,6
hunting,6
hateful,6
opportunities,6
resign,6
presidents,6
defamation,6
conduct,6
suburban,6
poorest,6
scouts,6
assured,6
flame,6
burden,6
mock,6
entails,6
fronts,6
piggy,6
stained,6
stirs,6
reversed,6
adequately,6
lofty,6
accusation,6
deserving,6
margins,6
volleyball,6
bridging,6
nonviolent,6
storied,6
influx,6
succeeds,6
gunpoint,6
patriotism,6
diaspora,6
sided,6
advising,6
20-something,6
messes,6
mandatory,6
institution,6
rating,6
chapter,6
disruption,6
outdated,6
hikes,6
banner,6
complaint,6
guessing,6
wished,6
flaws,6
tactic,6
drunk,6
career,6
pleads,6
aimed,6
programs,6
dismissal,6
crushing,6
promoted,6
unfairly,6
plotting,6
richmond,6
cafeteria,6
compact,6
remotely,6
suicidal,6
barn,6
suzanne,6
niro,6
adjusting,6
ingenious,6
exceed,6
investigates,6
stanley,6
blasio,6
solace,6
hemingway,6
authenticity,6
dedicate,6
scholar,6
removing,6
diversity,6
harassment,6
startups,6
dependent,6
racism,6
trigger,5
diagnostic,5
sacrificing,5
worries,5
booker,5
scrub,5
chills,5
unconfirmed,5
punished,5
discouraged,5
tighter,5
finals,5
madness,5
magically,5
borrow,5
strings,5
glossy,5
newfound,5
haves,5
median,5
relies,5
rethinking,5
incoming,5
accounting,5
appreciating,5
fade,5
stems,5
embodies,5
creatively,5
ankle,5
incarceration,5
vu,5
20s,5
financial,5
allegations,5
succeed,5
exposes,5
limitations,5
21st,5
condemned,5
prospects,5
citing,5
structural,5
predatory,5
arrogant,5
entering,5
projections,5
sensory,5
mortgages,5
resulting,5
sleeve,5
misogyny,5
backgrounds,5
favored,5
hefty,5
addictions,5
condemn,5
offices,5
complaints,5
confederate,5
concluded,5
refund,5
geographic,5
stare,5
aid,5
spectrum,5
ace,5
assert,5
yelled,5
snowy,5
cheek,5
eli,5
ditching,5
investigative,5
americas,5
proclamation,5
joints,5
unsuspecting,5
downfall,5
anxieties,5
contributing,5
loneliness,5
tempted,5
centerpiece,5
wikipedia,5
supplement,5
complicit,5
racist,5
addressing,5
columnist,5
income,5
responsibilities,5
briefly,5
vary,5
participating,5
adjust,5
freaking,5
solved,5
wise,5
various,5
sweeping,5
tragically,5
unionize,5
decency,5
univision,5
tends,5
conferences,5
unified,5
pillow,5
prompting,5
credited,5
testament,5
embarrassment,5
vocabulary,5
mobilize,5
escalate,5
sustaining,5
booted,5
communicating,5
normalize,5
accommodate,5
narrowly,5
clouds,5
definitive,5
inadvertently,5
conceived,5
recommendation,5
constitutes,5
startup,5
schools,5
intolerance,5
thus,5
groundbreaking,5
carries,5
satisfied,5
milestones,5
desirable,5
harmed,5
rude,5
virtues,5
honorary,5
offensive,5
ranking,5
establishing,5
acquire,5
bases,5
phd,5
enrollment,5
uphill,5
18-year,5
hazards,5
oversized,5
friedman,5
peril,5
extending,5
irrelevant,5
straightforward,5
believer,5
persistence,5
priced,5
missouri,5
apologize,5
discussion,5
posting,5
employers,5
reflection,5
felony,5
posters,5
counts,5
studied,5
preparing,5
documents,5
school,5
communicate,5
ed,5
protests,5
apply,5
sat,5
booed,5
sandberg,5
decorated,5
gasoline,5
goat,5
opting,5
pundits,5
investigator,5
bottled,5
toni,5
staggering,5
advises,5
skilled,5
guiding,5
annoyed,5
environmentally,5
motivation,5
disconnected,5
viable,5
powerhouse,5
wipe,5
barrage,5
disruptive,5
disappoint,5
interpretation,5
dawn,5
investigation,5
generation,5
acknowledge,5
employment,5
detailed,5
dynamic,5
kansas,5
attend,5
doors,5
okay,5
regulation,5
divide,5
norm,5
approximately,5
cancelled,5
dealt,5
leadership,5
request,5
talents,5
enters,5
choking,5
regain,5
relations,5
hawks,5
hostile,5
nerds,5
unanimously,5
destroys,5
exceptions,5
shooters,5
meantime,5
valentines,5
flock,5
narratives,5
mayhem,5
waving,5
permit,5
notoriously,5
sparking,5
sticker,5
innovators,5
accomplishment,5
kinds,5
sued,5
professional,4
challenged,4
clubs,4
trains,4
deemed,4
lynn,4
offense,4
rejection,4
private,4
class,4
slapped,4
entitlement,4
heightened,4
combating,4
takedown,4
mankind,4
forthcoming,4
dismissed,4
settles,4
concealed,4
nationwide,4
culturally,4
merits,4
ducks,4
examination,4
blooming,4
spilled,4
thumb,4
segregation,4
renowned,4
literary,4
alleviate,4
wasting,4
oriented,4
screenings,4
projected,4
rug,4
scheduling,4
fuzzy,4
thoroughly,4
lifestyles,4
moody,4
copies,4
football,4
unconscious,4
stability,4
credits,4
declare,4
criticized,4
insidious,4
interfere,4
gabriel,4
rails,4
motto,4
runaway,4
overturned,4
insulting,4
elon,4
spur,4
suicides,4
fulfilling,4
passive,4
fascinated,4
amidst,4
altogether,4
sectors,4
payday,4
identifies,4
aggressively,4
societal,4
millennium,4
delhi,4
disgrace,4
assure,4
manufacturing,4
liberties,4
bind,4
aiming,4
cheat,4
profit,4
speech,4
confront,4
sorry,4
investments,4
tinder,4
paths,4
rejected,4
resigns,4
involving,4
tension,4
oregon,4
historian,4
researching,4
reverses,4
nowadays,4
botched,4
guidance,4
motive,4
victor,4
linkedin,4
famously,4
commandments,4
compelled,4
rut,4
conventions,4
thieves,4
accountability,4
greet,4
scraps,4
reduces,4
physics,4
advise,4
stockholm,4
pathway,4
phones,4
immediate,4
granted,4
cake,4
participate,4
banning,4
duke,4
reporting,4
bored,4
legislators,4
dread,4
transparent,4
senior,4
charter,4
mac,4
begun,4
charges,4
rely,4
hyper,4
mourns,4
wrongdoing,4
skeptical,4
referred,4
bern,4
perceived,4
lavish,4
expressions,4
underestimate,4
deliberate,4
understandable,4
franco,4
competitors,4
determining,4
skills,4
athletes,4
demands,4
investing,4
flag,4
letters,4
driven,4
develop,4
argued,4
modest,4
toughest,4
valuable,4
rank,4
classmates,4
recharge,4
injuring,4
surveyed,4
pierre,4
begs,4
loophole,4
precedent,4
consecutive,4
proactive,4
scholarship,4
satire,4
enabling,4
classy,4
collaborative,4
circumstance,4
essentials,4
someday,4
protestors,4
tracked,4
blistering,4
fixing,4
slamming,4
pleaded,4
backdrop,4
deceased,4
lasts,4
eighth,4
ubiquitous,4
vineyard,4
admitting,4
practically,4
angst,4
flipping,4
jen,4
rogen,4
generic,4
appointments,4
recruiting,4
remedy,4
flashes,4
louder,4
drum,4
reflections,4
ratings,4
diverse,4
perspective,4
reforms,4
pretend,4
choosing,4
investigating,4
addicts,4
cynical,4
bets,4
daycare,4
louisville,4
uphold,4
isolated,4
expectation,4
awaited,4
frog,4
primarily,4
cultivating,4
intriguing,4
extinct,4
bennett,4
critique,4
shampoo,4
nationalism,4
lag,4
contacts,4
enjoys,4
scalia,4
commitment,4
survivors,4
slavery,4
initial,4
nowhere,4
inequality,4
speeches,4
fueled,4
shaping,4
activists,4
board,4
aspects,4
job,4
timely,4
settling,4
impacted,4
lawsuits,4
ministry,4
displayed,4
forming,4
financially,4
prompt,4
d√©cor,4
align,4
enabled,4
wandering,4
obtain,4
integration,4
memoir,4
forum,4
quits,4
sibling,4
appropriate,4
connections,4
tower,4
deport,4
suspicion,4
cites,4
inaccurate,4
separated,4
cons,4
scope,4
assessment,4
blossom,4
clarify,4
creep,4
hurdles,4
bias,4
howard,4
controversial,4
standards,4
lists,4
activism,4
nobel,4
kentucky,4
worrying,4
nap,4
janet,4
competition,4
thoughtful,4
emails,4
georgia,4
19-year,4
erase,4
jackie,4
erotic,4
acceptance,4
inclusive,4
startling,4
chances,4
narrow,4
surge,4
zach,4
betrayal,4
innovations,4
pursue,4
dominance,4
stirring,4
dangerously,4
masterpiece,4
chi,4
intersection,4
assigned,4
macklemore,4
collectively,4
prevention,4
carrying,4
expectations,4
language,4
respond,4
virtual,4
racial,3
playbook,3
colleague,3
assaulted,3
bothered,3
hike,3
sharply,3
symbolic,3
molly,3
institute,3
placing,3
accurately,3
recording,3
assumptions,3
dismisses,3
robust,3
latter,3
kkk,3
layer,3
inaction,3
pond,3
sheds,3
emerges,3
ish,3
pad,3
differ,3
applaud,3
inspirational,3
billions,3
task,3
weekends,3
raped,3
judicial,3
constant,3
rising,3
tensions,3
admit,3
posts,3
acquired,3
tar,3
insecurity,3
stubborn,3
plead,3
hugs,3
allison,3
confrontation,3
temple,3
partial,3
demonstrations,3
feat,3
answering,3
hailed,3
faithful,3
guacamole,3
delegate,3
probes,3
corners,3
booth,3
uniquely,3
seoul,3
halfway,3
vs,3
wary,3
twists,3
trolling,3
visions,3
privilege,3
explore,3
closely,3
gates,3
responsible,3
provide,3
replaced,3
economics,3
dialogue,3
protest,3
lifelong,3
discussions,3
sacramento,3
concepts,3
unfair,3
spying,3
dakota,3
kitchens,3
doll,3
advance,3
grasp,3
remedies,3
programming,3
valid,3
personnel,3
chipotle,3
rational,3
echo,3
virtue,3
cuba,3
learning,3
remarks,3
ethics,3
formal,3
resident,3
violent,3
review,3
misconduct,3
investigate,3
app,3
regularly,3
performing,3
address,3
shifting,3
consistently,3
debacle,3
hometown,3
tolerance,3
sheryl,3
slowing,3
philly,3
concussion,3
hooked,3
allergy,3
hogan,3
handsome,3
1st,3
revisit,3
blizzard,3
eager,3
reinvent,3
concerning,3
generated,3
complexity,3
stereotypes,3
feds,3
placed,3
guilty,3
allowing,3
davis,3
conversations,3
groups,3
title,3
increase,3
records,3
speaking,3
hijab,3
considerable,3
accompanied,3
incidents,3
lucas,3
lasted,3
references,3
stripped,3
rushing,3
appetite,3
genuinely,3
hedge,3
contenders,3
anytime,3
ferrell,3
impose,3
introduction,3
undoubtedly,3
thrilling,3
escaping,3
hood,3
vague,3
scares,3
economist,3
lawsuit,3
hardest,3
catching,3
agents,3
dean,3
attract,3
alcohol,3
incident,3
riots,3
jackets,3
duties,3
emerged,3
feeds,3
doubled,3
thrill,3
ebola,3
deepest,3
ranks,3
valued,3
eliminating,3
utter,3
consultant,3
excellence,3
paralyzed,3
rooms,3
figure,3
bans,3
gained,3
starting,3
12-year,3
merely,3
arrests,3
serial,3
nostalgia,3
disturbing,3
emma,3
learn,3
symbols,3
appointed,3
mature,3
nears,3
cares,3
listing,3
alleges,3
shouting,3
grabbed,3
sands,3
glitter,3
glorious,3
elevator,3
dreamy,3
microwave,3
intentional,3
reflect,3
feminism,3
cultural,3
struggling,3
community,3
stressed,3
fortunately,3
obstacle,3
risen,3
lineup,3
unveiled,3
farming,3
vibrant,3
withdraw,3
removes,3
redefining,3
damages,3
tanning,3
fairly,3
dedication,3
darkest,3
sole,3
pleasures,3
abilities,3
plagued,3
delegates,3
residence,3
unpopular,3
occurred,3
criminal,3
opportunity,3
apology,3
necessary,3
regulations,3
blames,3
behalf,3
ken,3
sophisticated,3
signing,3
properly,3
virginia,3
plain,3
several,3
distractions,3
malia,3
courses,3
bling,3
clergy,3
systemic,3
maryland,3
ignores,3
perception,3
muse,3
statues,3
hired,3
protective,3
admire,3
offerings,3
peru,3
simpler,3
evident,3
bass,3
standoff,3
expands,3
offended,3
experience,3
challenging,3
stops,3
contribute,3
housing,3
values,3
gone,3
mindset,3
threaten,3
differently,3
insists,3
hoped,3
arianna,3
massachusetts,3
zone,3
advisor,3
attracted,3
violations,3
lengthy,3
strengths,3
harrowing,3
reconnect,3
fluid,3
apologizing,3
greed,3
necessity,3
mouths,3
convenient,3
impress,3
bosses,3
briefing,3
rat,3
remind,3
dj,3
stayed,3
department,3
knowing,3
urge,3
controversy,3
public,3
members,3
cost,3
ronald,3
surrounding,3
sasha,3
exposure,3
newspapers,3
pens,3
articles,3
strongly,3
shield,3
gen,3
surveys,3
engaging,3
belong,3
equally,3
tornado,3
examined,3
launch,3
presented,3
recovering,3
madison,3
recognizing,3
passes,3
surprises,3
a.,3
grant,3
busting,3
tank,3
misunderstood,3
jerk,3
represents,3
hires,3
forefront,3
unwanted,3
strive,3
automatic,3
neon,3
achievement,3
ignorant,3
underneath,3
wishing,3
gearing,3
survey,3
silent,3
divided,3
entrepreneur,3
cosby,3
joins,3
jam,3
psychology,3
costs,3
edwards,3
rumor,3
negotiate,3
boomer,3
andrea,3
clown,3
timeline,3
branding,3
extends,3
daylight,3
insisted,3
newlyweds,3
critical,3
drops,3
gap,3
defend,3
cuban,3
essence,3
directly,3
federal,3
multiple,3
publication,3
designing,3
agriculture,3
ironic,3
listings,3
belongs,3
naming,3
trading,3
introduce,3
suspends,3
affection,3
bits,3
rampant,3
obligation,3
liver,3
lined,3
lobbyists,3
receiving,3
tennessee,3
maintain,3
myth,3
anonymous,3
occur,3
frustrated,3
announces,3
decision,3
conditions,3
norman,3
imperative,3
starving,3
melissa,3
successful,3
mounting,3
accusing,3
violation,3
sponsored,3
amazed,3
unrest,3
avenue,3
distinct,3
displaced,3
directions,3
refused,3
symbol,3
handful,3
encouraging,3
horrible,3
adds,3
victim,3
build,3
submitted,3
cory,3
urged,3
indiana,3
skincare,3
fallout,3
accuser,3
doubles,3
binge,3
ordering,3
implications,3
agreements,3
principles,3
snap,3
outer,3
somewhere,3
overwhelmingly,3
purchases,3
triggers,3
assistant,3
ashamed,3
enable,3
procedure,3
laura,3
league,3
writing,3
asian,3
somewhat,3
possibility,3
demand,3
partnership,3
goals,3
accused,3
grim,3
picnic,3
knocked,3
villain,3
worship,3
gang,3
booked,3
haven,3
cocaine,3
relevant,3
appreciated,3
havoc,3
achieving,3
neglect,3
grandfather,3
messing,3
nypd,3
improvements,3
intimidating,3
platforms,3
piano,3
poorly,3
personally,3
advice,3
lessons,3
system,3
code,3
understanding,3
bloody,3
suggestions,3
program,3
worry,3
limit,3
plants,3
basically,3
proud,3
enormous,3
carter,3
brian,3
discourse,3
discriminate,3
dismiss,3
tackle,3
donates,3
violate,3
executed,3
maximize,3
hoax,3
lobby,3
carefully,3
punishment,3
buyers,3
versions,3
sheep,3
forbes,3
fearful,3
relieved,3
chamber,3
10th,3
lifetime,3
amendment,3
landscape,3
searching,3
cuts,3
served,3
committed,3
casual,3
carey,3
teaching,3
forward,3
option,3
clinics,3
overhaul,3
either,3
package,3
bubble,3
flowing,3
blows,3
credibility,3
gossip,3
disconnect,3
hangs,3
looms,3
returning,3
exchange,3
threatening,3
closing,3
competitive,2
process,2
overwhelmed,2
location,2
pose,2
experiences,2
seriously,2
writes,2
boosting,2
brandon,2
interest,2
dinosaurs,2
grants,2
wasted,2
sensitive,2
scored,2
quietly,2
caffeine,2
generosity,2
meningitis,2
volunteering,2
dire,2
porter,2
ideology,2
concern,2
employees,2
options,2
initiative,2
article,2
confidence,2
free,2
investment,2
starts,2
bunch,2
attitude,2
democracy,2
field,2
p.,2
sexually,2
attacker,2
continually,2
slept,2
taxpayer,2
dollars,2
obtained,2
insist,2
deleted,2
interviews,2
foul,2
disappointing,2
tougher,2
facilities,2
eliminate,2
implement,2
motivate,2
promotion,2
slate,2
ignore,2
teach,2
entered,2
player,2
predicts,2
barely,2
subject,2
adopting,2
pour,2
r.,2
titles,2
poignant,2
reference,2
sector,2
metaphor,2
deprived,2
supposedly,2
thrown,2
mentor,2
norms,2
misconceptions,2
fired,2
letter,2
burns,2
aged,2
depends,2
towns,2
instead,2
demanding,2
earning,2
uniform,2
mason,2
whenever,2
regulators,2
spoken,2
problematic,2
nighter,2
garner,2
hating,2
conscience,2
translate,2
prosperity,2
outlet,2
understands,2
conversation,2
innovation,2
eastern,2
amid,2
ncaa,2
document,2
honestly,2
barbara,2
setting,2
research,2
worth,2
Ô∏è,2
uncertainty,2
stellar,2
katrina,2
wrestling,2
bro,2
consensus,2
souls,2
engineering,2
functioning,2
weiner,2
ought,2
exploring,2
victims,2
newspaper,2
continue,2
bridge,2
provides,2
communication,2
matters,2
radical,2
endless,2
myself,2
sept,2
shortly,2
sheet,2
culture,2
lack,2
jar,2
cabin,2
wire,2
demonstrators,2
fragile,2
publishing,2
ranging,2
lunches,2
figured,2
thriller,2
peyton,2
neglected,2
mouth,2
currently,2
determine,2
pakistan,2
warn,2
volunteer,2
shadow,2
banned,2
direction,2
locker,2
sweets,2
actively,2
hire,2
extent,2
commentary,2
marked,2
derek,2
memories,2
avoiding,2
selfish,2
criticizing,2
crap,2
canvas,2
prep,2
mutual,2
shaming,2
anatomy,2
imperfect,2
invites,2
opposing,2
seeking,2
worthy,2
communities,2
angry,2
fees,2
proposal,2
comfortable,2
apologized,2
crime,2
beneficial,2
aggressive,2
prompts,2
victories,2
waited,2
categories,2
spare,2
button,2
alter,2
material,2
safer,2
mid,2
handy,2
nonsense,2
dancer,2
cooperation,2
nyt,2
threat,2
ongoing,2
brother,2
fargo,2
currency,2
misses,2
inn,2
sony,2
sanity,2
suggestion,2
evolve,2
brighter,2
founding,2
welcoming,2
metric,2
stupid,2
facing,2
terrorists,2
named,2
agency,2
platform,2
critically,2
extension,2
shiny,2
reader,2
operating,2
sadly,2
positions,2
layers,2
promotes,2
delivering,2
freedom,2
jobs,2
dozen,2
social,2
appeals,2
atlantic,2
pitch,2
somehow,2
important,2
male,2
themselves,2
rates,2
failing,2
efforts,2
assembly,2
staffer,2
definitely,2
significance,2
intimate,2
fest,2
weed,2
ownership,2
thinking,2
tells,2
hang,2
wonders,2
excitement,2
ground,2
lied,2
airbnb,2
sticking,2
blacks,2
communications,2
thrive,2
checklist,2
riot,2
palestine,2
optimism,2
fridge,2
deserved,2
confession,2
inevitably,2
promise,2
wondering,2
interested,2
emerging,2
confusing,2
50th,2
onstage,2
campaigns,2
stated,2
buildings,2
aug,2
fought,2
engage,2
antibiotics,2
merry,2
dive,2
pursuing,2
evolving,2
months,2
funding,2
western,2
deliver,2
value,2
increases,2
hopefully,2
governments,2
denial,2
overall,2
privacy,2
sources,2
defense,2
due,2
introduced,2
rush,2
supremacist,2
comment,2
disclose,2
summit,2
evolved,2
decrease,2
bean,2
unacceptable,2
nation,2
online,2
across,2
handle,2
media,2
prize,2
#,2
force,2
dream,2
earn,2
throughout,2
warns,2
independence,2
none,2
frequently,2
manner,2
historical,2
establish,2
removal,2
questionable,2
advantage,2
aides,2
summertime,2
search,2
charged,2
players,2
staff,2
productive,2
adam,2
crisis,2
scenario,2
awful,2
parties,2
till,2
specific,2
efficient,2
element,2
joining,2
tis,2
attached,2
column,2
simultaneously,2
pledges,2
claim,2
allegedly,2
dining,2
wilson,2
harm,2
settle,2
immediately,2
innocent,2
sues,2
reuters,2
sister,2
further,2
drinking,2
paper,2
roast,2
statements,2
hanging,2
punish,2
thankful,2
watchdog,2
candid,2
printed,2
expression,2
dare,2
repeated,2
steady,2
jets,2
drugs,2
english,2
whom,2
sentenced,2
encounter,2
track,2
problems,2
solution,2
complete,2
state,2
teeth,2
firing,2
oral,2
expose,2
medium,2
genuine,2
household,2
utterly,2
closest,2
c,2
complain,2
threats,2
however,2
survivor,2
remove,2
debates,2
struggle,2
environment,2
against,2
uncertain,2
smoke,2
journalism,2
refuse,2
pepper,2
empowered,2
eddie,2
info,2
welcomes,2
tattoos,2
contributions,2
brave,2
individual,2
ill,2
tomorrow,2
managed,2
assume,2
truths,2
focused,2
should,2
allow,2
reform,2
movement,2
impact,2
nebraska,2
triumph,2
fare,2
attempts,2
initiatives,2
industries,2
warned,2
dropping,2
stocks,2
invented,2
selma,2
frustrating,2
outlets,2
horse,2
satisfaction,2
staring,2
texts,2
ultimately,2
situation,2
different,2
seek,2
athlete,2
standard,2
ugly,2
unveils,2
participation,2
cancels,2
declined,2
savings,2
influenced,2
misleading,2
selection,2
lowest,2
awake,2
revenue,2
practices,2
embrace,2
activist,2
window,2
tape,2
relationships,2
shock,2
raises,2
greek,2
likes,2
position,2
asking,2
learned,2
rigged,2
failures,2
buddy,2
ripped,2
entrepreneurship,2
deciding,2
museums,2
competing,2
grow,2
conservative,2
richard,2
families,2
tend,2
officials,2
follows,2
corporations,2
high,2
broke,2
represent,2
olds,2
unfortunate,2
honors,2
generous,2
tooth,2
bonus,2
current,2
toe,2
disclosure,2
cohen,2
instance,2
thrilled,2
performs,2
particular,2
comfort,2
rules,2
information,2
accounts,2
increasingly,2
abusive,2
commissioner,2
teenager,2
caught,2
grown,2
looming,2
tribe,2
proper,2
questioned,2
treated,2
falls,2
biden,2
involved,2
filled,2
grade,2
worker,2
shame,2
regular,2
legitimate,2
experiencing,2
brutal,2
attended,2
lit,2
rivals,2
hbo,2
hunter,2
fortunate,2
pros,2
consideration,2
leap,2
finest,2
examine,2
professionals,2
fi,2
ensemble,2
toxic,2
manage,2
recent,2
master,2
speak,2
leads,2
tools,2
constantly,2
number,2
tour,2
alarming,2
cooper,2
halt,2
devoted,2
patriotic,2
stark,2
comparing,2
y,2
cited,2
computers,2
easiest,2
cap,2
defining,2
law,2
organization,2
future,2
austin,2
declared,2
low,2
favor,2
backlash,2
topics,2
constitution,2
optimistic,2
rethink,2
distraction,2
empowerment,2
chasing,2
planner,2
realities,2
scale,2
allowed,2
rural,2
normal,2
‚Äôve,2
speaker,2
stable,2
carry,2
nightclub,2
spanish,2
apologizes,2
answers,2
depending,2
percentage,2
legendary,2
venture,2
transparency,2
compelling,2
qualified,2
crashed,2
launching,2
crossed,2
forgot,2
cotton,2
lesson,2
chance,2
raised,2
resources,2
tests,2
maybe,2
newly,2
jersey,2
pulse,2
olive,2
deficit,2
suffered,2
lung,2
attorneys,2
argue,2
cam,2
armstrong,2
extend,2
depressed,2
respect,2
foundation,2
arrest,2
boston,2
celebration,2
rid,2
circumstances,2
myths,2
supposed,2
rounded,2
notorious,2
flags,2
protections,2
vital,2
cards,2
numerous,2
risky,2
delta,2
payments,2
insomnia,2
tackling,2
storms,2
reading,2
shooting,2
asked,2
course,2
serving,2
oldest,2
brief,2
profound,2
slowly,2
improve,2
guide,2
influence,2
american,2
form,2
case,2
success,2
software,2
praised,2
expansion,2
fits,2
signal,2
must,2
blog,2
sides,2
panic,2
guns,2
sit,2
poster,2
supremacy,2
exception,2
forcing,2
karen,2
weirdest,2
climb,2
barrier,2
navigating,2
athletic,2
camps,2
propaganda,2
ohio,2
fully,2
fellow,2
otherwise,2
hidden,2
starbucks,2
bigger,2
exposed,2
moving,2
started,2
whether,2
understand,2
taken,2
pig,2
nazis,2
monitor,2
‚Äô,2
unit,2
mode,2
papers,2
steel,2
snapchat,2
am,2
determined,2
humor,2
steps,2
drop,2
finish,2
removed,2
complicated,2
weighs,2
alt,2
denies,2
suing,2
importance,2
philadelphia,2
pages,2
homework,2
concrete,2
packed,2
revolutionary,2
grounds,2
signed,2
paid,2
prepare,2
dropped,2
argument,2
room,2
violence,2
create,2
amount,2
california,2
expand,2
lyrics,2
ii,2
protesting,2
unhappy,2
achieved,2
realistic,2
recommendations,2
trafficking,2
attention,2
add,2
needs,2
extra,2
president,2
reduce,2
aware,2
filed,2
jet,2
impressive,2
string,2
friendships,2
discrimination,2
shade,2
double,2
orders,2
ethnic,2
compare,2
receives,2
responding,2
organizations,2
books,2
door,2
feminist,2
stands,2
reports,2
offer,2
teacher,2
conviction,2
abused,2
quarterback,2
combined,2
payment,2
tag,2
statistics,2
parking,2
bankruptcy,2
suits,2
fundraising,2
hated,2
staying,2
challenges,2
highly,2
boss,2
sports,2
centers,2
extraordinary,2
trying,2
step,2
judge,2
decisions,2
rarely,2
sells,2
laughter,2
regret,2
flooding,2
auto,2
buffalo,2
touched,2
insights,2
younger,2
putting,2
bear,2
legislation,2
quickly,2
question,2
band,2
gordon,2
alert,2
banks,2
websites,2
leaders,2
dedicated,2
overlooked,2
sits,2
jesse,2
cruel,2
email,2
largely,2
naturally,2
plan,2
become,2
solutions,2
forced,2
charlottesville,2
needed,2
elsewhere,2
landmark,2
ron,2
unnecessary,2
daunting,2
brush,2
pan,2
blind,2
cheaper,2
shed,2
parents,2
connected,2
confused,2
digital,2
mexican,2
beyond,2
say,2
julia,2
dramatically,2
shuts,2
promote,2
heavily,2
initially,2
minded,2
bow,2
camp,2
yourself,2
mental,2
voice,2
scenes,2
ensure,2
past,2
money,2
mere,2
ignorance,2
keeps,2
linda,2
issues,2
followed,2
oklahoma,2
addition,2
absurd,2
license,2
attraction,2
secretly,2
systems,2
partisan,2
opinion,2
wore,2
texas,2
their,2
plans,2
particularly,2
colorful,2
often,2
exist,2
proves,2
remain,2
identity,2
goodbye,2
gig,2
gowns,2
delayed,2
structure,2
accomplished,2
relate,2
market,2
those,2
might,2
advocates,2
dozens,2
within,2
weeks,2
profile,2
century,2
many,1
proposes,1
happiest,1
dilemma,1
focus,1
remember,1
failed,1
going,1
few,1
heads,1
active,1
colleagues,1
part,1
greatest,1
spend,1
oppose,1
basis,1
suck,1
amounts,1
guarantee,1
channels,1
examples,1
encouraged,1
tricky,1
slammed,1
probably,1
post,1
mirror,1
service,1
undermine,1
overnight,1
adult,1
blessed,1
link,1
advocacy,1
client,1
injustice,1
dc,1
dumb,1
re,1
start,1
australian,1
benefit,1
soft,1
passing,1
idea,1
blame,1
beginning,1
bare,1
legal,1
blamed,1
attempting,1
unarmed,1
funds,1
hat,1
integrity,1
cloud,1
packing,1
shortage,1
ties,1
washington,1
site,1
opening,1
smart,1
suspected,1
grey,1
perhaps,1
pro,1
response,1
promising,1
confessions,1
visual,1
gluten,1
mask,1
roots,1
audiences,1
authors,1
possibilities,1
fish,1
progress,1
appears,1
failure,1
citizens,1
ups,1
later,1
muscle,1
shut,1
legacy,1
loses,1
reasonable,1
discipline,1
expressed,1
alarm,1
enjoyed,1
perform,1
survive,1
wrapped,1
genes,1
building,1
difficult,1
unique,1
acts,1
strategy,1
larger,1
open,1
read,1
are,1
moderate,1
spark,1
emerge,1
consistent,1
popularity,1
siblings,1
mad,1
minds,1
bachelor,1
stage,1
council,1
beliefs,1
appreciate,1
positive,1
effective,1
yet,1
trial,1
unclear,1
sight,1
soup,1
spy,1
grandparents,1
inclusion,1
wheel,1
identify,1
beneath,1
revealing,1
motivated,1
boards,1
poverty,1
support,1
designed,1
data,1
member,1
youth,1
young,1
paying,1
reagan,1
op,1
entirely,1
frustration,1
pushes,1
supporter,1
ignoring,1
dig,1
seems,1
gain,1
adventure,1
local,1
price,1
southern,1
policy,1
declares,1
broken,1
permission,1
alternatives,1
main,1
passage,1
colored,1
fraud,1
consciousness,1
involve,1
felt,1
making,1
tech,1
scandal,1
others,1
fuel,1
‚Äï,1
standing,1
combat,1
extremely,1
took,1
pay,1
faster,1
established,1
jan,1
category,1
landing,1
forest,1
ticket,1
dispute,1
path,1
sauce,1
summer,1
wealth,1
unusual,1
common,1
met,1
numbers,1
political,1
influential,1
hispanic,1
reward,1
liked,1
fastest,1
interests,1
beaten,1
july,1
discovering,1
defending,1
story,1
turning,1
problem,1
george,1
not,1
outside,1
injured,1
creating,1
announced,1
bloomberg,1
spray,1
explain,1
clips,1
attractive,1
function,1
martha,1
rip,1
listen,1
troubling,1
longest,1
boom,1
return,1
leaves,1
solve,1
leave,1
final,1
reasons,1
shown,1
covers,1
hear,1
missing,1
seal,1
required,1
patience,1
kingdom,1
meaningful,1
neighborhoods,1
offers,1
described,1
shared,1
dear,1
driver,1
strike,1
card,1
tragedy,1
repeatedly,1
creativity,1
protecting,1
gov,1
proved,1
curiosity,1
ate,1
soon,1
justice,1
strange,1
cookie,1
face,1
history,1
chicago,1
recommend,1
restore,1
surrounded,1
projects,1
excited,1
comments,1
them,1
safe,1
minimum,1
uses,1
lawyers,1
millions,1
they,1
jewish,1
feeling,1
group,1
roof,1
details,1
resilience,1
illegal,1
surveillance,1
existing,1
discuss,1
growth,1
responds,1
empty,1
fewer,1
issue,1
mogul,1
finances,1
happiness,1
cheating,1
hockey,1
realizing,1
creation,1
humanitarian,1
electronic,1
library,1
able,1
deep,1
inspiration,1
happens,1
hoping,1
phenomenon,1
will,1
gave,1
longer,1
one,1
betsy,1
lawrence,1
beware,1
dollar,1
chill,1
denying,1
resorts,1
ditch,1
hate,1
an,1
boost,1
upon,1
pulled,1
under,1
someone,1
major,1
dignity,1
apparently,1
choices,1
locked,1
protected,1
lonely,1
insight,1
prior,1
borders,1
economic,1
end,1
alone,1
taught,1
wednesday,1
why,1
level,1
lose,1
debate,1
resolve,1
glamorous,1
sites,1
flood,1
marketing,1
send,1
quality,1
finding,1
meets,1
lawmakers,1
work,1
men,1
tough,1
every,1
union,1
events,1
gunman,1
steal,1
clever,1
talented,1
located,1
notion,1
ask,1
join,1
messages,1
gender,1
choose,1
independent,1
adopt,1
creates,1
concept,1
exit,1
sales,1
television,1
cry,1
write,1
where,1
adopted,1
gains,1
inmates,1
conducted,1
offering,1
handed,1
apparent,1
web,1
describes,1
correct,1
happening,1
throw,1
to,1
sign,1
notes,1
parts,1
give,1
everyone,1
fail,1
nov,1
accept,1
entry,1
significantly,1
contain,1
spending,1
such,1
left,1
joined,1
estate,1
benefits,1
done,1
release,1
go,1
present,1
awareness,1
continues,1
employee,1
pennsylvania,1
hong,1
invisible,1
occasion,1
judges,1
replacement,1
billboard,1
manning,1
break,1
following,1
national,1
until,1
country,1
older,1
affordable,1
purpose,1
change,1
happened,1
real,1
trends,1
confusion,1
neither,1
hosting,1
vermont,1
hatred,1
rival,1
strikes,1
arrive,1
pause,1
decide,1
besides,1
indeed,1
a.m.,1
seasons,1
delivers,1
move,1
if,1
getting,1
i,1
saying,1
ago,1
calling,1
brothers,1
traffic,1
suggest,1
these,1
leading,1
of,1
doing,1
significant,1
glimpse,1
retreat,1
khan,1
file,1
expanding,1
stealing,1
remote,1
nervous,1
ways,1
at,1
teachers,1
would,1
types,1
possibly,1
alleged,1
leaked,1
accusations,1
barriers,1
dreamers,1
live,1
huffington,1
who,1
explosion,1
courage,1
association,1
trek,1
broad,1
promoting,1
donate,1
happen,1
protesters,1
moral,1
me,1
being,1
straight,1
sought,1
connecticut,1
include,1
mocks,1
offered,1
hosted,1
mystery,1
surely,1
vietnam,1
frequent,1
aisle,1
unions,1
reveal,1
reporter,1
negative,1
moves,1
let,1
anti,1
as,1
sex,1
meant,1
about,1
help,1
economy,1
recap,1
police,1
rule,1
wondered,1
successfully,1
importantly,1
tune,1
cause,1
my,1
need,1
videos,1
grows,1
laid,1
capacity,1
crush,1
sense,1
though,1
barack,1
-,1
key,1
prime,1
coach,1
israel,1
anxious,1
pr,1
boundaries,1
plate,1
imagined,1
perfection,1
way,1
race,1
mass,1
revolution,1
strategies,1
corner,1
view,1
used,1
without,1
petition,1
lines,1
creepy,1
changes,1
allows,1
wishes,1
recognition,1
smartphone,1
skinny,1
poetry,1
deny,1
other,1
connection,1
first,1
pack,1
waste,1
sky,1
experts,1
kanye,1
helping,1
talk,1
draws,1
heartbreaking,1
trade,1
disability,1
celebrate,1
worked,1
next,1
have,1
damage,1
consumer,1
truth,1
once,1
very,1
your,1
tried,1
models,1
wide,1
scientist,1
dust,1
marks,1
over,1
word,1
tell,1
hall,1
doubt,1
claiming,1
endorsement,1
calendar,1
p.m.,1
hardly,1
conference,1
always,1
'm,1
act,1
announcement,1
rather,1
meeting,1
while,1
women,1
hearing,1
today,1
for,1
engagement,1
hiding,1
wrap,1
rest,1
wood,1
charlotte,1
twin,1
that,1
leader,1
which,1
out,1
make,1
role,1
secret,1
nature,1
radio,1
knows,1
dangers,1
effectively,1
heavy,1
fierce,1
back,1
claims,1
most,1
hundreds,1
be,1
what,1
supported,1
inevitable,1
strong,1
elementary,1
forget,1
self,1
pride,1
away,1
thomas,1
quit,1
humanity,1
seeing,1
off,1
pick,1
put,1
trash,1
discusses,1
bacteria,1
mississippi,1
dick,1
much,1
walk,1
even,1
point,1
drug,1
its,1
grief,1
judgment,1
targets,1
corporate,1
launched,1
journalist,1
means,1
similar,1
neck,1
honoring,1
academy,1
gross,1
wolf,1
n't,1
plenty,1
smoking,1
also,1
him,1
luxury,1
nominated,1
prosecutor,1
bears,1
beat,1
serves,1
mall,1
apps,1
tested,1
defined,1
theatre,1
background,1
accepting,1
admitted,1
useful,1
virgin,1
know,1
some,1
global,1
march,1
there,1
avoid,1
team,1
hard,1
years,1
worried,1
received,1
promises,1
circle,1
secure,1
discussed,1
from,1
on,1
fall,1
more,1
lights,1
dies,1
breaking,1
exists,1
physically,1
counting,1
mark,1
project,1
itself,1
certainly,1
than,1
living,1
resist,1
etiquette,1
tattoo,1
increased,1
calm,1
nose,1
gifs,1
beats,1
trapped,1
exactly,1
supporting,1
exciting,1
consumers,1
imagine,1
places,1
well,1
cover,1
try,1
yellow,1
cell,1
navy,1
continuing,1
easily,1
tops,1
adventures,1
stepping,1
how,1
prove,1
bus,1
knowledge,1
pretty,1
chinese,1
kind,1
cool,1
unemployment,1
pure,1
collaboration,1
phrase,1
curious,1
narrative,1
having,1
dirty,1
familiar,1
criticism,1
created,1
it,1
capitol,1
aaron,1
speaks,1
unity,1
victory,1
completely,1
underwear,1
diego,1
obsession,1
weigh,1
ruin,1
before,1
committee,1
tale,1
agenda,1
friends,1
large,1
lincoln,1
founder,1
politician,1
sets,1
seemingly,1
throws,1
believe,1
time,1
choice,1
concerned,1
ok,1
thursday,1
measure,1
had,1
devos,1
anchor,1
walks,1
image,1
moved,1
debuts,1
noted,1
a,1
nearly,1
magic,1
now,1
retirement,1
falling,1
cheese,1
states,1
district,1
ruled,1
openly,1
convinced,1
citizen,1
challenge,1
both,1
minnesota,1
commit,1
produced,1
excellent,1
drake,1
stretch,1
surviving,1
involves,1
unknown,1
mortgage,1
wrong,1
journalists,1
florida,1
enough,1
desk,1
fossil,1
magical,1
accurate,1
right,1
seem,1
mistakes,1
blue,1
chair,1
agencies,1
wealthy,1
promised,1
romantic,1
destroy,1
johnny,1
bound,1
plot,1
hour,1
action,1
decided,1
already,1
clear,1
tears,1
turn,1
you,1
odds,1
colin,1
contract,1
novel,1
italy,1
message,1
days,1
after,1
evidence,1
games,1
knew,1
refuses,1
reaching,1
houses,1
spice,1
ignored,1
lovely,1
guys,1
statement,1
take,1
like,1
likely,1
working,1
mine,1
by,1
usually,1
study,1
arrested,1
trolls,1
trauma,1
joke,1
empathy,1
widely,1
screening,1
harder,1
the,1
because,1
posted,1
brown,1
society,1
detroit,1
wrote,1
block,1
measures,1
hopeful,1
medal,1
brains,1
alike,1
begins,1
kept,1
proposed,1
muslim,1
civil,1
becoming,1
thoughts,1
own,1
remarkable,1
hitting,1
takes,1
caused,1
safety,1
strangers,1
visits,1
activity,1
stigma,1
spectacular,1
improving,1
mama,1
something,1
our,1
awkward,1
tonight,1
truly,1
ex,1
along,1
beating,1
issued,1
progressive,1
towards,1
individuals,1
fate,1
kennedy,1
get,1
childhood,1
cheap,1
using,1
says,1
saw,1
healthcare,1
expect,1
embracing,1
blues,1
smaller,1
sort,1
do,1
soul,1
good,1
eric,1
picks,1
core,1
nights,1
roger,1
memo,1
wanting,1
publicly,1
americans,1
west,1
nothing,1
charge,1
candy,1
event,1
breathing,1
earned,1
countless,1
breathe,1
pieces,1
spears,1
powers,1
but,1
nations,1
suggests,1
between,1
call,1
selling,1
writers,1
kicked,1
walls,1
risks,1
lived,1
into,1
during,1
order,1
memorial,1
iconic,1
stop,1
is,1
life,1
parody,1
liberty,1
joy,1
visited,1
twist,1
largest,1
forever,1
can,1
vice,1
year,1
short,1
islam,1
flat,1
forgiveness,1
playing,1
facts,1
test,1
although,1
brooklyn,1
things,1
hope,1
given,1
rhetoric,1
reputation,1
overwhelming,1
precious,1
thousands,1
wants,1
this,1
sick,1
letting,1
fire,1
ali,1
murder,1
michigan,1
shocked,1
rage,1
throwing,1
find,1
did,1
think,1
bright,1
in,1
experiment,1
intended,1
hiring,1
traditions,1
contemporary,1
powerful,1
through,1
so,1
lots,1
all,1
with,1
‚Äôm,1
clearly,1
willing,1
area,1
government,1
equal,1
included,1
probe,1
ideas,1
since,1
print,1
october,1
definition,1
discovery,1
hero,1
popular,1
becomes,1
death,1
highest,1
louisiana,1
presents,1
affect,1
appear,1
heritage,1
ideal,1
fancy,1
sound,1
still,1
feel,1
people,1
another,1
cleveland,1
urges,1
alabama,1
hop,1
stood,1
access,1
crowd,1
impossible,1
were,1
office,1
governor,1
wish,1
terms,1
critics,1
got,1
early,1
angeles,1
fear,1
reminded,1
fires,1
realized,1
impression,1
tone,1
too,1
lost,1
stand,1
content,1
resolutions,1
poses,1
focusing,1
herself,1
hint,1
specifically,1
place,1
general,1
website,1
quest,1
business,1
when,1
jail,1
top,1
better,1
convicted,1
confident,1
inspiring,1
britney,1
considered,1
heading,1
looked,1
official,1
changing,1
mean,1
whatever,1
stuff,1
keep,1
white,1
hungry,1
footage,1
helps,1
unexpected,1
small,1
august,1
only,1
african,1
lasting,1
contact,1
united,1
we,1
including,1
reported,1
became,1
highlight,1
deeply,1
rain,1
realize,1
nude,1
robin,1
report,1
actually,1
los,1
questions,1
fighting,1
distance,1
threatened,1
enjoying,1
mixed,1
collective,1
enforcement,1
want,1
new,1
pizza,1
everything,1
parade,1
attacked,1
reviews,1
example,1
tiger,1
lets,1
hottest,1
maintaining,1
necessarily,1
note,1
played,1
hearts,1
brand,1
less,1
fun,1
tuesday,1
essential,1
outrage,1
nonprofit,1
supports,1
accident,1
hunt,1
finance,1
selfie,1
push,1
just,1
asks,1
user,1
topic,1
‚Äôre,1
valentine,1
transgender,1
iowa,1
thing,1
best,1
recognize,1
larry,1
page,1
black,1
lead,1
far,1
chose,1
almost,1
republic,1
decade,1
chairman,1
bucket,1
boring,1
trust,1
else,1
stopped,1
items,1
strength,1
easier,1
instagram,1
tips,1
hook,1
finds,1
muslims,1
aim,1
donors,1
abc,1
available,1
was,1
non,1
mention,1
proof,1
total,1
huge,1
bruce,1
breakup,1
updated,1
begin,1
girl,1
glass,1
jr,1
protect,1
warning,1
turned,1
doctor,1
opposite,1
reddit,1
growing,1
little,1
wanted,1
situations,1
capital,1
targeted,1
keeping,1
list,1
readers,1
moment,1
fifth,1
authentic,1
bid,1
newest,1
belief,1
wins,1
age,1
afraid,1
studio,1
causing,1
saving,1
ferguson,1
us,1
stories,1
memorable,1
shades,1
relationship,1
technology,1
answer,1
effort,1
called,1
no,1
universal,1
editors,1
generally,1
great,1
receive,1
've,1
sends,1
duty,1
international,1
joe,1
killed,1
average,1
costumes,1
romance,1
unlike,1
abandoned,1
spain,1
devastating,1
picture,1
kill,1
may,1
lawmaker,1
honest,1
reveals,1
actions,1
officially,1
planning,1
text,1
light,1
terrible,1
worse,1
christians,1
jane,1
officer,1
showed,1
terrifying,1
lately,1
labor,1
drink,1
bee,1
creator,1
struck,1
keys,1
april,1
has,1
gift,1
sanctions,1
luck,1
eventually,1
bags,1
month,1
person,1
oliver,1
lives,1
's,1
politics,1
kid,1
revealed,1
emotional,1
hampshire,1
inspired,1
lying,1
corruption,1
sustainable,1
brought,1
sure,1
expensive,1
policies,1
addiction,1
limits,1
square,1
graham,1
intense,1
could,1
comes,1
simply,1
use,1
denied,1
warming,1
boys,1
traveler,1
helped,1
written,1
never,1
noticed,1
mcdonald,1
aims,1
administration,1
actors,1
fact,1
brands,1
studies,1
tragic,1
quotes,1
feet,1
greater,1
found,1
whose,1
really,1
settlement,1
trees,1
encourage,1
went,1
bill,1
full,1
bell,1
prison,1
factor,1
teenage,1
pays,1
companies,1
come,1
around,1
north,1
separate,1
boat,1
ski,1
cure,1
street,1
netflix,1
been,1
look,1
terrorist,1
worldwide,1
lot,1
crucial,1
minority,1
canadian,1
potential,1
world,1
leaving,1
claimed,1
perfect,1
forgotten,1
bad,1
teams,1
least,1
gown,1
traditional,1
responsibility,1
true,1
un,1
any,1
sometimes,1
figures,1
crimes,1
shocking,1
tribute,1
weekend,1
looking,1
totally,1
eye,1
birthday,1
injuries,1
production,1
decades,1
firm,1
does,1
raise,1
increasing,1
effect,1
christian,1
he,1
above,1
november,1
armed,1
edition,1
finally,1
rare,1
featured,1
ease,1
whole,1
name,1
jump,1
woman,1
credit,1
central,1
runs,1
animal,1
raising,1
toward,1
ridiculous,1
admits,1
neighborhood,1
trips,1
color,1
play,1
heels,1
nyc,1
panel,1
meaning,1
're,1
man,1
obama,1
gives,1
cut,1
findings,1
silver,1
pool,1
scared,1
mind,1
giving,1
results,1
lawyer,1
enjoy,1
save,1
points,1
basketball,1
click,1
atlanta,1
testing,1
hip,1
apartment,1
originally,1
dangerous,1
robert,1
absolutely,1
require,1
fill,1
died,1
laugh,1
song,1
direct,1
according,1
harry,1
anywhere,1
sam,1
rate,1
sleep,1
lake,1
journey,1
dealing,1
heard,1
believes,1
majority,1
incredibly,1
sport,1
party,1
power,1
affects,1
hits,1
island,1
taking,1
among,1
term,1
miss,1
pressure,1
appeal,1
beyonce,1
meditation,1
hide,1
continued,1
acting,1
limited,1
magazine,1
easy,1
feed,1
rice,1
believed,1
bold,1
produce,1
made,1
near,1
porn,1
wellness,1
allies,1
channel,1
sent,1
flowers,1
cycle,1
spent,1
jimmy,1
security,1
here,1
big,1
injury,1
ban,1
fell,1
award,1
countries,1
smith,1
approach,1
confirmed,1
sen,1
producer,1
enter,1
usa,1
bring,1
massive,1
annual,1
science,1
consider,1
together,1
cutting,1
pumpkin,1
piece,1
kiss,1
middle,1
england,1
changed,1
despite,1
afford,1
bar,1
control,1
sold,1
frozen,1
battle,1
senator,1
network,1
halloween,1
miami,1
protection,1
gun,1
apple,1
movies,1
size,1
attacks,1
hours,1
bed,1
each,1
german,1
commercial,1
his,1
minute,1
transition,1
salad,1
wild,1
house,1
follow,1
matter,1
opens,1
williams,1
considering,1
related,1
cops,1
words,1
couple,1
serious,1
plant,1
see,1
stress,1
river,1
everybody,1
goal,1
syndrome,1
rapper,1
up,1
half,1
names,1
coal,1
voted,1
attack,1
talking,1
costume,1
said,1
night,1
pot,1
equality,1
previous,1
reach,1
yesterday,1
honor,1
long,1
human,1
reaction,1
looks,1
fix,1
traveling,1
tries,1
drinks,1
spirit,1
roy,1
anxiety,1
same,1
share,1
seth,1
court,1
biggest,1
fund,1
native,1
northern,1
outfit,1
tied,1
arizona,1
beer,1
replace,1
loving,1
ahead,1
‚Äôs,1
god,1
ability,1
unfortunately,1
grateful,1
management,1
developing,1
former,1
fly,1
notice,1
jack,1
brings,1
consequences,1
tradition,1
led,1
walking,1
sweet,1
vulnerable,1
bought,1
watch,1
associated,1
anthony,1
based,1
habits,1
female,1
alzheimer,1
watched,1
hand,1
anyone,1
single,1
defends,1
exclusive,1
deal,1
again,1
mobile,1
prepared,1
theory,1
fails,1
last,1
adults,1
entertainment,1
land,1
aging,1
actual,1
laws,1
peter,1
per,1
michael,1
rescue,1
dancing,1
urban,1
love,1
inspire,1
count,1
stick,1
false,1
patrick,1
immigrant,1
bit,1
waiting,1
town,1
head,1
hold,1
votes,1
cities,1
fair,1
period,1
democratic,1
spread,1
brilliant,1
dance,1
planet,1
front,1
film,1
guess,1
bottom,1
vacation,1
possible,1
simple,1
rights,1
dreams,1
york,1
candidate,1
primary,1
colorado,1
resolution,1
record,1
faces,1
ancient,1
movie,1
bomb,1
poor,1
uber,1
america,1
gratitude,1
complex,1
causes,1
foreign,1
deals,1
mix,1
fit,1
talks,1
mexico,1
told,1
rumors,1
planned,1
second,1
spoke,1
wearing,1
carolina,1
reason,1
quiet,1
apart,1
universe,1
held,1
certain,1
hill,1
product,1
tim,1
highlights,1
activities,1
breath,0
bush,0
girlfriend,0
rich,0
population,0
percent,0
latino,0
terror,0
covered,0
relief,0
goes,0
bank,0
ruling,0
orlando,0
friday,0
model,0
achieve,0
milk,0
includes,0
louis,0
areas,0
signs,0
debut,0
lie,0
fans,0
entire,0
seemed,0
moments,0
wage,0
compassion,0
sessions,0
mistake,0
cash,0
wait,0
stay,0
religion,0
ever,0
customers,0
appearance,0
sleeping,0
boyfriend,0
calls,0
voices,0
especially,0
unless,0
st,0
vision,0
pants,0
slams,0
roll,0
surprised,0
spring,0
shopping,0
canada,0
health,0
december,0
%,0
cross,0
behind,0
himself,0
twice,0
requires,0
status,0
drama,0
wonder,0
fight,0
trouble,0
touch,0
personal,0
monday,0
thrones,0
difference,0
n‚Äôt,0
eating,0
crazy,0
pull,0
condition,0
visit,0
thought,0
anger,0
rise,0
daily,0
shift,0
host,0
marco,0
son,0
care,0
tree,0
concerns,0
book,0
chef,0
authorities,0
phone,0
anymore,0
skin,0
tom,0
day,0
suffering,0
lifestyle,0
users,0
epic,0
date,0
minutes,0
risk,0
grace,0
streets,0
hawaii,0
perfectly,0
faced,0
father,0
holidays,0
suit,0
t,0
abuse,0
puts,0
bag,0
scary,0
happy,0
passed,0
times,0
politicians,0
built,0
cruz,0
surgery,0
meat,0
performance,0
humans,0
environmental,0
appeared,0
box,0
patients,0
budget,0
therapy,0
attempt,0
modern,0
films,0
food,0
recovery,0
press,0
she,0
recently,0
amazing,0
mission,0
coverage,0
campaign,0
watching,0
disorder,0
holding,0
target,0
memory,0
stuck,0
pre,0
ending,0
co,0
interesting,0
breaks,0
plays,0
then,0
isis,0
festival,0
soccer,0
natural,0
reality,0
levels,0
friend,0
turns,0
makes,0
family,0
sarah,0
dating,0
documentary,0
september,0
closer,0
editor,0
ad,0
literally,0
old,0
saturday,0
evening,0
congress,0
welcome,0
ball,0
third,0
silence,0
sandy,0
county,0
ice,0
meet,0
engaged,0
services,0
features,0
body,0
routine,0
david,0
officers,0
surprise,0
clothing,0
viral,0
european,0
patient,0
songs,0
deserve,0
via,0
busy,0
domestic,0
show,0
season,0
fast,0
remains,0
game,0
her,0
came,0
chief,0
wonderful,0
quite,0
clothes,0
hell,0
cop,0
club,0
artist,0
researchers,0
cnn,0
catch,0
snow,0
week,0
democrats,0
perry,0
cook,0
giant,0
screen,0
original,0
miles,0
ready,0
city,0
bringing,0
sitting,0
agree,0
sounds,0
home,0
voter,0
celebrating,0
francisco,0
marijuana,0
hit,0
shows,0
conflict,0
latest,0
daughter,0
minister,0
tiny,0
children,0
center,0
seat,0
tax,0
rubio,0
everywhere,0
elizabeth,0
hopes,0
johnson,0
seen,0
inner,0
train,0
favorite,0
win,0
autism,0
mayor,0
plane,0
version,0
artists,0
road,0
forces,0
ride,0
fine,0
telling,0
coast,0
military,0
news,0
type,0
medicine,0
update,0
princess,0
feelings,0
reportedly,0
balance,0
historic,0
development,0
storm,0
character,0
medical,0
serve,0
shot,0
voting,0
gets,0
lower,0
ultimate,0
nice,0
faith,0
child,0
rep,0
china,0
drive,0
secrets,0
lgbt,0
company,0
explains,0
close,0
hilarious,0
surprising,0
ben,0
industry,0
war,0
trend,0
spot,0
incredible,0
physical,0
dead,0
wake,0
coming,0
energy,0
earlier,0
red,0
hurricane,0
funny,0
olympics,0
june,0
disease,0
images,0
abortion,0
heart,0
winter,0
pass,0
side,0
round,0
wall,0
won,0
james,0
pop,0
teens,0
losing,0
published,0
training,0
huffpost,0
fake,0
gifts,0
video,0
feels,0
down,0
thinks,0
pounds,0
inside,0
executive,0
set,0
known,0
anniversary,0
line,0
awesome,0
ted,0
hot,0
mother,0
hotels,0
attorney,0
die,0
michelle,0
blood,0
fresh,0
chocolate,0
products,0
nominee,0
winning,0
dr,0
art,0
shares,0
holiday,0
killing,0
south,0
lady,0
worst,0
church,0
creative,0
ceo,0
election,0
kitchen,0
series,0
east,0
fan,0
hands,0
gay,0
late,0
senate,0
cold,0
christmas,0
store,0
released,0
trans,0
wine,0
adorable,0
presidential,0
famous,0
works,0
french,0
loved,0
flight,0
kids,0
run,0
‚Äú,0
super,0
tv,0
oil,0
ones,0
obamacare,0
girls,0
treatment,0
dark,0
thanks,0
paris,0
