lachapelle,165
miyoshi,165
barosh,165
wangechi,165
mutu,165
athol,165
fugard,165
isolde,165
demeersman,165
pettibon,165
centralworks,165
faberge,165
downloadable,165
cornices,165
alte,165
kocker,165
ratmansky,165
rotunda,165
moor,165
chakrabarti,165
amaluna,165
161st,165
album(s,165
ujazdowski,165
trombones,165
scat,165
luzinterruptus,165
sanabria,165
savina,165
aesthetic?i,165
odc,165
cairn,165
damrau,165
sonnambula,165
elvino,165
høyland,165
biasio,165
kandinsky,165
wassily,165
zoran,165
milosavljevic,165
quinces,165
wirtz,165
trac,165
segued,165
christe,165
trouvaillesdujour,165
puttering,165
schoenfeld,165
hunka,165
pasquale,165
neonscapes,165
gering,165
teju,165
tanguy,165
otero,165
serigraph,165
banquets,165
transpose,165
starlings,165
hasselblad,165
vermeulen,165
orproject,165
annunciation,165
devendra,165
banhart,165
sellios,165
debroize,165
kossoff,165
louver,165
cubism,165
ironbat,165
￼,165
steir,165
spero,165
galleristny,165
montagues,165
segundo,165
befits,165
saramago,165
odilon,165
redon,165
japonais,165
readdress,165
ifp,165
mpc,165
abeles,165
buchan,165
fromholz,165
mckavett,165
boatman,165
zahlmann,165
elsewheres,165
vergne,165
attaché,165
lappas,165
shawati,165
scandar,165
copti,165
goldfinch,165
carel,165
fabritius,165
tartt,165
frick,165
barcodes,165
barcode,165
glitched,165
chromogenic,165
bossa,165
gestalt,165
joão,165
monteavaro,165
ouroboros,165
fledermaus,165
coppelman,165
florio,165
sluizer,165
scherman,165
hovnanian,165
hafftka,165
dicterow,165
demaine,165
biegel,165
turrell,165
rojo,165
zhenya,165
gershman,165
euclide,165
umi,165
onafujiri,165
remet,165
torelli,165
hebe,165
scathingly,165
zetz,165
warhols,165
dobermans,165
cotidiano,165
claudi,165
carreras,165
ballen,165
grrl,165
mackaye,165
lloret,165
gurlitt,165
superabundant,165
città,165
nemett,165
bibro,165
uncompromised,165
vedernikov,165
ilyich,165
gossips,165
olek,165
prehistory,165
heckscher,165
reoriented,165
rabinow,165
engraver,165
scheier,165
rippner,165
rauschenberg,165
mansun,165
anchoress,165
stax,165
quilting,165
½,165
frankenberg,165
performa,165
endymion,165
delacroix,165
talkbacks,165
koudounaris,165
spiritualist,165
linoleum,165
vielmetter,165
isotropic,165
charl,165
roosegaarde,165
zegher,165
manège,165
movieness,165
franksy,165
colville,165
w.o.f,165
modersohn,165
radycki,165
suh,165
tomie,165
ohtake,165
hetain,165
transformer,165
arguendo,165
amodels,165
turntables,165
guoh,165
mihai,165
printmaking,165
poire,165
petunia,165
krimershmoys,165
jieun,165
nyff,165
artinfo,165
petapixel,165
rozendaal,165
pacini,165
istad,165
frameline,165
laredo,165
equus,165
brandmeyer,165
bjarne,165
melgaard,165
mais,165
darwazah,165
spahn,165
trecartin,165
​​​​​​​​​​​​​​​​​​​forget,165
stanhope,165
worsley,165
diehl,165
photorealism,165
cupolas,165
porada,165
dlandstudio,165
ecologies,165
dobrowner,165
kopeikin,165
plough,165
miyamoto,165
craycroft,165
albertson,165
grahne,165
legible,165
catadores,165
exulted,165
mcclary,165
goldin,165
qf,165
readymades,165
dyslexics,165
geometrical,165
sturdiness,165
iranzo,165
costen,165
doskow,165
docfest,165
mickalene,165
salle,165
jaune,165
rhinestones,165
ringgold,165
shinique,165
olise,165
watergame,165
mutton,165
parrott,165
gosia,165
wlodarczak,165
shakin,165
mazurka,165
hyperreligiosity,165
rives,165
"46""x20",165
dildine,165
krause,165
mearns,165
@nycbstar2b,165
auguststrasse,165
emulsion,165
ejw1303,165
pieter,165
yakubu,165
agbogbloshie,165
accra,165
grommets,165
pomet,165
saraceno,165
ockenfels,165
nsfw)(photos,165
delacruz,165
tanna,165
baobab,165
coumba,165
yarmosky,165
feuer,165
arbus,165
niffenegger,165
illsutrations,165
unalike,165
146th,165
tala,165
madani,165
moderna,165
museet,165
parmar,165
mushnik,165
stentorian,165
playwriting,165
bocock,165
accordionists,165
tselkov,165
jaska,165
redhook,165
samorì,165
l'occhio,165
occidentale,165
verwindung,165
sadegh,165
tirafkan,165
takht,165
jamshid,165
llyn,165
subotnik,165
levalet,165
leval,165
biggers,165
theimageblog,165
silkscreen,165
alhamdulillah,165
samaha,165
xingwei,165
yue,165
minjun,165
jeane,165
chiaroscuro,165
flaccid,165
seyffertitz,165
yoshitomo,165
taschen,165
fiaf,165
goury,165
kubla,165
iliatova,165
isadora,165
granade,165
bathmat,165
celaya,165
oscillate,165
musser,165
fouquet,165
hyena,165
ajasco,165
bohnstedt,165
silber,165
kaleidopope,165
schor,165
gesso,165
coagula,165
woodcut,165
pictograms,165
rancid,165
hermann,165
lederle,165
trunchbull,165
trunch,165
bleicher,165
jaus,165
hangarbicocca,165
projective,165
urs,165
wizardly,165
trad,165
teetotallers,165
lunasa,165
solas,165
zellen,165
pøst,165
gouache,165
headdresses,165
manikin,165
symbolist,165
candyland,165
lollypop,165
gumdrop,165
bfbc,165
cply,165
reconstruct,165
jeux,165
krull,165
davids,165
nouwens,165
physiques,165
bertie,165
carvel,165
tallchief,165
nureyev,165
petersburger,165
intermissionless,165
90-minuter,165
urie,165
braverman,165
aipad,165
inkle,165
milissa,165
bmfa,165
letterscapes,165
saccani,165
arts&culture,165
saya,165
woolfalk,165
empathics,165
chimera,165
kordansky,165
bogotá,165
ramiro,165
localization,165
m8,165
shebam,165
blop,165
wizz,165
garabedian,165
ryman,165
eggcelent,165
catalfumo,165
keckler,165
xecutive,165
czechoslovakian,165
atilio,165
pernisco,165
http://cnp-la.org/event/post-la,165
goya,165
pastorale,165
minh,165
substrate,165
¼,165
cornelia,165
dannielle,165
tegeder,165
steamfitters,165
minervini,165
bather,165
polyfilm,165
bday,165
hachem,165
feriani,165
mocilnikar,165
kolar,165
maciel,165
bisi,165
lemanska,165
drummers,165
whm,165
carolee,165
schneemann,165
artforum,165
bronzino,165
mannerist,165
rudyard,165
kipling,165
edo,165
ukiyo,165
pilobolus,165
lacmoca,165
santino,165
bravura,165
courbet,165
factoria,165
mueck,165
hyperrealism,165
wirth,165
deathxperts,165
fitzharris,165
chirurgeon,165
punditize,165
instagigs,165
shotokan,165
noell,165
oszvald,165
osvald,165
years.yet,165
schulnik,165
impasto,165
cliburn,165
pianists,165
rhye,165
milosh,165
greenroom,165
okseniuk,165
sperone,165
westwater,165
bischofberger,165
jn,165
kaphar,165
vesper,165
challenges--,165
rickhoff,165
vêpres,165
siciliennes,165
artemisia,165
gentileschi,165
holofernes,165
artschwager,165
multifarious,165
trans4,165
shanley,165
fujifilm,165
kessels,165
larbi,165
laaraichi,165
actaeon,165
wusheng,165
sandburg,165
doig,165
hirschhorn,165
quiara,165
alegría,165
hudes,165
finke,165
prezpoem,165
retrospectives,165
laib,165
brancusi,165
mmmmcreamyipa,165
defamations,165
dorsen,165
juren,165
knudson,165
galerie,165
grouplove,165
theophilus,165
padlocks,165
cessart,165
herriman,165
hispanico,165
oller,165
nicholason,165
economize,165
latus,165
overambitious,165
chitect,165
tsung,165
aelita,165
athenaeum,165
ansen,165
lighton,165
conjoin,165
knowable,165
momath,165
benjaman,165
endara,165
photorealistic,165
triennial,165
apt7,165
abmb,165
wouter,165
kalis,165
cdk,165
tadao,165
piet,165
eitaro,165
rolston,165
ventriloquist,165
brookner,165
iphonic,165
chelbin,165
ruslan,165
khasanov,165
amberdawn,165
katrin,165
korfmann,165
kolorit,165
asterisms,165
clemenza,165
regicide,165
garanca,165
anatsui,165
scofidio,165
renfro,165
seapunks,165
seapunk,165
taxidermic,165
artfutura,165
lurkey,165
keas,165
gatehouse,165
wilfred,165
egger,165
gaeta,165
lolitas,165
young'uns,165
boccia,165
fiestiest,165
mahler,165
schoenberg,165
contraptions,165
eyepatch,165
glassblower,165
glassblowing,165
mandolin,165
cinematically,165
razzamatazz,165
janov,165
janovsky,165
merisi,165
boheme,165
goghs,165
renoirs,165
manets,165
antieau,165
kalman,165
maira,165
tomer,165
hodler,165
scaaaary,165
heide,165
hatry,165
schrodinger,165
pinter,165
arp,165
avante,165
woodmere,165
edlen,165
sandworkz,165
essl,165
papermoon,165
lenkiewicz,165
delmez,165
cortiñas,165
amuseum,165
enteo,165
lipkis,165
bowiefest,165
taraina,165
bloor,165
convents,165
tadder,165
tt,165
centipede,165
othoniel,165
düwel,165
honore,165
smithyman,165
bainbridge,165
creon,165
puny,165
fishl,165
maos,165
bourdier,165
bodyscapes,165
zacron,165
homu,165
simonson,165
cb1,165
makeups,165
granulated,165
matjames,165
metson,165
gewerbemuseum,165
winterthur,165
dael,165
orlandersmith,165
roemers,165
trost,165
harmenszoon,165
rijn,165
victorianism,165
caillard,165
sulova,165
bishkek,165
flippycat,165
dominogh,165
alighiero,165
boetti,165
lucian,165
misalliances,165
misalliance,165
gonif,165
brambilla,165
gashes,165
complexly,165
njideka,165
akunyili,165
meleko,165
mokgosi,165
bizer,165
waveform,165
kinkade,165
primitivist,165
rumple,165
bakhshi,165
brushtop,165
ruefully,165
nomerz,165
matiz,165
heterogeneous,165
louviere,165
shuttleworth,165
ethnomorphic,165
billis,165
leichter,165
doroth,165
woodman,165
steinhauer,165
scallywags,165
enn,165
meislin,165
moviemakers,165
fusebox,165
faires,165
alesi,165
arif,165
lohar,165
herford,165
berthézène,165
sadko,165
friedrich,165
petzel,165
skywalking,165
ottinger,165
artisphere,165
almere,165
oosterworld,165
mvrdv,165
diorama,165
fumi,165
salone,165
borba,165
costantini,165
goldsworthy,165
mutilates,165
izolyatsia,165
jeongmee,165
guvnors,165
rainbowis,165
archizines,165
narcissister,165
a.i.r,165
charlotta,165
westergren,165
nari,165
lehmann,165
maupin,165
guillem,165
45s,165
woodburning,165
schipper,165
loopy,165
forger,165
urbanists,165
rosson,165
zellerbach,165
wpa,165
rayed,165
gregor,165
piatigorsky,165
cellists,165
infractions,165
voca,165
newsical,165
pompous,165
nuttier,165
slamdance,165
allusions,165
petrina,165
lightjet,165
1ap,165
accordions,165
glasstress,165
biennales,165
kissel,165
170th,165
instagrammarians,165
ballets,165
abney,165
davidovitz,165
flim,165
flam,165
hamelijnck,165
doghouses,165
utermohlen,165
kyung,165
sunghyun,165
fatales,165
ciraolo,165
supersystems,165
allard,165
hoorn,165
songline,165
imageblog,153
cm,145
moca,141
"""",139
karoline,137
gagosian,137
surrealist,137
hjorth,132
riitta,132
ikonen,132
hockney,132
dorothea,132
aperture,132
82nd,128
shostakovich,124
corita,124
weems,124
taymor,124
beckett,124
hanksy,124
rudess,124
neighbours,124
gelatine,124
foulkes,124
helander,124
haring,124
expressionism,124
neue,124
saville,124
escher,124
chihuly,118
klimt,118
borodin,110
onegin,110
menagerie,110
o’keeffe,110
staller,110
taymour,110
chagall,110
allegorical,110
engler,110
vinoodh,110
cloisters,110
gustav,110
balanchine,110
starwars,110
hodson,110
haggerty,110
platz,110
maes,110
botticelli,110
hirst,110
winogrand,110
whitacre,110
sculptors,110
mayday,110
lumen,110
designboom,110
bly,110
delacorte,110
adirondack,110
rembrandt,110
clybourne,110
hegarty,110
wulff,110
acrylic,108
impressionist,99
beatriz,99
expressionist,99
erizku,99
brontë,99
renoir,92
duchamp,82
60-minute,82
orpheus,82
manuscripts,82
cavett,82
geezer,82
mircea,82
harebrained,82
satchmo,82
boggess,82
trueman,82
culvert,82
camarena,82
amina,82
representational,82
dekkers,82
resonant,82
deductive,82
kanevsky,82
yellin,82
twelfth,82
igor,82
capulets,82
greig,82
rebelliousness,82
barlow,82
rollicking,82
ingenue,82
typography,82
marcher,82
tête,82
gilberto,82
beane,82
inventiveness,82
aps,82
triptych,82
sanjay,82
saycon,82
sengbloh,82
møller,82
archdaily,82
gallivant,82
longstreth,82
leonid,82
vermeer,82
yarns,82
cornelius,82
crisscrossing,82
hashimoto,82
chekhovian,82
crocheted,82
nosing,82
eugène,82
midsummer,82
nabbing,82
spiritualism,82
siamese,82
revivals,82
epitomize,82
outshone,82
gelatin,82
coursing,82
printmaker,82
liken,82
glendale,82
obliging,82
nouns,82
improvisational,82
zines,82
philharmonic,82
rhinoceros,82
sharpe,82
devotions,82
enfant,82
cosmological,82
hyperrealist,82
tennyson,82
dolby,82
susannah,82
bejeezus,82
quadrant,82
wookiees,82
mako,82
schutz,82
generative,82
bygones,82
conqueror,82
apocalyptical,82
readymade,82
megalomania,82
utopias,82
beyer,82
bridgehampton,82
twine,82
mie,82
guardia,82
libretto,82
adamo,82
joachim,82
paco,82
sol,82
rainmaker,82
elia,82
fiddler,82
malmö,82
vigoda,82
wowing,82
lad,82
sant,82
graphite,82
nara,82
kute,82
kulture,82
menacingly,82
synth,82
inkjet,82
entranced,82
carrara,82
charmaine,82
repulses,82
refurbished,82
phonograph,82
pip,82
baristart,82
hoy,82
s.o.s,82
adroit,82
tress,82
regroups,82
workspaces,82
replication,82
kaye,82
flatiron,82
glimpsed,82
distresses,82
anemone,82
¾,82
ph,82
gris,82
aesthetes,82
elaborately,82
woodblock,82
contorting,82
reworked,82
specialize,82
keiser,82
afterimages,82
surrealistic,82
sandro,82
barclay,82
hoey,82
eggleston,82
grimy,82
environs,82
staver,82
jasper,82
juxtapositions,82
crackle,82
sfmoma,82
constantin,82
revile,82
parading,82
faultless,82
portait,82
stieglitz,82
rudolf,82
rummaged,82
acrobats,82
repulsion,82
ps1,82
corralling,82
recitation,82
wk,82
mies,82
ando,82
mckee,82
monograph,82
tito,82
bandied,82
fashioning,82
rosenquist,82
bruin,82
iver,82
arthurian,82
sainsbury,82
koolhaas,82
taper,82
verity,82
rube,82
freerunning,82
stylistic,82
caravaggio,82
limor,82
oppa,82
manley,82
fishman,82
joo,82
heng,82
absolutes,82
hieronymus,82
frist,82
novosti,82
ahn,82
ballpoint,82
seafarers,82
fringenyc,82
hoffine,82
maybelle,82
bonet,82
vieja,82
cheech,82
quay,82
galas,82
gardiner,82
jemima,82
125th,82
kinetic,82
wildish,82
beautifying,82
vivan,82
aida,82
artweek.la,82
articulation,82
drawback,82
vandal,82
loincloths,82
xaviera,82
differentiating,82
naughtiness,82
hibbard,82
demetrious,82
lux,82
fwd,82
sufi,82
kehinde,82
bellen,82
imbues,82
d.i.y,82
urbanism,82
marlborough,82
stupendously,82
slapstick,82
ballengée,82
flemish,82
sylvie,82
weekending,82
dario,82
futurists,82
zomg,82
maillot,82
danson,82
bacchanal,82
urinals,82
findlay,82
botanica,82
superheroines,82
ellsworth,82
ft,74
depictions,73
weiwei,73
bourgeois,73
exhibition,72
canvases,71
fairey,71
colorized,71
totem,71
monet,71
dumas,71
annenberg,71
frieze,71
bolshoi,71
canvas,69
haiku,66
hellman,66
specimens,66
abramovic,66
nepalese,66
travails,66
lovitz,66
glynn,66
sculptural,66
stills,66
perused,66
albee,66
inez,66
karim,66
fiend,66
kidd,66
millicent,66
shoemaker,66
choreographed,66
bilbao,66
chapin,66
christophe,66
botero,66
storefront,66
alexi,66
©,63
diablo,62
walcott,62
prodigies,62
compositions,62
nan,62
figurative,62
paintings,60
monologues,60
applicant,60
gogh,58
compiles,55
larks,55
junkyard,55
ful,55
exhilarated,55
covent,55
tricycle,55
rafters,55
boulders,55
ephemeral,55
mirroring,55
movingly,55
melville,55
houdini,55
pillsbury,55
picnicking,55
scholarly,55
lifes,55
belch,55
gazes,55
fondation,55
beyeler,55
guerrier,55
fulltime,55
fauna,55
lombard,55
interrogates,55
calypso,55
midas,55
luciana,55
burstein,55
zips,55
alix,55
demographers,55
obscura,55
sentimentality,55
ceaseless,55
collage,55
peake,55
distills,55
subculture,55
photojournalists,55
gunpowder,55
britten,55
amalgamated,55
roald,55
waddell,55
auspices,55
juxtaposes,55
halley,55
feiffer,55
aitken,55
yayoi,55
hennessey,55
fractals,55
superficially,55
dreamlike,55
nightlight,55
vamp,55
appelhof,55
tian,55
leavened,55
anders,55
enamel,55
autotune,55
fireman,55
relinquished,55
magdalene,55
soundscape,55
poms,55
kazan,55
liveblog,55
postwar,55
figaro,55
galleria,55
lyndie,55
lucien,55
entangling,55
leviathan,55
coolidge,55
meaninglessness,55
banality,55
mustachioed,55
caamfest,55
diameter,55
colson,55
unfriending,55
hertz,55
bianco,55
composite,55
matilda,55
narcissus,55
firmament,55
cahill,55
bonhams,55
awol,55
armory,55
choreographers,55
latoya,55
democratizing,55
christo,55
aggrandizing,55
artistically,55
expos,55
emin,55
cinephiles,55
minimalistic,55
wikimedia,55
objectified,55
animators,55
satirist,55
kk,55
mythological,55
cubist,55
aunties,55
bidders,55
seething,55
contrived,55
olio,55
artform,55
veracity,55
hadrian,55
sunroom,55
theatergoer,55
traversing,55
rohe,55
geisha,55
burroughs,55
maidens,55
brodsky,55
ladd,55
kass,55
marian,55
pukes,55
tailed,55
renderings,55
hotshot,55
possum,55
languished,55
stravinsky,55
craftsmanship,55
domesticity,55
bloomers,55
welles,55
ignacio,55
ria,55
communicator,55
pigment,55
matthias,55
proliferating,55
empress,55
lapine,55
chicano,55
ribald,55
barbeques,55
kyrgyz,55
premiers,55
residencies,55
gustave,55
punctuate,55
bab,55
verne,55
ofri,55
apparition,55
kilometer,55
katchadourian,55
magicians,55
cowan,55
escobar,55
labyrinths,55
photobooth,55
daydreamer,55
tilts,55
auguste,55
unravelling,55
chameleons,55
seashells,55
fetishized,55
petry,55
objectifying,55
mona,53
artworks,52
linen,52
damien,52
repertory,51
psy,50
violinist,49
verdi,49
artsy,49
marcel,49
gallery,49
soleil,47
watercolor,47
curses,47
hyperrealistic,47
yurt,47
nomadic,47
kusama,47
cigars,47
helmut,47
lyrical,47
graph,47
zeppelin,47
mongolian,47
dabbled,47
lichtenstein,47
frey,47
marta,47
nakamura,47
berlusconi,47
poems,46
moma,46
kahlo,45
morbid,45
guggenheim,44
marin,44
poetry,43
exhibitions,43
prodigy,43
montes,41
cirque,41
trooping,41
cavernous,41
eschews,41
tangles,41
obeyed,41
expressly,41
pixelated,41
snowstorms,41
freudian,41
estates,41
hatcher,41
operatic,41
souza,41
attentively,41
cellist,41
pia,41
gordy,41
cheri,41
controversially,41
puri,41
hargreaves,41
pensacola,41
madsen,41
susanne,41
pervades,41
forties,41
greenspan,41
marius,41
backlit,41
grrrl,41
dahl,41
miniatures,41
kaleidoscopic,41
reverie,41
installations,41
visage,41
blankie,41
tivo,41
manuscript,41
melancholic,41
lacma,41
scarcely,41
greenpoint,41
arthamptons,41
kartheiser,41
ascend,41
hapless,41
coif,41
mutter,41
playwrights,41
subversion,41
proprietor,41
accordion,41
saatchi,41
radiated,41
dali,41
plaintive,41
medusa,41
wold,41
copley,41
archer,41
collages,41
gilford,41
fluency,41
mfa,41
teatro,41
crabapple,41
physicality,41
reprised,41
hinkle,41
mustang,41
unquestioned,41
culver,41
spades,41
closeup,41
presences,41
ve,41
doctoring,41
categorization,41
protean,41
kamen,41
leland,41
entrant,41
ramon,41
mozart,41
pathos,41
unflinching,41
ungerer,41
universes,41
ikb,41
aquarius,41
oozed,41
85th,41
mariner,41
cardiff,41
machismo,41
deciphering,41
kirke,41
bodysuits,41
storefronts,41
droll,41
jules,41
nikita,41
drachma,41
olympus,41
kw,41
dumbo,41
pranksters,41
jun,41
banal,41
overexposed,41
fabian,41
undefined,41
drawings,40
installation,40
pussy,40
painter,40
unorthodox,39
ghostly,39
sculptor,39
conceptual,38
beethoven,38
nudes,38
arts,38
motown,37
hobbes,37
patel,37
assassin,37
adirondacks,37
ukulele,37
hyperbolic,37
lange,37
nomads,37
whittaker,37
goddesses,37
dmitry,37
wayward,37
dill,37
retrospective,36
masterpieces,36
banksy,35
realism,35
mcphee,35
burt,35
rockwell,35
playhouse,34
frida,34
sculptures,34
rosenberg,33
ca,33
depict,33
yarn,33
repurposed,33
surrealism,33
miz,33
neverland,33
gustavo,33
sterile,33
incline,33
metaphorically,33
shakespearean,33
revisionist,33
intelligently,33
werewolf,33
foolishly,33
gambia,33
jc,33
recluse,33
nylon,33
tchaikovsky,33
redding,33
mads,33
traveller,33
elemental,33
über,33
toying,33
rotating,33
scribble,33
antibody,33
barre,33
solemnity,33
exposition,33
peppered,33
jayne,33
merciful,33
tomás,33
senegalese,33
wry,33
rarer,33
oleg,33
wanders,33
humorously,33
sine,33
slurry,33
mira,33
flute,33
exhibitors,33
cleopatra,33
osorio,33
mahoney,33
elaborated,33
explorations,33
scarecrow,33
hauser,33
duane,33
ives,33
cesspool,33
relaunches,33
enigmatic,33
aoki,33
sotheby,33
duplicate,33
startlingly,33
curate,33
illustrators,33
punchy,33
ltd,33
testicles,33
vandalize,33
hindi,33
wolfgang,33
editions,33
talisman,33
galvanizing,33
encircled,33
catalyze,33
superbly,33
sailboats,33
homeboy,33
ecologically,33
cumming,33
sic,33
allegory,33
checkmate,33
ya'll,33
palisades,33
operas,33
characterization,33
dominoes,33
freud,33
mathematician,33
expeditions,33
yauch,33
devaluation,33
aviator,33
swerving,33
trickery,33
wooed,33
morgue,33
yoon,33
musee,33
aloof,33
kelley,32
psychedelic,31
theatre,31
productions,31
doha,31
variable,31
untitled,31
poe,31
violin,31
phantom,31
autobiographical,30
biennial,30
supernatural,30
pollock,30
terrell,30
commons,30
biennale,30
console,30
revolves,30
marlene,30
hugo,30
gehry,30
constellation,30
memorize,30
outbursts,30
angelo,30
hauntingly,30
conductor,30
movember,30
temp,30
pharmacist,30
illustrator,29
artwork,29
illuminate,29
inches,29
nighter,29
fringe,29
galleries,28
prolific,27
charmingly,27
f*cking,27
zeros,27
doorways,27
heathers,27
alexei,27
incidental,27
expires,27
throwaway,27
mesa,27
freakish,27
typeface,27
abstraction,27
textile,27
finch,27
rosenthal,27
radiate,27
batty,27
excused,27
sickle,27
archival,27
multidisciplinary,27
infrared,27
expanse,27
matisse,27
awestruck,27
blinged,27
chaplin,27
geese,27
maelstrom,27
hallucinogenic,27
o'keeffe,27
compressed,27
hitchhiker,27
mediated,27
bergen,27
1940s,27
rivalries,27
scoops,27
exhibited,27
restraints,27
hillbilly,27
subversive,27
dissolved,27
tolstoy,27
representations,27
palma,27
leanings,27
reviewer,27
preface,27
lsd,27
drywall,27
maniacal,27
binder,27
bolts,27
claude,27
lolita,27
eyre,27
pseudonym,27
brownstein,27
blip,27
bodybuilding,27
weightless,27
janis,27
joplin,27
gauguin,27
choral,27
hoboken,27
neckties,27
flutes,27
testicular,27
fraser,27
hester,27
combing,27
mortician,27
formaldehyde,27
evasive,27
whirl,27
katz,27
deceptions,27
bosch,27
wilma,27
foreboding,27
squatters,27
remixing,27
conveys,27
subtitles,27
knuckle,27
sparklers,27
lastly,27
immerses,27
serrano,27
meadow,27
cello,27
kristy,27
artistic,27
opera,27
warhol,27
screened,27
dale,26
contemporary,26
norris,26
fantastical,26
illustration,26
vimeo,26
mae,26
riot,26
ballet,26
exhibit,25
vault,25
lagos,25
endowment,25
silva,25
mumford,25
onscreen,25
piss,25
picasso,25
pianist,25
mamet,25
showcased,24
memorandum,24
animator,24
bathhouses,24
readings,24
aristocratic,24
swarms,24
alia,24
prose,24
sparse,24
afterlife,24
stoppers,24
uncanny,24
upended,24
contented,24
constance,24
pervert,24
foreground,24
furthering,24
msn,24
superfluous,24
catharsis,24
energizer,24
soto,24
algorithms,24
hitman,24
witches,24
maloney,24
kemper,24
fetching,24
merrily,24
arturo,24
mainstage,24
incubator,24
ha,24
sanford,24
docks,24
mechanical,24
bloch,24
togetherness,24
obscured,24
fairfax,24
inquiring,24
spits,24
socal,24
madeline,24
doctoral,24
worshipped,24
amplifying,24
titus,24
basquiat,24
campfire,24
flagging,24
chairlift,24
dillon,24
vastness,24
unholy,24
dracula,24
michal,24
dissolving,24
tramp,24
sponge,24
beak,24
crackling,24
peeved,24
ma,24
paradoxical,24
hijinks,24
splatter,24
orson,24
bendy,24
albinism,24
sunken,24
seams,24
kyrgyzstan,24
concluding,24
atlantis,24
meticulous,24
electrified,24
quilts,24
deterioration,24
mamma,24
furnace,24
voluptuous,24
rothko,24
recital,24
choreography,24
notoriety,24
mingling,24
reproduce,24
artist,23
art,23
instrument,23
dimensions,22
musicals,22
photography,22
curator,22
fetish,22
eponymous,22
painters,22
theodore,22
troupe,22
conjunction,22
o'connor,22
logos,22
appropriation,22
michelangelo,22
ari,22
weaving,22
hopper,22
vernon,22
dreamy,22
artists,22
finalists,21
disciplinary,21
vincent,21
fucking,21
pincus,21
amazement,21
relics,21
lillian,21
obsessions,21
nodded,21
resembling,21
alfred,21
flora,21
promenade,21
showcasing,21
dhabi,21
jaime,21
armisen,21
peet,21
undying,21
nightclubs,21
roamed,21
theatrical,21
monde,21
neediness,21
snapshots,21
fabrication,21
frailty,21
manger,21
darcy,21
stokes,21
inter,21
melty,21
monroe,21
watery,21
electrical,21
soprano,21
sorrows,21
trance,21
mccann,21
specified,21
bewitching,21
keenly,21
delia,21
payne,21
daniela,21
frazier,21
uninvited,21
storming,21
karate,21
chiseled,21
skivvies,21
ghoulish,21
entrances,21
personas,21
commissions,21
talker,21
pont,21
venetian,21
prickly,21
questionably,21
mashups,21
rupture,21
orozco,21
diller,21
proceeded,21
stirling,21
unforgiving,21
irons,21
interacts,21
mariners,21
beaded,21
lancaster,21
jessa,21
fasten,21
yiddish,21
fairs,21
uzbekistan,21
augmented,21
francesca,21
plutocrats,21
playwright,20
quinn,20
streisand,20
viewer,20
mitchell,20
tracey,20
staged,20
lester,19
attuned,19
nova,19
intoxicating,19
dyslexia,19
norma,19
thrift,19
starry,19
swastika,19
draped,19
lauderdale,19
chen,19
doodles,19
tanner,19
orphan,19
classical,19
creations,19
vinyl,19
audiences,19
poem,19
examines,19
deliciously,18
hummingbird,18
kickass,18
o'hara,18
stewardess,18
rawlings,18
conspiracies,18
trippy,18
honing,18
unintentional,18
resonance,18
fuji,18
oddball,18
quantify,18
facade,18
assign,18
staircase,18
val,18
outlier,18
atypical,18
condoleezza,18
martyrs,18
interconnectedness,18
embarked,18
hangers,18
melancholy,18
karenina,18
bushwick,18
marcella,18
narrate,18
compost,18
absorbing,18
listens,18
jody,18
ambivalent,18
min,18
91-year,18
drumming,18
swinton,18
pascal,18
revere,18
cupid,18
illuminates,18
velvety,18
reimagines,18
saul,18
parr,18
adjectives,18
hazelnut,18
quartz,18
beams,18
paternal,18
dissenters,18
swans,18
hippest,18
humphrey,18
innovating,18
sandman,18
seminal,18
heirs,18
misrepresented,18
childlike,18
domesticated,18
ferdinand,18
jeweled,18
speck,18
harlan,18
baldness,18
hereditary,18
deneuve,18
bing,18
alvarez,18
seatbelt,18
perverted,18
contemplated,18
reckon,18
manifested,18
precedence,18
panicking,18
tremors,18
architecture,18
museum,18
illustrations,18
dancers,18
curated,18
portraits,18
poets,18
courtesy,18
raymond,17
varies,17
draper,17
smokey,17
becker,17
edgar,17
photograph,17
viktor,17
fabricated,17
marble,17
coated,17
marker,17
mosaic,17
ambiguous,17
painting,17
smog,17
tunisia,17
barbra,17
poetic,17
landscapes,17
gangnam,17
centre,16
skyscraper,16
metallic,16
momentous,16
trilogy,16
handheld,16
du,16
warsaw,16
onward,16
obliterated,16
philippe,16
randall,16
vocalist,16
comprised,16
ambiance,16
dickens,16
madoff,16
heavyweights,16
swanky,16
documentaries,16
chutzpah,16
alchemy,16
potency,16
portrayals,16
cleverly,16
unbearably,16
swords,16
inquiries,16
enterprises,16
pom,16
portrays,16
mystical,16
rags,16
sager,16
papal,16
anime,16
yves,16
ushers,16
rebooting,16
birch,16
terrorizing,16
atkins,16
font,16
fanatical,16
treacy,16
moth,16
vent,16
unearth,16
experimentation,16
fiennes,16
lp,16
bender,16
intricacies,16
positioning,16
deftly,16
comical,16
camouflage,16
patchwork,16
guarding,16
150th,16
roaring,16
hijacking,16
hijack,16
cones,16
dwellings,16
dixon,16
macdonald,16
voldemort,16
flea,16
guild,16
martinez,16
graffiti,16
caesar,16
hayes,16
caption,16
theater,16
metropolitan,16
surreal,16
crafted,16
o'neal,16
rubik,16
demon,16
desks,16
brigitte,16
”,16
fernando,16
piano,16
objects,16
chicks,15
minimalist,15
exquisite,15
documenting,15
marina,15
signaling,15
spellbinding,15
les,15
blaring,15
electrifying,15
ernie,15
ventura,15
choreographer,15
coney,15
confines,15
idiosyncratic,15
speculated,15
80-year,15
warped,15
goers,15
crunching,15
requisite,15
instructive,15
meticulously,15
knitted,15
snuck,15
hasan,15
smitten,15
reconsidering,15
memoriam,15
kaleidoscope,15
kuwait,15
cameraman,15
calculus,15
elliot,15
crochet,15
modernist,15
puddle,15
melvin,15
creatives,15
provocateur,15
tilted,15
superhuman,15
dyson,15
enraged,15
whine,15
blends,15
cataclysmic,15
demolished,15
andreas,15
repulsive,15
interdisciplinary,15
lesley,15
feldman,15
overlap,15
barker,15
explores,15
dot,15
velvet,15
copper,15
photographs,14
extravaganza,14
interpretations,14
reconstruction,14
26th,14
surrogates,14
avant,14
redheads,14
enrique,14
insect,14
oppressive,14
edinburgh,14
jealousy,14
ranging,14
ink,14
dolls,14
admirer,14
visions,14
conception,14
triangle,14
deco,14
eternally,14
baroque,14
stilettos,14
dimensional,14
natasha,14
fischer,14
supremely,14
levy,14
consisting,14
reverence,14
quilt,14
envisions,14
seo,14
blinds,14
arranging,14
respectable,14
rites,14
collector,14
allan,14
bjork,14
puke,14
stimuli,14
kessler,14
nicola,14
emilio,14
reformed,14
imperfection,14
companionship,14
disparate,14
scrabble,14
linens,14
midwestern,14
textbook,14
24th,14
corinne,14
sexes,14
northam,14
regrettable,14
sirens,14
puppets,14
matrix,14
blinded,14
tempo,14
tab,14
exuberance,14
arch,14
littered,14
monte,14
carlo,14
matthews,14
auction,14
norman,14
odyssey,13
cinema,13
kenneth,13
pony,13
miserables,13
lure,13
basel,13
photographic,13
commissioned,13
marshmallow,13
felix,13
clowns,13
kruger,13
eden,13
torres,13
poet,13
collide,13
manual,13
leon,13
pioneered,13
competed,13
enchanted,13
wandered,13
foiled,13
dripping,13
humbly,13
agitated,13
hanna,13
caitlin,13
masterfully,13
environmentalist,13
consolidate,13
leagues,13
filtered,13
indelible,13
inspection,13
fro,13
illuminating,13
moniker,13
silhouettes,13
tantalizing,13
astronomy,13
supper,13
culled,13
holiest,13
lotus,13
etched,13
pedestal,13
extracurricular,13
awash,13
wishful,13
buckley,13
behemoth,13
inflated,13
folly,13
orgy,13
compromises,13
colonialism,13
compose,13
hobbies,13
memorabilia,13
blending,13
frankenstein,13
feasts,13
manufacture,13
bountiful,13
skyfall,13
tolkien,13
stanton,13
wolfe,13
sondheim,13
filmmaking,13
bach,13
charmed,13
makeovers,13
wiley,13
andres,13
bard,13
barney,13
brendan,13
print,13
bronze,12
victorian,12
shaw,12
poker,12
eternity,12
lebanese,12
crotch,12
interpret,12
fetch,12
titled,12
centric,12
pierre,12
trio,12
photographers,12
infinite,12
balloons,12
captures,12
protagonist,12
ramshackle,12
carved,12
dramas,12
darling,12
attracted,12
aesthetic,12
greyhound,12
huff,12
gerald,12
confessional,12
staging,12
louvre,12
summers,12
transforms,12
embedded,12
rarest,12
kilometers,12
backdrop,12
depicts,12
nimoy,12
singers,12
postpone,12
lightweight,12
shipwreck,12
documentation,12
acutely,12
delve,12
windfall,12
flux,12
spewing,12
unicorns,12
erosion,12
hordes,12
recurrent,12
sew,12
thesis,12
periodic,12
synthetic,12
unadulterated,12
glows,12
hannibal,12
jargon,12
spoonful,12
stoic,12
marvels,12
greenwich,12
sumptuous,12
martyr,12
kai,12
lectures,12
earthly,12
gals,12
grapples,12
instructional,12
meaty,12
microscope,12
mandy,12
admiring,12
van,12
edition,12
performances,12
visual,12
filmmakers,12
architects,12
influenced,11
robinson,11
astounding,11
panels,11
revival,11
comet,11
squat,11
entitled,11
fictional,11
playful,11
jeanne,11
smithsonian,11
horrified,11
paint,11
shepard,11
tales,11
seinfeld,11
pencil,11
materials,11
duncan,11
30th,11
maxwell,11
lamont,11
thorough,11
vigorously,11
pinto,11
arteries,11
artistry,11
nuances,11
descriptions,11
hooray,11
exuberant,11
veins,11
institutionalized,11
frogs,11
anew,11
chadwick,11
wiping,11
exhaustive,11
vomiting,11
bamboo,11
austen,11
revisiting,11
laziness,11
vigils,11
disciplines,11
orchestrated,11
californian,11
webb,11
unquestionably,11
maverick,11
socializing,11
oily,11
constructing,11
neal,11
bart,11
pavement,11
hindsight,11
rig,11
appreciative,11
tenderness,11
julius,11
nationally,11
incorporates,11
argo,11
muses,11
garry,11
screamed,11
nab,11
farce,11
eliot,11
overrun,11
alvin,11
iteration,11
mischief,11
lenses,11
gravitational,11
stimulating,11
newbies,11
beastie,11
premiering,11
mechanics,11
invoke,11
bel,11
inexplicable,11
ensures,11
enrich,11
carlin,11
na,11
daft,11
masters,11
monica,11
pedro,11
erotic,11
masterpiece,11
laser,11
lisa,11
motives,11
aerial,11
cole,11
shit,11
shakespeare,11
rainbows,11
keen,11
dazzling,11
presenting,11
curtain,11
haven,10
photographer,10
peeling,10
dares,10
discoveries,10
toby,10
switzerland,10
hitchcock,10
studio,10
seriousness,10
cosmic,10
boundary,10
psychotic,10
levin,10
illicit,10
otis,10
skulls,10
yearning,10
phillips,10
breathes,10
bernard,10
rattle,10
grotesque,10
ravens,10
rodney,10
aspiration,10
feat,10
carole,10
graceful,10
remixes,10
hater,10
eyeballs,10
lexington,10
allison,10
hazy,10
haim,10
beheading,10
kyle,10
celestial,10
greetings,10
nonsensical,10
mendoza,10
unchained,10
cleans,10
tate,10
gurus,10
dane,10
parted,10
macarthur,10
squeaky,10
warms,10
violet,10
supercut,10
attribute,10
southeastern,10
conversational,10
withstand,10
forums,10
enforced,10
jillian,10
mermaids,10
projection,10
palpable,10
tongues,10
perverse,10
reviews,10
painted,10
jazz,10
debated,10
pablo,10
testament,10
artisan,10
hopping,10
slideshow,10
sculpture,10
saturated,10
restoration,10
portrait,10
interactive,10
colored,10
aversion,10
nielsen,10
immersive,10
murals,10
stonehenge,10
unlucky,10
manipulate,10
piled,10
humbled,10
displaying,10
miniature,10
sublime,10
oxymoron,10
extensively,10
persian,10
spectator,10
restrained,10
javier,10
portal,10
eugene,10
souleo,10
bethlehem,10
boardroom,10
amend,10
charismatic,10
bargains,10
beta,10
malibu,10
kickstarter,10
crane,10
afghans,10
wallis,10
fetched,10
maligned,10
cellar,10
template,10
tilda,10
arlington,10
hungarian,10
stares,10
dummies,10
u2,10
thwarted,10
handles,10
satin,10
cartoonist,10
ferrari,10
prequel,10
restores,10
ailing,10
tallest,10
ono,10
nsfw,10
correction,10
thrill,10
edward,10
marilyn,9
experimental,9
abu,9
illustrate,9
interpretation,9
awaits,9
garage,9
hawk,9
jenkins,9
woven,9
architectural,9
lloyd,9
gospel,9
del,9
gifted,9
birthday,9
examine,9
expects,9
louise,9
behold,9
residence,9
tanning,9
mince,9
bureaucracy,9
blindly,9
schemes,9
adrienne,9
holt,9
distinctive,9
mindless,9
radically,9
weirdly,9
captivating,9
dollhouse,9
irene,9
natalia,9
nerds,9
uncharted,9
kathleen,9
morrison,9
britton,9
sneeze,9
sectarian,9
burnett,9
foray,9
impactful,9
c'mon,9
worm,9
reclaimed,9
tended,9
ark,9
vein,9
collectors,9
humorous,9
stateside,9
affinity,9
wonka,9
combs,9
bystanders,9
buster,9
horns,9
locale,9
django,9
copied,9
institutes,9
complicate,9
anthology,9
operated,9
zeitgeist,9
armageddon,9
novelist,9
whitman,9
corpse,9
coroner,9
heavens,9
dissolve,9
alphabet,9
puzzling,9
literature,9
admire,9
twilight,9
maximum,9
dana,9
leo,9
images,9
indie,9
copyright,9
lou,9
observations,9
portrayal,9
collision,9
klein,9
foam,9
refers,9
crowdfunding,9
danced,9
leonard,9
musical,9
rooftops,9
grams,9
gloom,9
winding,9
inseparable,9
mailbox,9
implicit,9
hypnotic,9
le,9
cyclone,9
scrooge,9
debuting,9
ornaments,9
liberating,9
bauer,9
humiliation,9
stuart,9
femininity,9
mythology,9
scroll,9
cabinets,9
heroine,9
boulevard,9
luminous,9
listeners,9
commented,9
measurements,9
bayer,9
infuriating,9
discourage,9
orphans,9
joanna,9
commanding,9
exhibits,9
visually,9
johns,9
hairy,9
tranquil,9
puns,9
jacques,9
surpassed,9
turkeys,9
coldplay,9
auditions,9
tessa,9
arcade,9
blazing,9
engineered,9
stature,9
yo,9
attic,9
tranquility,9
grandeur,9
tubes,9
evasion,9
precision,9
aesthetics,9
vera,9
francisco,9
punk,8
portrayed,8
buildings,8
victor,8
stated,8
mirrors,8
completed,8
sympathy,8
historian,8
wows,8
chops,8
inch,8
volatile,8
luis,8
valerie,8
silk,8
paints,8
curious,8
architect,8
explored,8
rumble,8
cutter,8
trademark,8
vaguely,8
sunlight,8
dustin,8
realistic,8
clay,8
isolate,8
ballerina,8
vase,8
debilitating,8
distinction,8
geniuses,8
bleach,8
confined,8
undertaking,8
wondrous,8
sketches,8
geometric,8
luscious,8
egos,8
ample,8
miguel,8
scrutinized,8
willy,8
structured,8
tehran,8
dizzy,8
carnegie,8
intimately,8
womanhood,8
referred,8
influencers,8
chanting,8
shawn,8
whimsical,8
n.c,8
bernstein,8
uncovering,8
menace,8
donning,8
rendered,8
extensive,8
printed,8
animated,8
amateur,8
hearted,8
resonate,8
satire,8
directed,8
medium,8
collecting,8
dubai,8
provoke,8
excruciating,8
sassy,8
tipped,8
imaginable,8
intends,8
l.a,8
underestimated,8
espionage,8
alyssa,8
garrett,8
recapture,8
fabric,8
presumably,8
discovers,8
drawers,8
joshua,8
hay,8
kay,8
lawson,8
peeps,8
ruby,8
barclays,8
pollen,8
drenched,8
aloud,8
godzilla,8
mundane,8
install,8
maintains,8
harold,8
gem,8
biblical,8
temples,8
warehouse,8
yoko,8
description,8
outsider,8
critic,8
sierra,8
plates,8
diane,8
cinco,8
detail,8
describing,8
delights,8
broadway,8
structure,8
thread,8
alice,8
audience,8
talented,8
registering,7
bows,7
fades,7
shattered,7
monuments,7
inequalities,7
mummy,7
ribbons,7
discarded,7
circa,7
williamsburg,7
pretends,7
cosmos,7
unrelenting,7
evenings,7
fathom,7
unicorn,7
phenomenal,7
brushing,7
displayed,7
stunts,7
alerts,7
absurdity,7
graphics,7
reviewing,7
accompanying,7
overflowing,7
unleashes,7
visuals,7
tosses,7
jean,7
wigs,7
rife,7
boris,7
municipal,7
recreated,7
tore,7
jennie,7
liners,7
mythical,7
femme,7
marc,7
wayne,7
works,7
doug,7
appropriately,7
altered,7
ensemble,7
opener,7
vacuum,7
angels,7
hung,7
bros,7
bay,7
perceptions,7
inaugural,7
columns,7
milwaukee,7
photographing,7
gregory,7
tortured,7
freaky,7
leaps,7
riyadh,7
aisles,7
symbolism,7
mister,7
enrolled,7
freaked,7
h,7
aptly,7
ceilings,7
boasted,7
vip,7
ghana,7
unspoken,7
dealer,7
horrors,7
atmospheric,7
framed,7
whipping,7
moist,7
riff,7
penney,7
judith,7
joyce,7
indicator,7
mcqueen,7
goldberg,7
esque,7
nyu,7
depicting,7
scorsese,7
outrageously,7
presents,7
homage,7
ghosts,7
dubbed,7
expression,7
bubbles,7
beth,7
bending,7
molly,7
cardboard,7
dynamic,7
display,7
shadow,7
ethereal,7
individuality,7
walnut,7
preferably,7
frames,7
realm,7
rag,7
formation,7
transcend,7
generating,7
musician,7
booth,7
affirming,7
norwegian,7
mapping,7
combinations,7
handwritten,7
teachable,7
coffin,7
spotlights,7
byrne,7
marcia,7
venus,7
rite,7
portray,7
grizzly,7
sherman,7
hugely,7
contacted,7
superb,7
schooling,7
laboratory,7
blackface,7
laced,7
strife,7
intensely,7
thereby,7
davidson,7
landscape,7
transformed,7
transit,7
torn,7
la,7
andy,7
concepts,7
johansson,7
humor,7
literary,7
renowned,7
berkeley,7
characters,7
robert,7
structures,7
curse,7
newton,7
retro,7
tan,7
handsome,7
scholars,7
blindness,7
greenland,7
vain,7
ominous,7
observer,7
scattered,7
buff,7
essays,7
birmingham,7
refined,7
input,7
scarier,7
riches,7
1930s,7
meyer,7
symphony,7
optical,7
apt,7
abnormal,7
deeds,7
der,7
instruction,7
stardom,7
tomi,7
manly,7
rudd,7
puppet,7
arresting,7
michel,7
necklaces,7
feathers,7
exploited,7
45th,7
hijacked,7
yummy,7
noting,7
competitions,7
project,7
barry,7
performed,6
moscow,6
grid,6
thrilling,6
tribeca,6
boxing,6
celebrating,6
image,6
featuring,6
devil,6
icons,6
dutch,6
prints,6
betty,6
bowie,6
populated,6
fantasies,6
understandably,6
cheerful,6
fishermen,6
denise,6
speechless,6
aspire,6
sphere,6
newsletter,6
vince,6
monumental,6
cattle,6
borrowed,6
hears,6
galactic,6
benson,6
intentioned,6
composed,6
mick,6
rebirth,6
screwing,6
defied,6
roster,6
envisioned,6
erik,6
raucous,6
administrators,6
terrific,6
anguish,6
outsiders,6
heist,6
geneva,6
refresh,6
austrian,6
ap,6
stan,6
resemble,6
replica,6
musicians,6
dennis,6
creates,6
digging,6
1980s,6
snyder,6
hoffman,6
loop,6
starring,6
oil,6
jesus,6
mere,6
imagination,6
deliberately,6
unfolds,6
darkest,6
awkwardly,6
crashing,6
burial,6
efficiently,6
abstract,6
nerdy,6
lapse,6
relates,6
paste,6
eternal,6
mastery,6
guitarist,6
collaborations,6
arthur,6
constructed,6
laureate,6
dominating,6
colossal,6
forged,6
fey,6
lineup,6
palms,6
vengeance,6
musings,6
voluntarily,6
brushes,6
firearm,6
probation,6
kathryn,6
preservation,6
reminiscent,6
culture,6
statues,6
bridges,6
cube,6
suburban,6
wooden,6
verge,6
tendency,6
photographed,6
underwater,6
oxford,6
offerings,6
filmmaker,6
brooklyn,6
c,6
stage,6
exhilarating,6
offspring,6
precise,6
satisfy,6
nonstop,6
nintendo,6
depiction,6
uniqueness,6
deserving,6
caves,6
towering,6
succeeds,6
sunrise,6
monk,6
polarized,6
brilliance,6
exploded,6
bravely,6
dense,6
castles,6
lounge,6
messes,6
historians,6
swinging,6
setbacks,6
kinky,6
knockout,6
paddy,6
lasagna,6
verse,6
wiser,6
redhead,6
installed,6
stained,6
fascination,6
mia,6
marley,6
marrakech,6
arc,6
possibilities,6
jonathan,6
fare,6
nightmares,6
pbs,6
ronald,6
reed,6
showcase,6
compiled,6
drawing,6
presented,6
berlin,6
jim,6
spark,6
letters,6
paper,6
plastic,6
roberto,6
provocative,6
dizzying,6
barnes,6
cabaret,6
soviet,6
detailing,6
correctness,6
provoking,6
narcissism,6
stevens,6
neon,6
interacting,6
pending,6
10-minute,6
barn,6
hammer,6
vortex,6
psychic,6
brazen,6
scholar,6
developer,6
championships,6
envelope,6
pierce,6
reflective,6
renaissance,6
drummer,6
rehearsal,6
earnest,6
ernst,6
parisian,6
pits,6
ingenious,6
gruesome,6
polka,6
carve,6
demonstrating,6
plotting,6
hicks,6
buddy,6
los,6
nearby,6
5th,6
pop,6
w,6
compound,6
montreal,6
tail,6
walls,6
fifth,6
wood,6
films,6
production,6
walter,6
series,6
politically,6
getty,5
discovering,5
ticking,5
solo,5
embodies,5
croatia,5
climbed,5
ironic,5
golfer,5
nc,5
relies,5
negatively,5
par,5
fiesta,5
coordinated,5
k,5
fade,5
springsteen,5
polo,5
idaho,5
practitioners,5
conundrum,5
sprawling,5
apocalyptic,5
composition,5
hue,5
bats,5
jorge,5
unjust,5
fairytale,5
andre,5
gosling,5
hipsters,5
untold,5
william,5
devoted,5
julie,5
industrial,5
captured,5
essay,5
quote,5
folk,5
avenue,5
legends,5
downright,5
plays,5
comics,5
jeffrey,5
creativity,5
festival,5
cantor,5
curriculum,5
instruments,5
legendary,5
maturity,5
albeit,5
dimension,5
petite,5
envoy,5
headphones,5
sleeve,5
allegiance,5
acid,5
futuristic,5
intimidated,5
skeleton,5
raven,5
silenced,5
hides,5
publishers,5
soaked,5
snakes,5
perfected,5
misconception,5
domino,5
lamp,5
vienna,5
misunderstanding,5
shaky,5
cultural,5
angeles,5
institute,5
ambitious,5
grandfather,5
jacob,5
vine,5
seed,5
infinity,5
innovative,5
phenomenon,5
san,5
historical,5
asia,5
paperwork,5
billboards,5
unsuspecting,5
kindly,5
sometime,5
mesmerizing,5
19th,5
ace,5
multitude,5
patricia,5
wal,5
twenties,5
descent,5
buddies,5
proclamation,5
americas,5
wikipedia,5
penned,5
supplement,5
tightly,5
knit,5
ribbon,5
clad,5
assert,5
openness,5
neo,5
keaton,5
iranians,5
recordings,5
speakers,5
snowy,5
disguise,5
choir,5
deborah,5
cinematic,5
eli,5
camel,5
unseen,5
tempted,5
mannequin,5
voyage,5
cheek,5
pranks,5
newman,5
alongside,5
lord,5
tokyo,5
famed,5
approached,5
bubble,5
1960s,5
flowing,5
debuted,5
hipster,5
stein,5
interact,5
mixed,5
clever,5
ray,5
removed,5
thunder,5
avalanche,5
tends,5
elena,5
displays,5
rebecca,5
visionary,5
admittedly,5
appliances,5
pristine,5
frederick,5
generosity,5
recess,5
inadvertently,5
cinderella,5
scandalous,5
inventor,5
grants,5
conceived,5
brandon,5
emperor,5
await,5
ecosystem,5
butler,5
constitutes,5
foliage,5
30-year,5
accommodate,5
escalate,5
interested,5
capture,5
spends,5
novel,5
piece,5
thomas,5
slate,5
premieres,5
allen,5
rituals,5
fort,5
melt,5
feminist,5
master,5
junkie,5
kent,5
kimberly,5
traumatized,5
trained,5
noir,5
17th,5
americana,5
chatter,5
undergo,5
alcoholism,5
expo,5
starter,5
senses,5
harmed,5
h.,5
undeniably,5
blond,5
schwartz,5
elegance,5
willie,5
oversized,5
pillows,5
friedman,5
canal,5
betrayed,5
chan,5
samples,5
fair,5
glimpse,5
worlds,5
posters,5
sara,5
studied,5
vodka,5
scale,5
whitney,5
barbara,5
interview,5
nostalgia,5
playground,5
halls,5
error,5
simpsons,5
cardinals,5
flair,5
publicity,5
rear,5
curtis,5
moses,5
margaret,5
guessed,5
unimaginable,5
salvador,5
levitt,5
breach,5
penguin,5
serene,5
gamble,5
justify,5
pumped,5
pantone,5
ideological,5
surfaces,5
kane,5
goodman,5
frost,5
skilled,5
fills,5
ai,5
section,5
julia,5
camera,5
heavily,5
representation,5
preview,5
bizarre,5
unforgettable,5
indigenous,5
spite,5
monthly,5
teenager,5
memory,5
colorful,5
unveiled,5
approaches,5
vibrant,5
radar,5
norm,5
triumphs,5
sunset,5
employ,5
shorts,5
bravo,5
societies,5
drowned,5
mutual,5
audrey,5
positivity,5
chairs,5
tributes,5
sensible,5
perpetual,5
christ,5
eliminated,5
bohemian,5
exchanges,5
parades,5
irrational,5
mayhem,5
recruit,5
door,5
charming,5
fortune,5
ken,5
haunted,5
cooper,5
material,5
dancer,5
iii,5
formerly,5
prejudice,5
swing,4
distinguish,4
tribal,4
planted,4
rug,4
lepage,4
devotion,4
forge,4
worthwhile,4
delightful,4
mayo,4
ninth,4
merits,4
procrastination,4
sweating,4
thru,4
applicants,4
composer,4
nicely,4
owen,4
philanthropist,4
intricate,4
projected,4
indonesia,4
kristina,4
thoroughly,4
segregation,4
currency,4
nina,4
posh,4
performing,4
shell,4
mysterious,4
shiny,4
operating,4
performance,4
nicolas,4
ownership,4
corker,4
dull,4
accuracy,4
blocking,4
convey,4
elders,4
crawl,4
suffers,4
fascinated,4
eccentric,4
diminish,4
printing,4
somali,4
pirate,4
obsessive,4
gaze,4
altogether,4
alessandra,4
haired,4
awarded,4
assist,4
npr,4
intrigued,4
societal,4
webster,4
teddy,4
residency,4
astonishing,4
haunting,4
gabriel,4
melbourne,4
liberties,4
contested,4
darker,4
payday,4
recreates,4
irish,4
alan,4
feature,4
exploration,4
wright,4
grant,4
revealing,4
represents,4
kenya,4
sharp,4
premiere,4
travels,4
discussed,4
alex,4
songs,4
subject,4
amazingly,4
gateway,4
entirely,4
rests,4
pathway,4
reagan,4
spectacle,4
occasions,4
qualify,4
tissue,4
recipient,4
designs,4
horses,4
philip,4
motive,4
orbit,4
collective,4
depth,4
czech,4
22-year,4
emerald,4
avid,4
pastel,4
commandments,4
dislike,4
researching,4
trapped,4
bird,4
draw,4
yellow,4
oakland,4
matching,4
packed,4
photos,4
narrative,4
celebrated,4
hall,4
influential,4
venice,4
marissa,4
overrated,4
magnificent,4
occupied,4
peculiar,4
lavish,4
parallel,4
pub,4
boats,4
reset,4
subjects,4
rampage,4
estimate,4
spirited,4
handler,4
listed,4
solange,4
combines,4
crews,4
hindu,4
austria,4
towers,4
whopping,4
scenarios,4
bs,4
martha,4
grew,4
anonymous,4
troubled,4
daniel,4
modern,4
poland,4
modest,4
puppies,4
element,4
debuts,4
celebrates,4
latin,4
included,4
bruce,4
edgy,4
curiosity,4
lovers,4
limbo,4
combine,4
glenn,4
enabling,4
fashionable,4
relive,4
audition,4
belgian,4
unknown,4
canine,4
silver,4
monopoly,4
pins,4
asteroid,4
selecting,4
gatsby,4
repeating,4
scholarship,4
braces,4
scenery,4
adams,4
aka,4
breakfasts,4
cosmopolitan,4
instincts,4
watts,4
circus,4
explodes,4
adolescent,4
experiments,4
tongue,4
hughes,4
a.k.a,4
lennon,4
snap,4
recommend,4
huffington,4
utterly,4
screens,4
frightening,4
superman,4
eastern,4
brings,4
beijing,4
marks,4
handmade,4
waits,4
frightened,4
gingerbread,4
eddie,4
catherine,4
paula,4
unsettling,4
100th,4
enjoyment,4
wax,4
o'brien,4
persistent,4
beginnings,4
unofficial,4
harness,4
hadid,4
goodwill,4
abusing,4
journeys,4
ins,4
features,4
abandoned,4
affecting,4
institution,4
prospect,4
port,4
von,4
matthew,4
faux,4
carefully,4
creek,4
pains,4
fred,4
birds,4
timothy,4
analyzed,4
j,4
blueprint,4
cycles,4
math,4
wig,4
emphasis,4
implies,4
shia,4
brett,4
privately,4
critique,4
superior,4
snaps,4
memes,4
concerts,4
intriguing,4
athens,4
orthodox,4
cynical,4
defying,4
ford,4
shaping,4
fatherhood,4
hills,4
feast,4
graphic,4
roger,4
multi,4
.,4
buzzing,4
focuses,4
heartwarming,4
animation,4
generous,4
girlfriends,4
harvest,4
sequence,4
grabs,4
patti,4
timely,4
premise,4
distribution,4
ariel,4
peaks,4
transmission,4
writers,4
describes,4
forum,4
aims,4
noticed,4
forms,4
comedy,4
elephant,4
swiss,4
giant,4
view,4
crude,4
feminine,4
savor,4
implementation,4
tasty,4
unsure,4
vivid,4
undergoing,4
sec,4
heating,4
shockingly,4
digest,4
barbie,4
feedback,4
attracting,4
creep,4
commemorate,4
l,4
ideals,4
sensitivity,4
hong,4
original,4
howard,4
colors,4
activism,4
film,4
glass,4
competition,4
calvin,4
lil,4
peers,4
perform,4
aged,4
area,4
alexander,4
readers,4
roberts,4
ukrainian,4
adapted,4
leaf,4
woody,4
cleaner,4
cartoons,4
betrayal,4
pipe,4
wilderness,4
zach,4
stroll,4
latte,4
unfamiliar,4
renewal,4
indianapolis,4
chapel,4
intersection,4
dots,4
kirk,4
alternate,4
evening,4
passion,4
appreciate,4
koch,4
crossed,4
cannes,4
teamed,4
elements,4
greg,4
prescription,4
figures,4
river,4
imagery,4
tara,4
underground,4
phoenix,4
palette,4
puzzle,4
latter,4
accurately,4
vancouver,4
bicycle,4
enthusiastic,4
astronomers,4
hers,4
applaud,4
kabul,4
placing,4
substitute,4
stunt,4
declaring,4
naughty,4
tent,4
interviewing,4
crow,4
layer,4
david,4
london,3
tackling,3
frame,3
trayvon,3
boundaries,3
imagined,3
turns,3
village,3
uniquely,3
bursting,3
farewell,3
b.,3
dreamer,3
wonderfully,3
twists,3
mural,3
paired,3
guacamole,3
accent,3
shall,3
mattress,3
packaging,3
terrain,3
bargain,3
surfaced,3
scream,3
hailed,3
knight,3
loretta,3
designers,3
explore,3
silly,3
ghost,3
rain,3
associate,3
illustrated,3
robin,3
dramatic,3
runs,3
timing,3
doll,3
grasp,3
boobs,3
pig,3
freely,3
clarke,3
1990s,3
steel,3
jew,3
malcolm,3
floating,3
scottish,3
personnel,3
ancestors,3
likelihood,3
sheets,3
expertise,3
privileged,3
confronts,3
staples,3
afghan,3
twin,3
revolutionary,3
resident,3
quirky,3
craig,3
drama,3
projects,3
kong,3
fierce,3
radio,3
riding,3
originally,3
placed,3
rolling,3
jason,3
blair,3
reinvent,3
guitar,3
eager,3
rendition,3
generated,3
cone,3
o,3
sleeps,3
apprentice,3
goddess,3
dreaded,3
morally,3
organizer,3
civilization,3
shifting,3
15th,3
pieces,3
educational,3
frank,3
berry,3
collapse,3
yorkers,3
pocket,3
stream,3
explained,3
chosen,3
iconic,3
egg,3
campbell,3
considerable,3
wildest,3
finishing,3
producers,3
plaza,3
sufficient,3
suits,3
blockbuster,3
instances,3
combined,3
tolerate,3
references,3
economist,3
fools,3
signature,3
rejected,3
background,3
appeal,3
color,3
enthusiasm,3
auto,3
reads,3
touched,3
collection,3
form,3
circle,3
secure,3
traditional,3
psychologists,3
lab,3
awakening,3
excellence,3
landmarks,3
sour,3
absent,3
1950s,3
dwayne,3
jackets,3
wacky,3
tabloid,3
royalty,3
rapid,3
pulitzer,3
deck,3
component,3
paradigm,3
successes,3
sincere,3
mysteries,3
zip,3
known,3
beloved,3
creative,3
ancient,3
recalled,3
exploring,3
commonly,3
blowing,3
selfies,3
wang,3
merely,3
awe,3
anticipated,3
disturbing,3
sends,3
bridge,3
boxer,3
surf,3
debris,3
cultures,3
succinct,3
episodes,3
glitter,3
labeled,3
adore,3
mature,3
bruno,3
cameras,3
bands,3
kitten,3
ripe,3
symbols,3
complex,3
led,3
manhattan,3
attraction,3
music,3
risen,3
equipped,3
filter,3
jeremy,3
omg,3
introvert,3
sole,3
u,3
tuned,3
dedication,3
tragedies,3
woods,3
albums,3
candle,3
occurred,3
imagines,3
whoever,3
pleasures,3
biology,3
wider,3
magic,3
century,3
carrie,3
tony,3
martin,3
landed,3
bunny,3
technique,3
creatures,3
theaters,3
anna,3
produced,3
guided,3
lewis,3
flame,3
nigerian,3
float,3
heroic,3
sochi,3
defines,3
swedish,3
suck,3
monsters,3
13th,3
garbage,3
courses,3
lana,3
evident,3
household,3
plot,3
character,3
deeply,3
fields,3
russians,3
jews,3
williams,3
zone,3
mark,3
machine,3
sounded,3
listened,3
spinning,3
ceiling,3
treasure,3
command,3
developments,3
inviting,3
dough,3
rat,3
volcano,3
m,3
recreate,3
lengthy,3
prisoner,3
bosses,3
pressed,3
grads,3
harrowing,3
patriotism,3
haul,3
based,3
managed,3
beach,3
dj,3
sings,3
space,3
faith,3
map,3
invited,3
newspapers,3
penny,3
watches,3
wonderland,3
f.,3
remarkable,3
satellite,3
christine,3
elegant,3
surveys,3
banner,3
enjoyed,3
mo,3
festivities,3
haunt,3
pens,3
killers,3
richards,3
julian,3
anniversary,3
acts,3
angel,3
salt,3
sky,3
demonstrates,3
1970s,3
disappeared,3
steam,3
lighter,3
forefront,3
liz,3
exhausting,3
grandparents,3
sticky,3
revelation,3
showcases,3
aspiring,3
splash,3
backwards,3
strive,3
embracing,3
voice,3
jack,3
jam,3
obstacles,3
informed,3
dig,3
compete,3
documentary,3
international,3
s.,3
elaborate,3
recognized,3
urgency,3
reflected,3
nigeria,3
branding,3
suite,3
strict,3
documented,3
extends,3
cliff,3
andrea,3
stolen,3
work,3
parody,3
established,3
prize,3
20th,3
friendship,3
brutal,3
pursuit,3
stations,3
november,3
bazaar,3
prediction,3
judy,3
throat,3
bald,3
witnesses,3
finals,3
lively,3
bits,3
astronaut,3
paradox,3
annie,3
addictive,3
feminists,3
salty,3
needing,3
stones,3
featured,3
battling,3
function,3
angela,3
spray,3
joan,3
books,3
clock,3
records,3
peninsula,3
procedures,3
businessman,3
marries,3
unrest,3
directors,3
inspires,3
joys,3
displaced,3
skies,3
dances,3
sponsored,3
gods,3
batch,3
bombshell,3
distinct,3
grace,3
concert,3
meaning,3
genius,3
via,3
october,3
french,3
proved,3
symbol,3
handful,3
dance,3
pm,3
striking,3
principles,3
contained,3
rookie,3
reef,3
cory,3
rope,3
nurture,3
insanely,3
condemned,3
enable,3
ruins,3
overwhelmingly,3
rey,3
pearl,3
resulting,3
chaotic,3
soap,3
grader,3
technological,3
cheers,3
kansas,3
critics,3
opening,3
existing,3
struggles,3
italian,3
argue,3
built,3
contributed,3
expressing,3
spaces,3
centuries,3
sleek,3
weighed,3
reflections,3
poorly,3
v,3
breakthrough,3
simon,3
sci,3
electronic,3
fingers,3
gang,3
cuteness,3
versace,3
picnic,3
pointing,3
appreciated,3
tiffany,3
intimidating,3
geographic,3
requirements,3
venue,3
permanently,3
yard,3
written,3
quest,3
stunning,3
sparked,3
desperately,3
reflect,3
dream,3
rocks,3
none,3
organic,3
buyers,3
versions,3
brian,3
festivals,3
footage,3
exclusively,3
intellectual,3
stuffing,3
brink,3
phrases,3
smash,3
cincinnati,3
innocence,3
jenny,3
cats,3
large,3
sand,3
met,3
construction,3
addressing,3
happy,3
nude,3
ordinary,3
highlight,3
window,3
blanket,3
frankly,3
initial,3
participating,3
adjust,3
buyer,3
package,3
marshall,3
heidi,3
powered,3
method,3
bend,3
smells,3
provided,3
born,3
empire,3
flowers,3
parade,3
above,3
duo,3
perhaps,3
hunt,2
various,2
philadelphia,2
squeeze,2
digital,2
scored,2
quietly,2
perspectives,2
rocking,2
pete,2
milan,2
lens,2
operate,2
chronicles,2
capitalism,2
farmer,2
studded,2
consciously,2
interesting,2
challenging,2
dark,2
pray,2
conducted,2
fame,2
christopher,2
toronto,2
attitude,2
walker,2
album,2
mansion,2
carries,2
britain,2
filled,2
interviews,2
carol,2
obtained,2
groundbreaking,2
ranch,2
insist,2
flops,2
woes,2
occupy,2
diamonds,2
applying,2
genre,2
contain,2
satisfied,2
technical,2
dominate,2
princesses,2
occasional,2
invisible,2
occasion,2
shots,2
evil,2
moon,2
standards,2
misconceptions,2
mentor,2
devastation,2
miami,2
reference,2
blake,2
nobel,2
principal,2
metaphor,2
enjoyable,2
besides,2
alec,2
peer,2
dudes,2
correctly,2
swept,2
rocked,2
pratt,2
plague,2
comforting,2
norms,2
morocco,2
blend,2
female,2
scene,2
highly,2
brothers,2
extraordinary,2
naked,2
mccarthy,2
galaxy,2
vision,2
grab,2
romney,2
rare,2
band,2
began,2
engineer,2
conscience,2
glowing,2
hating,2
mason,2
tonight,2
mad,2
outstanding,2
retiring,2
s,2
outlet,2
raging,2
arguing,2
unbelievable,2
prosperity,2
commission,2
darkness,2
expectations,2
theme,2
bond,2
memorable,2
shades,2
richard,2
designed,2
blind,2
souls,2
downs,2
engineering,2
mystery,2
staggering,2
instagrams,2
vehicle,2
permanent,2
demonstrated,2
invasion,2
wilde,2
weiner,2
writing,2
prominent,2
recap,2
controversial,2
burst,2
title,2
claus,2
hanukkah,2
lambert,2
pittsburgh,2
jar,2
careers,2
bombings,2
consume,2
bust,2
lunches,2
collected,2
jong,2
ralph,2
creators,2
detailed,2
blank,2
avoided,2
reading,2
addition,2
systems,2
henry,2
transform,2
corner,2
mike,2
charles,2
crap,2
derek,2
selfish,2
invites,2
dealt,2
sydney,2
destroys,2
submit,2
anatomy,2
masculinity,2
doubts,2
hostile,2
sharon,2
waste,2
burning,2
bags,2
eventually,2
kinds,2
inc,2
wonderful,2
harsh,2
quite,2
models,2
brooks,2
songwriter,2
cereal,2
categories,2
benjamin,2
winds,2
authority,2
dialogue,2
spare,2
alter,2
snake,2
cindy,2
uk,2
mining,2
deemed,2
skipping,2
carnival,2
words,2
square,2
ongoing,2
famous,2
wind,2
cast,2
shop,2
sale,2
strange,2
miracles,2
identities,2
misses,2
kremlin,2
hanks,2
understood,2
installment,2
11-year,2
devastated,2
dismissed,2
seventh,2
charlotte,2
founding,2
catches,2
boutique,2
guru,2
diary,2
euro,2
re,2
australian,2
passing,2
review,2
comments,2
app,2
electric,2
gathering,2
heavy,2
eyes,2
impossible,2
hat,2
encourage,2
animals,2
generation,2
show,2
layers,2
aside,2
pacific,2
locks,2
tina,2
juan,2
introduces,2
topped,2
harlem,2
carl,2
reader,2
extension,2
peter,2
hollywood,2
dick,2
urban,2
discusses,2
below,2
celebration,2
journey,2
jordan,2
patrick,2
tasks,2
renewable,2
iceland,2
fascinating,2
properties,2
intimate,2
jaw,2
spoiler,2
illusion,2
coaches,2
amidst,2
expanded,2
significance,2
fourth,2
york,2
',2
japanese,2
week,2
perspective,2
joseph,2
walt,2
centered,2
center,2
jose,2
accepted,2
catching,2
forgotten,2
equivalent,2
useful,2
fridge,2
sticking,2
hitler,2
bug,2
optimism,2
photo,2
saw,2
nightmare,2
honor,2
bottom,2
refuge,2
drawn,2
abundance,2
pioneer,2
pursuing,2
warmer,2
bradley,2
beautifully,2
merry,2
onstage,2
funding,2
watching,2
figure,2
captain,2
kicks,2
etiquette,2
gifs,2
advertising,2
played,2
edge,2
exciting,2
killer,2
june,2
extremely,2
prices,2
custom,2
usual,2
fulfill,2
blonde,2
dirt,2
crawford,2
dread,2
sundance,2
loyalty,2
destroying,2
machines,2
spirituality,2
mexican,2
pure,2
phrase,2
reverse,2
jerusalem,2
billy,2
collaboration,2
range,2
ridiculously,2
questionable,2
traditionally,2
spicy,2
shine,2
staple,2
intensity,2
struggled,2
normally,2
scenes,2
addict,2
stunned,2
keith,2
aaron,2
obsession,2
heights,2
donated,2
demonstrate,2
leonardo,2
recent,2
lifetime,2
seemingly,2
audio,2
smell,2
property,2
beauty,2
present,2
alive,2
simultaneously,2
ian,2
wildly,2
till,2
indoor,2
thai,2
animal,2
videos,2
wilson,2
heroes,2
speaking,2
citizen,2
innocent,2
play,2
panel,2
looked,2
park,2
tables,2
decides,2
widow,2
abandon,2
beverly,2
wise,2
sugary,2
orientation,2
thankful,2
eaten,2
cue,2
bland,2
periods,2
boasts,2
arnold,2
bullies,2
light,2
greatest,2
latino,2
whom,2
magical,2
somewhere,2
month,2
recently,2
steven,2
ikea,2
mighty,2
mashup,2
atmosphere,2
sixth,2
device,2
migrant,2
lone,2
bound,2
sing,2
remained,2
clueless,2
wave,2
colin,2
surface,2
rome,2
short,2
moments,2
whose,2
diaries,2
max,2
houses,2
psychologist,2
welcomes,2
shines,2
pound,2
mail,2
practically,2
lily,2
vocal,2
individual,2
transformation,2
fish,2
society,2
greatly,2
nazi,2
equity,2
horse,2
resistance,2
invented,2
medal,2
selma,2
pretend,2
e.,2
frustrating,2
triumph,2
officially,2
begins,2
exposure,2
leg,2
subway,2
building,2
history,2
unique,2
participation,2
prisons,2
spin,2
resource,2
primarily,2
awake,2
unveils,2
adaptation,2
isolated,2
mentioned,2
michael,2
desperate,2
kennedy,2
lopez,2
passes,2
issued,2
wonder,2
channel,2
expect,2
studying,2
museums,2
logic,2
homophobia,2
fueled,2
nelson,2
etsy,2
ripped,2
fishing,2
sort,2
folks,2
eric,2
viewers,2
corporations,2
aspects,2
follows,2
inspired,2
including,2
smith,2
mitt,2
zoo,2
tackles,2
damaged,2
financially,2
bonus,2
proving,2
baker,2
smiling,2
countless,2
thrilled,2
embassy,2
powers,2
seen,2
cry,2
which,2
article,2
main,2
lived,2
web,2
incredible,2
massive,2
visited,2
prefer,2
f**k,2
clarity,2
doors,2
quits,2
spell,2
encourages,2
liberty,2
franklin,2
itself,2
post,2
certainly,2
faces,2
reunion,2
finest,2
hunter,2
fi,2
norway,2
updates,2
prompted,2
precious,2
slightly,2
suspended,2
guaranteed,2
fitting,2
attended,2
gala,2
freezing,2
suddenly,2
his,2
until,2
sold,2
tennessee,2
regarding,2
bringing,2
picture,2
paul,2
racing,2
crisp,2
cameron,2
gon,2
experiment,2
shifts,2
hilariously,2
accessible,2
alicia,2
easiest,2
patriotic,2
cited,2
y,2
german,2
clearly,2
by,2
upon,2
streets,2
station,2
blown,2
narrow,2
realities,2
pops,2
discovery,2
recorded,2
divine,2
chasing,2
origin,2
topics,2
gentle,2
recommended,2
ms,2
organizers,2
application,2
enemies,2
sexuality,2
ward,2
conversation,2
young,2
upcoming,2
sound,2
baldwin,2
power,2
rose,2
z,2
costa,2
humble,2
nature,2
launching,2
cotton,2
fashioned,2
excited,2
stable,2
hop,2
laura,2
ode,2
mob,2
percentage,2
tipping,2
fleeing,2
everywhere,2
include,2
offered,2
dies,2
terms,2
garden,2
releasing,2
70s,2
attendant,2
kit,2
hike,2
discuss,2
miller,2
dump,2
don'ts,2
extend,2
crowded,2
cam,2
song,2
foundation,2
classic,2
japan,2
world,2
focusing,2
specifically,2
blue,2
humans,2
cartoon,2
sir,2
dylan,2
storms,2
playlist,2
arrives,2
risky,2
pitt,2
preparation,2
stadium,2
version,2
lucky,2
today,2
roy,2
brief,2
profound,2
direction,2
instantly,2
execution,2
60s,2
ruth,2
kissing,2
hart,2
roller,2
champions,2
marital,2
fighter,2
blog,2
august,2
tourist,2
became,2
notice,2
karen,2
weirdest,2
obsessed,2
poster,2
athletic,2
explanation,2
dos,2
intimacy,2
columnist,2
leaves,2
central,2
fully,2
wall,2
wide,2
tradition,2
russian,2
distance,2
returning,2
providing,2
moving,2
pleasure,2
bones,2
lifelong,2
sorts,2
asylum,2
solved,2
chains,2
artificial,2
thriving,2
relative,2
gardens,2
unit,2
unfair,2
wallet,2
tiger,2
roughly,2
flies,2
viewing,2
monitor,2
james,2
lee,2
hearts,2
determined,2
vintage,2
ending,2
yours,2
arrival,2
selfie,2
lighting,2
wherever,2
writes,2
downtown,2
sweeping,2
educate,2
stormy,2
pages,2
infamous,2
formal,2
himself,2
topic,2
sea,2
an,2
east,2
land,2
actual,2
script,2
peek,2
consistently,2
witnessed,2
strengthen,2
goods,2
pointed,2
interviewed,2
funded,2
lyrics,2
vanessa,2
aware,2
republic,2
e,2
impressive,2
announced,2
creating,2
somehow,2
dancing,2
strength,2
items,2
singer,2
survivors,2
glam,2
orders,2
string,2
quiz,2
compare,2
inspiration,2
valuable,2
joy,2
decades,2
sister,2
mention,2
hated,2
academy,2
parking,2
tag,2
unite,2
founded,2
bankruptcy,2
affair,2
period,2
half,2
turned,2
opportunity,2
opposite,2
although,2
spread,2
brilliant,2
book,2
september,2
through,2
object,2
laughter,2
jackson,2
ethical,2
lego,2
patterns,2
attract,2
regret,2
dean,2
el,2
wives,2
sights,2
wet,2
video,2
at,2
horror,2
torture,2
showing,2
thinking,2
lights,2
age,2
explains,2
ranks,2
dedicated,2
innovation,2
egypt,2
prostate,2
sits,2
overlooked,2
istanbul,2
gaining,2
third,2
rock,2
naturally,2
process,2
named,2
christie,2
roman,2
shed,2
viewed,2
reveal,2
shore,2
pan,2
dawn,2
ears,2
ron,2
elsewhere,2
adding,2
lohan,2
serial,2
despair,2
simmons,2
boxes,2
following,2
awesome,2
award,2
hot,2
added,2
between,2
costumes,2
spain,2
glorious,2
initially,2
nails,2
loud,2
typical,2
themes,2
d,2
pictures,2
created,2
text,2
human,2
largest,2
field,2
tale,2
keeps,2
dominated,2
license,2
rides,2
jane,2
absurd,2
linda,2
anybody,2
experience,2
ground,2
forget,2
21st,2
adam,2
moved,2
castle,2
virtually,2
spotlight,2
reserve,2
universe,2
creator,2
turner,2
maps,2
accomplished,2
beast,2
fireworks,2
connection,2
gift,2
apology,2
fathers,2
tim,2
trends,2
ages,2
worked,2
sophisticated,2
palestinian,2
refreshing,2
introducing,2
bobby,2
invitation,2
crown,2
dilemma,2
jumping,2
responded,2
heads,2
mid,2
brought,2
see,2
into,2
whole,2
limits,1
perception,1
encouraged,1
attention,1
relief,1
destroyed,1
eve,1
essentially,1
channels,1
took,1
miss,1
contest,1
romantic,1
anderson,1
insists,1
blessed,1
celebrations,1
link,1
peace,1
approaching,1
luckily,1
nuts,1
churches,1
client,1
rapidly,1
tons,1
rob,1
lie,1
screen,1
tragic,1
sending,1
quotes,1
attempting,1
grave,1
easter,1
given,1
site,1
factor,1
gender,1
heard,1
mary,1
germany,1
casting,1
locations,1
therefore,1
mask,1
alone,1
coup,1
maya,1
separate,1
bieber,1
authors,1
supplies,1
themselves,1
90s,1
ups,1
sons,1
sense,1
expressed,1
finding,1
voices,1
filming,1
sounds,1
organization,1
legacy,1
belong,1
engaging,1
profit,1
hashtag,1
strongly,1
career,1
paris,1
pants,1
story,1
hold,1
mind,1
madison,1
emerge,1
murray,1
jacket,1
diana,1
intention,1
consistent,1
savvy,1
popular,1
describe,1
ability,1
sight,1
tank,1
beneath,1
wheel,1
hacks,1
involving,1
lane,1
soup,1
gorgeous,1
soul,1
un,1
silent,1
worth,1
core,1
february,1
pushes,1
shocking,1
emotion,1
legend,1
planes,1
glory,1
length,1
substance,1
guidance,1
karl,1
haters,1
each,1
air,1
effects,1
ends,1
particular,1
beautiful,1
called,1
stephen,1
passage,1
permission,1
luke,1
champagne,1
participate,1
sources,1
train,1
anger,1
favorite,1
director,1
korean,1
gap,1
past,1
category,1
modeling,1
skill,1
charter,1
trigger,1
stages,1
forest,1
essence,1
jan,1
landing,1
cuban,1
kind,1
interior,1
presence,1
throughout,1
tree,1
memories,1
breathtaking,1
introduce,1
retail,1
interests,1
july,1
trading,1
pastor,1
rely,1
fiscal,1
liked,1
gone,1
fine,1
george,1
letting,1
aids,1
seeing,1
icon,1
moore,1
tom,1
store,1
around,1
angry,1
coast,1
clips,1
documents,1
sunny,1
scare,1
addicted,1
regime,1
photoshop,1
its,1
british,1
using,1
specific,1
fantasy,1
georgia,1
waiting,1
toward,1
subtle,1
kingdom,1
windows,1
sat,1
immune,1
tall,1
vatican,1
autumn,1
of,1
city,1
design,1
sean,1
nyc,1
described,1
sudden,1
crafts,1
minaj,1
enjoy,1
surrounded,1
obvious,1
development,1
t,1
reynolds,1
indiana,1
dave,1
meditate,1
inside,1
crowd,1
opened,1
puts,1
raised,1
hip,1
uses,1
breaking,1
era,1
on,1
dreams,1
dreaming,1
appreciation,1
empower,1
chic,1
roof,1
chaos,1
endorses,1
absence,1
profits,1
luther,1
fans,1
empty,1
inauguration,1
sometimes,1
relevant,1
academic,1
holocaust,1
market,1
makers,1
creation,1
both,1
appeared,1
box,1
bills,1
ill,1
ryan,1
tomorrow,1
conversations,1
hand,1
website,1
mile,1
rising,1
ass,1
hoping,1
advanced,1
spectrum,1
suggestions,1
researcher,1
tells,1
movement,1
long,1
king,1
influence,1
hits,1
chris,1
mate,1
feud,1
outdoors,1
switch,1
chat,1
dollar,1
lawrence,1
relaxing,1
pressure,1
justin,1
far,1
races,1
flower,1
invite,1
continued,1
practicing,1
insight,1
angelina,1
same,1
thursday,1
bold,1
believed,1
walked,1
except,1
produce,1
teaching,1
read,1
the,1
glamorous,1
remembered,1
pen,1
nowhere,1
las,1
slavery,1
greek,1
shirts,1
everyday,1
marketing,1
bigger,1
steve,1
meets,1
stronger,1
spent,1
in,1
notion,1
homeland,1
decorating,1
nicki,1
steal,1
overwhelmed,1
winning,1
rich,1
often,1
fell,1
messages,1
looks,1
importance,1
recover,1
concept,1
navigate,1
memoir,1
chip,1
beyond,1
television,1
releases,1
producer,1
boys,1
first,1
helped,1
sandra,1
offering,1
sees,1
handed,1
exact,1
spot,1
gather,1
recalls,1
intentions,1
behind,1
recognize,1
page,1
turn,1
notes,1
kevin,1
parts,1
place,1
connections,1
decade,1
kiss,1
middle,1
minor,1
lindsey,1
thus,1
obese,1
ross,1
mentally,1
aspect,1
delicious,1
such,1
joined,1
intelligence,1
dna,1
hunting,1
sized,1
carried,1
tremendous,1
entered,1
few,1
street,1
hosting,1
hatred,1
india,1
strikes,1
therapist,1
elderly,1
worrying,1
predict,1
professor,1
well,1
love,1
january,1
blow,1
globes,1
thoughts,1
earlier,1
men,1
nervous,1
expanding,1
gary,1
remote,1
desire,1
khan,1
capable,1
commercial,1
beings,1
emily,1
nasa,1
as,1
due,1
new,1
consumption,1
garner,1
counts,1
favor,1
regional,1
lindsay,1
mount,1
toilet,1
old,1
housing,1
neighbor,1
trek,1
giants,1
explosion,1
personal,1
county,1
sandy,1
answer,1
forced,1
language,1
meet,1
beginning,1
lion,1
aisle,1
surely,1
weapons,1
plea,1
queens,1
80s,1
respond,1
virtual,1
vietnam,1
always,1
body,1
meant,1
queen,1
hands,1
retired,1
extended,1
score,1
bull,1
successfully,1
wondered,1
year,1
brown,1
costume,1
were,1
nearly,1
european,1
honest,1
glasses,1
previous,1
figured,1
laid,1
capacity,1
from,1
traveling,1
anything,1
iron,1
israel,1
hudson,1
divide,1
brad,1
eco,1
craft,1
particularly,1
north,1
man,1
along,1
smartphone,1
attending,1
starting,1
deny,1
allows,1
skinny,1
houston,1
proposals,1
hire,1
nbc,1
rough,1
creepy,1
headline,1
made,1
high,1
within,1
sides,1
remains,1
yet,1
came,1
heartbreaking,1
grateful,1
skin,1
ipad,1
management,1
name,1
once,1
revealed,1
clothes,1
early,1
club,1
fellow,1
finale,1
dust,1
otherwise,1
restrictions,1
drives,1
scientist,1
associated,1
coming,1
second,1
taken,1
goes,1
insane,1
skills,1
endorsement,1
dunham,1
act,1
water,1
brand,1
am,1
watched,1
happens,1
tech,1
public,1
hiding,1
wrap,1
soldier,1
chanel,1
out,1
flight,1
signed,1
mobile,1
leave,1
pat,1
amanda,1
classes,1
knows,1
investigate,1
parker,1
listening,1
effectively,1
create,1
california,1
aging,1
motion,1
de,1
humanity,1
globe,1
rescue,1
iraqi,1
butt,1
american,1
inspire,1
stick,1
organizations,1
existence,1
grief,1
managing,1
marine,1
conditions,1
very,1
let,1
bit,1
rachel,1
grow,1
launched,1
with,1
program,1
was,1
impact,1
issues,1
makes,1
means,1
hang,1
offers,1
honoring,1
cable,1
cbs,1
enough,1
fun,1
experienced,1
small,1
beat,1
tiny,1
agents,1
prosecutor,1
shoe,1
defined,1
nominated,1
accepting,1
thrive,1
come,1
workplace,1
alcohol,1
however,1
then,1
who,1
chicago,1
years,1
item,1
emerging,1
timberlake,1
bear,1
sparks,1
received,1
several,1
member,1
ever,1
great,1
physically,1
counting,1
writer,1
lover,1
midst,1
colorado,1
laughing,1
nose,1
granted,1
boots,1
resolution,1
backs,1
solidarity,1
late,1
shoot,1
imagine,1
prince,1
easily,1
adventures,1
entertaining,1
continuing,1
a,1
mayor,1
knowledge,1
gratitude,1
australia,1
airplane,1
ended,1
odd,1
independence,1
causes,1
criticism,1
activists,1
die,1
speaks,1
lipstick,1
underwear,1
civilians,1
frequently,1
checking,1
weigh,1
mix,1
class,1
wisdom,1
reminder,1
mexico,1
natural,1
under,1
marvel,1
combination,1
elite,1
blood,1
sit,1
hope,1
had,1
quiet,1
delivered,1
region,1
apart,1
walks,1
certain,1
april,1
actor,1
able,1
either,1
golden,1
falling,1
war,1
type,1
most,1
relationship,1
immediately,1
district,1
ruled,1
recall,1
monster,1
shared,1
different,1
car,1
drinking,1
sun,1
father,1
institutions,1
drake,1
commit,1
maria,1
dare,1
4th,1
trying,1
balance,1
prayer,1
desk,1
sentenced,1
encounter,1
tight,1
picking,1
storm,1
some,1
seem,1
mistakes,1
moss,1
side,1
stepped,1
contribute,1
stroke,1
nurse,1
bob,1
destroy,1
already,1
louis,1
veteran,1
schools,1
night,1
waves,1
sacred,1
ice,1
university,1
technology,1
jones,1
chance,1
lovely,1
reaching,1
treatments,1
lena,1
usually,1
awareness,1
continue,1
understanding,1
gulf,1
screening,1
focused,1
truths,1
cream,1
end,1
head,1
together,1
urge,1
dropping,1
match,1
appearance,1
alike,1
hopeful,1
last,1
set,1
proposed,1
kept,1
fall,1
room,1
never,1
analysis,1
shut,1
ashley,1
rescued,1
participants,1
surrounding,1
st,1
witness,1
spectacular,1
visits,1
activity,1
coolest,1
touching,1
mama,1
much,1
quickly,1
investors,1
sorry,1
december,1
passenger,1
surprises,1
towards,1
reality,1
company,1
childhood,1
earth,1
twice,1
friend,1
nancy,1
drew,1
uncomfortable,1
shaped,1
snacks,1
blues,1
fan,1
relatively,1
nights,1
memo,1
entrepreneur,1
think,1
experiences,1
away,1
candy,1
interest,1
breathing,1
cope,1
potter,1
cohen,1
session,1
wanted,1
male,1
global,1
nations,1
shows,1
finds,1
trend,1
kicked,1
condition,1
self,1
annual,1
boy,1
grocery,1
grown,1
physical,1
proper,1
twist,1
champion,1
forever,1
little,1
big,1
flat,1
grade,1
forgiveness,1
multiple,1
experiencing,1
amazon,1
comeback,1
madness,1
tower,1
cat,1
line,1
older,1
hard,1
something,1
child,1
money,1
mainstream,1
receiving,1
ali,1
emmy,1
holy,1
tour,1
bright,1
later,1
size,1
return,1
tickets,1
trail,1
intended,1
gets,1
final,1
her,1
quarter,1
diseases,1
succeed,1
has,1
-,1
wild,1
many,1
us,1
cities,1
definition,1
mountains,1
foster,1
refused,1
becomes,1
faced,1
life,1
like,1
loved,1
heritage,1
rural,1
rap,1
emotions,1
moment,1
stone,1
spanish,1
apologizes,1
stood,1
straight,1
way,1
jewish,1
scary,1
also,1
search,1
jersey,1
possibility,1
stars,1
tone,1
soldiers,1
impression,1
passed,1
lost,1
amy,1
record,1
time,1
circumstances,1
herself,1
pollution,1
rid,1
hint,1
tie,1
places,1
would,1
lack,1
cover,1
deep,1
run,1
necessary,1
numerous,1
vital,1
vast,1
bring,1
black,1
star,1
course,1
to,1
where,1
saying,1
heading,1
oldest,1
leather,1
flow,1
slowly,1
open,1
guide,1
found,1
real,1
island,1
success,1
praise,1
attempt,1
carter,1
tackle,1
flights,1
talks,1
beer,1
african,1
lunch,1
privilege,1
lasting,1
chuck,1
fantastic,1
source,1
contact,1
legs,1
kelly,1
provide,1
russia,1
values,1
mission,1
harvard,1
lip,1
chemical,1
their,1
truth,1
may,1
nothing,1
won,1
phones,1
generations,1
marriages,1
exchange,1
this,1
person,1
he,1
price,1
closing,1
advance,1
picked,1
threatening,1
example,1
challenge,1
hit,1
woman,1
anyone,1
finish,1
location,1
potentially,1
anne,1
thought,1
latest,1
national,1
harris,1
push,1
accident,1
samantha,1
returned,1
supports,1
devices,1
remarks,1
path,1
media,1
holiday,1
force,1
know,1
asks,1
argument,1
remembering,1
roles,1
surprisingly,1
amount,1
winner,1
hundreds,1
full,1
bunch,1
arab,1
identified,1
ii,1
crash,1
dead,1
almost,1
jet,1
chairman,1
chose,1
scores,1
allowing,1
is,1
listen,1
double,1
levels,1
hook,1
driven,1
might,1
gifts,1
hole,1
aim,1
ran,1
non,1
offer,1
purpose,1
affordable,1
pretty,1
decide,1
proof,1
total,1
sarah,1
seeks,1
barely,1
dear,1
warning,1
been,1
aid,1
if,1
closer,1
vegas,1
best,1
psychological,1
helpful,1
situations,1
capital,1
shake,1
felt,1
bowl,1
whenever,1
newest,1
complete,1
states,1
wins,1
tip,1
look,1
singing,1
all,1
strain,1
apply,1
rooms,1
will,1
pink,1
bodies,1
effort,1
thank,1
universal,1
others,1
saudi,1
connected,1
moves,1
vs.,1
confused,1
bombing,1
provides,1
poor,1
gold,1
me,1
put,1
part,1
veterans,1
endless,1
discovered,1
clothing,1
neil,1
sharing,1
rainbow,1
viral,1
mouth,1
podcast,1
science,1
seek,1
grand,1
followed,1
christians,1
ads,1
friends,1
takes,1
wars,1
started,1
tourism,1
deeper,1
terrifying,1
dose,1
golf,1
farm,1
sheer,1
ukraine,1
domestic,1
style,1
struck,1
address,1
keys,1
lines,1
march,1
call,1
fire,1
profile,1
live,1
union,1
events,1
bush,1
professional,1
relax,1
u.s,1
oliver,1
wife,1
focus,1
turkey,1
summer,1
powerful,1
letter,1
headlines,1
hell,1
seconds,1
sustainable,1
check,1
doubt,1
expensive,1
addiction,1
basis,1
immigrants,1
graham,1
clients,1
conference,1
education,1
warming,1
mirror,1
denied,1
friday,1
snow,1
decided,1
adult,1
differently,1
youtube,1
girls,1
that,1
secret,1
appropriate,1
evolution,1
soft,1
actors,1
entire,1
feet,1
taking,1
across,1
designer,1
bell,1
suspected,1
affected,1
platform,1
pays,1
arrested,1
movie,1
guilty,1
slow,1
miles,1
times,1
wait,1
boat,1
dozen,1
roots,1
green,1
wrote,1
bottle,1
appears,1
progress,1
terrorist,1
more,1
point,1
calling,1
income,1
there,1
becoming,1
've,1
larger,1
outdoor,1
awards,1
spring,1
still,1
she,1
leaving,1
plenty,1
claimed,1
bad,1
kitchen,1
guy,1
group,1
promise,1
wondering,1
guard,1
identify,1
millennials,1
responsibility,1
violence,1
's,1
holds,1
difference,1
paying,1
because,1
for,1
tribute,1
closed,1
joins,1
fed,1
did,1
johnson,1
those,1
charlie,1
local,1
chain,1
deliver,1
when,1
totally,1
boston,1
overall,1
family,1
we,1
critical,1
variety,1
arabia,1
rush,1
baltimore,1
weather,1
matter,1
role,1
sauce,1
directly,1
pets,1
plane,1
owners,1
constant,1
i,1
here,1
playing,1
jury,1
increasing,1
bet,1
developed,1
tourists,1
unusual,1
posts,1
numbers,1
ride,1
white,1
lives,1
victory,1
discussion,1
winners,1
toy,1
finally,1
turning,1
dads,1
working,1
speak,1
stressful,1
tool,1
experts,1
game,1
outside,1
idea,1
him,1
over,1
instagram,1
computer,1
jump,1
credit,1
school,1
comes,1
andrew,1
have,1
another,1
date,1
ridiculous,1
brazil,1
soda,1
covers,1
hear,1
meaningful,1
required,1
shown,1
neighborhood,1
minutes,1
so,1
rio,1
ship,1
further,1
gives,1
findings,1
pool,1
protecting,1
used,1
teach,1
cookie,1
drugs,1
loves,1
wisconsin,1
go,1
atlanta,1
attend,1
nick,1
hour,1
testing,1
apartment,1
move,1
wish,1
women,1
absolutely,1
details,1
visiting,1
fill,1
not,1
freedom,1
shot,1
stories,1
mood,1
died,1
direct,1
survival,1
laugh,1
breakfast,1
sam,1
anywhere,1
huffpost,1
talent,1
it,1
communities,1
sport,1
incredibly,1
nice,1
toys,1
believes,1
celebrate,1
living,1
official,1
ultimately,1
changing,1
what,1
orleans,1
jokes,1
gaga,1
among,1
political,1
especially,1
standard,1
since,1
secrets,1
united,1
seems,1
putting,1
commitment,1
served,1
practices,1
limited,1
rice,1
perfect,1
having,1
level,1
indian,1
likes,1
sites,1
porn,1
email,1
send,1
close,1
sent,1
comic,1
hilarious,1
deserves,1
fabulous,1
good,1
join,1
west,1
ben,1
rihanna,1
injury,1
internet,1
co,1
before,1
treatment,1
emma,1
while,1
cool,1
write,1
enter,1
got,1
too,1
definitely,1
closet,1
accounts,1
sign,1
treated,1
death,1
previously,1
south,1
everyone,1
involved,1
diagnosed,1
looking,1
changed,1
despite,1
one,1
whether,1
estate,1
cocktail,1
worker,1
wears,1
mothers,1
afford,1
only,1
manage,1
use,1
toxic,1
spots,1
now,1
stranger,1
row,1
ready,1
indeed,1
'm,1
halloween,1
huge,1
gun,1
you,1
movies,1
energy,1
suggest,1
express,1
traffic,1
bed,1
motherhood,1
red,1
funny,1
hurricane,1
transition,1
minute,1
homemade,1
arrived,1
america,1
olympics,1
follow,1
about,1
believe,1
be,1
homes,1
airport,1
opens,1
welcome,1
conservatives,1
association,1
're,1
serious,1
foot,1
happier,1
plant,1
everything,1
resources,1
day,1
went,1
own,1
rapper,1
friendly,1
up,1
remind,1
talking,1
birth,1
task,1
arrest,1
making,1
myths,1
claim,1
yesterday,1
no,1
though,1
reaction,1
matt,1
are,1
reached,1
spirit,1
feel,1
share,1
mass,1
revolution,1
future,1
biggest,1
helps,1
tricks,1
fund,1
outfit,1
loving,1
god,1
developing,1
unfortunately,1
worthy,1
thanksgiving,1
comfortable,1
fly,1
consumer,1
realize,1
bullying,1
youth,1
make,1
sweet,1
event,1
floor,1
vulnerable,1
bacon,1
announcement,1
sell,1
alzheimer,1
complicated,1
exclusive,1
months,1
again,1
prepared,1
fails,1
manager,1
violent,1
theory,1
country,1
marathon,1
pair,1
entertainment,1
expected,1
companies,1
system,1
take,1
days,1
response,1
kills,1
myself,1
behavior,1
trust,1
kick,1
done,1
davis,1
fake,1
count,1
blogger,1
my,1
forward,1
case,1
break,1
stands,1
false,1
anti,1
town,1
teacher,1
low,1
begin,1
learn,1
army,1
smoking,1
current,1
giving,1
thinks,1
planet,1
does,1
guess,1
epidemic,1
caught,1
parks,1
than,1
federal,1
husband,1
primary,1
smile,1
discover,1
supporting,1
onto,1
cell,1
general,1
ted,1
comment,1
online,1
joe,1
bus,1
handle,1
stock,1
olympic,1
give,1
escape,1
familiar,1
road,1
dirty,1
mountain,1
completely,1
ensure,1
deals,1
struggling,1
ideas,1
wore,1
sets,1
someone,1
next,1
drink,1
carolina,1
wearing,1
reason,1
financial,1
lot,1
held,1
these,1
retirement,1
season,1
disney,1
true,1
learned,1
highlights,1
instead,1
breath,1
active,1
cut,1
population,1
terror,1
journalists,1
florida,0
snl,0
say,0
off,0
chair,0
private,0
clear,0
areas,0
achieve,0
ocean,0
n't,0
fact,0
lady,0
dollars,0
seemed,0
games,0
else,0
really,0
ties,0
afghanistan,0
even,0
washington,0
orange,0
worst,0
prison,0
continues,0
responsible,0
religion,0
posted,0
other,0
practice,0
sleeping,0
block,0
boyfriend,0
customers,0
questions,0
calls,0
needs,0
beyoncé,0
controversy,0
could,0
tell,0
coffee,0
john,0
they,0
unless,0
caused,0
mostly,0
must,0
election,0
lgbt,0
surprised,0
find,0
shopping,0
back,0
awkward,0
activist,0
progressive,0
%,0
do,0
cheap,0
flying,0
claims,0
missed,0
poverty,0
touch,0
things,0
couple,0
guest,0
any,0
picks,0
charge,0
comedian,0
according,0
adventure,0
every,0
comfort,0
pull,0
southern,0
eye,0
hotel,0
daughters,0
visit,0
mental,0
memorial,0
increasingly,0
opportunities,0
currently,0
reports,0
right,0
daily,0
host,0
raise,0
change,0
texas,0
probably,0
understand,0
regular,0
concerns,0
bernie,0
authorities,0
christmas,0
less,0
tired,0
constantly,0
released,0
hours,0
social,0
trans,0
suffering,0
missing,0
epic,0
funniest,0
watch,0
adorable,0
equal,0
our,0
driver,0
hero,0
after,0
can,0
holidays,0
tragedy,0
disease,0
single,0
left,0
jon,0
appear,0
affect,0
results,0
your,0
answers,0
abuse,0
suit,0
access,0
click,0
millions,0
dangerous,0
during,0
bag,0
feeling,0
rights,0
thing,0
shape,0
stand,0
pick,0
resolutions,0
surgery,0
environmental,0
supposed,0
cards,0
key,0
how,0
budget,0
jail,0
considered,0
inspiring,0
mean,0
korea,0
unexpected,0
disaster,0
press,0
guests,0
magazine,0
amazing,0
loss,0
near,0
simple,0
hidden,0
fighting,0
important,0
owner,0
holding,0
target,0
exactly,0
learning,0
choose,0
drag,0
essential,0
pre,0
heat,0
information,0
happening,0
throw,0
difficult,0
lead,0
democracy,0
celebrity,0
gay,0
discrimination,0
parties,0
positive,0
programs,0
maybe,0
talk,0
available,0
sexy,0
muslims,0
down,0
people,0
ago,0
diversity,0
step,0
decisions,0
significant,0
without,0
save,0
house,0
order,0
ad,0
jobs,0
literally,0
easy,0
possible,0
royal,0
afraid,0
banks,0
protesters,0
silence,0
environment,0
home,0
business,0
gas,0
children,0
engaged,0
negative,0
mother,0
surprise,0
pain,0
patient,0
terrible,0
barack,0
actually,0
showed,0
plans,0
busy,0
facebook,0
soon,0
remain,0
truly,0
changes,0
identity,0
special,0
divorced,0
just,0
fox,0
’s,0
virginia,0
failed,0
remember,0
charges,0
spend,0
become,0
brother,0
buy,0
simply,0
rest,0
engagement,0
shooting,0
asked,0
extreme,0
benefit,0
studies,0
greater,0
proud,0
likely,0
border,0
strong,0
them,0
netflix,0
citizens,0
problems,0
failure,0
lose,0
corporate,0
journal,0
strategy,0
job,0
spiritual,0
result,0
conflict,0
seat,0
oscars,0
least,0
front,0
avoid,0
lesson,0
get,0
elizabeth,0
hopes,0
face,0
attack,0
respect,0
broken,0
being,0
major,0
standing,0
happened,0
autism,0
getting,0
race,0
effect,0
forces,0
deadly,0
kids,0
told,0
charged,0
founder,0
explain,0
guns,0
telling,0
choice,0
driving,0
split,0
raising,0
happen,0
weeks,0
princess,0
card,0
steps,0
feelings,0
suicide,0
track,0
lawyer,0
points,0
historic,0
model,0
serve,0
homeless,0
voting,0
warm,0
growth,0
goals,0
extra,0
harry,0
rate,0
statement,0
kim,0
insurance,0
ultimate,0
weird,0
ourselves,0
majority,0
married,0
ring,0
hair,0
longer,0
crime,0
hate,0
growing,0
judge,0
rep,0
drive,0
sugar,0
partner,0
choices,0
rather,0
question,0
breast,0
quality,0
problem,0
survey,0
treat,0
sure,0
industry,0
approach,0
employees,0
costs,0
fail,0
advice,0
bar,0
iraq,0
player,0
prevent,0
episode,0
kid,0
going,0
leading,0
value,0
teachers,0
suspect,0
restaurant,0
tips,0
amid,0
start,0
moms,0
abortion,0
smart,0
heart,0
names,0
matters,0
roundup,0
board,0
said,0
reach,0
winter,0
should,0
“,0
fix,0
better,0
anxiety,0
improve,0
stuff,0
pass,0
whatever,0
keep,0
decision,0
trade,0
action,0
free,0
former,0
round,0
protest,0
walking,0
author,0
threat,0
trip,0
note,0
deal,0
allow,0
seriously,0
cute,0
taste,0
depression,0
losing,0
published,0
training,0
crisis,0
successful,0
government,0
travel,0
girl,0
doctor,0
justice,0
build,0
clinton,0
religious,0
executive,0
research,0
dogs,0
parents,0
nation,0
table,0
party,0
kill,0
foreign,0
celebrities,0
fit,0
officer,0
food,0
planned,0
fresh,0
products,0
chocolate,0
hill,0
debate,0
help,0
security,0
sex,0
dr,0
dog,0
common,0
groups,0
shares,0
makeup,0
bank,0
stop,0
signs,0
pregnant,0
release,0
iran,0
taylor,0
linked,0
civil,0
ceo,0
potential,0
safety,0
relationships,0
scott,0
monday,0
europe,0
eating,0
crazy,0
economy,0
vote,0
pay,0
cold,0
challenges,0
against,0
’m,0
meeting,0
why,0
office,0
governor,0
want,0
super,0
ways,0
term,0
obama,0
n’t,0
countries,0
reasons,0
thanks,0
transgender,0
consider,0
study,0
care,0
top,0
battle,0
network,0
attacks,0
weight,0
weekend,0
