findthebest,49
lovah,49
foreveralone,49
uncouple,49
harlotry,49
unenforced,49
stepkid,49
insurances,49
facilitators,49
bete0noire,49
alimony,49
mcdaid,49
ruthe,49
ponturo,49
dr2,49
lehmiller,49
pinged,49
cdfa,49
halfs,49
kuperberg,49
kitkat,49
divorce-,49
litigants,49
knockdown,49
with)held,49
unhung,49
moote,49
pelt,49
geolocation,49
untying,49
pre¬nuptial,49
åslund,49
relentlessness,49
dumpees,49
toler,49
tennille,49
nup,49
muscrat,49
gayet,49
khalilah,49
camacho,49
bennifer,49
lis,49
stobrawe,49
lobo,49
arents,49
galtime,49
ashmohawaii,49
visitation,49
washis,49
ustobhis,49
sigurd,49
vedal,49
blurriness,49
maybes,49
stepfamilies,49
szekely,49
distantly,49
gilfedder,49
gilchrest,49
rind,49
iou,49
schickel,49
ruptures,49
refinding,49
dysfunctionally,49
spo,49
linic,49
zipp,49
snoops,49
cavender,49
gital,49
dodelson,49
ggrrr,49
determinedly,49
inelegantly,49
denbaum,49
beelined,49
guido,49
www.today.com,49
fay,49
arroyo,49
over-40,49
galanes,49
torpedoing,49
truthsayer,49
remarrying,49
slattery,49
josette,49
toots,49
novacaine,49
skelly,49
jesika,49
misters,49
mommying,49
eastwick,49
joelle,49
caputa,49
trawick,49
jurica,49
littleblacksuit,49
kimbrell,49
whatnot,49
shannonbtweet,49
bensardeson11,49
repossess,49
horwich,49
esamamiloka,49
adelle,49
sedecca,49
transgressed,49
divorcé,49
moodysimon,49
rollerblade,49
footpath,49
whitimus,49
marilu,49
norden,49
drai,49
schochet,49
rajya,49
sabha,49
sbarra,49
adr,49
darth_baal,49
gonis,49
conticelli,49
kofoed,49
wedlease,49
wedleases,49
transportion,49
babyface,49
raiye,49
verta,49
55-hour,49
kiri,49
copywriting,49
unmentionables,49
lowrance,49
dottley,49
amohajer,49
unsolvable,49
lapka,49
slook,49
stauffer,49
avvo,49
formulary,49
mantz,49
stepmothering,49
krishann,49
briscoe,49
amarilla,49
adulterer,49
yoffe,49
shipley,49
divvying,49
siohvaughn,49
squisheemittensface,49
prandial,49
overhear,49
vazquez,49
gunvalson,49
loofah,49
donnieblank,49
hingis,49
hutin,49
antdude,49
steptalk,49
badmouth,49
jeritt,49
orton,49
speno,49
keyed,49
jonscotch,49
rom)complicated,49
kvetch,49
goshe,49
shazi,49
rastegar,49
brickey,49
bantering,49
haltzman,49
sanest,49
rebuttable,49
undignified,49
pilossoph,49
beverlin,49
pursuer-,49
clymer,49
tangoing,49
mooreland,49
cfp,49
imperviousness,49
wilk,49
eddie‹who,49
weigel,49
heelis,49
triage,49
abramowitz,49
smilers,49
alluding,49
deesha,49
philyaw,49
uchitel,49
stepfathers,49
eolin,49
q13,49
d.e.a.d,49
step)dad,49
hillman,49
divorceville,49
atkin,49
aslay,49
reasonableness,49
poheler,49
henriquez,49
nipplesquirrelham,49
ol',49
wakile,49
jeske,49
syrtash,49
zelman,49
plusoneforyou,49
japenese,49
finality,49
d.a.d,49
jivins,49
rontjunior,49
stbx,49
winsome,49
@#$-ing,49
sill,49
raffegold,49
facemate,49
moderns,49
dramatization,49
justcalliestuffs,49
keef,49
betrayer,49
palimony,49
youn,49
onata,49
aprile,49
garveybiggiz,49
underclassmen,49
highschool,49
divorcées,49
stenhouse,49
poueu,49
video.foxnews.com,49
bowersox,49
aboutagirl1,49
anessa,49
minocycline,49
stoppingly,49
thate,49
reconstitute,49
whoosh,49
arlando,49
corder,49
iming,49
wreckers,49
gorillaimage,49
rids,49
samara,49
dejsha,49
unfamiliarity,49
blogto,49
dakin,49
dealbreakers,49
idontwantyouif,49
mize,49
grievously,49
swendeman,49
khotch,49
580k,49
ahmay,49
spalton,49
after-(married)life,49
biderman,49
macdougall,49
torrei,49
harts,49
petrakis,49
stinson,49
struldburgs,49
barberie,49
esme,49
pares,49
itsme_timd,49
siggy,49
coifed,49
dateless,49
them­selves,49
crissy,49
mariage,49
coover,49
amatenstein,49
carpentier,49
350/hr,49
venker,49
percolate,49
trilingual,49
stepcouples,49
lynsi,49
19k,49
pegram,49
wghp,49
trembled,49
mottola,49
percenter,49
shumake,49
tawanna,49
defray,49
grigorieva,49
garnet,49
penacoli,49
hildebrandts,49
driggs,49
spaceman,49
disso,49
exotically,49
jealously,49
lario,49
iccd,49
covel,49
fainthearted,49
vagely,49
marysol,49
chwatsky,49
desiderio,49
dutilh,49
dejoria,49
hollyscoop,49
victimizes,49
tehrani,49
unfollowed,49
postdivorce,49
coparenting,49
jumpy,49
offloading,49
shithead,49
parities,49
frankenstorms,49
explainable,49
annivorceary,49
deandra,49
nitpick,49
reentered,49
traumatically,49
schmeating,49
broods,49
rosenfield,49
rabinor,49
operable,49
hirschfield,49
"post-""brady",49
pesoli,49
housewright,49
ludicrousland,49
divvied,49
ekaterina,49
chemtob,49
engenders,49
cannonballed,49
lavner,49
ecards,49
fornicating,49
cradling,49
breakovers,49
naviyd,49
battleships,49
defriended,49
yanking,49
ontothenextoneif,49
sheleftyoubecause,49
lemire,49
plews,49
ommanney,49
breakupif,49
divorc,49
loughran,49
rancorous,49
chayra,49
wiil,49
timesharing,49
vinyard,49
mccoid,49
ritualize,49
icantdateyou,49
compulsivity,49
fictive,49
obligatorily,49
summerscale,49
companionable,49
halfens,49
antes,49
ponying,49
let’s,49
stetten,49
cefalo,49
disconsolate,49
wrecker,49
fuelling,49
tovar,49
shouid,49
kardashhian,49
phobe,49
junor,49
hatchett,49
fib,49
www.aarp.org,49
describeurexusingonlymovietitles,49
rozlyn,49
pinault,49
reconciles,49
shamicka,49
whyicheated,49
brinkmann,49
rewrapping,49
ulay,49
gertz,49
wurtzel,49
combest,49
scirocco,49
twangy,49
betweeen,49
dooce,49
neverly,49
chelgren,49
odone,49
flameouts,49
prudie,49
pbn,49
delineation,49
moskovitch,49
family.i,49
komaiko,49
monteverde,49
refusals,49
idiomatically,49
arnam,49
stonecipher,49
wecantbetogetherif,49
reinitiate,49
friends—“kelly”—is,49
debrett,49
breakover,49
sexpectations,49
ileftyoubecause,49
waynesville,49
kononenko,49
cassian,49
thoughtlessly,49
www.helpstartshere.org,49
sestito,49
youneedtobreakupif,49
telecommute,49
worstvalentinesday,49
alford,49
maplestory,49
nnouncing,49
www.mediabistro.com,49
stepmoms,49
litigated,49
divorcees,49
rielle,49
mistresses,49
divorcés,49
postnups,49
distancer,49
elin,49
nordegren,49
unsaid,49
spitfire,49
hospenthal,49
honaman,49
bryants,49
schermerhorn,49
divorcee,46
divorce,45
divorcing,45
stepmothers,44
cibrian,44
amicable,44
stepfamily,44
divorced,43
uncoupling,43
stepparent,43
maloof,43
stepparents,43
divorces,43
unhappily,42
nassif,42
facinelli,42
wallerstein,41
remarried,40
coupling,39
cafemom,39
funnyman,39
priciest,39
shriver,39
hoppy,38
cheater,38
remarriage,37
xojane,37
stepdads,37
fathered,37
reentering,37
splitsville,37
buffington,37
blended,37
cheaters,36
infidelity,36
mediation,36
exes,36
humphries,35
unfaithful,35
embry,35
tameka,35
glanville,35
quaid,34
remarry,34
breakups,33
incompatibility,33
divorcée,33
affidavits,33
unemployable,33
perelman,33
ironclad,33
legalities,33
lebrock,33
bellucci,33
zaire,33
stilted,33
mediators,33
?,33
pursuer,33
stepchild,33
reconciling,33
keach,33
remarries,33
bertinelli,33
lyndie,33
aikman,33
deion,33
expos,33
murmured,33
rybolovlev,33
teamviewer,33
mckellar,33
cheating,32
finalized,32
mediator,31
grammer,31
frankel,30
cheated,30
breakup,30
adkins,29
kordell,29
custodial,29
arnett,29
elaborated,29
monies,29
wendi,29
stepkids,29
brockovich,29
beatie,29
stepmom,29
bethenny,29
yourtango,29
danica,29
stepmother,28
rimes,28
platonic,28
wasser,28
uncontested,28
decals,28
perlman,28
brandi,28
gosselin,28
twitterverse,27
prenups,27
rhea,27
splits,26
porsha,26
prenup,26
leann,26
cohabitation,26
proudest,25
dailyfinance,25
coexisting,25
unconventionally,25
mid-50s,25
copulation,25
unimpeachable,25
soulpancake,25
embittered,25
sexless,25
scornful,25
cohabitating,25
immigrate,25
learnvest,25
amis,25
cybersex,25
lurid,25
flunk,25
worden,25
lumbering,25
nigella,25
insures,25
dud,25
catfight,25
reawaken,25
fouls,25
catan,25
policymic,25
pretenses,25
duping,25
lovemaking,25
lawyering,25
wheelhouse,25
reiterating,25
billable,25
admissible,25
danson,25
commending,25
sedans,25
erikson,25
ratted,25
conman,25
conditional,25
mcgurk,25
decal,25
hobbyists,25
oked,25
brin,25
wojcicki,25
terse,25
frequenting,25
eminently,25
businesslike,25
cassel,25
auerbach,25
finalizes,25
baldy,25
dateable,25
shackleton,25
quantified,25
spaz,25
fruitfully,25
hakuna,25
matata,25
undoubtably,25
horrifically,25
whirlwinds,25
casted,25
propositioned,25
tish,25
recriminations,25
lifton,25
litigious,25
yucaipa,25
stowe,25
on-,25
hosed,25
cycled,25
unconscionably,25
fluorescently,25
solicitors,25
brokering,25
pere,25
biggies,25
solloway,25
skidded,25
submissive,25
sleazy,25
twelve,25
caretaking,25
picker,25
shrift,25
warrick,25
outlying,25
zooms,25
radaronline,25
thurston,25
mouthing,25
vcr,25
shellie,25
sufficed,25
anguished,25
castmates,25
subbing,25
amicably,25
skarsgard,25
flaring,25
overhearing,25
emery,25
soulmates,25
lyle,25
dundee,25
valuer,25
dovey,25
manzo,25
fenced,25
oksana,25
hildebrandt,25
lubbock,25
ordeals,25
secondly,25
narc,25
silvio,25
permeating,25
remorseless,25
backpage,25
rockier,25
su,25
tardiness,25
wigged,25
toughened,25
fairest,25
comfiest,25
giesler,25
schorn,25
helpings,25
pittenger,25
audibly,25
gasped,25
siamese,25
blabbermouth,25
dismissively,25
lapsed,25
incisive,25
shoals,25
ctv,25
attentiveness,25
annihilated,25
brokenhearted,25
cohabiters,25
quiznos,25
hemmed,25
hawed,25
klaw,25
messiest,25
barometers,25
splat,25
capitulate,25
unfollows,25
alarmists,25
nickleback,25
wistfully,25
panasonic,25
gillingham,25
singletons,25
uncharacteristic,25
idioms,25
tho,25
insupportable,25
adjective,25
disillusion,25
sickeningly,25
downgrading,25
mcguinness,25
oui,25
mediate,25
courteney,25
vicki,25
anthems,25
vonn,25
cuffing,25
funches,25
prudence,25
commiserating,25
iverson,25
paradis,25
pilar,25
marriages,24
split,23
devito,23
ex,23
custody,23
prenuptial,23
romances,22
ephron,22
kelsey,22
spouses,22
spouse,22
fidelity,22
cougar,22
privy,21
mistress,21
imgur,21
extramarital,21
separation,20
rebound,20
splitting,20
leakes,20
uncoupled,20
dashed,20
deadbeat,20
adulterous,20
tutera,20
romijn,20
misunderstandings,20
undateable,20
chumps,20
postnuptial,20
underwriting,20
irreconcilable,20
dater,20
consultation,20
quaker,20
fathering,20
stepchildren,20
bachelors,20
drescher,20
gazed,20
marital,19
nora,19
adultery,18
affair,18
arquette,18
psychopath,18
jennie,18
cheat,18
jada,18
redditor,17
scorned,17
reconcile,17
pinkett,17
schwarzenegger,17
deconstruct,16
wailing,16
nighters,16
dissolution,16
neuman,16
unwed,16
sooooo,16
facilitates,16
infuriatingly,16
divulging,16
unmarried,16
souped,16
unwashed,16
centeredness,16
predicaments,16
fived,16
pocketbooks,16
imprinted,16
infidelities,16
tippy,16
pinsky,16
cloaking,16
triathletes,16
coms,16
unromantic,16
cohabiting,16
seduction,16
delving,16
spiteful,16
sabina,16
corralled,16
stoplight,16
interwoven,16
hopscotch,16
washers,16
dingy,16
tricksters,16
skidmore,16
tint,16
o’neill,16
heaving,16
pollyanna,16
benefitting,16
bamboozled,16
bluntly,16
unrequited,16
codependency,16
disentangle,16
ghouls,16
cleavers,16
breslauer,16
amalgamation,16
connery,16
rationalization,16
npd,16
brethren,16
reminisced,16
peeked,16
sondra,16
wingman,16
courier,16
watchable,16
estranged,16
earner,16
knoll,16
blakeley,16
unfriend,16
iovine,16
camilleri,16
sweetin,16
alejandra,16
symonds,16
reprogram,16
cerulean,16
speedier,16
audis,16
skittish,16
willed,16
severing,16
crevices,16
wahl,16
initials,16
steeled,16
ferociously,16
heffernan,16
bryn,16
neurosis,16
deng,16
traci,16
mispronounced,16
fabricate,16
inputs,16
flocka,16
diverging,16
clutched,16
banister,16
vacuums,16
toothbrushes,16
checklists,16
entangling,16
counterattacks,16
unacknowledged,16
upends,16
frisco,16
subsides,16
forbids,16
townsquare,16
oughta,16
bu,16
unbound,16
unappreciated,16
invert,16
clocking,16
clive,16
brita,16
trysts,16
romanced,16
sluts,16
firstly,16
alikes,16
decoder,16
evoking,16
unhooked,16
frontrunners,16
timeshares,16
clef,16
dissipated,16
lawfully,16
disloyal,16
arnie,16
wetting,16
fibs,16
kelis,16
lasso,16
repo,16
gorelick,16
56-year,16
saxophonist,16
swiftness,16
stubbed,16
stepson,16
speculates,16
presumptions,16
gibbard,16
precursors,16
philandering,16
cadenet,16
nightline,16
popstar,16
clasp,16
suvari,16
befallen,16
slumped,16
siegel,16
overachievers,16
castrate,16
pronouncement,16
unceremoniously,16
topher,16
detritus,16
outsize,16
annulment,16
prolonging,16
breaker,16
cleese,16
garth,16
daters,16
wronged,16
stepfather,16
matchmaking,16
plump,16
cline,16
grandparenting,16
dating,16
tweeters,16
cheats,16
monogamy,16
blindsided,16
dern,15
dub,15
ronnie,15
denise,15
nene,15
housewives,15
fido,15
settlements,14
separating,14
dialing,14
pointer,14
baumbach,14
litigate,14
mcmillan,14
counseled,14
professes,14
lovey,14
rah,14
berlusconi,14
expendable,14
cupid,14
okcupid,13
sob,13
trusts,13
royally,13
presumption,13
viagra,13
q.,13
vega,13
assets,13
tractor,13
casper,13
crowe,13
betrayal,13
dwyane,13
separated,13
dumped,13
schoolwork,12
sown,12
checkups,12
guetta,12
pretense,12
neurosurgery,12
conquest,12
unfairness,12
kickboxing,12
babs,12
segue,12
blurt,12
untangle,12
denham,12
laziest,12
tammi,12
instagrammer,12
disengage,12
ifs,12
unluckiest,12
motorboat,12
depleted,12
briskly,12
windmills,12
polyamory,12
toto,12
decree,12
aron,12
signage,12
jurist,12
ruinous,12
abolished,12
autocorrect,12
welling,12
gouged,12
desiring,12
discernible,12
trickled,12
unseemly,12
mustang,12
spiraled,12
eroding,12
futility,12
hector,12
spotlighted,12
edmonds,12
sugarcoating,12
hatcher,12
frisky,12
remnant,12
conundrums,12
n.j,12
flattered,12
saatchi,12
irreparably,12
fraley,12
specialize,12
simplifies,12
scraped,12
nastiest,12
swirled,12
sprang,12
hartley,12
bugger,12
taxable,12
waka,12
kingsley,12
dependable,12
dispels,12
dani,12
alpert,12
repressed,12
deposited,12
clingy,12
illustrating,12
confessing,12
wmd,12
advertises,12
maj,12
stag,12
slicked,12
wrestlemania,12
correlates,12
shawshank,12
glaringly,12
voided,12
gulliver,12
beale,12
escapism,12
separations,12
defiantly,12
jumble,12
harmoniously,12
inquired,12
gabe,12
solitaire,12
skinnygirl,12
whores,12
edict,12
bolden,12
signify,12
painstaking,12
logistical,12
probst,12
canoodling,12
noelle,12
diminutive,12
persuading,12
staggered,12
quickies,12
lozada,12
headfirst,12
diller,12
bladed,12
persisting,12
disavows,12
headey,12
portfolios,12
urbane,12
gab,12
strauss,12
christened,12
nesters,12
ottawa,12
reaney,12
divulge,12
hybrids,12
recorders,12
expectancies,12
reorganize,12
previewed,12
lakshmi,12
toothed,12
earworm,12
weitz,12
incriminating,12
reconciled,12
combustible,12
orgasm,12
aldean,12
spotlighting,12
blinded,12
tmz,12
wreak,12
betrayed,12
gamer,12
familial,12
hooking,11
sweethearts,11
hawke,11
leveled,11
maisie,11
virginity,11
memorabilia,11
mimi,11
litigation,11
slides,11
trot,11
thrived,11
inflicting,11
huxtable,11
adelaide,11
timeout,11
adrienne,11
commemorative,11
monogamous,11
kerri,11
untangling,11
www.buzzfeed.com,11
51-year,11
courtside,11
sighed,11
dmitry,11
husband,11
holmes,11
pitfalls,11
narcissist,11
marriage,11
hellish,11
lipped,11
unforgivable,11
camille,11
questionnaire,11
contemplating,10
touch,10
klum,10
owed,10
affairs,10
confidential,10
husbands,10
expo,10
relationship,10
rupert,10
quits,10
inordinate,10
unselfish,10
stalwart,10
awoken,10
jdate,10
refs,10
creditor,10
conferred,10
scooped,10
lessens,10
foreplay,10
teetering,10
ranged,10
resorting,10
merged,10
66-year,10
philomena,10
comforter,10
justifiable,10
numerical,10
greer,10
snort,10
deft,10
vibrate,10
cbsnewyork,10
unfulfilling,10
resuscitate,10
gifford,10
siphon,10
twinge,10
adores,10
unattached,10
wonky,10
zeta,10
waldman,10
disagreeing,10
flirting,10
straying,10
allocation,10
rs,10
folders,10
tobias,10
teri,10
abject,10
philadelphians,10
elson,10
suzy,10
wedded,10
mimicked,10
doldrums,10
disapproved,10
foyer,10
easygoing,10
distaste,10
landmines,10
surnames,10
noonan,10
wasp,10
hahn,10
bernadette,10
dominic,10
finalize,10
morphs,10
panamanian,10
antihero,10
traumatizing,10
toya,10
jilted,10
thatcher,10
stringent,10
forgave,10
bateman,10
flirty,10
workman,10
traumatize,10
creeper,10
rhoda,10
coogan,10
gettin,10
archetypal,10
famer,10
racer,10
kirstie,10
wobble,10
duhamel,10
musts,10
cringed,10
henceforth,10
wanders,10
eloping,10
connick,10
grist,10
crooned,10
payoffs,10
49-year,10
politicos,10
kahn,10
housemates,10
discard,10
statutes,10
booms,10
abramovic,10
minnelli,10
stereo,10
oxymoronic,10
stalks,10
janie,10
keystrokes,10
wringing,10
reticent,10
padma,10
overlapping,10
manuals,10
kirschner,10
patter,10
eons,10
modifying,10
ballads,10
humbug,10
vendetta,10
single,10
arnold,10
agreements,10
marrying,9
blending,9
minivan,9
lawson,9
unwittingly,9
excruciating,9
married,9
narcissists,9
twenties,9
deschanel,9
carpenter,9
widowed,9
narcissistic,9
counseling,9
smitten,9
casualty,9
38-year,9
angelo,9
thanksgivukkah,9
atonement,9
narrowing,9
tmi,9
zion,9
saucy,9
cataclysmic,9
behaving,9
withdrawn,9
nascar,9
bitterness,9
52-year,9
amplified,9
toolkit,9
hasty,9
heartbreak,9
proceedings,9
murdoch,9
wrongs,9
kimberly,9
familiarity,9
anonymously,9
treacherous,9
russell,9
arrangements,9
kris,9
couples,9
filed,9
judith,9
seal,8
kutcher,8
conley,8
mcdermott,8
escorts,8
nerdwallet,8
fixate,8
groundswell,8
binges,8
peachy,8
63-year,8
depressants,8
hoboken,8
ramona,8
nuptial,8
respondents,8
willfully,8
reignited,8
originality,8
adversary,8
chevy,8
monte,8
sloshed,8
specs,8
quilt,8
inflexible,8
sahm,8
suave,8
apprehension,8
tilting,8
slogging,8
distinctions,8
simulator,8
bolts,8
clarifying,8
psychologically,8
socialization,8
forego,8
precedes,8
scraping,8
overstepped,8
locke,8
unsecured,8
charmingly,8
ranches,8
postwar,8
unbreak,8
ulysses,8
impersonations,8
linden,8
moretti,8
nitty,8
scoffed,8
practicality,8
taos,8
derives,8
reactivity,8
embed,8
darkly,8
explanations,8
hottie,8
caldwell,8
mesa,8
endorphins,8
weston,8
maelstrom,8
scrotum,8
redress,8
tenuous,8
relayed,8
messaged,8
doles,8
infuses,8
flak,8
askew,8
honoree,8
sayonara,8
inexperience,8
vindictive,8
photoshops,8
realtor,8
zane,8
demystifying,8
sybil,8
ethel,8
equated,8
remixing,8
disconcerting,8
exacerbated,8
appraisals,8
casanova,8
condescension,8
59th,8
vita,8
pariah,8
aldrin,8
finch,8
dammit,8
imparts,8
knuckle,8
grandchild,8
angsty,8
brainwashing,8
romanticized,8
wrongheaded,8
cma,8
rerun,8
fizzle,8
befriended,8
68-year,8
stahl,8
mediating,8
stupor,8
abstain,8
habitually,8
smiths,8
docs,8
dispelling,8
tats,8
eludes,8
behan,8
wallowing,8
disintegrated,8
forked,8
rarity,8
gibbs,8
adversarial,8
bewildering,8
tawdry,8
cassette,8
moronic,8
acrimony,8
enliven,8
fredericksburg,8
lightbulb,8
juliette,8
weighted,8
fl,8
peasant,8
ritchie,8
turbulence,8
wrecked,8
filings,8
spousal,8
bialik,8
immature,8
settlement,8
eastwood,8
lopez,8
dividing,8
biography,8
sheen,8
dated,8
polled,8
lara,8
financially,8
sucks,8
exemption,8
emotionally,8
disagreements,8
panicked,8
dina,8
mayim,8
becker,8
yougov,8
arrangement,8
sutton,8
richards,8
slideshow,8
partner,8
whisper,8
diaries,8
inflated,8
trepidation,8
intangible,8
tabloid,8
spoils,8
negotiable,8
heartburn,8
specializing,8
communion,8
lookout,8
knowingly,8
journaling,8
extracurricular,8
erotica,8
premarital,8
nas,8
introductions,8
rossum,8
landry,8
filing,7
shelton,7
distraction,7
celebs,7
celeb,7
stinks,7
hubby,7
remorse,7
kippur,7
billionaires,7
attorneys,7
lawyers,7
rom,7
suri,7
collaborative,7
wife,7
wives,7
wade,7
manipulator,7
relational,7
rhonda,7
fretting,7
41-year,7
sandbox,7
vitally,7
rabbis,7
rearrange,7
euphoric,7
togetherness,7
termination,7
medicated,7
muhammed,7
sided,7
unloved,7
lawlessness,7
retaining,7
whiff,7
reconciliation,7
braver,7
cannons,7
disillusionment,7
opposites,7
inching,7
appreciates,7
nathaniel,7
sergey,7
trite,7
deployments,7
retrospect,7
m.i.a,7
lbs,7
elevation,7
daydreams,7
uma,7
til,7
fruitless,7
foibles,7
testy,7
modification,7
deluge,7
lamenting,7
caressing,7
securely,7
claustrophobic,7
crate,7
flings,7
cathartic,7
indications,7
tnt,7
spawn,7
interminable,7
40-something,7
30-something,7
maia,7
admonished,7
doting,7
bowman,7
traumas,7
suitors,7
covet,7
conspicuous,7
byrd,7
porno,7
nag,7
recollection,7
denigrating,7
sidetracked,7
gavel,7
pocketbook,7
canon,7
gere,7
shuffling,7
truthfulness,7
marino,7
lichtenstein,7
dissed,7
buzzy,7
healthily,7
doppelganger,7
memorably,7
redo,7
à,7
riffs,7
–-,7
adversely,7
cnnmoney,7
absences,7
intentionality,7
hijinks,7
farmville,7
clinicians,7
voluptuous,7
emirati,7
marcy,7
eharmony,7
acquaintances,7
bile,7
n.,7
knoxville,7
naively,7
evangelista,7
saddens,7
snooping,7
rehearsals,7
encompass,7
plummer,7
dissolving,7
ma,7
sensuality,7
undead,7
forman,7
pitter,7
showbiz,7
riddance,7
rung,7
justifiably,7
lovebirds,7
surmise,7
vigor,7
tricia,7
acknowledges,7
unreasonable,7
shuffle,7
households,7
yom,7
petraeus,7
happily,7
readers,7
disputes,7
uncommon,7
sticker,7
gibson,7
katie,7
usher,7
heidi,7
27-year,7
zooey,7
belongings,7
longoria,7
flags,7
endings,7
itch,7
katy,7
marry,7
revenge,7
exaggeration,7
terminology,7
luckiest,7
fairytale,7
eliot,7
nuances,7
texted,7
tango,7
thurman,7
restraining,7
nash,7
taiwanese,7
relocate,7
geller,7
tightening,7
casserole,7
relationships,7
mister,6
forgive,6
brinkley,6
fairness,6
complicating,6
confesses,6
therapist,6
crawled,6
deceive,6
revoked,6
proceeded,6
mudder,6
forbes,6
rancor,6
rossi,6
initiation,6
heartedness,6
pitiful,6
insignificant,6
discharge,6
faked,6
genesis,6
requiem,6
kathie,6
fictitious,6
interacts,6
sopranos,6
matrimonial,6
mementos,6
budgetary,6
unilateral,6
yardstick,6
incompatible,6
wallow,6
illicit,6
inkling,6
insurmountable,6
tweaking,6
reruns,6
millers,6
fantasize,6
hunky,6
maiden,6
artificially,6
chiseled,6
mismatched,6
gandolfini,6
exorbitant,6
oversharing,6
biggie,6
anonymity,6
doubly,6
departs,6
jillian,6
digger,6
playdate,6
competitiveness,6
detach,6
caretakers,6
grading,6
transpired,6
breadwinners,6
smug,6
negligent,6
unbeknownst,6
stepdaughter,6
luhrmann,6
overstuffed,6
concealing,6
childless,6
auditorium,6
cena,6
veritable,6
arduous,6
vengeful,6
nesting,6
flicker,6
bubbling,6
braving,6
daytona,6
figurative,6
uneducated,6
exonerate,6
memoirs,6
safeguarding,6
timers,6
woken,6
dimaggio,6
seltzer,6
naiveté,6
uninvited,6
strangling,6
webcam,6
upfront,6
inflection,6
encapsulated,6
rebounds,6
matured,6
unknowns,6
thirties,6
dissolves,6
henri,6
workload,6
innumerable,6
deepened,6
instituted,6
ensured,6
concierge,6
harboring,6
batting,6
fran,6
overachiever,6
shitty,6
armisen,6
ogden,6
relaxes,6
decorum,6
mena,6
widower,6
paterson,6
hatched,6
clichéd,6
deceit,6
newsweek,6
sobbing,6
pointers,6
linings,6
marcia,6
robyn,6
newly,6
papers,6
29-year,6
celebrity,6
advice,6
parenting,6
co,6
susceptible,6
resentment,6
contemplate,6
finances,6
oxymoron,6
conjures,6
tidy,6
bullshit,6
lasted,6
doubted,6
partnering,6
gallagher,6
reside,6
dummies,6
sourcing,6
sarandon,6
picket,6
forgiveness,6
stressful,6
payments,6
catalyst,6
cleaned,6
housewife,6
coordination,6
adjustment,6
coupled,6
confess,6
settling,6
counselor,6
lambert,6
tiger,6
license,6
cox,6
grounds,5
|,5
forbidden,5
f,5
understatement,5
weighs,5
millionaire,5
sins,5
arises,5
peacefully,5
heartache,5
dalton,5
lenient,5
qualifying,5
equate,5
jackass,5
dug,5
graying,5
facade,5
dwelling,5
havoc,5
sorted,5
fluctuations,5
quartz,5
scammed,5
spitzer,5
tempt,5
recast,5
captioned,5
reiterated,5
obligatory,5
wreaking,5
mex,5
humankind,5
administered,5
progresses,5
differing,5
rochelle,5
knitting,5
brigham,5
quicker,5
andie,5
macdowell,5
outset,5
statutory,5
requested,5
bummer,5
heady,5
orthopedic,5
compatible,5
koko,5
clarissa,5
needlessly,5
sucking,5
plumbing,5
rebuilt,5
ventured,5
®,5
fixture,5
commandment,5
peres,5
diligently,5
miserably,5
percentages,5
mitzvah,5
reverberate,5
tasteful,5
sniffles,5
counselors,5
contemplated,5
continuity,5
realistically,5
uncomplicated,5
bailed,5
expletive,5
prevails,5
thomson,5
furstenberg,5
r&b,5
throats,5
clicking,5
preconceived,5
magnet,5
eavesdropping,5
overprotective,5
limelight,5
quickie,5
exhibiting,5
bodyguard,5
dirtier,5
pruning,5
opportune,5
echoing,5
renegotiate,5
yanked,5
enabler,5
spiking,5
possessed,5
finely,5
winkle,5
perverted,5
downturn,5
wayward,5
cinematographer,5
bumping,5
deficient,5
oligarch,5
sails,5
interlude,5
undertaken,5
sugarcoat,5
shin,5
dished,5
proceeding,5
achievers,5
rubbed,5
click,5
attachment,5
arrow,5
stained,5
chunk,5
mandy,5
burch,5
eddie,5
ashton,5
justified,5
conscious,5
texts,5
cristina,5
awarded,5
antiquated,5
techno,5
instructed,5
dissatisfaction,5
backup,5
assertive,5
password,5
reinvention,5
debuting,5
noel,5
gloom,5
preparedness,5
33-year,5
raymond,5
contested,5
clients,5
slate,5
obtained,5
faithful,5
strictly,5
needy,5
hash,5
navigating,5
misconceptions,5
forgiving,5
bullock,5
victor,5
heed,5
valerie,5
corp,5
sadness,5
edwards,5
fathers,5
parent,5
paltrow,5
partners,5
painful,5
insides,5
revitalize,5
purging,5
rebranding,5
statistic,5
inquiries,5
trespassing,5
renovations,5
unhappy,5
mist,5
objective,5
motions,5
reconnecting,5
evidenced,5
fortitude,5
ra,5
prototype,5
shawn,5
housekeeper,5
protracted,5
soles,5
resurface,5
disadvantage,5
equitable,5
pronto,5
wand,5
adept,5
widows,5
newsflash,5
picturing,5
wrestled,5
shaves,5
navigation,5
venturing,5
repent,5
newfound,5
fb,5
beaver,5
seagal,5
unforeseen,5
unmatched,5
bakers,5
logistics,5
fiona,5
antidepressant,5
heavyweights,5
commutes,5
nev,5
cheyenne,5
duped,5
amends,5
demeanor,5
enthusiastically,5
anecdotal,5
dab,5
grisly,5
bitterly,5
scratches,5
kelli,5
burner,5
acronym,5
summon,5
neutralize,5
jurisdiction,5
dividends,5
cullen,5
drawbacks,5
jerky,5
unhelpful,5
ricki,5
portrays,5
intellect,5
nylon,5
chilli,5
53-year,5
burton,5
grasping,5
betray,5
flattery,5
mistletoe,5
mend,5
checkup,5
deceptively,5
obscures,5
permeates,5
illegitimate,5
housework,5
heaping,5
evolves,5
evelyn,5
golfing,5
reinforcement,5
obtaining,5
nonfiction,5
exude,5
underscore,5
vent,5
redundant,5
blogged,5
youngsters,5
egos,5
hutton,5
foe,5
bong,5
devastating,5
lawyer,5
sting,5
date,5
courts,5
rogers,5
midlife,5
advantages,5
harden,5
parting,5
reasonable,5
danny,5
rumors,5
towel,5
ins,5
sassy,5
lizard,5
requesting,5
negotiated,5
contention,5
skype,5
superstorm,5
alright,5
rodman,5
grandparents,5
perry,5
recovered,5
text,5
stale,5
monroe,5
jenny,5
frontman,5
tackled,5
hallmark,5
anxieties,5
doomed,5
woods,5
package,5
guilt,5
bitter,5
process,5
emotional,4
announcing,4
makings,4
intellectually,4
fated,4
flame,4
osborne,4
robertson,4
therapists,4
horribly,4
dysfunctional,4
meter,4
morph,4
catchphrase,4
irreparable,4
incomplete,4
hamper,4
autobiographical,4
smokin,4
distort,4
dreary,4
swore,4
multitask,4
communicating,4
finnish,4
reevaluate,4
speculated,4
chewbacca,4
hesitation,4
abedin,4
jo,4
selflessness,4
fades,4
outskirts,4
fahrenheit,4
mendez,4
prudent,4
economical,4
discarded,4
bruises,4
racy,4
justifies,4
glitches,4
shui,4
frazzled,4
enquirer,4
insure,4
flirtation,4
gutted,4
caged,4
baz,4
nicknamed,4
splendid,4
starstruck,4
joked,4
mistrust,4
busters,4
ne,4
smacked,4
unprepared,4
mirrored,4
vigilante,4
marbles,4
thy,4
racking,4
undertake,4
electrifying,4
repulsive,4
unwritten,4
abundantly,4
plummets,4
mulling,4
shapiro,4
choreographer,4
82-year,4
phyllis,4
unsatisfying,4
riveting,4
detector,4
ignites,4
guarded,4
pasadena,4
placid,4
snuck,4
cds,4
enterprising,4
repaired,4
eventful,4
scorn,4
sweetly,4
accessed,4
lewinsky,4
80-year,4
client,4
coping,4
reconnect,4
listened,4
nanny,4
assuming,4
duncan,4
mistakes,4
gwyneth,4
resolving,4
desirable,4
robbins,4
wished,4
andersen,4
dealing,4
madison,4
lousy,4
reputations,4
separates,4
thrust,4
attest,4
chore,4
timer,4
com,4
bumper,4
stamos,4
imply,4
illustrates,4
feng,4
licking,4
monique,4
oppressive,4
abide,4
sluggish,4
dates,4
jerk,4
post,4
opting,4
rear,4
larson,4
jealousy,4
sweeter,4
millionaires,4
mum,4
unnamed,4
behaviors,4
ended,4
grandchildren,4
shortly,4
tying,4
singles,4
couple,4
plate,4
strictest,4
imperfection,4
motivations,4
unpack,4
owing,4
mingle,4
meg,4
peaked,4
exacerbate,4
contacted,4
epiphany,4
individuality,4
reignite,4
romeo,4
carlo,4
juggling,4
pleaser,4
stuffers,4
psychologist,4
copying,4
eternally,4
initiating,4
companionship,4
hebrew,4
resentful,4
drooling,4
rented,4
sitcom,4
foxes,4
smelly,4
endured,4
follower,4
enlists,4
agonizing,4
radar,4
streamlined,4
ephemeral,4
behaved,4
sketchy,4
neville,4
huma,4
nicola,4
columbine,4
audi,4
sighted,4
coordinator,4
finalizing,4
scrape,4
piazza,4
baseline,4
informing,4
surfaced,4
anticipating,4
dwight,4
pauses,4
spotlights,4
uncertainties,4
reformed,4
kmart,4
renovating,4
glitzy,4
piñata,4
sidekick,4
shirley,4
breakdown,4
straining,4
devoting,4
stumbling,4
tempo,4
distraught,4
slipped,4
closeness,4
rang,4
rekindle,4
lust,4
jell,4
interdependence,4
fondly,4
stupidest,4
clientele,4
achieves,4
pining,4
believable,4
penthouse,4
regaining,4
copious,4
brainstorming,4
intensely,4
pitting,4
stacking,4
desmond,4
quandary,4
averages,4
disposition,4
songwriters,4
dell,4
saber,4
quell,4
leveling,4
mating,4
midwestern,4
accustomed,4
dealt,4
valentines,4
mutual,4
clint,4
doubts,4
recover,4
kobe,4
bryant,4
likelihood,4
vastly,4
doom,4
concepts,4
ricky,4
wraps,4
brag,4
sanity,4
hawking,4
forthcoming,4
chad,4
screwed,4
debra,4
deciding,4
marilyn,4
user,4
file,4
financial,4
observer,4
randomly,4
input,4
dreaded,4
biker,4
alpha,4
trait,4
hiatus,4
tattooed,4
torres,4
vanessa,4
undoing,4
spies,4
noting,4
cope,4
baggage,4
occurs,4
knot,4
settled,4
draining,4
esteem,4
ringing,4
kenny,4
convey,4
asset,4
beau,4
brooke,4
scariest,4
instances,4
loneliness,4
hardest,4
regret,4
demi,4
apart,4
20s,4
hurtful,4
stumbled,4
poems,4
famously,4
observing,4
morris,4
predictor,4
overuse,4
implying,4
amp,4
suggestive,4
planners,4
attach,4
tantalizing,4
polyamorous,4
torched,4
demonizing,4
disturb,4
frisbee,4
panelists,4
chalkboard,4
audacity,4
ceases,4
anguish,4
hawkins,4
braxton,4
roommates,4
tripped,4
definitions,4
divert,4
icky,4
bonded,4
fixer,4
pondered,4
slater,4
indifferent,4
anniversaries,4
sideways,4
distressing,4
firstborn,4
innocently,4
lullaby,4
knack,4
30-minute,4
yoda,4
ballpark,4
preserves,4
hammered,4
composers,4
veterinarian,4
erectile,4
cooperative,4
cements,4
brendan,4
encrusted,4
upright,4
tasking,4
ac,4
tanya,4
discouraging,4
shenanigans,4
animosity,4
feuding,4
erik,4
pjs,4
whiplash,4
sanchez,4
filtered,4
redditors,4
lannister,4
troy,4
continuation,4
detractors,4
unworthy,4
infiltrate,4
hunk,4
©,4
weighty,4
disc,4
precipice,4
equip,4
funny,4
below,4
signs,4
tattoo,4
ashley,4
survive,4
dennis,4
consciously,4
dispute,4
romance,4
heats,4
downward,4
biological,4
separate,4
weigh,4
addict,4
pals,4
earns,4
manages,4
scenarios,4
understandable,4
rituals,4
lindsey,4
brand,4
don'ts,4
younger,4
attractive,4
segment,4
mates,4
obnoxious,4
fiancée,4
degrading,4
arthur,4
sentimental,4
unfolds,4
enlisted,4
shaw,4
forged,4
wolff,4
escort,4
boyfriends,4
tory,4
facebook,4
settle,4
holidays,4
surviving,4
hearted,4
surveyed,4
taxing,4
difficulties,4
beverly,4
keep,4
texting,4
fiancé,4
tendency,4
rebuild,4
arguing,4
intimacy,4
garfield,4
faults,4
unkind,4
dependency,4
unwilling,4
adjusted,4
modify,4
unpacking,4
blades,4
protagonist,4
gregg,4
novels,4
sorta,4
rediscover,4
bode,4
improv,4
rediscovering,4
ore,4
heavyweight,4
tex,4
blunders,4
arose,4
frivolous,4
martyr,4
friendliest,4
soulmate,4
evaluation,4
breadwinner,4
mixtape,4
coldest,4
logging,4
negatives,4
imitating,4
miserable,4
transitioning,4
introspection,4
regretted,4
ariz,4
raphael,4
evils,4
20-something,4
malnourished,4
opinionated,4
acknowledgement,4
microscope,4
toothless,4
exponentially,4
oddest,4
immortalized,4
rollercoaster,4
ozzy,4
angie,4
commenting,4
sumptuous,4
creeping,4
wiser,4
recurrent,4
gerald,4
jezebel,4
auctioned,4
circulated,4
scarlet,4
presumed,4
quips,4
untested,4
acutely,4
scar,4
tiff,4
weirder,4
feuds,4
valuing,4
preposterous,4
chipped,4
mechanical,4
battles,4
journeys,4
trivia,4
stir,4
admitting,4
wrenching,4
readily,4
easier,3
circle,3
avoided,3
girlfriend,3
glad,3
vera,3
sex,3
witnessed,3
orthodox,3
hire,3
selfish,3
sharon,3
friendships,3
eventually,3
profile,3
sans,3
leigh,3
liz,3
loads,3
tension,3
silverman,3
psychiatrist,3
hamm,3
drummer,3
dunn,3
phases,3
craigslist,3
fault,3
costly,3
ariel,3
girlfriends,3
huffpost,3
cruise,3
s.,3
kidman,3
complicated,3
breaking,3
involved,3
maria,3
woo,3
obligation,3
vh1,3
likewise,3
l,3
troublesome,3
affection,3
deduction,3
billing,3
morty,3
sarcastic,3
rye,3
melody,3
unpaid,3
settlers,3
stones,3
dusting,3
yearbook,3
ire,3
nsync,3
exhaustive,3
condone,3
altered,3
assembled,3
gratifying,3
detriment,3
untold,3
lamont,3
discern,3
seacrest,3
accumulate,3
ari,3
visualize,3
spikes,3
tsunami,3
introduce,3
redd,3
negatively,3
strings,3
golfer,3
longed,3
bury,3
compensate,3
undone,3
frogs,3
validity,3
texan,3
strahan,3
derailed,3
constructing,3
commuting,3
unbearable,3
jitters,3
abandonment,3
deb,3
invariably,3
channeled,3
alley,3
socializing,3
exchanging,3
hindsight,3
bewildered,3
heeled,3
bulb,3
multiply,3
minefield,3
unfulfilled,3
forensic,3
bianca,3
thorough,3
xbox,3
36-year,3
descriptions,3
excerpts,3
f***ing,3
novelty,3
troupe,3
maxwell,3
lacy,3
incidence,3
guillermo,3
reinforces,3
comprise,3
boyd,3
hotly,3
dexter,3
sudeikis,3
unconscious,3
nerve,3
daunting,3
parents,3
family,3
monica,3
substantial,3
inadequate,3
rocker,3
equation,3
wendy,3
intersection,3
ceremonies,3
children,3
sudden,3
friend,3
confession,3
posed,3
ring,3
wondering,3
thanked,3
patch,3
40s,3
francois,3
biases,3
confessed,3
instability,3
notions,3
maturity,3
replaces,3
keen,3
veronica,3
fonda,3
excuses,3
drawn,3
joint,3
albert,3
bothered,3
possess,3
brady,3
tricky,3
pair,3
realization,3
confronting,3
messing,3
intimidating,3
romantic,3
survey,3
recession,3
feelings,3
quotes,3
attorney,3
tori,3
steadfast,3
biologically,3
squeaky,3
hashtags,3
fernandez,3
induction,3
nugget,3
privileges,3
deductible,3
prohibits,3
boundary,3
socioeconomic,3
masterful,3
wicked,3
sexting,3
dissatisfied,3
toasts,3
fooling,3
graceful,3
pursued,3
unavailable,3
wizards,3
terribly,3
caleb,3
dumps,3
tempted,3
skeletons,3
withstand,3
distilled,3
shortest,3
buzzed,3
jodie,3
resurfaced,3
watershed,3
inheritance,3
preceded,3
endures,3
flailing,3
oversee,3
parrot,3
transitions,3
bane,3
menendez,3
appellate,3
esther,3
monty,3
loathe,3
standpoint,3
tangled,3
psychotic,3
bethany,3
unscathed,3
dilemmas,3
sao,3
sleeper,3
skeptics,3
devon,3
parted,3
sacks,3
hangout,3
leaping,3
meanings,3
huntsman,3
crosshairs,3
buttons,3
stat,3
thornton,3
normalcy,3
43-year,3
agreeing,3
cyberspace,3
hater,3
trunk,3
nonsensical,3
mandated,3
forums,3
copycat,3
stray,3
ironically,3
affect,3
lonely,3
according,3
stayed,3
palin,3
till,3
moved,3
coaster,3
legally,3
through,3
difficult,3
legal,3
closure,3
50s,3
contentious,3
difficulty,3
overwhelming,3
spark,3
siblings,3
vacations,3
ending,3
check,3
scandalous,3
gracefully,3
bustle,3
roses,3
tween,3
figuring,3
rebecca,3
ipo,3
together,3
typically,3
mocking,3
grandpa,3
morally,3
admit,3
length,3
supermodel,3
blog,3
parental,3
occupy,3
diamonds,3
stopped,3
superstar,3
twitter,3
intact,3
stats,3
boyfriend,3
paycheck,3
frustrating,3
discharged,3
quickest,3
unknowingly,3
sublime,3
cliche,3
exert,3
jerks,3
arlington,3
winslet,3
decreases,3
becky,3
considerable,3
thoughtfully,3
chatter,3
calendars,3
thereof,3
prospect,3
identification,3
agendas,3
knowledgeable,3
interviewer,3
morale,3
feasible,3
timed,3
intoxicating,3
meltdowns,3
commenters,3
demographic,3
plush,3
whirlwind,3
decidedly,3
yielded,3
completion,3
malibu,3
punishes,3
altercation,3
dragging,3
savage,3
skateboarding,3
deepening,3
intrepid,3
maureen,3
erode,3
hypothetical,3
stupidity,3
denis,3
claws,3
helicopters,3
patton,3
impulses,3
tedious,3
maximizing,3
pedestrian,3
canary,3
unlucky,3
politely,3
choke,3
feces,3
hitter,3
rusty,3
respectfully,3
stares,3
starter,3
indicators,3
stool,3
straightforward,3
installing,3
constitute,3
surgical,3
pressuring,3
recounted,3
hanson,3
shareholder,3
pleasantly,3
preaching,3
collateral,3
mojo,3
capitalist,3
perplexing,3
venom,3
televised,3
comedies,3
hurt,3
child,3
admitted,3
attract,3
earning,3
contribution,3
warmth,3
screw,3
shock,3
-,3
encounters,3
arise,3
outs,3
monumental,3
slap,3
indication,3
fairy,3
kardashian,3
supportive,3
fatherhood,3
lover,3
challenging,3
broken,3
disappearance,3
disconnected,3
decorated,3
toni,3
weiner,3
heartbroken,3
upstate,3
kathy,3
investigator,3
disbelief,3
fraught,3
couric,3
sofa,3
einstein,3
advises,3
finger,3
communication,3
blessing,3
successfully,3
emotions,3
donut,3
adore,3
listing,3
ink,3
detailed,3
spell,3
traumatic,3
dads,3
kiss,3
property,3
launched,3
above,3
reminders,3
agreement,3
gaps,3
sole,3
leap,3
tended,3
birdman,3
eliminated,3
compromising,3
seduced,3
actively,3
contentment,3
numbered,3
saddest,3
durable,3
respective,3
hostile,3
birthdays,3
foray,3
locale,3
budgeting,3
irrational,3
obligated,3
demons,3
existent,3
propel,3
spat,3
seminar,3
bravo,3
moons,3
shrug,3
britton,3
compass,3
typing,3
sympathetic,3
validate,3
mercer,3
'cause,3
inhumane,3
staircase,3
dispel,3
affinity,3
trashing,3
abduction,3
tacky,3
punitive,3
wholeness,3
resides,3
clarification,3
authorized,3
seymour,3
unchecked,3
opposing,3
circling,3
gears,3
maroon,3
wonka,3
resemblance,3
unnecessarily,3
bahamas,3
perpetrators,3
chatting,3
accomplishment,3
chocolates,3
stripper,3
greener,3
awhile,3
seminal,3
burnett,3
unresolved,3
dominique,3
responsive,3
hamster,3
kathleen,3
compile,3
dwindling,3
eases,3
puzzled,3
impersonating,3
geeky,3
graced,3
hendrix,3
bunch,3
thoughtful,3
reasons,3
someone,3
twice,3
chemistry,3
misguided,3
evident,3
gentlemen,3
verge,3
challenges,3
beatles,3
charm,3
after,3
30s,3
approaching,3
thumb,3
devastated,3
bio,3
bracket,3
straw,3
consuming,3
ethan,3
wwe,3
refers,3
workshop,3
alleviate,3
wagon,3
alexa,3
fuzzy,3
proverbial,3
opens,3
bruce,3
resolve,3
regrets,3
ends,3
lining,3
crossed,3
congratulations,3
richer,3
obamas,3
ignored,3
grey,3
curse,3
census,3
inevitable,3
desires,3
armstrong,3
lynch,3
navigate,3
friends,3
susan,3
tell,3
blur,3
secondhand,3
heroine,3
afterward,3
recovers,3
weeds,3
scroll,3
identifies,3
assist,3
lends,3
mathematics,3
cultivated,3
executing,3
listeners,3
societal,3
eventual,3
geared,3
mugs,3
tees,3
infuriating,3
lyric,3
marble,3
clichés,3
downing,3
habitual,3
sonic,3
hugging,3
smoothly,3
unhappiness,3
outing,3
hmmm,3
humiliation,3
gushes,3
ornaments,3
trenches,3
transitional,3
obsessive,3
liberating,3
sported,3
conjure,3
abruptly,3
predicament,3
mobility,3
poking,3
darrell,3
inconsistent,3
bum,3
discourage,3
harrison,3
tremendously,3
advocated,3
shameless,3
=,3
sorting,3
nj,3
guessing,3
aunt,3
julian,3
staying,3
therapy,3
awkward,3
fits,3
roller,3
upside,3
kissing,3
optimism,3
cate,3
declining,3
unwanted,3
sabotage,3
mom,3
eva,3
okay,3
getting,3
harper,3
portrayed,3
fooled,3
researching,3
advise,3
organizational,3
wrecking,3
physically,3
pew,3
rebuilding,3
digs,3
shamed,3
lucy,3
volatile,3
stressing,3
dislike,3
28-year,3
premiered,3
stumble,3
decisions,3
lifelong,3
sad,2
paints,2
negotiate,2
erin,2
boomer,2
doc,2
dread,2
grown,2
pets,2
failed,2
revealed,2
happier,2
break,2
unrealistic,2
paradox,2
scented,2
goop,2
jeopardize,2
interests,2
expense,2
fixation,2
vase,2
cringeworthy,2
liked,2
outcome,2
clara,2
afterwards,2
repercussions,2
exchanged,2
unconditionally,2
proceed,2
bestselling,2
hysterical,2
unwelcome,2
refer,2
adored,2
torch,2
brook,2
aisle,2
altering,2
whopping,2
redefined,2
deliberate,2
impostor,2
booty,2
fyi,2
stickers,2
unintentionally,2
inherent,2
discovering,2
props,2
pennies,2
spiral,2
kool,2
highlighted,2
commentators,2
reluctant,2
entertain,2
mistakenly,2
clinging,2
hesitate,2
elevated,2
kurt,2
manifesto,2
echoed,2
pub,2
leash,2
eileen,2
trashes,2
filters,2
willy,2
unpleasant,2
abigail,2
liking,2
heaviest,2
appetizer,2
greeting,2
tout,2
incomes,2
aired,2
announcements,2
underestimate,2
ct,2
cement,2
slippery,2
womanhood,2
estimate,2
figuratively,2
projecting,2
unidentified,2
transfers,2
relocation,2
bargaining,2
mistrial,2
acquitted,2
definite,2
poked,2
thinner,2
inked,2
ontario,2
peculiar,2
nonexistent,2
additionally,2
rate,2
sake,2
adult,2
blaming,2
stick,2
attached,2
assumed,2
toughest,2
recovery,2
referring,2
ridiculous,2
indicates,2
downright,2
contagious,2
recently,2
decide,2
statistics,2
shared,2
wednesday,2
dad,2
wise,2
thankful,2
proactive,2
poehler,2
fiance,2
circumstance,2
costing,2
downside,2
trey,2
simplicity,2
limbo,2
lennon,2
pesky,2
reddit,2
common,2
significant,2
horrible,2
messy,2
laughter,2
comedian,2
resulting,2
laura,2
fallout,2
unfortunately,2
genuine,2
moms,2
temporary,2
partnership,2
argue,2
lies,2
disappointment,2
impaired,2
aloud,2
persistent,2
angst,2
mail,2
enticing,2
empowered,2
lasts,2
liar,2
uncertain,2
”,2
razor,2
antidepressants,2
mcgraw,2
swirling,2
escorted,2
continents,2
reclaiming,2
commits,2
freshly,2
entirety,2
ritz,2
parish,2
stack,2
dreading,2
drenched,2
harold,2
smack,2
thong,2
pronounce,2
complementary,2
drawers,2
harmonious,2
spruce,2
partnered,2
instructors,2
weaknesses,2
civilized,2
levine,2
swiftly,2
déjà,2
crocodile,2
imitation,2
frightened,2
dictates,2
recapture,2
tease,2
pinch,2
dipped,2
graves,2
loft,2
christy,2
goodwill,2
wang,2
abyss,2
parodies,2
scorched,2
wedge,2
sufficiently,2
spanking,2
appreciated,2
richie,2
troubles,2
yourself,2
wood,2
pretend,2
affecting,2
classified,2
von,2
celebrities,2
woman,2
situation,2
sheep,2
mate,2
relieved,2
brink,2
trophy,2
angry,2
wish,2
proof,2
bets,2
describing,2
uphold,2
depend,2
splurge,2
criteria,2
nevertheless,2
memes,2
randy,2
nutritionist,2
analyzed,2
painfully,2
commitment,2
casual,2
peter,2
virtually,2
smart,2
consider,2
initial,2
expenses,2
vary,2
frankly,2
insecure,2
failures,2
discussing,2
files,2
aspects,2
ease,2
messages,2
conflict,2
actress,2
yours,2
thrive,2
blissful,2
destined,2
wandering,2
collaborating,2
milan,2
tender,2
loser,2
guy,2
emancipation,2
embarrassment,2
punched,2
disdain,2
soundtrack,2
needless,2
concept,2
smith,2
graphics,2
appearances,2
distribution,2
tempting,2
…,2
slaps,2
boosting,2
dresser,2
prospective,2
surroundings,2
shifted,2
harmless,2
shattered,2
harley,2
evenings,2
chilled,2
irresponsible,2
driveway,2
sweatshirt,2
rife,2
utilize,2
rejection,2
dumping,2
snag,2
controlling,2
reeling,2
willis,2
separately,2
cursed,2
shattering,2
phenomenal,2
engagements,2
afflicted,2
inherit,2
spilling,2
python,2
misplaced,2
primal,2
toe,2
grips,2
shields,2
analyzing,2
forming,2
fundraisers,2
beards,2
lessen,2
lesley,2
waitress,2
operative,2
raced,2
evolutions,2
soften,2
negotiation,2
haze,2
shaun,2
alejandro,2
specialized,2
kids,2
avoid,2
both,2
anger,2
dumb,2
differently,2
rates,2
abusive,2
blew,2
g,2
mayer,2
silver,2
friendship,2
integrity,2
step,2
whom,2
judged,2
sneaky,2
obligations,2
cassidy,2
sorrow,2
hurdles,2
guaranteed,2
suspicion,2
pivotal,2
hpv,2
maintained,2
billboard,2
obvious,2
letting,2
alone,2
arguments,2
shocked,2
blend,2
titles,2
predict,2
devastation,2
pour,2
c.,2
sons,2
phrase,2
person,2
earlier,2
men,2
claire,2
aged,2
bad,2
situations,2
felt,2
valentine,2
reassure,2
unhealthy,2
trace,2
h,2
disgust,2
realities,2
secluded,2
pounding,2
incarcerated,2
determines,2
tunes,2
inability,2
confront,2
craziness,2
nagging,2
fracture,2
bulldog,2
prohibit,2
waning,2
unveiling,2
montage,2
perceive,2
perceptions,2
erase,2
vip,2
steer,2
extraordinarily,2
profiled,2
browsing,2
plight,2
outline,2
righteous,2
lionel,2
perpetuate,2
glaring,2
dearly,2
kara,2
occurrence,2
extravaganza,2
martini,2
barring,2
snarky,2
guts,2
disordered,2
dealer,2
triggered,2
faint,2
neat,2
lash,2
implied,2
smashing,2
liner,2
integrating,2
roadblocks,2
fray,2
pointless,2
readiness,2
brainer,2
sara,2
jabs,2
grandparent,2
nods,2
publications,2
moreover,2
salesman,2
numb,2
aisles,2
upwards,2
status,2
motivated,2
stuck,2
stable,2
depending,2
ask,2
fail,2
blogger,2
virtual,2
distant,2
honesty,2
wilde,2
your,2
mothers,2
father,2
applaud,2
depressed,2
sheds,2
preferences,2
differ,2
reply,2
therapeutic,2
grades,2
advised,2
piers,2
ing,2
share,2
dan,2
circumstances,2
families,2
pin,2
ruined,2
spite,2
officially,2
destroy,2
titled,2
jennifer,2
my,2
online,2
davidson,2
upsetting,2
psycho,2
shall,2
hugs,2
individually,2
p,2
generating,2
celebratory,2
muster,2
linebacker,2
wrist,2
wiig,2
delusional,2
lackluster,2
seller,2
feat,2
abolish,2
handwritten,2
exceptionally,2
visions,2
affirming,2
adolescence,2
bisexuality,2
benefited,2
lois,2
uptick,2
distressed,2
rod,2
rag,2
complexities,2
outward,2
sung,2
sinatra,2
stating,2
imminent,2
strife,2
mitigate,2
reinventing,2
thereby,2
ordeal,2
foundations,2
unethical,2
conceive,2
ladder,2
agony,2
broker,2
anatomy,2
destroys,2
second,2
tips,2
assume,2
meet,2
myth,2
scare,2
stay,2
posted,2
dos,2
karen,2
lying,2
cindy,2
danielle,2
demise,2
maintaining,2
grasp,2
owe,2
fuller,2
sheets,2
rational,2
remedies,2
renting,2
differences,2
nasty,2
humor,2
worse,2
liam,2
nod,2
negative,2
recommend,2
implications,2
opened,2
ever,2
gray,2
tough,2
terms,2
relatively,2
publicly,2
disagree,2
perplexed,2
unconsciously,2
rewarding,2
evolutionary,2
aside,2
jason,2
contractor,2
bells,2
generated,2
reader,2
realistic,2
fitzgerald,2
viewer,2
resembles,2
eden,2
meyer,2
breed,2
abnormal,2
slight,2
silently,2
photographic,2
tablet,2
computing,2
lieutenant,2
exclude,2
gritty,2
ominous,2
clears,2
disagreement,2
essays,2
dismantling,2
blindness,2
sheryl,2
superficial,2
baylor,2
kruger,2
lyrics,2
distinctly,2
fret,2
slowing,2
collapsing,2
riches,2
substances,2
regards,2
scarier,2
mixture,2
roadmap,2
airplanes,2
buff,2
bristol,2
grandkids,2
accompany,2
pinpoint,2
buckle,2
liza,2
flown,2
catchy,2
crippling,2
friday,2
songs,2
ordered,2
e,2
realizing,2
mogul,2
satisfying,2
expectations,2
bond,2
support,2
intimate,2
altogether,2
barry,2
moore,2
author,2
cracked,2
sufficient,2
affects,2
stripped,2
tag,2
feud,2
suggested,2
accepting,2
cried,2
checklist,2
catching,2
trending,2
depp,2
hear,2
helpful,2
responses,2
psychological,2
worlds,2
committed,2
insight,2
prior,2
confusing,2
fights,2
anymore,2
nicole,2
react,2
preparing,2
often,2
pursuing,2
stated,2
newsletter,2
wi,2
aspire,2
doubled,2
spanx,2
thrill,2
spiritually,2
marketed,2
underwent,2
utter,2
hardships,2
fantasies,2
prevalent,2
absent,2
communicate,2
vanilla,2
calmly,2
resemble,2
voiced,2
parton,2
websites,2
saddened,2
takeaways,2
enthusiast,2
credentials,2
contradiction,2
stiff,2
sincere,2
advent,2
rebirth,2
endeavors,2
pam,2
confronted,2
revisited,2
sweatpants,2
envisioned,2
intentioned,2
caller,2
squirrel,2
gordon,2
borrowed,2
understandably,2
vying,2
hassle,2
cheerful,2
'd,2
doorstep,2
cane,2
mouthed,2
tray,2
banker,2
insecurities,2
stan,2
makeovers,2
rapid,2
wit,2
benson,2
ap,2
amusing,2
hamptons,2
correlation,2
forgets,2
emulate,2
namely,2
interrupt,2
reasoning,2
whitney,2
advertisements,2
moving,2
define,2
notion,2
move,2
engaged,2
blind,2
reveal,2
generally,2
spike,2
question,2
loyalty,2
sometimes,2
especially,2
spotted,2
happened,2
stewart,2
again,2
when,2
loop,2
themes,2
beg,2
vanity,2
initially,2
digging,2
amongst,2
titanic,2
conquer,2
pairing,2
alexis,2
strangest,2
kim,2
t,2
intentions,2
usually,2
lance,2
sesame,2
struggled,2
requests,2
physical,2
forever,2
jane,2
secretly,2
trouble,2
dish,2
significantly,2
whose,2
love,2
oprah,2
lately,2
telling,2
grew,2
estate,2
encouragement,2
damaging,2
entities,2
disappears,2
relate,2
demeaning,2
heavier,2
eternity,2
mastering,2
accessing,2
dickinson,2
freelance,2
passionately,2
combining,2
alarmed,2
cosmetic,2
behave,2
gus,2
reasonably,2
awkwardly,2
promotional,2
awakened,2
harassing,2
intrigue,2
roommate,2
translated,2
blossoms,2
reel,2
alignment,2
immersed,2
connie,2
amused,2
fireworks,2
dragged,2
u,2
equipped,2
yearly,2
facilitate,2
vending,2
tragedies,2
messaging,2
forgiven,2
detrimental,2
sentiments,2
curves,2
residence,2
deliberately,2
ideally,2
musings,2
offender,2
stint,2
crashing,2
ministers,2
hitched,2
ridden,2
affiliate,2
32-year,2
victorian,2
crotch,2
courthouse,2
bankrupt,2
bounds,2
ounce,2
advisors,2
relatives,2
parties,2
occasion,2
scenario,2
stephanie,2
efficient,2
tis,2
leaving,2
falling,2
personality,2
apology,2
cards,2
daddy,2
photo,2
learned,2
conflicts,2
feel,2
dilemma,2
jumping,2
active,2
underwood,2
findings,2
smooth,2
myself,2
number,2
depends,2
emily,2
feeling,2
expensive,2
talks,2
themselves,2
suck,2
protective,2
assured,2
sane,2
photographed,2
amounts,2
nigerian,2
garner,2
surge,2
reported,2
yahoo,2
clueless,2
toss,2
joyful,2
frightening,2
badly,2
asked,2
contract,2
lie,2
expect,2
appropriate,2
resonates,2
consists,2
conflicted,2
punishing,2
sounded,2
uniqueness,2
misuse,2
depiction,2
overload,2
darling,2
dope,2
swallowed,2
ferry,2
harrowing,2
reliable,2
bubbly,2
strengths,2
buns,2
diploma,2
attracted,2
sentiment,2
monk,2
exhilarating,2
respecting,2
haul,2
compromised,2
manageable,2
nearing,2
telegraph,2
pep,2
pa,2
professionally,2
fronts,2
sucked,2
hazardous,2
bravely,2
tumultuous,2
worrisome,2
innate,2
piggy,2
assemble,2
retrograde,2
precise,2
sigh,2
hotter,2
founders,2
preparations,2
recruits,2
expresses,2
foley,2
grass,2
catherine,2
kardashians,2
having,2
battle,2
life,2
keeping,2
conversations,2
anyone,2
steps,2
guidelines,2
trauma,2
harder,2
mistake,2
tuesday,2
wondered,2
certain,2
reportedly,2
handling,2
followers,2
sharing,2
possible,2
’ve,2
caught,2
balancing,2
destructive,2
calif,2
nest,2
ups,2
laid,2
word,2
kept,2
flaws,2
f.,2
matches,2
hashtag,2
relieve,2
gen,2
turmoil,2
their,2
coach,2
cats,2
things,2
bedroom,2
me,2
careful,2
via,2
laws,2
heal,2
stigma,2
adulthood,2
mentioned,2
jewelry,2
although,2
alan,2
trust,2
walked,2
rough,2
benefits,2
desperate,2
describe,2
option,2
decided,2
spelling,2
renaissance,2
exhausting,2
breeds,2
armor,2
belonging,2
truthful,2
wishing,2
spy,2
unsurprisingly,2
smithsonian,2
answered,2
compliment,2
pierce,2
gal,2
contradictions,2
forefront,2
alexandra,2
churchill,2
stalking,2
intuitive,2
lovingly,2
salvation,2
undermining,2
tee,2
crushing,2
lifeline,2
groundhog,2
poetic,2
archie,2
solace,2
takeout,2
jeanne,2
gruesome,2
sticky,2
a.,2
julianne,2
unborn,2
dizzying,2
baffled,2
suzanne,2
disservice,2
cyclist,2
condemnation,2
dipping,2
deception,2
progression,2
dedicate,2
components,2
extravagant,2
overcame,2
adjusting,2
judgmental,2
hopeless,2
levi,2
awry,2
overlooking,2
pending,2
rigorous,2
stash,2
detailing,2
tub,2
leah,2
dodging,2
wounds,2
heartbreaking,2
logic,2
boomers,2
removing,2
supermarket,2
during,2
lesson,2
tend,2
february,2
wanting,2
january,2
you,2
shocking,2
entirely,2
emotion,2
expert,2
ways,2
cases,2
if,2
bonus,2
thrilled,2
michele,2
disappear,2
raw,2
anthony,2
claiming,2
enter,2
end,2
tail,2
lacking,2
suppose,2
champagne,2
precisely,2
recognized,2
strict,2
reunited,2
megan,2
dependent,2
documented,2
elaborate,2
newlyweds,2
retirement,2
toll,2
aftermath,2
diamond,2
sign,2
re,2
networking,2
bat,2
prefer,2
sibling,2
looming,2
i,2
becoming,2
truck,2
versus,2
trigger,2
stages,2
blame,2
parker,2
should,2
worst,2
abandoning,2
variations,2
groove,2
hurdle,2
conventional,2
grounded,2
magically,2
nationally,2
belt,2
sacrificing,2
motor,2
pictured,2
par,2
patty,2
brutal,2
competent,2
hunter,2
marketplace,2
restoring,2
crumbling,2
consideration,2
rampant,2
comfy,2
rift,2
wrestler,2
heck,2
roadside,2
appreciating,2
perk,2
elimination,2
fade,2
wrath,2
vu,2
platinum,2
primer,2
resumes,2
faiths,2
slope,2
manipulation,2
brittany,2
legged,2
effortless,2
licensed,2
yearn,2
drawer,2
scrub,2
tighten,2
ticking,2
charging,2
supported,2
practical,2
seeking,2
seem,2
helped,2
martha,2
occur,2
angela,2
failure,2
traditions,2
devoted,2
gifts,2
patrick,2
judgment,2
honest,2
motherhood,2
completely,2
analyst,2
sat,2
users,2
businessman,2
marries,2
coco,2
crazy,2
hard,2
upon,2
gave,2
agreed,2
excitement,2
likely,2
other,2
planner,2
mario,2
definition,2
foster,2
amount,2
experienced,2
degeneres,2
accepted,2
presents,2
keys,2
sleeping,2
indefinitely,2
exploit,2
submitted,2
niche,2
tony,2
renovation,2
debts,2
undeniable,2
intimidation,2
kelley,2
projections,2
sleeve,2
purchases,2
prevalence,2
cranston,2
discussed,2
apologies,2
judgement,2
misunderstanding,2
requiring,2
unfold,2
fulfillment,2
allegiance,2
fraudulent,2
stumped,2
easing,2
fined,2
pharmacy,2
pastry,2
photoshopped,2
misconception,2
conquering,2
slipping,2
strapped,2
rooting,2
pearls,2
addictions,2
kits,2
battered,2
mendes,2
d.,2
publishers,2
balm,2
dime,2
predicting,2
proportions,2
avoids,2
hendricks,2
youngest,2
forgot,2
holiday,2
atlanta,2
paying,2
fees,2
crying,2
details,2
singer,2
hell,2
then,2
overcoming,2
later,2
immediate,2
cake,2
warning,2
same,2
hobby,2
owns,2
picnic,2
tiffany,2
requirements,2
depressing,2
longevity,2
neglect,2
tom,2
insurance,2
necessary,2
ours,2
objects,2
taxpayers,2
penis,2
desperately,2
odd,2
got,2
sending,2
actors,2
complex,2
broke,2
cost,2
read,2
plates,2
hosts,2
download,2
ditching,2
ribbon,2
oneself,2
pricey,2
cyber,2
blurred,2
pranks,2
beware,2
constructive,2
buddies,2
mustache,2
camilla,2
fiercely,2
diane,2
unsuspecting,2
camel,2
multitude,2
harriet,2
rescuers,2
pastors,2
cringe,2
penned,2
disguise,2
incentives,2
paperwork,2
correspondent,2
deceptive,2
surrounds,2
elder,2
branches,2
downfall,2
flaw,2
presley,2
papa,2
deborah,2
maid,2
spit,2
tied,2
solving,2
prank,2
before,2
years,2
term,2
comfort,2
told,2
stories,2
teenage,2
speed,2
contact,2
jenner,2
acting,2
magazine,2
seems,2
storage,2
columnist,2
man,2
reason,2
had,2
occurred,2
honeymoon,2
outrageous,2
failing,2
consequences,2
're,2
responsibilities,2
cakes,2
blanket,2
kisses,2
wreck,2
invested,2
briefly,2
disconnect,2
surgeon,2
adjust,2
sexiest,2
enjoying,2
mixed,2
blames,2
stronger,2
pain,2
necessarily,2
hollywood,2
relative,2
sorts,2
hills,2
announcement,1
celebrating,1
excellent,1
mortgage,1
statements,1
miranda,1
picking,1
rants,1
shady,1
chattanooga,1
chronicles,1
squeeze,1
adopt,1
elena,1
prepared,1
fleeting,1
signed,1
discomfort,1
embark,1
prolonged,1
resident,1
sway,1
utility,1
margin,1
publishes,1
conferences,1
sensitive,1
debated,1
spans,1
decency,1
unintended,1
linger,1
brandon,1
30-year,1
flattering,1
conceived,1
paulo,1
pint,1
jurors,1
marina,1
breakers,1
advisers,1
penelope,1
prompting,1
vocabulary,1
particularly,1
remain,1
surprisingly,1
degree,1
monday,1
age,1
adults,1
toronto,1
describes,1
why,1
tears,1
pointed,1
interviewed,1
strengthen,1
schedule,1
addresses,1
renewed,1
'm,1
previously,1
odds,1
issues,1
driver,1
many,1
filled,1
intentionally,1
aspect,1
princesses,1
disappointing,1
slept,1
allen,1
grip,1
genre,1
excuse,1
do,1
've,1
left,1
problems,1
strange,1
collapse,1
portion,1
who,1
became,1
mine,1
entered,1
finding,1
morgan,1
mother,1
going,1
extremely,1
variety,1
increase,1
feels,1
consistency,1
supposedly,1
heavenly,1
confusion,1
dudes,1
revived,1
establishing,1
blush,1
barely,1
knee,1
firm,1
mornings,1
exodus,1
alcoholism,1
shaking,1
26-year,1
h.,1
reunite,1
crossing,1
harmed,1
deter,1
cardiac,1
believer,1
brace,1
comforting,1
cherished,1
proceeds,1
habitat,1
stresses,1
remembrance,1
princeton,1
acknowledged,1
shedding,1
skier,1
temporarily,1
hepburn,1
frequency,1
acquire,1
blond,1
r.,1
envision,1
craziest,1
coma,1
altar,1
boiling,1
virtues,1
sinclair,1
aussie,1
expectancy,1
irrelevant,1
foolproof,1
her,1
happens,1
stars,1
desire,1
unable,1
discussion,1
since,1
caused,1
reads,1
touched,1
resolutions,1
types,1
surprised,1
rings,1
she,1
pet,1
featured,1
tool,1
hating,1
flexible,1
s,1
filmmaker,1
bliss,1
odom,1
truly,1
thinking,1
website,1
reality,1
december,1
can,1
connect,1
overlooked,1
jesse,1
though,1
inspiring,1
considered,1
darkness,1
drew,1
shades,1
met,1
resolution,1
role,1
income,1
mystery,1
souls,1
sought,1
plus,1
unimaginable,1
homage,1
dubbed,1
uncertainty,1
inbox,1
ghosts,1
kristen,1
usage,1
simpsons,1
garage,1
rulings,1
vacationing,1
delete,1
disparity,1
margaret,1
15-year,1
babe,1
surfaces,1
interpretation,1
shook,1
6th,1
katrina,1
enact,1
curling,1
publicity,1
sip,1
twain,1
paparazzi,1
bashing,1
curtis,1
unnecessary,1
expecting,1
shed,1
went,1
how,1
nothing,1
source,1
site,1
mommy,1
confused,1
matters,1
pieces,1
acknowledge,1
represent,1
handle,1
longer,1
importantly,1
particular,1
cares,1
did,1
develop,1
causes,1
behavior,1
thought,1
dynamic,1
increasingly,1
yesterday,1
collected,1
indicate,1
pamela,1
harbor,1
endure,1
kidding,1
ranging,1
admission,1
reflecting,1
planning,1
being,1
been,1
ensure,1
apartment,1
talk,1
addition,1
lifetime,1
deserve,1
10-year,1
anybody,1
linda,1
hearts,1
lauren,1
tensions,1
imagined,1
forget,1
questions,1
laugh,1
strategies,1
thursday,1
pick,1
experiencing,1
victim,1
memories,1
reunion,1
professionals,1
turner,1
quake,1
guys,1
highs,1
exchanges,1
peterson,1
hollande,1
drastic,1
striving,1
neutral,1
brave,1
dolly,1
realm,1
spoiled,1
bohemian,1
unexpectedly,1
drowned,1
thicke,1
barrel,1
graduation,1
females,1
enhancing,1
towels,1
observation,1
doritos,1
norm,1
medalist,1
approximately,1
audrey,1
pancreatic,1
gentleman,1
mayhem,1
drown,1
economically,1
exceptions,1
paternity,1
topping,1
sensible,1
firsthand,1
dubious,1
knives,1
happy,1
phone,1
dear,1
fact,1
overcome,1
carrie,1
luck,1
rage,1
emmy,1
comes,1
silly,1
heard,1
management,1
healing,1
fears,1
fortune,1
wanted,1
there,1
what,1
hoping,1
cyrus,1
challenged,1
introducing,1
auction,1
ultimately,1
court,1
otherwise,1
uk,1
ladies,1
aggressive,1
gesture,1
maternal,1
hurts,1
dancer,1
aware,1
lawrence,1
saw,1
succeed,1
austin,1
bought,1
vulnerable,1
lot,1
examples,1
hired,1
equal,1
victoria,1
hardly,1
pushed,1
each,1
sexuality,1
certainly,1
hide,1
sell,1
’re,1
account,1
former,1
loved,1
never,1
nuts,1
owl,1
nicely,1
gilbert,1
entitlement,1
cheesecake,1
laptop,1
except,1
suggestion,1
newlywed,1
engagement,1
misses,1
bouquet,1
educated,1
thru,1
seventh,1
execute,1
beers,1
delaying,1
understood,1
terminally,1
literary,1
17-year,1
kenneth,1
hail,1
bowling,1
sleeves,1
forge,1
comedic,1
collision,1
thoroughly,1
pony,1
ninth,1
sony,1
planted,1
babysitter,1
declines,1
bedrooms,1
oriented,1
portrayal,1
devotion,1
dianne,1
scan,1
dwell,1
kristina,1
time,1
better,1
may,1
opinions,1
effectively,1
improved,1
pat,1
beginning,1
really,1
organizing,1
percent,1
entertainment,1
need,1
writing,1
individual,1
affected,1
cousin,1
salary,1
cage,1
carl,1
critically,1
took,1
reminded,1
possibility,1
choose,1
finished,1
authors,1
published,1
amy,1
huffington,1
atlantic,1
announced,1
dick,1
does,1
video,1
card,1
personally,1
anyway,1
count,1
lessons,1
gone,1
third,1
thing,1
enemy,1
vital,1
bless,1
fascinated,1
tuition,1
sexier,1
helpless,1
hips,1
existence,1
enhanced,1
vicious,1
assure,1
reacted,1
melbourne,1
ranked,1
aiming,1
runaway,1
gaze,1
overturned,1
diminish,1
misinformation,1
dual,1
males,1
assembly,1
passive,1
sacrifices,1
fab,1
turkeys,1
andrews,1
eccentric,1
casually,1
disgrace,1
motto,1
belle,1
internationally,1
stamp,1
rachael,1
imagining,1
bind,1
hates,1
trap,1
articles,1
ago,1
experts,1
n't,1
successful,1
call,1
get,1
clip,1
that,1
find,1
enough,1
like,1
recognizing,1
consistent,1
diana,1
emerge,1
waking,1
recovering,1
meant,1
learn,1
brian,1
useful,1
tinder,1
steals,1
traits,1
notable,1
complaining,1
inevitably,1
centered,1
tommy,1
represented,1
cause,1
drama,1
suddenly,1
lasting,1
unlikely,1
involving,1
interested,1
stranger,1
guess,1
secure,1
part,1
sort,1
terrible,1
brings,1
know,1
mindfully,1
ignoring,1
thighs,1
bonkers,1
poured,1
psychology,1
linkedin,1
imaginary,1
collusion,1
merry,1
historian,1
clearer,1
atheist,1
enlightened,1
jagger,1
philip,1
completed,1
fought,1
gangnam,1
bradley,1
commandments,1
co.,1
sail,1
detox,1
beautifully,1
qualify,1
courtroom,1
bowie,1
richest,1
indicated,1
25-year,1
punching,1
chops,1
dip,1
rests,1
occasions,1
mercedes,1
fulfilled,1
betty,1
martial,1
botched,1
integrated,1
phones,1
bed,1
star,1
put,1
about,1
charlie,1
billionaire,1
advance,1
once,1
totally,1
always,1
denial,1
increases,1
granted,1
midst,1
played,1
confirm,1
luke,1
involve,1
permission,1
lived,1
alternatives,1
leave,1
due,1
finish,1
ray,1
began,1
believe,1
easily,1
unacceptable,1
fulfill,1
olivia,1
actresses,1
thick,1
allow,1
between,1
pay,1
taxes,1
go,1
drive,1
stock,1
knowledge,1
delay,1
constant,1
marie,1
worn,1
important,1
considering,1
peaceful,1
billy,1
women,1
real,1
started,1
long,1
related,1
marc,1
dirty,1
view,1
throw,1
be,1
it,1
spree,1
establish,1
summertime,1
certified,1
traditionally,1
demonstrate,1
perks,1
donated,1
frequently,1
attitude,1
intensity,1
losers,1
spoil,1
secular,1
perceived,1
derail,1
bravery,1
lingering,1
douglas,1
stunned,1
highlighting,1
possession,1
documentaries,1
parallel,1
manner,1
juvenile,1
groceries,1
bittersweet,1
retain,1
referred,1
granddaughter,1
overrated,1
determining,1
fla,1
normally,1
debilitating,1
bs,1
purchasing,1
temptation,1
winfrey,1
expressions,1
distinction,1
secrecy,1
cart,1
order,1
wisdom,1
point,1
one,1
reminder,1
opinion,1
tale,1
truth,1
chose,1
am,1
written,1
helping,1
else,1
knew,1
explain,1
troubled,1
convince,1
spray,1
photoshop,1
boom,1
mean,1
ok,1
letters,1
deal,1
ellen,1
some,1
positive,1
element,1
reminds,1
couch,1
simultaneously,1
maybe,1
back,1
reveals,1
valuable,1
good,1
’m,1
patience,1
essay,1
subtle,1
immune,1
blake,1
anxiety,1
have,1
remember,1
think,1
plain,1
educator,1
battlefield,1
disregard,1
solid,1
stocking,1
additional,1
involves,1
sabotaging,1
partially,1
monopoly,1
classy,1
canine,1
selecting,1
knock,1
trusting,1
certificate,1
tables,1
steady,1
iv,1
relive,1
rank,1
instincts,1
abrams,1
escalating,1
abandon,1
commencement,1
tantrums,1
kaling,1
a.k.a,1
gatsby,1
motivational,1
traps,1
cherish,1
powerless,1
adolescent,1
nurturing,1
flames,1
snooki,1
begs,1
delighted,1
amateur,1
elisabeth,1
slated,1
let,1
negotiations,1
rent,1
passionate,1
factors,1
curiosity,1
encouraging,1
no,1
wrong,1
used,1
biggest,1
jon,1
following,1
over,1
want,1
rarely,1
decision,1
tight,1
sides,1
wake,1
basketball,1
reynolds,1
striking,1
hurting,1
points,1
assistant,1
bloggers,1
entering,1
month,1
whenever,1
fifth,1
case,1
would,1
grateful,1
impossible,1
c,1
contrary,1
trusted,1
massage,1
remained,1
collecting,1
scary,1
realize,1
roof,1
less,1
's,1
massachusetts,1
surface,1
him,1
talking,1
associated,1
caring,1
collar,1
drunken,1
relaxed,1
connects,1
lows,1
unofficial,1
solo,1
similarly,1
optimal,1
modified,1
contributions,1
appointments,1
tracked,1
hectic,1
underway,1
dried,1
governing,1
slopes,1
adding,1
unsettling,1
varied,1
generic,1
tattoos,1
discovers,1
summers,1
jen,1
longing,1
deceased,1
desperation,1
pal,1
heated,1
bartender,1
developmental,1
100th,1
preferred,1
aol,1
ultimate,1
compassion,1
whether,1
first,1
book,1
even,1
ass,1
lucky,1
estimated,1
vacation,1
wedding,1
happen,1
say,1
match,1
mandatory,1
outlets,1
nebraska,1
satisfaction,1
conclusion,1
law,1
homes,1
almost,1
still,1
because,1
actor,1
equally,1
chapter,1
made,1
determine,1
figure,1
a,1
ugly,1
gotten,1
middle,1
was,1
secrets,1
they,1
theories,1
rallying,1
superior,1
signals,1
lock,1
buddha,1
est,1
flexibility,1
abusers,1
savings,1
funky,1
frog,1
suv,1
blueprint,1
selection,1
expectation,1
economies,1
contacts,1
defying,1
enjoys,1
morality,1
snapped,1
footsteps,1
processing,1
intriguing,1
declined,1
pains,1
dysfunction,1
crappy,1
purposes,1
creek,1
emphasis,1
gently,1
insanity,1
reserved,1
robinson,1
fueling,1
booming,1
adolescents,1
implies,1
rewrite,1
bobbi,1
apparently,1
tonight,1
very,1
believed,1
spotlight,1
are,1
little,1
reactions,1
%,1
while,1
connection,1
however,1
forward,1
pen,1
porn,1
requires,1
probably,1
wonderful,1
missed,1
fueled,1
laughs,1
nelson,1
blues,1
nancy,1
holding,1
issue,1
folks,1
overwhelmed,1
decorating,1
steal,1
nights,1
divided,1
instant,1
fair,1
founder,1
most,1
quietly,1
theirs,1
generous,1
qualities,1
intense,1
disclosure,1
repair,1
dui,1
terrified,1
prompt,1
examining,1
toyota,1
hurry,1
sailing,1
enabled,1
frontrunner,1
degrees,1
heartwarming,1
memoir,1
minors,1
regimen,1
void,1
tackles,1
damaged,1
producing,1
basis,1
décor,1
sidewalk,1
buzzing,1
tooth,1
olds,1
jupiter,1
impacted,1
focuses,1
obtain,1
purge,1
stains,1
predicted,1
routinely,1
fool,1
timely,1
contestants,1
coveted,1
companion,1
technology,1
producer,1
with,1
denied,1
raising,1
song,1
starting,1
exact,1
fame,1
private,1
starring,1
sandra,1
accounts,1
forms,1
experience,1
loving,1
walk,1
encourages,1
tatum,1
swiss,1
lead,1
stupid,1
gets,1
studies,1
decades,1
accept,1
stake,1
decade,1
minor,1
pulling,1
ross,1
proud,1
special,1
afford,1
become,1
assessment,1
monkeys,1
examine,1
onto,1
digest,1
fortunate,1
sooner,1
sidelines,1
telephone,1
creep,1
graduating,1
factor,1
foremost,1
scope,1
cruising,1
pencil,1
impending,1
soothe,1
scars,1
soy,1
commemorate,1
cnbc,1
cleared,1
shockingly,1
wtf,1
frontier,1
cites,1
pros,1
cons,1
attracting,1
savor,1
unsure,1
brutally,1
resolved,1
casualties,1
cent,1
cliché,1
beside,1
sized,1
judges,1
daughter,1
not,1
receiving,1
regarding,1
idea,1
hatred,1
wrote,1
subject,1
thrown,1
absolutely,1
map,1
reflect,1
start,1
easiest,1
turned,1
defining,1
cited,1
blow,1
julie,1
balanced,1
alarming,1
y,1
harmony,1
lots,1
extra,1
apologize,1
capable,1
willing,1
clearly,1
alleged,1
might,1
ms,1
lungs,1
burden,1
coaching,1
startling,1
comics,1
blanchett,1
daytime,1
nsfw,1
october,1
plenty,1
favor,1
unfamiliar,1
enemies,1
spoken,1
ward,1
adapted,1
swipe,1
optimistic,1
erotic,1
ucla,1
renewal,1
verdict,1
tunnel,1
buck,1
14th,1
pressures,1
unfolding,1
refrigerator,1
adapt,1
alternate,1
stroll,1
understanding,1
including,1
spent,1
event,1
make,1
rap,1
ideal,1
sound,1
exactly,1
months,1
promoting,1
honestly,1
crashes,1
nightmare,1
normal,1
either,1
sandy,1
an,1
excited,1
internal,1
visible,1
moral,1
responsibility,1
answer,1
knows,1
dishes,1
immediately,1
everyone,1
until,1
offered,1
motivation,1
resources,1
repeat,1
unions,1
waters,1
hopes,1
engage,1
putting,1
half,1
were,1
consequence,1
quickly,1
volunteers,1
committing,1
suffered,1
dump,1
accurately,1
pajamas,1
assumptions,1
bff,1
impulse,1
multitasking,1
seaside,1
vincent,1
polite,1
provision,1
tucked,1
processes,1
pity,1
screams,1
alton,1
interviewing,1
messed,1
inspirational,1
cam,1
hers,1
impression,1
flawed,1
ish,1
lauer,1
naughty,1
stunt,1
caroline,1
changer,1
latter,1
sub,1
presenting,1
70s,1
extended,1
effects,1
pledge,1
to,1
money,1
begin,1
offers,1
discovered,1
task,1
wants,1
work,1
herself,1
scandal,1
empowering,1
glasses,1
honey,1
talked,1
myths,1
seek,1
on,1
is,1
numerous,1
outcomes,1
supposed,1
buys,1
notorious,1
insomnia,1
take,1
year,1
perfection,1
divide,1
reached,1
impact,1
plans,1
posts,1
unusual,1
different,1
mind,1
numbers,1
spending,1
them,1
ellison,1
lives,1
evaluate,1
scream,1
instantly,1
november,1
praised,1
b.,1
swallow,1
slew,1
answering,1
partial,1
cardio,1
mattress,1
ravens,1
yikes,1
halfway,1
insecurity,1
escapes,1
assisted,1
osbourne,1
accent,1
saga,1
cannon,1
musician,1
corners,1
synonymous,1
assess,1
wary,1
software,1
rite,1
vs,1
recognition,1
annoying,1
avoiding,1
marked,1
nbc,1
recent,1
words,1
stress,1
replace,1
costs,1
live,1
anniversary,1
teenagers,1
pattern,1
research,1
documents,1
jump,1
quite,1
taking,1
so,1
associate,1
division,1
exception,1
caregivers,1
replaced,1
laundry,1
famed,1
believing,1
explanation,1
own,1
runs,1
past,1
album,1
counsel,1
drives,1
final,1
gays,1
exchange,1
enforcement,1
shown,1
list,1
matter,1
judge,1
goes,1
away,1
few,1
johansson,1
barred,1
happiness,1
defensive,1
characteristics,1
thriving,1
compromise,1
heartfelt,1
virtue,1
tweeting,1
p.m.,1
valid,1
programming,1
freely,1
roughly,1
purse,1
simplest,1
lend,1
sacramento,1
clarke,1
scottish,1
misery,1
insiders,1
grieve,1
indoors,1
necklace,1
well,1
watched,1
help,1
rather,1
pool,1
protecting,1
gift,1
sorry,1
people,1
samantha,1
sweeping,1
homework,1
returned,1
writes,1
accident,1
suing,1
arrival,1
breaks,1
prepare,1
plays,1
sure,1
regularly,1
personal,1
topic,1
richard,1
starts,1
happening,1
clear,1
rolling,1
educating,1
reinvent,1
handsome,1
positively,1
shelters,1
shout,1
complexity,1
sadly,1
smarter,1
ego,1
doma,1
purchase,1
flesh,1
spurs,1
teens,1
plug,1
guitar,1
scathing,1
sink,1
stern,1
yourselves,1
aliens,1
revisit,1
owes,1
dictionary,1
message,1
times,1
needs,1
per,1
growth,1
survival,1
responds,1
something,1
saying,1
impressive,1
becomes,1
gain,1
events,1
creating,1
somehow,1
strength,1
sam,1
dr,1
rejects,1
milestone,1
receives,1
books,1
british,1
weird,1
deep,1
explained,1
bills,1
ill,1
afternoon,1
greatest,1
rules,1
agree,1
false,1
soon,1
evil,1
hole,1
abc,1
nice,1
shares,1
currently,1
social,1
offer,1
much,1
hedge,1
upset,1
impose,1
economist,1
defy,1
payment,1
hated,1
technically,1
abused,1
judging,1
mermaid,1
anytime,1
donna,1
undoubtedly,1
seeks,1
fools,1
sarah,1
genuinely,1
tolerate,1
references,1
spokesperson,1
introduction,1
founded,1
trained,1
overlook,1
uncover,1
mvp,1
profiling,1
accompanied,1
nicholas,1
lucas,1
fast,1
’s,1
period,1
heart,1
chris,1
dollar,1
playing,1
lovers,1
label,1
documentary,1
naked,1
opposite,1
obviously,1
modern,1
concerns,1
turn,1
toast,1
rejected,1
background,1
self,1
enthusiasm,1
object,1
suggesting,1
sells,1
praises,1
limited,1
choices,1
in,1
which,1
just,1
worried,1
bottom,1
able,1
spend,1
leads,1
constantly,1
michigan,1
complete,1
old,1
several,1
window,1
credit,1
oath,1
such,1
emerged,1
functional,1
deepest,1
causing,1
mick,1
candles,1
loyal,1
encountered,1
mysteries,1
dwayne,1
valued,1
flop,1
contributor,1
redefine,1
participated,1
sour,1
pulitzer,1
ambitions,1
gq,1
successes,1
deck,1
frenzy,1
wacky,1
component,1
terrific,1
intern,1
bonds,1
every,1
saving,1
problem,1
any,1
sent,1
deserves,1
flowers,1
silence,1
apply,1
watching,1
seen,1
surprising,1
hopefully,1
laughing,1
gained,1
helps,1
thank,1
out,1
nba,1
worth,1
crystal,1
viewed,1
landmark,1
dawn,1
imagine,1
blowing,1
serial,1
cheaper,1
12-year,1
uncle,1
merely,1
commonly,1
christie,1
will,1
perhaps,1
study,1
critical,1
fell,1
done,1
stepping,1
continuing,1
groom,1
passion,1
creates,1
place,1
david,1
everything,1
future,1
way,1
last,1
cry,1
log,1
1980s,1
elevator,1
drank,1
prioritize,1
bruno,1
endless,1
recognizes,1
oasis,1
contempt,1
loaded,1
diapers,1
sinking,1
antibiotic,1
del,1
snyder,1
confirmed,1
chopra,1
dramatically,1
alleges,1
appointed,1
handled,1
mud,1
relentless,1
labeled,1
earn,1
easy,1
comments,1
emails,1
definitely,1
closet,1
doing,1
pictures,1
raised,1
checking,1
higher,1
mix,1
keith,1
ruin,1
off,1
piece,1
detail,1
newtown,1
struggling,1
from,1
large,1
habits,1
changed,1
combination,1
sit,1
choice,1
right,1
domestic,1
changes,1
whoever,1
biology,1
prey,1
nostalgic,1
structure,1
dentist,1
withdraw,1
fairly,1
charles,1
gig,1
removes,1
hearty,1
darkest,1
begging,1
homecoming,1
complained,1
obstacle,1
controls,1
proclaimed,1
unconventional,1
filter,1
trails,1
semi,1
pleasures,1
desired,1
tuned,1
leaves,1
manage,1
joining,1
walks,1
he,1
older,1
opportunity,1
kanye,1
try,1
true,1
convinced,1
tim,1
recall,1
innocent,1
kate,1
professor,1
expected,1
martin,1
professional,1
worked,1
movies,1
properly,1
happiest,1
bobby,1
signing,1
mrs,1
longtime,1
behalf,1
full,1
another,1
losing,1
perspective,1
suggest,1
than,1
unknown,1
dare,1
changing,1
influence,1
seeing,1
for,1
unexpected,1
line,1
kind,1
listen,1
simpler,1
essentially,1
jelly,1
august,1
offerings,1
ignores,1
bridges,1
infants,1
fork,1
debunked,1
courses,1
tossed,1
resulted,1
twilight,1
suburban,1
swedish,1
errors,1
vibe,1
kissed,1
dana,1
chelsea,1
poorest,1
encouraged,1
bling,1
starred,1
malia,1
contracts,1
transition,1
too,1
taken,1
chances,1
shoes,1
johnny,1
bound,1
confidence,1
contribute,1
waiting,1
more,1
ones,1
values,1
christmas,1
absolute,1
noticed,1
blessed,1
luckily,1
threaten,1
celebrations,1
anderson,1
link,1
checks,1
only,1
courage,1
into,1
struggle,1
secret,1
among,1
zone,1
hope,1
seemed,1
parenthood,1
of,1
straight,1
treasure,1
lamb,1
transplant,1
disorder,1
cloud,1
seas,1
nailed,1
replacing,1
attempting,1
kicking,1
mouths,1
sample,1
lengthy,1
convenient,1
kitty,1
strategist,1
shortage,1
mentality,1
stretching,1
bridesmaids,1
impacts,1
pudding,1
recreate,1
volcano,1
tapes,1
arriving,1
forgetting,1
courtney,1
bosses,1
command,1
searches,1
m,1
current,1
grandmother,1
favorites,1
now,1
vows,1
up,1
those,1
save,1
truths,1
grandma,1
widely,1
remind,1
best,1
therefore,1
confessions,1
promising,1
priorities,1
idol,1
jonathan,1
resignation,1
mask,1
high,1
urge,1
appearance,1
came,1
interesting,1
appears,1
bottle,1
meeting,1
lose,1
asks,1
as,1
tactic,1
measured,1
acknowledging,1
crucial,1
complaint,1
pens,1
rant,1
genetics,1
expressed,1
flooded,1
discipline,1
compiled,1
classics,1
practiced,1
burned,1
gallup,1
icy,1
mistaken,1
cared,1
reclaim,1
cab,1
genes,1
lurking,1
unaware,1
disruption,1
sasha,1
surveys,1
pbs,1
surrounding,1
priority,1
athlete,1
fix,1
recognize,1
unless,1
effort,1
birds,1
toddlers,1
prince,1
taught,1
kidney,1
stuff,1
intention,1
todd,1
remaining,1
the,1
tricks,1
result,1
surprises,1
double,1
stage,1
gives,1
son,1
asking,1
send,1
wonder,1
available,1
sexy,1
scarlett,1
thirds,1
lighter,1
1970s,1
wheel,1
mara,1
wheat,1
bitch,1
misunderstood,1
playful,1
fashionista,1
sight,1
springs,1
beneath,1
fictional,1
hammer,1
uncomfortable,1
approval,1
name,1
created,1
working,1
traditional,1
speaking,1
voice,1
comfortable,1
damage,1
focus,1
un,1
everywhere,1
holds,1
total,1
memo,1
multi,1
marks,1
tradition,1
highly,1
harmful,1
accountability,1
dig,1
charge,1
eyes,1
but,1
session,1
earned,1
male,1
suggests,1
respect,1
write,1
article,1
edge,1
colored,1
sources,1
boredom,1
compound,1
urgency,1
partly,1
andrea,1
branding,1
duke,1
montreal,1
petty,1
addressed,1
cliff,1
graduates,1
acceptable,1
insisted,1
privacy,1
tales,1
organ,1
collins,1
interactions,1
rita,1
2nd,1
zuckerberg,1
schedules,1
determination,1
sin,1
14-year,1
daughters,1
gut,1
all,1
title,1
reports,1
liberty,1
doors,1
teenager,1
has,1
around,1
media,1
established,1
regardless,1
buzz,1
directly,1
faster,1
landing,1
skill,1
listening,1
radio,1
effect,1
increasing,1
celebrate,1
multiple,1
living,1
depression,1
pursuit,1
bazaar,1
flickr,1
adversity,1
mandela,1
winners,1
naming,1
maggie,1
rabbit,1
meme,1
ironic,1
needing,1
reflects,1
formed,1
pretending,1
metro,1
collect,1
worries,1
lined,1
explored,1
bounce,1
judy,1
rosie,1
kinda,1
fastest,1
july,1
listings,1
cat,1
where,1
bar,1
quit,1
thomas,1
we,1
demands,1
painting,1
maintain,1
ali,1
somebody,1
growing,1
by,1
bright,1
freak,1
clinical,1
sunny,1
nursing,1
frustrated,1
rip,1
scene,1
also,1
success,1
episode,1
contemporary,1
hiring,1
specific,1
see,1
grief,1
entire,1
found,1
required,1
wired,1
grow,1
quote,1
arm,1
folk,1
shirt,1
google,1
avenue,1
beard,1
biased,1
boosts,1
flea,1
attendees,1
tapping,1
directions,1
keeps,1
takes,1
quick,1
drinking,1
busy,1
grieving,1
repeatedly,1
sale,1
animated,1
faced,1
symbol,1
apps,1
teach,1
adds,1
alcohol,1
somewhere,1
graffiti,1
insanely,1
acid,1
marcus,1
maintenance,1
procedure,1
ashamed,1
underlying,1
medication,1
hiking,1
ordering,1
graduated,1
sounding,1
triggers,1
regard,1
negotiating,1
slip,1
nurture,1
citing,1
grader,1
ruins,1
respected,1
doping,1
technological,1
ivory,1
rehab,1
busted,1
prospects,1
outer,1
glance,1
touches,1
shakespeare,1
drowning,1
carry,1
calling,1
stood,1
yet,1
day,1
puts,1
interview,1
instead,1
kansas,1
attend,1
suffer,1
thanksgiving,1
jewish,1
come,1
fill,1
surveillance,1
somewhat,1
remove,1
appreciation,1
dreaming,1
existing,1
itself,1
potential,1
could,1
report,1
demand,1
realized,1
discuss,1
tone,1
hall,1
doubt,1
makes,1
direct,1
fewer,1
protect,1
concluded,1
isolation,1
exciting,1
tens,1
formula,1
mar,1
surgery,1
reflections,1
jacob,1
knocked,1
expressing,1
perfume,1
shameful,1
loose,1
favors,1
applies,1
rid,1
uncovered,1
outsider,1
disappointed,1
makers,1
stare,1
venue,1
contributed,1
v,1
specifically,1
mill,1
jolie,1
sleek,1
weighed,1
permanently,1
movie,1
lower,1
catch,1
comment,1
playlist,1
researcher,1
incredibly,1
spectrum,1
stomach,1
suggestions,1
car,1
faith,1
proposal,1
worry,1
house,1
profound,1
looked,1
rocks,1
improve,1
confident,1
heading,1
dying,1
ad,1
screen,1
nobody,1
new,1
app,1
great,1
versions,1
summer,1
dismiss,1
portland,1
fearful,1
lips,1
occasionally,1
backpack,1
chill,1
mat,1
clue,1
basket,1
relaxing,1
applications,1
bipartisan,1
executed,1
protester,1
forth,1
oxygen,1
10th,1
kyle,1
christina,1
patricia,1
exclusively,1
offenders,1
discourse,1
disaster,1
days,1
given,1
standard,1
rock,1
themed,1
panic,1
sand,1
letter,1
serious,1
guilty,1
cast,1
served,1
fiction,1
flower,1
construction,1
dignity,1
angelina,1
addressing,1
here,1
side,1
spoke,1
adam,1
needed,1
lip,1
us,1
ready,1
fully,1
embarrassed,1
sites,1
gossip,1
plastic,1
led,1
defeated,1
likes,1
volume,1
interact,1
homosexuality,1
thread,1
nowhere,1
cruelty,1
juicy,1
considers,1
participating,1
hidden,1
honored,1
empire,1
provided,1
bigger,1
distance,1
season,1
facing,1
surprise,1
owner,1
activities,1
others,1
closing,1
picked,1
without,1
wash,1
talented,1
graphic,1
n’t,1
van,1
courtesy,1
removed,1
anne,1
drop,1
trying,1
experiences,1
essential,1
learning,1
pillow,1
default,1
context,1
knowing,1
hats,1
tends,1
mindy,1
predictable,1
horrifying,1
plunge,1
scratch,1
grants,1
registration,1
bees,1
next,1
open,1
effective,1
television,1
concern,1
his,1
trial,1
bank,1
act,1
argument,1
received,1
our,1
offering,1
thanks,1
sees,1
apparent,1
gather,1
recalls,1
conducted,1
christopher,1
disasters,1
missing,1
includes,1
these,1
page,1
ahead,1
treated,1
works,1
sense,1
ground,1
sang,1
survived,1
knowles,1
p.,1
eliminate,1
observed,1
carries,1
mentally,1
lesser,1
occasional,1
interactive,1
connections,1
dominate,1
blogs,1
foul,1
flew,1
automatically,1
obese,1
interviews,1
tougher,1
acclaimed,1
mansion,1
fence,1
satisfied,1
sexually,1
boring,1
johnson,1
games,1
ties,1
worker,1
hook,1
finds,1
draft,1
tremendous,1
making,1
enjoy,1
joke,1
focused,1
at,1
weddings,1
anything,1
player,1
buy,1
religion,1
mary,1
prove,1
miami,1
besides,1
huge,1
pressing,1
saved,1
pause,1
metaphor,1
rounds,1
greatness,1
nashville,1
zealand,1
intelligent,1
ruining,1
rocked,1
potty,1
unpredictable,1
enjoyable,1
norms,1
reacts,1
hung,1
severely,1
selves,1
worrying,1
deprived,1
criticize,1
hand,1
thoughts,1
rest,1
extraordinary,1
khloe,1
beings,1
rebel,1
characters,1
mostly,1
least,1
shake,1
loss,1
turning,1
attention,1
moment,1
defense,1
under,1
toilet,1
drain,1
translate,1
raging,1
studied,1
pursue,1
conscience,1
reaches,1
mandate,1
station,1
jeopardy,1
jackie,1
counts,1
consumed,1
vodka,1
engineer,1
problematic,1
belief,1
band,1
restaurant,1
mars,1
singing,1
cheap,1
neighbor,1
gene,1
barbara,1
theme,1
known,1
close,1
setting,1
claims,1
primary,1
celebrated,1
machine,1
forced,1
chance,1
owning,1
outlook,1
demonstrated,1
permanent,1
eric,1
lion,1
pundits,1
elements,1
southeast,1
lifted,1
justify,1
downton,1
suspicious,1
invasion,1
universal,1
receive,1
candy,1
course,1
awesome,1
bit,1
look,1
continue,1
provides,1
score,1
thin,1
picture,1
infographic,1
abandoned,1
loud,1
unlike,1
typical,1
average,1
job,1
selling,1
simple,1
fighting,1
lack,1
bust,1
teaches,1
detective,1
nearly,1
quo,1
clues,1
reach,1
13-year,1
inappropriate,1
sickness,1
cabin,1
figured,1
fragile,1
careers,1
consume,1
unforgettable,1
coral,1
hanukkah,1
blank,1
sheet,1
hemsworth,1
neglected,1
actions,1
mouth,1
display,1
actually,1
reading,1
followed,1
pretty,1
serve,1
using,1
young,1
warn,1
brad,1
boundaries,1
henry,1
phil,1
golf,1
understand,1
corner,1
regular,1
embrace,1
down,1
lines,1
goodbye,1
dry,1
allows,1
diaz,1
attending,1
horrific,1
commitments,1
crap,1
shaming,1
christ,1
imperfect,1
wishes,1
commentary,1
shadows,1
circles,1
complications,1
talents,1
venus,1
invites,1
diving,1
houston,1
aimed,1
business,1
tools,1
said,1
ghost,1
charming,1
disability,1
giving,1
union,1
ages,1
provide,1
bullying,1
head,1
favorite,1
literature,1
inspired,1
spare,1
apologized,1
suffering,1
lynn,1
headlines,1
dialogue,1
alter,1
wide,1
torn,1
approve,1
handy,1
skipping,1
mid,1
iii,1
customer,1
deemed,1
cleaning,1
nonsense,1
formerly,1
offense,1
songwriter,1
cooperation,1
mourning,1
floor,1
square,1
.,1
face,1
grace,1
famous,1
play,1
insane,1
—,1
calendar,1
simply,1
based,1
boys,1
shop,1
pop,1
bring,1
stop,1
11-year,1
renowned,1
twin,1
hiding,1
brighter,1
appear,1
jungle,1
personalities,1
hanks,1
envy,1
boutique,1
data,1
oscar,1
this,1
cook,1
story,1
mobile,1
benefit,1
tragic,1
lady,1
habit,1
mueller,1
email,1
feet,1
amanda,1
funds,1
encourage,1
bag,1
game,1
red,1
placed,1
arguably,1
layers,1
strong,1
anticipation,1
ponder,1
extension,1
stability,1
credits,1
weak,1
dicaprio,1
vet,1
pairs,1
tina,1
bridesmaid,1
cooked,1
hormones,1
freedom,1
looking,1
boat,1
top,1
stand,1
interest,1
globe,1
pitch,1
butt,1
pleasant,1
learns,1
haunting,1
expanded,1
suffers,1
photograph,1
register,1
amidst,1
registered,1
fascinating,1
targets,1
yo,1
managing,1
distracted,1
ownership,1
involvement,1
significance,1
staffer,1
fulfilling,1
select,1
heather,1
perform,1
sounds,1
home,1
journal,1
jail,1
tells,1
trick,1
means,1
hang,1
academy,1
wonders,1
gross,1
concert,1
cbs,1
hunger,1
girl,1
acceptance,1
despite,1
boss,1
small,1
fridge,1
wright,1
beat,1
elusive,1
irs,1
devil,1
paths,1
explaining,1
jose,1
beliefs,1
appreciate,1
noah,1
smiles,1
editing,1
announce,1
disastrous,1
ailes,1
sticking,1
delicate,1
tested,1
abbey,1
bachelor,1
nominated,1
serves,1
streep,1
lied,1
early,1
dance,1
press,1
compared,1
gown,1
guard,1
front,1
horror,1
emerging,1
bear,1
member,1
soul,1
difference,1
counting,1
depth,1
exists,1
50th,1
resistant,1
convincing,1
terry,1
designs,1
clarkson,1
figures,1
tracy,1
bash,1
scandals,1
oz,1
sushi,1
oven,1
dreams,1
leading,1
chain,1
desert,1
resist,1
captain,1
advertising,1
smile,1
etiquette,1
bird,1
eye,1
dogs,1
discover,1
within,1
pardon,1
standing,1
filmed,1
drag,1
cell,1
pre,1
adventures,1
evolved,1
destroying,1
decrease,1
june,1
tops,1
artwork,1
bored,1
usual,1
lift,1
antonio,1
transparent,1
scam,1
blonde,1
crawford,1
musicians,1
speculation,1
custom,1
contestant,1
gold,1
added,1
shows,1
daily,1
prize,1
ticket,1
give,1
alternative,1
curious,1
narrative,1
meanwhile,1
australia,1
unemployment,1
buying,1
presence,1
road,1
researchers,1
shine,1
solange,1
disabled,1
include,1
advantage,1
spicy,1
edition,1
rolled,1
underwear,1
leonardo,1
jesus,1
diego,1
removal,1
firefighters,1
skeptical,1
subjects,1
escaped,1
civilians,1
simone,1
sentences,1
system,1
parts,1
outside,1
politician,1
lay,1
seemingly,1
productive,1
smell,1
investing,1
coming,1
computer,1
exist,1
concerned,1
flag,1
released,1
present,1
levels,1
military,1
fantasy,1
dramatic,1
image,1
haircut,1
socks,1
wildly,1
argued,1
modest,1
destiny,1
anchor,1
criminals,1
channing,1
legalization,1
column,1
gadgets,1
appealing,1
tried,1
april,1
toward,1
non,1
says,1
type,1
harm,1
meaningful,1
admits,1
neighborhood,1
watch,1
key,1
mindful,1
update,1
openly,1
reuters,1
sister,1
panel,1
heels,1
dinner,1
challenge,1
commit,1
tax,1
processed,1
rise,1
aka,1
eaten,1
predictions,1
hannah,1
drake,1
shelf,1
periods,1
minnesota,1
heads,1
candid,1
decides,1
widow,1
steak,1
orientation,1
produced,1
jets,1
pile,1
shoulders,1
warnings,1
vegas,1
september,1
public,1
balance,1
bread,1
relief,1
lewis,1
accurate,1
encounter,1
track,1
solution,1
loves,1
kelly,1
literally,1
conversation,1
afraid,1
stops,1
character,1
closest,1
m.,1
hour,1
nurse,1
medium,1
poison,1
complain,1
household,1
steven,1
expose,1
mashup,1
ivy,1
oral,1
minimum,1
jealous,1
pills,1
utterly,1
meryl,1
exhausted,1
essentials,1
sixth,1
feared,1
witherspoon,1
chaos,1
visiting,1
waves,1
arianna,1
novel,1
walking,1
mood,1
headed,1
empty,1
dress,1
university,1
language,1
evidence,1
note,1
spice,1
info,1
oversight,1
refuse,1
reaching,1
lifting,1
lovely,1
max,1
resume,1
fixing,1
smoke,1
fee,1
houses,1
lena,1
pound,1
copy,1
james,1
moves,1
vs.,1
journey,1
explore,1
believes,1
seriously,1
responsible,1
basically,1
invented,1
path,1
institution,1
viral,1
nightmares,1
greatly,1
smartphones,1
warned,1
rocky,1
staring,1
alike,1
remembers,1
charts,1
sally,1
industries,1
equity,1
proposed,1
begins,1
cute,1
jokes,1
participants,1
invited,1
voices,1
shut,1
miss,1
pressure,1
called,1
derby,1
roll,1
cups,1
spin,1
lace,1
sneakers,1
mama,1
primarily,1
math,1
principle,1
shapes,1
misleading,1
nikki,1
adaptation,1
embraced,1
awake,1
polar,1
pole,1
revenue,1
mourn,1
influenced,1
fred,1
continued,1
night,1
whole,1
along,1
news,1
tape,1
agent,1
counter,1
individuals,1
issued,1
show,1
position,1
mark,1
quality,1
cycle,1
poverty,1
jumped,1
ripped,1
reduced,1
breasts,1
meets,1
buddy,1
resilient,1
embracing,1
mice,1
speeches,1
horizon,1
griffin,1
studying,1
big,1
core,1
follows,1
club,1
treat,1
party,1
basic,1
countless,1
proving,1
spears,1
argues,1
baker,1
unconstitutional,1
lawsuits,1
sharks,1
sporting,1
egyptian,1
yorker,1
fallen,1
smiling,1
vowed,1
madonna,1
economy,1
thinks,1
skills,1
pull,1
risks,1
writers,1
hearing,1
information,1
investment,1
web,1
usa,1
miley,1
light,1
franklin,1
excessive,1
walter,1
joy,1
slide,1
ceremony,1
infected,1
basics,1
checked,1
questioned,1
teen,1
walker,1
bride,1
guide,1
host,1
diagnosed,1
grade,1
sisters,1
flat,1
joined,1
facts,1
test,1
shame,1
fi,1
slightly,1
request,1
fitting,1
lingerie,1
norway,1
sue,1
tower,1
tide,1
attended,1
tasty,1
legitimate,1
toxic,1
tv,1
finally,1
response,1
master,1
row,1
turns,1
lists,1
tennessee,1
service,1
bringing,1
school,1
sitting,1
civilian,1
size,1
kid,1
traffic,1
return,1
penn,1
stark,1
organize,1
masters,1
shifts,1
facial,1
comparing,1
alicia,1
vow,1
manuel,1
corey,1
“,1
clock,1
captured,1
declared,1
melissa,1
possibly,1
low,1
included,1
sean,1
similar,1
fun,1
rethink,1
suspect,1
strike,1
application,1
refused,1
wounded,1
empowerment,1
gentle,1
origin,1
discovery,1
hospitalized,1
death,1
drink,1
allowed,1
highest,1
williams,1
options,1
tipping,1
compelling,1
stone,1
percentage,1
launching,1
bryan,1
approves,1
ode,1
booze,1
teamed,1
representative,1
medications,1
organized,1
venture,1
foot,1
illness,1
hate,1
respond,1
furniture,1
plan,1
elizabeth,1
resort,1
goal,1
friendly,1
opening,1
winning,1
set,1
fear,1
crowded,1
recording,1
italian,1
extend,1
releasing,1
attendant,1
deficit,1
pulse,1
assaulted,1
healthy,1
makeover,1
burn,1
treating,1
board,1
fall,1
general,1
run,1
risky,1
rounded,1
utah,1
pitt,1
screaming,1
dylan,1
storms,1
arrives,1
departure,1
frame,1
judicial,1
sir,1
wells,1
quest,1
spencer,1
hathaway,1
care,1
matt,1
version,1
fourth,1
tries,1
britney,1
throughout,1
direction,1
ride,1
tackle,1
ruth,1
signal,1
footage,1
u.k,1
cambridge,1
hart,1
sunshine,1
donation,1
60s,1
must,1
fine,1
designer,1
sky,1
victims,1
short,1
continues,1
fox,1
searching,1
privilege,1
lunch,1
ability,1
linked,1
worthy,1
control,1
mental,1
seeds,1
buried,1
jack,1
fly,1
mission,1
obsessed,1
witch,1
ritual,1
kourtney,1
illustrated,1
stakes,1
forcing,1
fellow,1
level,1
magic,1
collective,1
providing,1
generations,1
weeks,1
princess,1
college,1
viewing,1
floating,1
meaning,1
unit,1
bones,1
freaking,1
kindergarten,1
wallet,1
paper,1
further,1
lee,1
hit,0
change,0
today,0
draw,0
location,0
potentially,0
fire,0
importance,0
safely,0
concrete,0
educate,0
seniors,0
downtown,0
rewards,0
sizes,0
scrutiny,0
harris,0
pages,0
infamous,0
connecting,0
wherever,0
formal,0
push,0
fails,0
controversial,0
twins,0
roles,0
grammy,0
uses,0
office,0
choosing,0
winner,0
robert,0
spends,0
script,0
actual,0
tolerance,0
larry,0
eager,0
shifting,0
o,0
thankfully,0
kerr,0
allergy,0
bucket,0
chairman,0
britain,0
michael,0
kick,0
statement,0
orders,0
inspire,0
responding,0
compare,0
announces,0
filling,0
preschool,0
daniel,0
chest,0
ptsd,0
mariah,0
skiing,0
string,0
poet,0
affleck,0
door,0
stands,0
group,0
aim,0
loans,0
majority,0
journalist,0
records,0
behind,0
bankruptcy,0
suits,0
quarterback,0
unite,0
arms,0
raise,0
cold,0
cars,0
weight,0
featuring,0
luxury,0
brilliant,0
dean,0
ethical,0
grab,0
wet,0
insights,0
jackson,0
workplace,0
patterns,0
denver,0
hug,0
posting,0
sunday,0
legislation,0
promises,0
sexual,0
running,0
baseball,0
childhood,0
already,0
dedicated,0
stays,0
ranks,0
cruel,0
philosophy,0
sits,0
brazilian,0
reception,0
edward,0
statue,0
steve,0
strain,0
increased,0
faces,0
runners,0
accomplish,0
exploring,0
elsewhere,0
territory,0
ron,0
impressed,0
despair,0
playground,0
awe,0
questioning,0
roman,0
bang,0
fabric,0
refusing,0
anticipated,0
brush,0
boxes,0
ben,0
birthday,0
diverse,0
sends,0
amazing,0
use,0
free,0
glorious,0
efforts,0
society,0
representation,0
d,0
spreading,0
episodes,0
trials,0
factory,0
cia,0
cameras,0
minded,0
heavily,0
kill,0
#,0
trend,0
abuse,0
familiar,0
independence,0
honor,0
millions,0
troll,0
brunch,0
ignorance,0
compares,0
olympian,0
attraction,0
wars,0
sets,0
deeper,0
stressed,0
paul,0
died,0
measure,0
delayed,0
identity,0
maps,0
struck,0
momentum,0
knife,0
creator,0
fortunately,0
tracks,0
gowns,0
approaches,0
nominations,0
accomplished,0
unveiled,0
allegedly,0
golden,0
kinds,0
burning,0
remains,0
prevent,0
room,0
product,0
highlights,0
breath,0
alien,0
sophisticated,0
bunny,0
proposes,0
invitation,0
creatures,0
responded,0
technique,0
landed,0
week,0
hours,0
cut,0
seconds,0
models,0
colleagues,0
advocate,0
brought,0
sweet,0
limits,0
covered,0
conduct,0
addiction,0
destroyed,0
hints,0
scouts,0
streaming,0
blue,0
mirror,0
wind,0
economic,0
bob,0
veteran,0
rapidly,0
tactics,0
achieve,0
bedtime,0
undermine,0
milk,0
alliance,0
tons,0
charity,0
hoped,0
advocacy,0
jews,0
reese,0
meal,0
australian,0
passing,0
project,0
york,0
moments,0
greater,0
form,0
pregnant,0
techniques,0
grave,0
cave,0
doug,0
bare,0
strategic,0
sketch,0
angeles,0
taylor,0
pays,0
suspected,0
church,0
slow,0
rule,0
casting,0
cure,0
operation,0
supplies,0
dj,0
assistance,0
stole,0
providers,0
practice,0
force,0
calls,0
culture,0
claim,0
wrapped,0
loses,0
alarm,0
filming,0
building,0
career,0
unique,0
acts,0
canadian,0
natural,0
whatever,0
angel,0
dude,0
overseas,0
jacobs,0
savvy,0
phase,0
morning,0
god,0
entitled,0
jeff,0
grant,0
sharp,0
guest,0
series,0
fan,0
halloween,0
los,0
dies,0
crimes,0
supporter,0
cosby,0
palm,0
substance,0
pushes,0
op,0
obstacles,0
planes,0
frustration,0
guidance,0
jam,0
compete,0
duck,0
informed,0
legend,0
beautiful,0
consciousness,0
treats,0
inner,0
declares,0
participate,0
overall,0
leslie,0
ny,0
passage,0
fraud,0
opportunities,0
reporting,0
boy,0
win,0
punch,0
offensive,0
tear,0
mac,0
20th,0
modeling,0
bath,0
dream,0
bet,0
wealth,0
developed,0
generation,0
girls,0
brooklyn,0
create,0
christian,0
power,0
hundreds,0
states,0
hypocrisy,0
testimony,0
spa,0
defending,0
getty,0
chef,0
retail,0
influential,0
land,0
march,0
class,0
sanders,0
tired,0
addicted,0
troubling,0
longest,0
anonymous,0
jerry,0
function,0
transformed,0
battling,0
overweight,0
brown,0
world,0
driving,0
theater,0
andrew,0
powerful,0
perfect,0
covers,0
kindness,0
chase,0
inspires,0
directors,0
wilson,0
kingdom,0
tall,0
comedy,0
debt,0
across,0
looks,0
perfectly,0
hawaii,0
scared,0
poem,0
bully,0
handful,0
networks,0
tweeted,0
baked,0
tragedy,0
upcoming,0
street,0
rose,0
results,0
film,0
development,0
threw,0
restore,0
principles,0
surrounded,0
spill,0
urged,0
answers,0
crowd,0
originally,0
nick,0
sing,0
model,0
religious,0
wave,0
murphy,0
struggles,0
parliament,0
silicon,0
require,0
absence,0
profits,0
beijing,0
music,0
warm,0
shape,0
harry,0
built,0
musical,0
lottery,0
achieving,0
electronic,0
frank,0
politicians,0
relevant,0
simon,0
centuries,0
opponents,0
appeared,0
ourselves,0
danger,0
lake,0
poor,0
advanced,0
phenomenon,0
sparked,0
performed,0
critic,0
mile,0
san,0
hits,0
carefully,0
fit,0
denying,0
switch,0
enormous,0
gaga,0
chat,0
appeal,0
drunk,0
justin,0
far,0
races,0
alongside,0
lord,0
carey,0
curb,0
practicing,0
invite,0
major,0
planned,0
scientists,0
action,0
deeply,0
wearing,0
feed,0
teaching,0
held,0
slavery,0
deadline,0
lazy,0
las,0
glamorous,0
remembered,0
bubble,0
everyday,0
lost,0
example,0
clever,0
pentagon,0
ann,0
cozy,0
duo,0
fuels,0
hold,0
dog,0
injury,0
gender,0
heat,0
markets,0
center,0
destruction,0
war,0
beyond,0
approach,0
dark,0
pushing,0
root,0
opposed,0
correct,0
startup,0
wear,0
risk,0
chronic,0
cutting,0
notes,0
kevin,0
falls,0
fight,0
duchess,0
entry,0
zoe,0
thus,0
cocktail,0
diagnosis,0
symptoms,0
newborn,0
bra,0
bias,0
carried,0
places,0
wait,0
sold,0
purpose,0
indeed,0
a.m.,0
agrees,0
stopping,0
seasons,0
neither,0
rival,0
competition,0
express,0
aid,0
coffee,0
bible,0
amber,0
photographs,0
closer,0
value,0
editor,0
capital,0
arrived,0
shopping,0
culinary,0
roberts,0
mount,0
lamar,0
demanding,0
tastes,0
seats,0
leaked,0
barriers,0
accusations,0
evening,0
saturday,0
images,0
prevention,0
housing,0
community,0
welcome,0
ed,0
giants,0
sequel,0
pace,0
frequent,0
error,0
vehicle,0
surely,0
josh,0
oct,0
connecticut,0
services,0
features,0
rapper,0
queen,0
employment,0
graduate,0
montana,0
retired,0
tune,0
pill,0
temperatures,0
gay,0
arrest,0
crush,0
grows,0
brides,0
previous,0
espn,0
productivity,0
capacity,0
sleep,0
football,0
allegations,0
members,0
random,0
volunteer,0
serving,0
hudson,0
jamie,0
outfit,0
headline,0
creepy,0
shoulder,0
deny,0
arizona,0
poetry,0
simpson,0
con,0
beer,0
waste,0
speak,0
nfl,0
sued,0
ipad,0
ingredient,0
notice,0
clothes,0
button,0
authority,0
restrictions,0
scientist,0
accidentally,0
dust,0
wine,0
accused,0
owned,0
earthquake,0
shoots,0
cnn,0
photos,0
exclusive,0
peace,0
youtube,0
soldier,0
crack,0
proven,0
charlotte,0
paid,0
violent,0
extreme,0
nature,0
heavy,0
cheeky,0
access,0
bisexual,0
performing,0
dangerous,0
marathon,0
add,0
embarrassing,0
stereotypes,0
pit,0
portrait,0
de,0
batman,0
west,0
thousands,0
humanity,0
broadway,0
internet,0
rescue,0
discusses,0
supply,0
william,0
educational,0
appeals,0
criticized,0
juice,0
netflix,0
citizens,0
davis,0
quiz,0
weed,0
fundamental,0
chosen,0
tropical,0
traveled,0
',0
audience,0
rachel,0
honoring,0
official,0
neck,0
wolf,0
cutest,0
cdc,0
popular,0
army,0
smoking,0
latest,0
seat,0
jean,0
defined,0
elle,0
signature,0
genetic,0
pounds,0
promise,0
chicago,0
item,0
travels,0
incident,0
gear,0
beckham,0
gathered,0
toddler,0
lights,0
brain,0
eating,0
energy,0
near,0
peanut,0
kendall,0
tribute,0
grill,0
born,0
writer,0
nose,0
calm,0
trapped,0
mess,0
gifs,0
record,0
jimmy,0
late,0
supporting,0
introduced,0
bomb,0
disturbing,0
yellow,0
getaway,0
uber,0
chinese,0
camera,0
begun,0
gratitude,0
criticism,0
forces,0
none,0
scenes,0
deals,0
classroom,0
michelle,0
agenda,0
rare,0
throws,0
marvel,0
alive,0
address,0
delivered,0
awful,0
universe,0
disney,0
sues,0
citizen,0
nyc,0
park,0
attacks,0
sports,0
population,0
4th,0
institutions,0
route,0
supreme,0
sentenced,0
education,0
promised,0
stroke,0
plot,0
directed,0
wealthy,0
moss,0
areas,0
wall,0
rome,0
fans,0
goals,0
dollars,0
jones,0
bite,0
breakfast,0
release,0
ryan,0
inspiration,0
cash,0
empathy,0
trolls,0
managed,0
gulf,0
lisa,0
transformation,0
cream,0
germany,0
iphone,0
exercise,0
hopeful,0
detroit,0
human,0
andy,0
emergency,0
leg,0
damn,0
hitting,0
remarkable,0
investigating,0
california,0
vision,0
coolest,0
touching,0
safety,0
reflection,0
skip,0
strangers,0
visits,0
diy,0
canada,0
ford,0
minds,0
towards,0
kennedy,0
state,0
kitchen,0
explains,0
lebron,0
hilarious,0
chief,0
premiere,0
adele,0
named,0
roger,0
thrones,0
weekly,0
body,0
digital,0
delivery,0
ai,0
hands,0
section,0
breathe,0
breathing,0
styles,0
confirms,0
kicked,0
condition,0
walls,0
memorial,0
baby,0
science,0
gap,0
twist,0
illinois,0
elephant,0
parody,0
proper,0
grocery,0
dead,0
american,0
shift,0
adoption,0
hbo,0
precious,0
severe,0
reputation,0
madness,0
art,0
pregnancy,0
bone,0
holy,0
visitors,0
neighbors,0
throwing,0
hot,0
store,0
trends,0
cameron,0
hilariously,0
intended,0
experiment,0
nominees,0
disorders,0
blasts,0
cooper,0
georgia,0
epic,0
alexander,0
hurricane,0
adorable,0
minutes,0
minute,0
hero,0
swing,0
links,0
penalty,0
carrying,0
heritage,0
zen,0
amid,0
legendary,0
hop,0
urges,0
cleveland,0
prayers,0
critics,0
mysterious,0
security,0
jersey,0
names,0
fires,0
soldiers,0
miller,0
local,0
pro,0
content,0
foundation,0
celebration,0
hint,0
pilot,0
focusing,0
videos,0
humans,0
box,0
vast,0
blast,0
code,0
limit,0
flow,0
brief,0
oldest,0
irish,0
king,0
pass,0
praise,0
sentence,0
shower,0
outbreak,0
films,0
fantastic,0
guests,0
landscape,0
harvard,0
ordinary,0
captures,0
highlight,0
robin,0
nude,0
rain,0
won,0
la,0
returning,0
pizza,0
air,0
its,0
lets,0
threatening,0
attacked,0
hottest,0
parade,0
determined,0
various,0
devices,0
ethics,0
denies,0
finance,0
packed,0
city,0
middleton,0
initiative,0
team,0
iowa,0
medical,0
against,0
crash,0
ii,0
peek,0
soccer,0
allowing,0
scores,0
jet,0
items,0
instagram,0
fake,0
approved,0
r,0
discrimination,0
style,0
fallon,0
shots,0
turkish,0
affordable,0
returns,0
updated,0
mention,0
jr,0
health,0
targeted,0
loan,0
authentic,0
showing,0
shelter,0
bid,0
torture,0
alert,0
eastern,0
studio,0
executive,0
kylie,0
memorable,0
largely,0
ice,0
editors,0
dallas,0
water,0
routine,0
runner,0
bridge,0
duty,0
table,0
joe,0
beach,0
jessica,0
olympic,0
spain,0
nails,0
promote,0
drug,0
london,0
manhattan,0
die,0
podcast,0
christians,0
ads,0
systems,0
decor,0
prime,0
officer,0
showed,0
texas,0
blood,0
colorful,0
21st,0
dose,0
terrifying,0
mike,0
hill,0
chocolate,0
debate,0
earth,0
century,0
relax,0
politics,0
rich,0
hampshire,0
adviser,0
artist,0
tweets,0
groups,0
ongoing,0
brother,0
ireland,0
conference,0
female,0
rob,0
reporters,0
poll,0
company,0
americans,0
j.,0
hat,0
trees,0
border,0
original,0
arrested,0
platform,0
gluten,0
dozen,0
roots,0
space,0
90s,0
creative,0
worldwide,0
civil,0
profit,0
minority,0
legacy,0
john,0
workers,0
larger,0
japanese,0
marijuana,0
cities,0
spiritual,0
net,0
claimed,0
oscars,0
tiny,0
salt,0
minister,0
himself,0
millennials,0
silent,0
fed,0
closed,0
shootings,0
rights,0
trip,0
boston,0
train,0
cover,0
rush,0
fuel,0
summit,0
baltimore,0
injuries,0
korean,0
autism,0
sauce,0
defend,0
fired,0
liberal,0
white,0
clean,0
deadly,0
toy,0
george,0
charged,0
players,0
coast,0
central,0
solve,0
trips,0
heroes,0
soda,0
dining,0
genius,0
described,0
