wilberforce,161
millcreek,161
mongeau,161
needville,161
opossums,161
aeronautics,161
bridgepoint,161
giving­,161
chaperoned,161
lyndsey,161
layton,161
ldoe,161
ravitch,161
edbrand,161
edtech,161
75-million,161
greengold,161
tarantolo,161
edd,161
besty,161
rsd,161
iii%,161
leaflet,161
lausd,161
quinitanilla,161
parcc,161
presque,161
partovi,161
setups,161
disinvestment,161
sipe,161
cyberschool,161
chklovski,161
essa,161
botchinghigh,161
obfuscation,161
edweek,161
wellston,161
supt,161
529s,161
pressman,161
paraprofessionals,161
edgewater,161
ill.-based,161
coursework,161
23-minute,161
ics,161
zito,161
nanna,161
phenicie,161
wertheimer,161
climatechange,161
skandera,161
nhclc,161
else―,161
cnp,161
bohon,161
townhall,161
obamacare—“strong,161
resourced,161
kirah,161
naep,161
subgroup,161
erich,161
racine,161
tienken,161
k12,161
chortling,161
rabuzzi,161
constructivism,161
jammer,161
barnshaw,161
oberlin,161
poplars,161
funnest,161
internalization,161
metronomic,161
overselling,161
unpersuasive,161
perjuring,161
rttt,161
dintersmith,161
assesments,161
inapt,161
nysed,161
kimba,161
alst,161
repayments,161
burzichelli,161
kozol,161
it'simportant,161
bumpkin,161
steed,161
slickness,161
betterocracy,161
reformsters,161
demoralize,161
whyhostingmatters,161
libertine,161
loan(s,161
consolidations,161
apr,161
reapply,161
casulli,161
coalescence,161
closedown,161
reits,161
berkleeice,161
hackingfutbol,161
oppi,161
tunities,161
doughboy,161
attune,161
whitby,161
gunnery,161
depauw,161
outers,161
gendiy,161
fortifies,161
utadna,161
wholesaling,161
hochul,161
manichean,161
marylin,161
istp,161
ccss,161
squelched,161
gsv,161
myriads,161
regurgitate,161
pdp,161
pdps,161
selma50,161
redoubling,161
holies,161
badgered,161
dojang,161
tfa,161
mis)appropriated,161
rit,161
poropat,161
eduscholar,161
mclay,161
disagreeable,161
kantrowitz,161
edvisors,161
unattained,161
u.s.-chinese,161
linguaphile,161
makeschool,161
ashu,161
makegameswithus,161
rossmann,161
lafer,161
dispassionately,161
vs.teacher,161
kidvoter,161
aveage,161
tiled,161
tartuffe,161
banqueting,161
samia,161
kazi,161
wgu,161
astroturf,161
penncan,161
high-,161
operationally,161
j-101,161
regurgitation,161
neshaminy,161
f***ed,161
ncee,161
rbi,161
sophomores,161
jeffords,161
limitedly,161
xueqin,161
infotainment,161
minkel,161
upcharges,161
sun-,161
time--,161
supery,161
duperest,161
bodekaer,161
bonde,161
labster,161
misperception,161
treu,161
chicagoan,161
worksheets,161
backbreaking,161
10-word,161
aapis,161
milliken,161
ctu,161
consented,161
ela,161
godot,161
workerless,161
pisa,134
moocs,129
curios,121
esea,121
rhee,107
nclb,107
deferment,107
superintendents,107
zuniga,107
unelected,107
beowulf,107
ereader,107
repayment,100
charters,96
arne,96
demonizes,96
proficient,96
bethune,92
cookman,92
charter,84
washburn,80
appleton,80
scoundrels,80
seniority,80
spiritedness,80
yancey,80
dampens,80
travesties,80
gryffindor,80
alternately,80
spacing,80
whitmire,80
transpires,80
monmouth,80
communicative,80
salena,80
szymanski,80
comer,80
technocrats,80
soundness,80
jessi,80
unsuited,80
loh,80
incentivizes,80
slinked,80
hargreaves,80
macneil,80
willows,80
quantification,80
incorrigible,80
concerto,80
conformance,80
crps,80
allot,80
aft,80
replication,80
waitlists,80
overlaps,80
bein,80
clipboard,80
overshadowing,80
prudently,80
embryonic,80
westland,80
hundredth,80
learners,80
octogenarian,80
benchmarking,80
truancy,80
srinivasan,80
unheeded,80
berklee,80
entrepreneurism,80
signified,80
sierras,80
mott,80
conscientiousness,80
curricula,80
consumerist,80
gusty,80
reenergized,80
ilham,80
abet,80
uproariously,80
underlines,80
sel,80
ell,80
ization,80
corporatization,80
mooc,80
prototyping,80
summing,80
bub,80
unengaged,80
pinehurst,80
squelching,80
squalor,80
decoupling,80
segregating,80
deregulated,80
monopolistic,80
heightening,80
firefights,80
refinancing,75
weingarten,71
instructional,69
omnipotent,64
indignant,64
desai,64
fafsa,62
reauthorization,58
pearson,57
demoralized,54
hechinger,54
wisc,54
henhouse,54
opportunism,54
gil,54
bleacher,54
betts,54
scamming,54
creepier,54
misstatements,54
oecd,54
105th,54
sirius,54
goulash,54
foreshadow,54
bendix,54
glatter,54
martel,54
watchlist,54
pored,54
completeness,54
oodles,54
latitude,54
espousing,54
encompassed,54
choosy,54
putnam,54
preying,54
technologist,54
gullible,54
memorization,54
roald,54
salesmanship,54
sig,54
postsecondary,54
remotest,54
imbue,54
neoliberal,54
adjunct,54
aphorisms,54
hyphenated,54
inequitable,54
attunement,54
exclaim,54
sats,54
futurist,54
drivel,54
sociocultural,54
stymie,54
largesse,54
sanitizing,54
frowns,54
clanging,54
galician,54
neediest,54
transferable,54
12-hour,54
repackaged,54
tagging,54
equitably,54
kindergartens,54
policymaking,54
bolstering,54
analog,54
assessments,51
teachers,51
devos,50
voucher,48
nonfiction,48
tenure,48
educators,48
reformers,48
classroom,47
curriculum,47
unionized,46
mcgovern,46
unholy,46
denigrating,46
vocation,46
classrooms,46
dropout,44
consolidation,44
educator,43
education,43
waists,40
farina,40
livestreaming,40
waivers,40
endowments,40
hypes,40
undaunted,40
moskowitz,40
sharisse,40
omit,40
abridged,40
dougherty,40
preemptive,40
shackle,40
zoukis,40
aborting,40
perceives,40
downtrodden,40
essex,40
dweck,40
seton,40
lectured,40
tasered,40
engrossed,40
satisfactory,40
nsf,40
rereading,40
bemoaned,40
emptive,40
consolidating,40
fluctuates,40
repaying,40
myspace,40
persisting,40
enrichment,40
sketched,40
stealthily,40
lampooned,40
nervousness,40
misused,40
granddaughters,40
methodical,40
academies,40
avatars,40
backslide,40
squealing,40
comprehension,40
antsy,40
democratize,40
inroads,40
deanna,40
dahl,40
bfg,40
sneered,40
dropouts,40
hyenas,40
factly,40
suburbanites,40
opportunists,40
blizzards,40
missoula,40
substituting,40
negligent,40
frill,40
constructively,40
laboring,40
emoticon,40
rebalancing,40
afterschool,40
scuffles,40
funnels,40
slims,40
causality,40
deviant,40
lengthening,40
welder,40
jacked,40
fishman,40
flubbed,40
ec,40
majoring,40
gluttonous,40
migrate,40
uptake,40
redouble,40
promposal,40
covington,40
educational,39
duncan,39
instruction,39
standardized,38
pell,37
privatization,36
opportune,36
quantify,36
robocall,36
wink,36
retort,36
betsy,35
mathematics,34
superintendent,32
algebra,32
bicentennial,32
carjacking,32
earthers,32
coders,32
botches,32
defraud,32
clovis,32
alto,32
caliber,32
edgerton,32
zealous,32
voltaire,32
humanities,32
malevolent,32
supplementing,32
dominic,32
swatting,32
enigma,32
saluting,32
fixable,32
gi,32
honking,32
consortium,32
reauthorizing,32
perilously,32
inheriting,32
sharpening,32
citizenry,32
wring,32
gist,32
rudder,32
disposing,32
wildebeest,32
quotations,32
mandarin,32
cohort,32
shear,32
rigor,32
apprenticeship,32
retention,32
learner,32
duper,32
revising,32
mads,32
contended,32
aced,32
tacitly,32
schools,31
admissions,31
academia,30
variable,30
bystander,30
reformer,29
evaluations,29
frontiers,29
teacher,29
readiness,28
excel,28
carolyn,28
loan,27
misbehavior,27
sweatshirts,27
tuskegee,27
dimmed,27
dewey,27
harrington,27
sprinklers,27
severs,27
fizzle,27
sutter,27
lecturing,27
introductory,27
skew,27
49er,27
throwaway,27
doorways,27
redesigning,27
thwarts,27
elicited,27
dusted,27
mirroring,27
percenters,27
principals,27
surplus,27
trudge,27
stifled,27
transmit,27
creationist,27
strangeness,27
subconsciously,27
mclaren,27
sacrament,27
obituaries,27
serengeti,27
accreditation,27
unmanageable,27
amateurs,27
cancerous,27
churn,27
reviewer,27
philanthropists,27
abhorrent,27
solvers,27
restraints,27
seclusion,27
flak,27
mentorship,27
devolved,27
tolerating,27
fives,27
pander,27
entrust,27
benefitted,27
deceived,27
ledge,27
toil,27
spaceflight,27
syllable,27
emanate,27
teaching,26
backpacks,26
evaluating,25
trumpism,25
profession,25
impede,25
consolidate,25
evangelist,25
untapped,25
loans,25
mentoring,24
districts,24
demagoguery,23
isolating,23
noam,23
exams,23
freshmen,23
distributor,23
hardball,23
kindergartener,23
braved,23
conjuring,23
walton,23
simmer,23
preoccupation,23
mush,23
chicagoans,23
vocational,23
asserted,23
egalitarian,23
entrusted,23
invoked,23
sensibility,23
choreography,23
ballerinas,23
convening,23
corridor,23
illumination,23
inflame,23
recommit,23
infallible,23
averting,23
furthering,23
objection,23
laborers,23
quizzes,23
inquire,23
coolness,23
reproduce,23
educating,23
secondary,22
disciplines,21
appreciative,21
undergraduate,21
adapting,21
methodology,21
med,21
students,21
literacy,21
standards,21
collaborate,21
policymakers,21
accountability,21
broward,20
irvine,20
lillian,20
bulletproof,20
reelected,20
fizz,20
nea,20
crawled,20
qualification,20
malaise,20
50-year,20
goldstein,20
palo,20
opt,20
lutheran,20
strangling,20
disqualifying,20
vigilance,20
scapegoating,20
blowhard,20
vaccinate,20
volunteerism,20
symbolize,20
malleable,20
virulent,20
succumbed,20
frolicking,20
copa,20
volvo,20
informal,20
shunning,20
competitiveness,20
unequivocally,20
township,20
hallways,20
interacts,20
reconsidered,20
homeschooling,20
belittling,20
pertaining,20
differentiator,20
squishy,20
luster,20
doubly,20
inland,20
brouhaha,20
schooling,20
kappa,20
normalized,20
desensitized,20
bureaucrats,20
grading,20
cavernous,20
redesigned,20
innumerable,20
erodes,20
commonsense,20
newark,19
stem,19
phd,19
labs,19
collegiate,19
wagner,19
accelerating,19
wholesale,19
agendas,19
administrators,19
stakes,18
shakespeare,18
kindergarten,18
hogg,18
rejections,18
negligence,18
seatbelt,18
rauner,18
graduating,18
combative,18
brainpower,18
protectors,18
regression,18
pak,18
lotto,18
differing,18
punitive,18
encouragement,18
materialism,18
prying,18
facet,18
sorted,18
fluorescent,18
handlers,18
underlies,18
provokes,18
banished,18
glorified,18
provincial,18
phi,18
interconnectedness,18
laptops,18
royale,18
subversive,18
mandates,18
alberto,18
g.i,18
permitting,18
contexts,18
aapi,18
widest,18
arithmetic,18
assign,18
staunch,18
graduates,18
succeeds,17
grades,17
grade,17
scholarships,17
tuition,17
cunningham,17
admirable,17
humiliation,17
waldo,17
learning,17
testing,17
rigorous,17
spelling,17
core,17
colleges,17
vergara,16
strapping,16
sow,16
proverb,16
orwell,16
posturing,16
devote,16
suspiciously,16
semester,16
totality,16
comprised,16
skid,16
meredith,16
charade,16
stalling,16
wasteful,16
mis,16
appointing,16
lander,16
tri,16
comical,16
violinist,16
ruler,16
suspensions,16
abdication,16
anecdotes,16
omnipresent,16
pomp,16
progressed,16
bmw,16
deceptively,16
baloney,16
annoyance,16
endangering,16
experimentation,16
redundant,16
stickers,16
schoolhouse,16
reassured,16
taekwondo,16
aborted,16
tolerant,16
confrontational,16
culmination,16
enthusiastically,16
literate,16
reared,16
jurisdiction,16
borrowing,16
scaled,16
braun,16
utilizing,16
mobs,16
grinding,16
student,16
12th,16
predatory,16
backgrounds,16
breached,15
nana,15
godzilla,15
academic,15
school,15
formulas,15
marjory,15
kaleidoscope,15
mudslides,15
censored,15
44th,15
versed,15
distortion,15
trinity,15
indecent,15
handout,15
falwell,15
reevaluate,15
reimagine,15
corinthian,15
presumption,15
lite,15
bureaucratic,15
e.g.,15
naïve,15
unnerving,15
instilled,15
debunking,15
audacious,15
rancher,15
grits,15
librarians,15
disadvantaged,15
enterprising,15
togethers,15
undertake,15
legions,15
pushback,15
proclaiming,15
visionaries,15
bails,15
foundational,15
utilize,15
hasten,15
appease,15
malpractice,15
crunching,15
grad,15
assessment,14
enrollment,14
operators,14
waning,14
enrolled,14
innovations,14
macpherson,14
diverted,14
equation,14
succeeded,14
bleak,14
graduate,14
columbine,13
tattered,13
arming,13
foxes,13
evaluate,13
passages,13
ostensibly,13
hovering,13
aria,13
harbinger,13
vouchers,13
succeeding,13
heroines,13
consolation,13
blustery,13
designate,13
terrify,13
roiling,13
probability,13
redirect,13
quandary,13
assemblyman,13
imaginations,13
almighty,13
measurement,13
vii,13
zakaria,13
blinking,13
richly,13
resisted,13
expenditures,13
leveling,13
masterchef,13
regressive,13
paves,13
interdependence,13
buzzword,13
upstairs,13
hopelessness,13
coached,13
juniors,13
boyle,13
baseline,13
sighted,13
academically,13
initiating,13
brainstorming,13
academics,13
graduation,13
segregation,13
dismantling,13
granting,13
administrative,13
certification,13
obsessing,13
dual,13
marginalized,12
lullaby,12
walkouts,12
borrower,12
colonel,12
esteemed,12
inequity,12
appropriations,12
kayaking,12
tolls,12
randi,12
irreversible,12
precipice,12
newsletter,12
superstitions,12
pitted,12
shortcomings,12
ambiguity,12
germ,12
hallmarks,12
pulpit,12
licensing,12
planners,12
credentials,12
grit,12
telltale,12
nexus,12
roi,12
grenade,12
viciously,12
pondered,12
unnoticed,12
wealthier,12
compromises,12
stanton,12
transaction,12
cooperative,12
stakeholders,12
researched,12
hence,12
onlookers,12
expelled,12
parton,12
masterfully,12
frankenstein,12
wording,12
inexperienced,12
ails,12
hbcus,12
indifferent,12
ideally,12
hank,12
gaps,12
empowers,12
tame,12
classes,12
outcomes,12
favoring,11
plummeting,11
hermès,11
grapples,11
athletics,11
devoid,11
mammoth,11
trillions,11
assistants,11
selective,11
reyes,11
diligence,11
experiential,11
afterlife,11
wrestle,11
assignments,11
valuing,11
unsettled,11
evaluation,11
diploma,11
viruses,11
advancement,11
ascent,11
sponge,11
rents,11
paraphrase,11
noticeable,11
concerted,11
coerced,11
blossoming,11
mba,11
verify,11
anomaly,11
subsequently,11
overpriced,11
outnumber,11
jargon,11
similarity,11
60th,11
developmental,11
recruiting,11
reclaim,11
rental,11
shareholders,11
achievement,11
greeks,11
mania,11
universities,11
integration,11
arts,11
district,11
innovation,11
pta,11
stacks,11
encompassing,11
conjunction,11
chord,11
banter,11
worthless,11
vigorously,11
rethinking,11
snowflake,11
hardline,11
eisenhower,11
handbook,11
ticked,11
gamers,11
moonshot,11
eligibility,11
nationally,11
lament,11
entity,11
minefield,11
minted,11
discouraged,11
sergeant,11
autonomy,11
prestige,11
viii,11
farce,11
constructing,11
ethically,11
detriment,11
protocol,11
laziness,11
sliding,11
recite,11
specter,11
mascot,11
incidence,11
resonated,11
mediocrity,11
overcrowded,11
gleaming,11
renewal,10
inadequate,10
graduated,10
qualified,10
tests,10
educated,10
mapped,10
shutter,10
macarthur,10
applications,10
mandated,10
periodically,10
buzzed,10
unstuck,10
hayley,10
cellphones,10
violin,10
rattle,10
perjury,10
normalcy,10
burdened,10
mutations,10
ebb,10
boating,10
crimson,10
socioeconomic,10
reassurance,10
openness,10
oversee,10
squeaky,10
inhibit,10
incentives,10
palpable,10
massively,10
wal,10
bane,10
masterful,10
receptive,10
suitable,10
textbooks,10
demise,10
recess,10
educate,10
search,10
reform,9
uc,9
sundays,9
tolerated,9
accessibility,9
altruism,9
recounted,9
offset,9
borrowers,9
rosen,9
dyslexia,9
canary,9
immersive,9
contemplation,9
spam,9
lengths,9
refreshed,9
tightrope,9
indicators,9
tedious,9
extending,9
constraints,9
murderous,9
template,9
amend,9
partnering,9
feasible,9
punishes,9
extensively,9
simplistic,9
perplexing,9
smarts,9
chasm,9
playtime,9
beta,9
tucker,9
completion,9
decreases,9
tack,9
straightforward,9
et,9
treacherous,9
collateral,9
respectfully,9
purposefully,9
math,9
oath,9
blended,9
enact,9
skilled,9
disruptive,9
implementing,9
workforce,9
careers,9
monthly,9
systems,9
stoneman,9
hendrix,9
lockdown,9
inferior,9
predominantly,9
defrauded,9
puzzling,9
petroleum,9
operated,9
jarring,9
weeping,9
centennial,9
drying,9
unpopular,9
exchanges,9
ark,9
squarely,9
resiliency,9
impactful,9
siren,9
morphed,9
aligned,9
prematurely,9
obituary,9
subjective,9
impoverished,9
puzzled,9
dolly,9
resides,9
burying,9
tended,9
objections,9
deconstructing,9
responsive,9
reflections,9
suggestions,9
cap,9
scores,9
application,9
applicants,9
louisiana,9
11th,9
alleviate,9
pony,9
foolish,9
refers,9
worthwhile,9
culturally,9
grads,9
college,9
digitally,8
xavier,8
excluded,8
bundle,8
rewriting,8
legislature,8
taxpayers,8
subscribers,8
internationally,8
drafted,8
recommending,8
flush,8
nj,8
imagining,8
uneasy,8
frugal,8
sectors,8
automobile,8
aesthetics,8
clichés,8
trenches,8
lauded,8
enlist,8
liberties,8
johns,8
spurred,8
staffing,8
manipulated,8
ramifications,8
commented,8
sophomore,8
servants,8
geared,8
societal,8
rewarded,8
daydream,8
spontaneously,8
techno,8
disruption,8
drill,8
integrated,8
reap,8
partnerships,8
solstice,8
lifelong,8
retirees,8
relying,8
equitable,8
whispered,8
binding,8
superstars,8
intertwined,8
innovate,8
assessing,8
font,8
eileen,8
statistical,8
subjects,8
bottoms,8
georgetown,8
naive,8
goosebumps,8
prized,8
centrist,8
patiently,8
exceedingly,8
weakened,8
forging,8
uncovering,8
carnegie,8
boats,8
structured,8
k,8
thinker,8
unwelcome,8
ontario,8
initiated,8
colder,8
vaguely,8
childhoods,8
logistics,8
concede,8
70th,8
foe,8
hesitate,8
obtaining,8
precarious,8
droves,8
reading,8
experiments,8
adams,8
circumstance,8
institutions,8
classmates,8
curiosity,8
profit,8
tentative,8
concludes,8
scarcity,8
heartless,8
gunn,8
flipping,8
severity,8
culprits,8
formidable,8
widening,8
shotgun,8
nourishment,8
rodham,8
continents,8
span,8
recruited,8
attain,8
divergent,8
statehouse,8
paced,8
theorist,8
metrics,8
connects,8
listener,8
pathways,8
facets,8
shuffle,8
incompetence,8
applauded,8
teach,8
campuses,8
programs,8
sheep,8
discourse,8
discriminate,8
elementary,8
rewrite,7
emphasis,7
cultivating,7
astounding,7
futures,7
overhaul,7
shorter,7
accountable,7
notion,7
merit,7
ipads,7
settling,7
skyline,7
operative,7
shaun,7
pleas,7
ramirez,7
cosmos,7
analyzing,7
unrelenting,7
specialized,7
plethora,7
assumes,7
considerations,7
admiration,7
circa,7
separately,7
rhythms,7
fundraisers,7
waitress,7
laverne,7
inequalities,7
drained,7
undo,7
critiques,7
independently,7
shakira,7
modeled,7
tuning,7
collaborating,7
incomplete,7
risking,7
casualty,7
systematically,7
grants,7
degree,7
dc,7
gap,7
sec,7
vacuum,7
pencil,7
attracting,7
settings,7
critical,7
metaphor,7
mentor,7
hbcu,7
drills,7
internships,7
unqualified,7
b*tch,7
crusader,7
insert,7
interpretations,7
adapt,7
upwards,7
vitality,7
regulated,7
fray,7
continuously,7
attest,7
numb,7
proxy,7
incorporated,7
strengthened,7
finalists,7
hopkins,7
mountaintop,7
cte,7
profiled,7
hazing,7
occurrence,7
integrating,7
perseverance,7
coaching,7
yield,7
slapping,7
persists,7
perpetuate,7
lousy,7
curbing,7
invent,7
perpetuates,7
tweak,7
employing,7
ripple,7
public,7
percentage,7
global,7
excellent,7
advancing,7
assumptions,7
latter,7
accurately,7
employment,7
massachusetts,7
21st,7
swarm,7
portray,7
answering,7
assess,7
effectiveness,7
affirmative,7
frances,7
textbook,7
flashing,7
reinventing,7
disposal,7
davidson,7
calculated,7
ladder,7
intensely,7
restraint,7
alma,7
lackluster,7
gwen,7
literature,7
gaming,7
characteristics,7
echo,7
creativity,7
nationwide,7
proven,7
english,7
homework,6
bloggers,6
performing,6
stalls,6
compounds,6
earthquakes,6
des,6
indispensable,6
tracey,6
upward,6
fitzgerald,6
funded,6
civilization,6
goose,6
disagreement,6
evolutionary,6
reader,6
riches,6
gauge,6
insufficient,6
competence,6
bookstore,6
scholars,6
contemplate,6
morally,6
deferred,6
intervention,6
commonwealth,6
input,6
birmingham,6
continental,6
competitions,6
creed,6
cuomo,6
ed,6
conversations,6
robots,6
jefferson,6
passions,6
considerable,6
measles,6
noble,6
higher,6
switch,6
test,6
skills,6
deepens,6
walkout,6
comprehensive,6
coined,6
absent,6
internship,6
advertisements,6
ensuring,6
boarding,6
touting,6
firmly,6
objectives,6
ugliest,6
ignite,6
placement,6
decay,6
flood,6
disrupting,6
preference,6
pun,6
doorstep,6
vying,6
globalization,6
enthusiast,6
component,6
operator,6
herd,6
ap,6
cheerful,6
emulate,6
intentioned,6
heist,6
sustain,6
grammar,6
ineffective,6
quality,6
succeed,6
filing,6
campus,6
ripe,6
corporation,6
liberal,6
mere,6
ignorance,6
ingraham,6
doe,6
facilitate,6
wrongful,6
champs,6
cluster,6
wealthiest,6
kathryn,6
cease,6
slowed,6
federation,6
collapsed,6
stint,6
interventions,6
ovation,6
mutually,6
hardship,6
seasoned,6
cathy,6
reasonably,6
firearm,6
montgomery,6
tad,6
mastering,6
advisors,6
obnoxious,6
interrogation,6
completing,6
blackness,6
prescriptions,6
intrigue,6
signing,6
improvement,6
opportunities,6
commencement,6
editorial,6
bible,6
scams,6
expands,6
misguided,6
dysfunctional,6
dumb,6
mindset,6
technology,6
slashing,6
accusation,6
crosses,6
replacing,6
streamed,6
heartland,6
withdraws,6
disturbed,6
precise,6
swinging,6
polarized,6
scientifically,6
transitioning,6
ferry,6
fostering,6
professors,6
offspring,6
recruits,6
explicit,6
entrenched,6
sunrise,6
reshape,6
homer,6
poets,6
ethnicity,6
patriotism,6
exploded,6
sided,6
apartheid,6
invest,6
pound,6
motivation,6
institution,6
reforms,6
conclusion,6
vaccines,6
equity,6
initiatives,6
teaches,6
initiative,6
engaging,6
penny,6
surveys,6
outdated,6
expand,6
depend,6
flexibility,6
poetry,6
prep,6
blasio,6
ignorant,6
aspiring,6
stevens,6
appalling,6
contradictions,6
hicks,6
leigh,6
promoted,6
smashed,6
notably,6
galore,6
dedicate,6
westbrook,6
audit,6
solace,6
churchill,6
ethic,6
declining,6
dispatch,6
inflicted,6
correctness,6
elevate,6
reinforce,6
adjusting,6
failures,6
alice,6
transforming,6
engage,5
lacking,5
extends,5
boomer,5
imposed,5
blogging,5
slide,5
versus,5
skill,5
high,5
bats,5
securities,5
moines,5
abandoning,5
hurdle,5
strings,5
yearbook,5
apocalyptic,5
practitioners,5
swearing,5
prediction,5
borrow,5
expense,5
realizes,5
rahm,5
coordinated,5
belongs,5
ironic,5
evans,5
eradicate,5
sprawling,5
composition,5
tango,5
associations,5
sacrificing,5
shaving,5
wrath,5
choice,5
fundamental,5
required,5
evidence,5
starving,5
transfer,5
extensive,5
rethink,5
sensory,5
noteworthy,5
40s,5
thanked,5
apologies,5
requiring,5
bronx,5
albeit,5
ham,5
misconception,5
hefty,5
boeing,5
biases,5
nurture,5
cheerleader,5
enable,5
recruitment,5
believers,5
nuanced,5
farther,5
mantras,5
doubling,5
instruments,5
intimidated,5
d.,5
misunderstanding,5
libraries,5
indefinitely,5
compelling,5
resilience,5
empower,5
disagree,5
common,5
v.,5
poorly,5
improvements,5
isolation,5
circumstances,5
introduced,5
vital,5
preparation,5
bleeding,5
assert,5
apathy,5
deceptive,5
speakers,5
elaine,5
downfall,5
schoolers,5
buyers,5
proclamation,5
sometime,5
oneself,5
paramount,5
multitude,5
camel,5
contributing,5
blacklivesmatter,5
conclusions,5
styled,5
implemented,5
keeper,5
provisions,5
jenny,5
constructive,5
unequal,5
roosevelt,5
class,5
privilege,5
economics,5
failure,5
thread,5
influences,5
interact,5
frankly,5
advocates,5
solid,5
longstanding,5
context,5
g.,5
conferences,5
seniors,5
boosting,5
budding,5
debated,5
booted,5
ideology,5
degrees,5
suited,5
smiled,5
vocabulary,5
tender,5
smartest,5
giveaway,5
decency,5
prevents,5
unavoidable,5
rankings,5
hostility,5
strides,5
sizes,5
lens,5
endeavor,5
fleeting,5
embark,5
accommodate,5
condemning,5
tags,5
gains,5
investment,5
tolerance,5
strengthen,5
interactive,5
continually,5
technical,5
blogs,5
decent,5
declaration,5
billionaire,5
preschool,5
blaming,5
bigotry,5
policies,5
enjoyable,5
traumatized,5
h.,5
honorary,5
preserving,5
finland,5
preserved,5
apollo,5
envision,5
prescribed,5
irrelevant,5
plight,5
earning,5
broader,5
computer,5
desperate,5
investors,5
statue,5
sat,5
language,5
aspects,5
salaries,5
resources,5
advises,5
litigation,5
t.,5
bigots,5
babe,5
bashing,5
gamble,5
publicity,5
einstein,5
homage,5
varieties,5
europeans,5
usage,5
ideological,5
goodman,5
bankers,5
neuroscience,5
engineering,5
disappoint,5
wipe,5
dodge,5
barrage,5
bulk,5
disparity,5
contributes,5
cyberbullying,5
disconnected,5
boulder,5
cares,5
board,5
gifted,5
endure,5
collected,5
mayhem,4
approximately,4
drastic,4
accustomed,4
unsafe,4
unexpectedly,4
radically,4
fixed,4
striving,4
infinitely,4
regain,4
logan,4
actively,4
innovators,4
economically,4
distinctive,4
suppression,4
explode,4
pediatricians,4
recruit,4
units,4
knives,4
hollande,4
unanimously,4
accomplishment,4
brightest,4
hawks,4
spoiled,4
teenagers,4
communities,4
excuses,4
democracy,4
costly,4
iii,4
cancel,4
guarantee,4
belts,4
alliance,4
envy,4
religions,4
posh,4
slogan,4
observations,4
screenings,4
thoroughly,4
consent,4
seinfeld,4
lifestyles,4
projected,4
nod,4
straw,4
ketchup,4
distinguish,4
entitlement,4
declines,4
merits,4
workshop,4
data,4
success,4
materials,4
harlem,4
assistance,4
supplies,4
printing,4
fascinated,4
henderson,4
males,4
accepts,4
assembly,4
passive,4
ownership,4
code,4
properties,4
manufacturing,4
budgets,4
commute,4
alumni,4
aspirations,4
npr,4
assist,4
enhanced,4
sacrifices,4
unleashed,4
astonishing,4
remake,4
discipline,4
wrapped,4
esteem,4
methods,4
articles,4
development,4
excitement,4
phase,4
widespread,4
reduction,4
smiles,4
paths,4
exploration,4
early,4
grant,4
citizenship,4
millennials,4
answered,4
motivated,4
rate,4
9th,4
steep,4
dorm,4
converted,4
dislike,4
fountain,4
rut,4
exposing,4
pave,4
qualify,4
bumps,4
wrecking,4
financing,4
conflicting,4
senseless,4
guidance,4
pioneer,4
evolving,4
opted,4
pathway,4
anticipate,4
preliminary,4
vigilant,4
portrayed,4
pioneering,4
adequate,4
exchange,4
funding,4
closing,4
disabilities,4
secretary,4
oakland,4
legislators,4
collaboration,4
earn,4
meetings,4
logical,4
influential,4
takeover,4
liked,4
demonstrate,4
restrict,4
highlighted,4
purchasing,4
bs,4
manner,4
retain,4
ensure,4
derail,4
winston,4
reset,4
crusade,4
equals,4
spiral,4
distinction,4
granddaughter,4
certified,4
objective,4
offered,4
tools,4
elite,4
property,4
driven,4
solve,4
meaningful,4
debt,4
strike,4
mixing,4
decides,4
traps,4
bullies,4
omar,4
gatsby,4
ix,4
hannah,4
doctrine,4
motivational,4
resonate,4
formally,4
amateur,4
proactive,4
continuous,4
difficulties,4
battlefield,4
myers,4
satire,4
a.k.a,4
scholarship,4
certificate,4
iv,4
punish,4
mastered,4
skepticism,4
collaborative,4
concentrating,4
encouraging,4
revolution,4
networks,4
california,4
wisconsin,4
income,4
superman,4
yale,4
bound,4
m.,4
trusted,4
closest,4
dedicated,4
foundation,4
university,4
oversight,4
stalled,4
mundane,4
edited,4
characterized,4
shortages,4
lightly,4
admitting,4
reclaiming,4
pepsi,4
maintains,4
eighth,4
desperation,4
copy,4
crafting,4
exam,4
integral,4
hub,4
edges,4
enjoyment,4
appointments,4
charlottesville,4
holocaust,4
rates,4
makers,4
relevant,4
promise,4
estimated,4
innovative,4
e.,4
mandatory,4
texts,4
pretend,4
priority,4
jane,4
lowest,4
superior,4
critique,4
brett,4
nationalism,4
improving,4
embraced,4
births,4
sobering,4
criteria,4
shapes,4
implies,4
earliest,4
resource,4
blueprint,4
insanity,4
languages,4
debating,4
adolescents,4
particularly,4
continued,4
commitment,4
struck,4
goal,4
parkland,4
entrepreneurship,4
bullet,4
union,4
competitive,4
virginia,4
academy,4
colleagues,4
access,4
responders,4
pension,4
reeling,4
legislative,4
specialist,4
timely,4
horrified,4
buzzing,4
soar,4
routinely,4
shifted,4
unprecedented,4
writers,4
root,4
clarity,4
tribe,4
networking,4
field,4
appropriate,4
interviews,4
encourage,4
afford,4
solutions,4
program,4
movement,4
rhetoric,4
convictions,4
brutally,4
telephone,4
impending,4
examine,4
soothe,4
stun,4
judged,4
spine,4
clarify,4
experiencing,4
assets,4
sidelines,4
sooner,4
professionals,4
resolved,4
pivotal,4
feedback,4
implementation,4
needle,4
commemorate,4
entered,4
knowledge,4
based,4
a.m.,4
worrying,4
sector,4
zealand,4
tech,4
20s,4
intended,4
corporate,4
depends,4
capable,4
struggling,4
equal,4
triggered,3
assigned,3
ucla,3
dangerously,3
realities,3
enables,3
defiance,3
denounce,3
kirk,3
assaults,3
origin,3
comics,3
adapted,3
foster,3
narrow,3
collectively,3
demanding,3
incarcerated,3
chapel,3
cleaner,3
framework,3
faint,3
verbal,3
perceive,3
marched,3
opportunity,3
measure,3
system,3
broad,3
promoting,3
science,3
interested,3
county,3
prepares,3
virtual,3
overly,3
investigations,3
provision,3
attorneys,3
kkk,3
kabul,3
flawed,3
deniers,3
sharply,3
cowboys,3
changer,3
preferences,3
unlock,3
reply,3
presenting,3
consequence,3
committing,3
processes,3
declaring,3
certainty,3
define,3
prominent,3
focusing,3
variety,3
payments,3
sanctuary,3
imagined,3
profound,3
praise,3
switzerland,3
posture,3
imminent,3
digital,3
shanghai,3
emanuel,3
atop,3
notch,3
solving,3
acquired,3
halfway,3
software,3
equipment,3
saga,3
insecurity,3
hire,3
proposals,3
article,3
disability,3
developing,3
harvard,3
eva,3
forcing,3
dialogue,3
poor,3
programming,3
papers,3
danielle,3
concepts,3
flies,3
1990s,3
dynamics,3
staples,3
privileged,3
personnel,3
grasp,3
defensive,3
bearing,3
difficulty,3
redskins,3
censorship,3
fuller,3
unfair,3
cheering,3
likelihood,3
potentially,3
draw,3
resident,3
revolutionary,3
concrete,3
attend,3
society,3
value,3
protesting,3
concerning,3
weak,3
witnessed,3
mitchell,3
spurs,3
packages,3
authored,3
generated,3
owes,3
rendition,3
1st,3
dictionary,3
consistently,3
counterparts,3
plug,3
dreaded,3
positively,3
mississippi,3
collapse,3
filling,3
organizations,3
tomorrow,3
intelligence,3
managing,3
understanding,3
increasingly,3
valuable,3
writing,3
founded,3
chorus,3
constituents,3
sealed,3
instances,3
eligible,3
payment,3
soaring,3
tag,3
shave,3
asset,3
advocating,3
statistics,3
trained,3
measuring,3
robbed,3
demographic,3
hedge,3
economist,3
stripped,3
philanthropy,3
brooke,3
vague,3
reign,3
overlook,3
profiling,3
stripes,3
opposite,3
accepted,3
useful,3
serves,3
effective,3
employers,3
auto,3
rarely,3
helpful,3
reach,3
confusing,3
paying,3
mocked,3
deck,3
dwayne,3
thrill,3
requirement,3
drawn,3
encounters,3
rhythm,3
abound,3
excellence,3
eliminating,3
mantra,3
successes,3
participated,3
valued,3
questioning,3
despair,3
shore,3
newspaper,3
independent,3
interest,3
future,3
potential,3
learn,3
beg,3
digging,3
tantrum,3
conquer,3
contempt,3
inherently,3
lenders,3
spreading,3
lifts,3
prioritize,3
dissent,3
downward,3
renew,3
medals,3
brick,3
intentional,3
phrase,3
reflect,3
unemployment,3
answers,3
numbers,3
department,3
historical,3
flip,3
agenda,3
fail,3
estate,3
expects,3
reminders,3
plagued,3
maps,3
notre,3
eerie,3
reviewed,3
approaches,3
farming,3
cheryl,3
desired,3
container,3
unveiled,3
arthur,3
darkest,3
abilities,3
behave,3
momentum,3
families,3
century,3
children,3
generation,3
subject,3
professor,3
bitter,3
ken,3
professional,3
discussing,3
dilemma,3
mrs,3
4th,3
expression,3
wise,3
headlines,3
scouts,3
admire,3
verge,3
dana,3
enforce,3
clergy,3
oppose,3
accurate,3
maximum,3
encouraged,3
poorest,3
debunked,3
offerings,3
perception,3
defines,3
courses,3
infants,3
points,3
process,3
contribute,3
decided,3
private,3
recent,3
undermine,3
rapidly,3
blessed,3
expectations,3
re,3
tragic,3
fad,3
shortage,3
impress,3
organizing,3
politico,3
sentiment,3
environments,3
rushed,3
fundraiser,3
mainly,3
command,3
attitudes,3
listened,3
forgetting,3
founders,3
transforms,3
stretching,3
mentality,3
necessity,3
mystery,3
example,3
lower,3
trauma,3
lisa,3
pre,3
handling,3
finished,3
therefore,3
importance,3
dropping,3
brains,3
detroit,3
civil,3
child,3
gucci,3
eagle,3
festivities,3
information,3
christine,3
mistaken,3
compiled,3
examined,3
participants,3
acknowledging,3
gag,3
wonderland,3
classics,3
shield,3
improves,3
practiced,3
solitary,3
lurking,3
recognize,3
vision,3
leaders,3
strategies,3
spark,3
discrimination,3
appreciate,3
gearing,3
crushing,3
closes,3
hammer,3
identify,3
wishing,3
steam,3
misunderstood,3
provocative,3
options,3
automatic,3
instructions,3
exhausting,3
authenticity,3
renaissance,3
strive,3
a.,3
backwards,3
demonstrates,3
playful,3
bullying,3
multi,3
diversity,3
closed,3
psychology,3
informed,3
silk,3
declares,3
ny,3
andrea,3
violating,3
overall,3
recognized,3
addressed,3
daylight,3
acceptable,3
5th,3
convenience,3
revive,3
―,3
doors,3
pipeline,3
essence,3
listening,3
range,3
research,3
incoming,3
discussion,3
explored,3
archives,3
attended,3
refer,3
needing,3
pursuit,3
feminists,3
punished,3
collect,3
obligation,3
reward,3
divisive,3
paradox,3
thomas,3
racial,3
throwing,3
urban,3
troubled,3
attractive,3
troubling,3
sake,3
freak,3
average,3
stands,3
career,3
shown,3
exposes,3
essay,3
referring,3
refusal,3
external,3
gods,3
violation,3
low,3
close,3
passionate,3
poem,3
rural,3
carrying,3
community,3
changes,3
threw,3
implications,3
overwhelmingly,3
ruins,3
rope,3
slip,3
contained,3
sounding,3
behavioral,3
resulting,3
glance,3
singapore,3
technological,3
engine,3
touches,3
respected,3
bother,3
regard,3
beyond,3
character,3
cultural,3
terms,3
failed,3
asian,3
serve,3
partnership,3
hall,3
relations,3
conference,3
haven,3
chooses,3
intimidating,3
formula,3
lottery,3
contributed,3
knocked,3
description,3
coke,3
confronting,3
caregiver,3
platforms,3
achieving,3
pointing,3
villain,3
politicians,3
equality,3
easily,3
must,3
protections,3
advanced,3
greater,3
hungry,3
dec,3
backpack,3
relaxing,3
arkansas,3
voice,3
innocence,3
forth,3
cringe,3
intellectual,3
maximize,3
cinco,3
oxygen,3
economy,3
blog,3
given,3
standard,3
panic,2
minorities,2
practices,2
insight,2
locked,2
invite,2
addressing,2
provide,2
produce,2
themselves,2
nowhere,2
targeting,2
considers,2
bubble,2
expenses,2
entrance,2
powered,2
responsibilities,2
greek,2
adjust,2
vary,2
credibility,2
whites,2
raise,2
returning,2
empire,2
providing,2
agree,2
save,2
necessarily,2
number,2
talented,2
tend,2
policy,2
parents,2
sensitive,2
wasted,2
theresa,2
displays,2
hats,2
generosity,2
figuring,2
soundtrack,2
outraged,2
identifying,2
oppression,2
brandon,2
advisers,2
part,2
efforts,2
topic,2
disasters,2
pushing,2
exact,2
christopher,2
starts,2
adopted,2
nation,2
annual,2
woes,2
intentionally,2
intolerance,2
acclaimed,2
lightning,2
carol,2
insist,2
taxpayer,2
dollars,2
connections,2
reduce,2
applying,2
carries,2
minor,2
significantly,2
observed,2
pulling,2
groundbreaking,2
thus,2
aspect,2
lesser,2
emotional,2
invisible,2
draft,2
carried,2
focused,2
personality,2
responsible,2
offer,2
c.,2
hatred,2
reacts,2
salute,2
pressing,2
hangover,2
plague,2
acknowledged,2
deprived,2
principal,2
adopting,2
shaking,2
arrive,2
thrown,2
mornings,2
criticize,2
stopping,2
devastation,2
suggest,2
competition,2
voices,2
expanding,2
nervous,2
significant,2
targeted,2
patterns,2
favor,2
spoken,2
felony,2
consumed,2
burden,2
superheroes,2
barriers,2
uniform,2
taxi,2
estimates,2
jeopardy,2
accomplishments,2
conscience,2
drain,2
mandate,2
shelter,2
belief,2
december,2
scale,2
federal,2
forced,2
answer,2
thank,2
respond,2
unions,2
battles,2
katrina,2
governors,2
plea,2
owning,2
cracks,2
stellar,2
stir,2
distant,2
wrestling,2
angeles,2
everybody,2
matters,2
pledge,2
montana,2
develop,2
main,2
creators,2
indicate,2
admission,2
lobbying,2
lunches,2
myths,2
fragile,2
amsterdam,2
publishing,2
lack,2
dynamic,2
empowering,2
spite,2
labels,2
chile,2
pittsburgh,2
capacity,2
crush,2
globally,2
jedi,2
created,2
era,2
oklahoma,2
determine,2
deserve,2
addition,2
reached,2
divide,2
challenges,2
improve,2
transform,2
questions,2
understand,2
multiple,2
remain,2
enters,2
petition,2
criticizing,2
headline,2
keys,2
semitism,2
hostile,2
imperfect,2
austerity,2
investor,2
mutual,2
attending,2
spotlight,2
submit,2
dealt,2
circles,2
populations,2
opposing,2
special,2
burning,2
worthy,2
gates,2
establishment,2
helping,2
unfortunately,2
ages,2
damage,2
youth,2
nonsense,2
dame,2
handy,2
fellow,2
appointment,2
mouse,2
advocate,2
material,2
beneficial,2
commercials,2
hurts,2
clubs,2
winds,2
gesture,2
spare,2
technologies,2
doubt,2
spend,2
basis,2
claiming,2
pushed,2
act,2
affect,2
allowed,2
forms,2
founding,2
guru,2
personalities,2
dismissed,2
evolve,2
literary,2
seriously,2
facing,2
dropped,2
improved,2
spending,2
adults,2
damon,2
teens,2
seize,2
supported,2
promotes,2
junior,2
topped,2
rewarding,2
structures,2
curse,2
speed,2
demand,2
per,2
race,2
somehow,2
problems,2
failing,2
progress,2
illegally,2
occurs,2
awarded,2
existence,2
harrison,2
photograph,2
amidst,2
involvement,2
fascinating,2
haunting,2
renewable,2
select,2
successful,2
impact,2
middle,2
continue,2
steals,2
hardest,2
explaining,2
trucks,2
equivalent,2
notable,2
traits,2
posed,2
investments,2
represented,2
checklist,2
delicate,2
leadership,2
recovery,2
discussed,2
emerging,2
gathered,2
traditional,2
deeply,2
fully,2
level,2
shootings,2
stated,2
50th,2
depth,2
bradley,2
problem,2
laughing,2
governments,2
granted,2
broken,2
imagine,2
parent,2
supremacist,2
essential,2
yellow,2
sticks,2
adventures,2
fulfill,2
speculation,2
destroying,2
dread,2
prepare,2
curious,2
begun,2
reverse,2
complex,2
establish,2
sesame,2
rolled,2
staple,2
cyber,2
disabled,2
magnificent,2
aaron,2
ruin,2
traditionally,2
advantage,2
summertime,2
cookbook,2
listed,2
referred,2
working,2
upon,2
every,2
ideas,2
opposition,2
decade,2
politician,2
sets,2
investing,2
mindfulness,2
exist,2
concerned,2
flag,2
attached,2
column,2
reminds,2
lethal,2
element,2
tis,2
wildly,2
pledges,2
culture,2
falling,2
purpose,2
ballot,2
citizen,2
highly,2
further,2
thousands,2
orientation,2
printed,2
pile,2
scotus,2
cabinet,2
sucks,2
stretch,2
combine,2
hanging,2
commit,2
plain,2
predictions,2
tables,2
aid,2
young,2
starting,2
issues,2
results,2
relief,2
encounter,2
lewis,2
later,2
forward,2
jobs,2
ivy,2
exxon,2
nationalist,2
challenging,2
confidence,2
expose,2
dubai,2
exhausted,2
directed,2
utterly,2
genuine,2
intent,2
sixth,2
feared,2
device,2
someday,2
migrant,2
contrary,2
preserve,2
law,2
los,2
visiting,2
novel,2
debates,2
homeless,2
journalism,2
mail,2
welcomes,2
wheels,2
ignored,2
pepper,2
uncertain,2
exceptional,2
relaxed,2
swear,2
services,2
needed,2
cheating,2
across,2
individual,2
habits,2
talent,2
cash,2
assume,2
widely,2
screening,2
transformation,2
budget,2
majority,2
brown,2
calif,2
classified,2
smartphones,2
dairy,2
invented,2
salon,2
builds,2
balancing,2
rating,2
measures,2
proposed,2
orleans,2
invited,2
analysis,2
many,2
support,2
surprised,2
cancels,2
unveils,2
jim,2
economies,2
applied,2
revenue,2
declined,2
influenced,2
isolated,2
putting,2
acting,2
published,2
taught,2
feed,2
except,2
listen,2
individuals,2
progressive,2
childhood,2
position,2
jumped,2
hearings,2
poverty,2
studying,2
boomers,2
facility,2
challenger,2
fueled,2
museums,2
chief,2
smaller,2
competing,2
logic,2
conservative,2
designed,2
corporations,2
publicly,2
perhaps,2
dear,2
states,2
need,2
financially,2
gain,2
breathing,2
qualities,2
damaged,2
acknowledge,2
repair,2
instance,2
olds,2
disappear,2
write,2
financial,2
walls,2
written,2
currently,2
looming,2
illinois,2
swiss,2
commissioner,2
liberty,2
visited,2
veggies,2
basics,2
questioned,2
abusive,2
franklin,2
largest,2
walker,2
history,2
studies,2
benefit,2
change,2
needs,2
america,2
suspended,2
means,2
guaranteed,2
reflects,2
consideration,2
|,2
tide,2
overwhelming,2
pennsylvania,2
positive,2
however,2
non,2
speak,2
mainstream,2
maintain,2
rage,2
regarding,2
lists,2
holy,2
network,2
kentucky,2
angry,2
bringing,2
credit,2
experiment,2
scout,2
alarming,2
cited,2
hiring,2
accessible,2
industrial,2
peers,2
easiest,2
masters,2
civilian,2
facial,2
organize,2
thoughtful,2
fighters,2
computers,2
kids,2
behind,2
wrong,2
organization,2
lots,2
their,2
declared,2
alexander,2
town,2
attention,2
transition,2
due,2
our,2
they,2
chasing,2
print,2
empowerment,2
definition,2
topics,2
faced,2
labor,2
sound,2
related,2
administration,2
fleeing,2
welcomed,2
visible,2
transparency,2
biological,2
ode,2
organized,2
teamed,2
youngest,2
offices,2
lesson,2
responsibility,2
moral,2
beginning,2
important,2
jersey,2
assaulted,2
fires,2
ambitious,2
institute,2
reminded,2
argue,2
defended,2
70s,2
score,2
built,2
performance,2
specifically,2
assault,2
boys,2
humans,2
judicial,2
titled,2
departure,2
storms,2
autism,2
thinking,2
fix,2
version,2
rising,2
heading,2
confident,2
flow,2
perspective,2
effect,2
direction,2
whose,2
true,2
them,2
presidents,2
november,2
ruth,2
attempt,2
donation,2
knight,2
signal,2
fits,2
brutality,2
60s,2
native,2
modern,2
decision,2
boost,2
replace,2
landscape,2
safe,2
grateful,2
job,2
believe,2
telling,2
propaganda,2
athletic,2
navigating,2
camps,2
exception,2
values,2
ritual,2
associate,2
replaced,2
karen,2
focus,2
ready,2
creative,2
online,2
consequences,2
distance,2
enjoying,2
collective,2
phones,2
exposed,2
floor,2
building,2
taken,2
holding,2
purse,2
unit,2
shy,2
advance,2
solved,2
ouch,2
gardens,2
roughly,2
thriving,2
meaning,2
simply,2
humor,2
drop,2
finish,2
pose,2
each,2
left,2
gender,2
plan,2
balance,2
lighting,2
rallies,2
alt,2
pages,2
supports,2
formal,2
rewards,2
various,2
bloom,2
signed,2
path,2
should,2
marc,2
create,2
clear,2
glow,2
actual,2
eager,2
consider,2
difference,2
identified,2
o,2
pointed,2
parts,2
peter,2
accept,2
filed,2
boring,2
hands,2
double,2
present,2
levels,2
compare,2
daniel,2
yorkers,2
milestone,2
hook,2
responding,2
portion,2
stream,2
ethnic,2
survivors,2
inspire,2
false,2
evil,2
available,2
donors,2
audience,2
why,2
anytime,2
hated,2
quarterback,2
combined,2
fundraising,2
seeks,2
incidents,2
campbell,2
offers,2
begin,2
january,2
money,2
experienced,2
sports,2
both,2
current,2
september,2
decisions,2
massacre,2
attract,2
sells,2
columbia,2
southwest,2
denver,2
flooding,2
reads,2
suggesting,2
younger,2
drove,2
insights,2
responses,2
object,2
justices,2
chicago,2
readers,2
solution,2
promises,2
bottom,2
well,2
question,2
fifth,2
authentic,2
several,2
name,2
baseball,2
evening,2
commission,2
cruel,2
gordon,2
ranks,2
philosophy,2
lab,2
edward,2
social,2
environment,2
naturally,2
become,2
colorado,2
territory,2
bang,2
join,2
landmark,2
dallas,2
accomplish,2
commonly,2
refusing,2
recalled,2
blowing,2
daunting,2
viewed,2
exercising,2
elsewhere,2
exciting,2
west,2
experiences,2
moves,2
cell,2
communication,2
provides,2
diverse,2
bridge,2
bus,2
senior,2
work,2
truth,2
clothing,2
blocked,2
approach,2
minded,2
cameras,2
dramatically,2
cultures,2
#,2
doing,2
text,2
mix,2
ear,2
partisan,2
piece,2
linda,2
coach,2
anybody,2
absurd,2
jill,2
operations,2
pakistan,2
10-year,2
secretly,2
opinion,2
obesity,1
deeper,1
sheer,1
thursday,1
carolina,1
fortunately,1
jeremy,1
accomplished,1
fairly,1
apart,1
market,1
retirement,1
within,1
tony,1
kinds,1
color,1
prevent,1
jumping,1
events,1
kaepernick,1
landed,1
oliver,1
behalf,1
introducing,1
responded,1
politics,1
lead,1
population,1
rich,1
active,1
leading,1
changing,1
lying,1
journalists,1
ongoing,1
destroyed,1
streaming,1
suck,1
elect,1
artistic,1
amounts,1
cheer,1
rights,1
warming,1
economic,1
threats,1
skirt,1
link,1
includes,1
fields,1
luckily,1
adult,1
achieve,1
mayo,1
advances,1
insists,1
approaching,1
leader,1
asked,1
start,1
lie,1
fact,1
j.,1
sending,1
australian,1
national,1
form,1
blamed,1
strategic,1
attempting,1
legal,1
include,1
opening,1
bell,1
pays,1
colors,1
often,1
joke,1
these,1
audiences,1
posted,1
religion,1
followers,1
dozen,1
jonathan,1
bieber,1
arguments,1
possibilities,1
boat,1
roots,1
authors,1
promising,1
casting,1
separate,1
drought,1
today,1
word,1
controversy,1
crucial,1
homelessness,1
muscle,1
hates,1
strongly,1
enjoyed,1
minority,1
alarm,1
legally,1
staffers,1
those,1
unique,1
know,1
larger,1
francisco,1
balls,1
waking,1
intention,1
confront,1
acceptance,1
murray,1
alan,1
remaining,1
emerge,1
helps,1
teams,1
requires,1
yet,1
ability,1
sight,1
wondering,1
kenya,1
entitled,1
inclusion,1
attacking,1
wheel,1
represents,1
boards,1
involving,1
folks,1
sort,1
hopes,1
substance,1
scotland,1
karl,1
op,1
reagan,1
state,1
set,1
chain,1
note,1
price,1
an,1
pull,1
particular,1
reason,1
record,1
passage,1
boston,1
leslie,1
alternatives,1
privacy,1
involve,1
late,1
condition,1
following,1
conversation,1
where,1
combat,1
rush,1
extremely,1
mayor,1
role,1
trigger,1
regardless,1
politically,1
established,1
backing,1
prize,1
chinese,1
firm,1
faster,1
propose,1
ticket,1
forest,1
offensive,1
20th,1
its,1
kind,1
dream,1
throughout,1
developed,1
artists,1
increasing,1
girls,1
view,1
chance,1
top,1
july,1
testimony,1
village,1
retail,1
fiscal,1
happily,1
hispanic,1
defending,1
introduce,1
discovering,1
separation,1
winners,1
turning,1
fine,1
hard,1
years,1
leads,1
founder,1
creating,1
training,1
bring,1
occur,1
jerry,1
millennial,1
spray,1
scare,1
segment,1
transformed,1
reality,1
course,1
hours,1
andrew,1
fantasy,1
magic,1
not,1
waiting,1
read,1
courts,1
directors,1
trips,1
latin,1
willing,1
type,1
clearly,1
ridiculous,1
neighborhood,1
patience,1
neighborhoods,1
included,1
works,1
october,1
card,1
plans,1
negotiations,1
findings,1
passion,1
protecting,1
bully,1
factors,1
silver,1
symbol,1
repeatedly,1
whom,1
to,1
hurt,1
build,1
assistant,1
striking,1
urged,1
obvious,1
restore,1
raised,1
wins,1
’re,1
sing,1
lawyers,1
originally,1
quite,1
congress,1
murphy,1
somewhat,1
profits,1
endorses,1
existing,1
surveillance,1
appreciation,1
temporary,1
for,1
warm,1
realized,1
primary,1
content,1
actually,1
jones,1
effort,1
past,1
issue,1
opponents,1
library,1
confirmation,1
finances,1
realizing,1
bay,1
brave,1
tens,1
walk,1
washington,1
line,1
ultimate,1
insurance,1
danger,1
have,1
necessary,1
are,1
sparked,1
jail,1
researcher,1
phenomenon,1
recession,1
asleep,1
increase,1
mile,1
spectrum,1
revenge,1
picture,1
proposal,1
ultimately,1
matter,1
beware,1
bipartisan,1
diane,1
enormous,1
glad,1
unexpected,1
denying,1
portland,1
lips,1
worse,1
especially,1
ugly,1
amendment,1
large,1
cuts,1
crackdown,1
borders,1
lord,1
seems,1
recently,1
rather,1
because,1
became,1
scientists,1
quickly,1
mission,1
walked,1
believed,1
as,1
option,1
raises,1
likes,1
heidi,1
method,1
initial,1
wellness,1
inequality,1
hidden,1
do,1
we,1
’ve,1
send,1
let,1
real,1
deserves,1
different,1
reject,1
fault,1
what,1
greatest,1
if,1
adopt,1
exit,1
recover,1
quietly,1
vegetable,1
concept,1
destruction,1
plays,1
concern,1
costs,1
buying,1
rules,1
inmates,1
toronto,1
happening,1
correct,1
startup,1
gather,1
intentions,1
conducted,1
difficult,1
better,1
month,1
involved,1
entry,1
parental,1
obese,1
mentally,1
stake,1
by,1
changed,1
texas,1
such,1
strength,1
that,1
any,1
mothers,1
benefits,1
crisis,1
toxic,1
use,1
newborn,1
dna,1
suddenly,1
manage,1
account,1
american,1
general,1
country,1
end,1
speaking,1
power,1
wrote,1
besides,1
alec,1
vermont,1
protection,1
elderly,1
indeed,1
reducing,1
hosting,1
predict,1
of,1
racist,1
letter,1
days,1
ceo,1
characters,1
remote,1
retreat,1
detention,1
justice,1
giving,1
area,1
been,1
reaches,1
pursue,1
surge,1
bliss,1
lamar,1
seats,1
consumption,1
toilet,1
about,1
housing,1
prevention,1
welcome,1
barbara,1
preventing,1
conservatives,1
giants,1
philippines,1
fairy,1
executives,1
pace,1
explosion,1
association,1
exercises,1
personal,1
words,1
monday,1
speaker,1
celebrated,1
can,1
how,1
sought,1
josh,1
uncertainty,1
connecticut,1
vehicle,1
weapons,1
outcome,1
surely,1
virus,1
championship,1
case,1
story,1
connected,1
vs.,1
saudi,1
newly,1
pro,1
retired,1
officers,1
temperatures,1
peak,1
remind,1
importantly,1
extended,1
billions,1
around,1
lot,1
claim,1
grows,1
figured,1
york,1
in,1
much,1
serving,1
shadow,1
random,1
through,1
craft,1
playing,1
is,1
corner,1
which,1
tied,1
creepy,1
coalition,1
marked,1
fund,1
wishes,1
shaming,1
identity,1
allows,1
recognition,1
aimed,1
deny,1
reasons,1
even,1
gone,1
post,1
debate,1
sides,1
ourselves,1
no,1
right,1
idea,1
harsh,1
management,1
draws,1
closely,1
ipad,1
heard,1
has,1
side,1
released,1
round,1
notice,1
will,1
others,1
officials,1
would,1
button,1
restrictions,1
drives,1
protest,1
the,1
lies,1
expensive,1
missing,1
vulnerable,1
associated,1
goes,1
who,1
—,1
hope,1
always,1
catch,1
watched,1
brand,1
meeting,1
hearing,1
happens,1
racism,1
exclusive,1
heroin,1
wood,1
complicated,1
soldier,1
vacations,1
spokesman,1
wings,1
understood,1
allow,1
paid,1
fails,1
prepared,1
mobile,1
screen,1
review,1
all,1
heavy,1
blame,1
regularly,1
now,1
making,1
choosing,1
few,1
move,1
expected,1
find,1
into,1
worth,1
full,1
embarrassing,1
add,1
purchase,1
practical,1
positions,1
stereotypes,1
feds,1
sadly,1
funeral,1
times,1
far,1
response,1
globe,1
kick,1
supply,1
pitch,1
discusses,1
citizens,1
point,1
fake,1
anyway,1
my,1
sitting,1
other,1
conditions,1
chosen,1
judgment,1
very,1
sounds,1
shirt,1
journalist,1
',1
launched,1
more,1
feels,1
arms,1
wolf,1
hold,1
gross,1
honoring,1
wonders,1
plenty,1
whether,1
result,1
think,1
admitted,1
rejected,1
nominated,1
noah,1
democrat,1
defined,1
communications,1
thrive,1
than,1
long,1
come,1
keeping,1
circle,1
sexual,1
hamilton,1
incident,1
travels,1
received,1
-,1
everywhere,1
vacation,1
league,1
epidemic,1
great,1
between,1
simple,1
buildings,1
hack,1
campaigns,1
exists,1
kid,1
born,1
executive,1
powerful,1
stories,1
effects,1
may,1
mind,1
spent,1
beats,1
calm,1
increases,1
captain,1
smile,1
time,1
called,1
a,1
world,1
ancient,1
discover,1
n’t,1
investigation,1
lessons,1
try,1
disturbing,1
choose,1
sexism,1
continuing,1
entertaining,1
co,1
pay,1
prove,1
added,1
meanwhile,1
gratitude,1
odd,1
pure,1
independence,1
cost,1
forces,1
capitol,1
hosts,1
speaks,1
diego,1
frequently,1
way,1
among,1
committee,1
tale,1
lifetime,1
did,1
infrastructure,1
business,1
productive,1
players,1
us,1
explain,1
sit,1
next,1
adam,1
stand,1
while,1
maine,1
joining,1
image,1
noted,1
back,1
april,1
certain,1
call,1
place,1
able,1
i,1
key,1
taking,1
regulations,1
recall,1
ruled,1
mindful,1
openly,1
convinced,1
monster,1
everything,1
play,1
quick,1
shared,1
political,1
americans,1
africa,1
turned,1
challenge,1
daca,1
additional,1
thankful,1
dare,1
heads,1
mortgage,1
statements,1
be,1
never,1
latino,1
enough,1
desk,1
tight,1
aide,1
track,1
controversial,1
so,1
seem,1
off,1
there,1
destroy,1
steven,1
stops,1
firing,1
weapon,1
agencies,1
ruling,1
plot,1
model,1
still,1
harassment,1
service,1
areas,1
louis,1
details,1
turn,1
ways,1
third,1
contract,1
colin,1
sacred,1
surface,1
leave,1
growth,1
goals,1
extra,1
serious,1
entire,1
seemed,1
else,1
bathroom,1
refuses,1
houses,1
reaching,1
hospitals,1
only,1
anyone,1
truths,1
empathy,1
gulf,1
morgan,1
explore,1
celebrate,1
nutrition,1
head,1
together,1
alike,1
hopeful,1
horse,1
media,1
calling,1
year,1
room,1
thoughts,1
becoming,1
want,1
members,1
damn,1
athlete,1
equally,1
exposure,1
leg,1
surrounding,1
andy,1
remarkable,1
takes,1
since,1
caused,1
launch,1
unless,1
drive,1
united,1
out,1
roll,1
reflection,1
visits,1
mama,1
presented,1
savings,1
differences,1
toddlers,1
apparently,1
canada,1
whole,1
truly,1
issued,1
blocks,1
towards,1
counter,1
heart,1
too,1
morning,1
help,1
wonder,1
lawmakers,1
trouble,1
sent,1
blues,1
shaped,1
from,1
tough,1
violence,1
guest,1
soul,1
summer,1
february,1
vaccine,1
relatively,1
divided,1
most,1
with,1
under,1
“,1
broke,1
internet,1
international,1
potter,1
earned,1
powers,1
countless,1
basic,1
delivery,1
honors,1
step,1
rape,1
put,1
nations,1
ends,1
report,1
trend,1
title,1
stop,1
rise,1
massive,1
bad,1
light,1
champion,1
taxes,1
grown,1
elephant,1
proper,1
teenager,1
shift,1
vice,1
filled,1
everyone,1
ground,1
forgiveness,1
flat,1
started,1
also,1
facts,1
concerns,1
although,1
at,1
meet,1
above,1
without,1
sue,1
request,1
reunion,1
reputation,1
madness,1
companies,1
ask,1
tennessee,1
michigan,1
anymore,1
trends,1
president,1
lose,1
traditions,1
contemporary,1
new,1
earlier,1
finding,1
trying,1
final,1
percent,1
me,1
’m,1
clock,1
captured,1
get,1
streets,1
swing,1
mountains,1
discovery,1
constitution,1
becomes,1
sale,1
talk,1
highest,1
brexit,1
appear,1
heritage,1
once,1
emotions,1
cases,1
laura,1
t,1
internal,1
carry,1
legendary,1
opinions,1
spanish,1
came,1
puts,1
comes,1
instead,1
governor,1
critics,1
smart,1
discuss,1
soldiers,1
passed,1
shape,1
when,1
talking,1
it,1
tie,1
susan,1
spaces,1
personally,1
some,1
am,1
best,1
journey,1
website,1
numerous,1
supposed,1
quest,1
looks,1
on,1
take,1
voters,1
brief,1
considered,1
limit,1
oldest,1
south,1
guide,1
influence,1
mean,1
whatever,1
stuff,1
white,1
tackle,1
august,1
african,1
chuck,1
press,1
contact,1
fantastic,1
unlikely,1
lasting,1
lunch,1
kelly,1
free,1
realize,1
alex,1
highlight,1
ones,1
like,1
ohio,1
happen,1
enforcement,1
la,1
led,1
honored,1
threatened,1
generations,1
hear,1
mark,1
threat,1
author,1
according,1
person,1
picked,1
threatening,1
tiger,1
hottest,1
memory,1
game,1
another,1
was,1
packed,1
philadelphia,1
accident,1
harris,1
this,1
being,1
art,1
sales,1
twins,1
typically,1
remembering,1
roles,1
good,1
tax,1
series,1
medical,1
thing,1
against,1
losing,1
bunch,1
ii,1
message,1
seeing,1
first,1
allowing,1
chose,1
excuse,1
aware,1
e,1
almost,1
going,1
announced,1
stopped,1
easier,1
tips,1
done,1
katie,1
r,1
orders,1
approved,1
day,1
books,1
gifts,1
friend,1
using,1
group,1
abc,1
ran,1
grow,1
government,1
design,1
before,1
practice,1
huge,1
bruce,1
total,1
returns,1
mention,1
barely,1
updated,1
longer,1
jr,1
hate,1
share,1
centers,1
growing,1
china,1
planet,1
situations,1
does,1
moment,1
one,1
felt,1
toll,1
order,1
whenever,1
torture,1
complete,1
bid,1
showing,1
preparing,1
having,1
doctors,1
age,1
afraid,1
religious,1
causing,1
connect,1
singing,1
dreams,1
itself,1
ferguson,1
candidates,1
looking,1
largely,1
sandy,1
rooms,1
met,1
anniversary,1
faces,1
editors,1
universal,1
engaged,1
blind,1
negative,1
jessica,1
surprise,1
undocumented,1
abandoned,1
loud,1
nails,1
discovered,1
radical,1
promote,1
spain,1
unlike,1
endless,1
infographic,1
san,1
viral,1
honest,1
lawmaker,1
mouth,1
podcast,1
manhattan,1
could,1
fall,1
completely,1
patient,1
really,1
followed,1
christians,1
ads,1
mexico,1
advice,1
despite,1
stressed,1
banned,1
dose,1
golf,1
planned,1
same,1
care,1
used,1
soon,1
embrace,1
charles,1
bee,1
address,1
march,1
little,1
criminal,1
might,1
just,1
bags,1
run,1
fast,1
remains,1
self,1
fight,1
learned,1
wonderful,1
were,1
worked,1
u.s,1
anthem,1
fees,1
remember,1
people,1
club,1
sure,1
brought,1
ever,1
.,1
brother,1
clients,1
wind,1
keep,1
friday,1
helped,1
snow,1
differently,1
again,1
mini,1
zone,1
actors,1
habit,1
soft,1
proud,1
games,1
sheriff,1
funds,1
settlement,1
hat,1
museum,1
troops,1
aside,1
strong,1
pacific,1
factor,1
half,1
wait,1
something,1
alone,1
cure,1
street,1
space,1
netflix,1
last,1
map,1
ups,1
's,1
calls,1
nearly,1
sense,1
n't,1
loses,1
acts,1
workers,1
safety,1
celebrating,1
similar,1
marijuana,1
claimed,1
leaving,1
coming,1
latest,1
second,1
relationships,1
council,1
center,1
stage,1
bachelor,1
beliefs,1
own,1
gown,1
base,1
compared,1
touch,1
front,1
scott,1
action,1
member,1
east,1
fan,1
toddler,1
silent,1
ago,1
fed,1
crimes,1
joins,1
entirely,1
figures,1
away,1
parenting,1
war,1
deliver,1
suggests,1
respect,1
'm,1
injuries,1
summit,1
production,1
arabia,1
reporting,1
fuel,1
senate,1
football,1
though,1
reports,1
weather,1
happened,1
speech,1
directly,1
constant,1
bet,1
posts,1
wealth,1
victory,1
interests,1
see,1
phone,1
wisdom,1
less,1
tool,1
experts,1
featured,1
someone,1
over,1
coast,1
grew,1
documents,1
myth,1
driving,1
return,1
central,1
runs,1
dramatic,1
specific,1
raising,1
toward,1
harm,1
weeks,1
dining,1
kindness,1
human,1
city,1
relationship,1
ship,1
described,1
paper,1
steps,1
loved,1
feelings,1
bread,1
enjoy,1
indiana,1
historic,1
projects,1
go,1
mistakes,1
shoes,1
inside,1
apartment,1
suffer,1
nick,1
millions,1
wish,1
robert,1
survivor,1
require,1
seattle,1
fill,1
illegal,1
wave,1
forget,1
known,1
struggle,1
survival,1
fewer,1
responds,1
headed,1
direct,1
moments,1
make,1
life,1
bills,1
dealing,1
explained,1
lake,1
box,1
ill,1
usually,1
supporters,1
inspiration,1
afternoon,1
your,1
things,1
thought,1
hoping,1
incredibly,1
toys,1
believes,1
give,1
worry,1
basically,1
affects,1
lawsuit,1
crime,1
dollar,1
term,1
miss,1
appeal,1
justin,1
served,1
committed,1
magazine,1
rico,1
bold,1
company,1
indian,1
explains,1
sites,1
fighting,1
experience,1
moving,1
asking,1
face,1
allies,1
stronger,1
channel,1
cycle,1
watching,1
exactly,1
look,1
ban,1
treat,1
industry,1
north,1
countries,1
creates,1
male,1
elected,1
producer,1
releases,1
enter,1
force,1
you,1
sees,1
spot,1
offering,1
definitely,1
usa,1
shooting,1
lives,1
previously,1
treated,1
notes,1
physical,1
chronic,1
forever,1
natural,1
diagnosed,1
music,1
delicious,1
ignore,1
symptoms,1
employee,1
row,1
master,1
older,1
sold,1
stranger,1
gift,1
oregon,1
strikes,1
martin,1
anna,1
express,1
attacks,1
week,1
eyes,1
desire,1
minute,1
spring,1
defense,1
began,1
chances,1
station,1
restaurant,1
june,1
had,1
considering,1
courage,1
then,1
foot,1
interview,1
businesses,1
during,1
resort,1
site,1
river,1
up,1
voted,1
coal,1
seen,1
task,1
exercise,1
jay,1
talked,1
yesterday,1
matt,1
reaction,1
tries,1
spirit,1
anxiety,1
feel,1
butter,1
meals,1
arizona,1
houston,1
tricks,1
finally,1
sky,1
’s,1
god,1
amazing,1
reported,1
living,1
consumer,1
comfortable,1
otherwise,1
tradition,1
wide,1
nothing,1
walking,1
tell,1
sell,1
female,1
defends,1
wrap,1
deal,1
push,1
theory,1
radio,1
son,1
entertainment,1
hundreds,1
laws,1
behavior,1
rescue,1
obama,1
announces,1
quiz,1
immigrant,1
maybe,1
down,1
makes,1
votes,1
hunger,1
girl,1
period,1
small,1
spread,1
apps,1
took,1
thinks,1
lgbtq,1
workplace,1
avoid,1
've,1
legislation,1
horror,1
worried,1
guess,1
wear,1
parks,1
nomination,1
western,1
local,1
mess,1
increased,1
puerto,1
comment,1
birthday,1
table,1
stock,1
mexican,1
handle,1
mother,1
getting,1
kill,1
saying,1
australia,1
escape,1
ended,1
causes,1
mountain,1
none,1
michelle,1
're,1
anything,1
refugee,0
rumors,0
fresh,0
proves,0
spoke,0
wearing,0
region,0
quiet,0
news,0
dozens,0
either,0
disney,0
immediately,0
product,0
activities,0
highlights,0
nominee,0
cyrus,0
security,0
gives,0
rick,0
big,0
groups,0
covered,0
old,0
chair,0
already,0
admit,0
debut,0
shot,0
secret,0
knew,0
wage,0
release,0
bill,0
likely,0
compassion,0
sessions,0
orange,0
awareness,0
continues,0
harder,0
church,0
until,0
control,0
stay,0
block,0
match,0
gun,0
beyoncé,0
kept,0
begins,0
shut,0
survive,0
mostly,0
election,0
pants,0
activity,0
fun,0
tonight,0
after,0
black,0
%,0
cross,0
minds,0
healthy,0
himself,0
status,0
drama,0
cheap,0
claims,0
expect,0
missed,0
setting,0
richard,0
picks,0
charge,0
candy,0
pieces,0
adventure,0
comfort,0
say,0
made,0
fraud,0
selling,0
risks,0
major,0
miley,0
iconic,0
win,0
cold,0
probably,0
brooklyn,0
regular,0
tree,0
book,0
memories,0
letting,0
seeking,0
fire,0
constantly,0
skin,0
bright,0
brain,0
residents,0
suffering,0
lifestyle,0
tried,0
anti,0
minutes,0
congressional,0
risk,0
driver,0
hawaii,0
hero,0
tragedy,0
french,0
upcoming,0
list,0
presidency,0
suit,0
alabama,0
excited,0
nature,0
knows,0
opened,0
moms,0
freedom,0
house,0
italian,0
pick,0
celebration,0
herself,0
musical,0
mom,0
sleep,0
appeared,0
winter,0
running,0
fourth,0
tells,0
inspiring,0
dying,0
gave,0
tv,0
therapy,0
korea,0
island,0
disaster,0
films,0
source,0
wednesday,0
near,0
repeal,0
everyday,0
project,0
owner,0
target,0
lee,0
played,0
movie,0
paul,0
director,0
ending,0
heat,0
knowing,0
television,0
interesting,0
iowa,0
amount,0
throw,0
crash,0
page,0
soccer,0
athletes,0
views,0
battle,0
affordable,0
convention,0
decide,0
proof,0
protect,0
warning,0
expert,0
documentary,0
democratic,0
his,0
editor,0
alleged,0
follow,0
literally,0
here,0
huffington,0
possible,0
ball,0
short,0
home,0
pink,0
receive,0
routine,0
david,0
cause,0
veterans,0
pain,0
camp,0
yourself,0
officially,0
honor,0
european,0
actions,0
hillary,0
seek,0
barack,0
grand,0
keeps,0
prime,0
via,0
open,0
busy,0
lines,0
along,0
ahead,0
earth,0
fox,0
live,0
love,0
inspired,0
event,0
accused,0
immigrants,0
happiness,0
hand,0
rest,0
engagement,0
perry,0
extreme,0
app,0
she,0
family,0
border,0
worst,0
original,0
miles,0
pride,0
slow,0
bit,0
strategy,0
voter,0
says,0
court,0
shows,0
popular,0
health,0
conflict,0
daughter,0
seat,0
donald,0
least,0
trial,0
couple,0
former,0
eating,0
trump,0
writer,0
figure,0
inner,0
sad,0
train,0
places,0
favorite,0
cover,0
daily,0
pretty,0
fired,0
christian,0
activists,0
deadly,0
talks,0
death,0
dads,0
told,0
friends,0
charged,0
outside,0
staff,0
including,0
alive,0
leaves,0
cheese,0
medicine,0
teen,0
nyc,0
sun,0
suicide,0
drugs,0
months,0
florida,0
lawyer,0
wants,0
storm,0
holiday,0
hour,0
voting,0
fear,0
harry,0
guys,0
statement,0
her,0
door,0
super,0
cream,0
party,0
faith,0
hits,0
situation,0
france,0
judge,0
climate,0
pressure,0
cast,0
choices,0
surprising,0
named,0
body,0
award,0
employees,0
visit,0
mental,0
incredible,0
boy,0
dead,0
host,0
refugees,0
cooking,0
iraq,0
sick,0
bar,0
player,0
scene,0
movies,0
size,0
bed,0
hurricane,0
funny,0
republicans,0
suspect,0
airport,0
he,0
williams,0
went,0
stress,0
friendly,0
feeling,0
fitness,0
queen,0
names,0
rule,0
beauty,0
car,0
mass,0
supreme,0
republican,0
brings,0
won,0
campaign,0
james,0
pop,0
trailer,0
depression,0
land,0
trust,0
break,0
doctor,0
wanted,0
dance,0
said,0
caught,0
happy,0
certainly,0
fat,0
woman,0
prince,0
ted,0
awesome,0
hot,0
got,0
attorney,0
fit,0
study,0
officer,0
wars,0
mike,0
hill,0
held,0
golden,0
dr,0
shares,0
blue,0
bank,0
killing,0
hospital,0
signs,0
gets,0
found,0
prison,0
below,0
john,0
hit,0
easy,0
perfect,0
kitchen,0
team,0
europe,0
police,0
vote,0
attack,0
totally,0
eye,0
night,0
gop,0
joy,0
decades,0
show,0
store,0
tour,0
immigration,0
trans,0
date,0
video,0
single,0
office,0
dangerous,0
official,0
diet,0
food,0
russian,0
tuesday,0
eat,0
cool,0
sign,0
paris,0
women,0
