networx,130
☼,130
macondo,130
halliburton,130
oso,130
hydroponics,130
motavalli,130
margit,130
cianelli,130
rehabilitator,130
leiserowitz,130
buzzell,130
ooho,130
parrotfish,130
parrotfishes,130
uhu,130
beaks,130
zoologist,130
semenov,130
joeys,130
ruminant,130
saleswoman,130
beulah,130
pocked,130
blantyre,130
d'estries,130
outdoing,130
плохая,130
новость,130
животные,130
харьковского,130
зоопарка,130
на,130
грани,130
гибели,130
из,130
за,130
отсутствия,130
финансирования,130
http://t.co/jc4svoxc7c,130
pic.twitter.com,130
waterhole,130
quelccaya,130
salinity,130
wildleaks,130
mclendon,130
gangplank,130
opic,130
2/16/2014,130
ac&c,130
delisted,130
millstone,130
wracked,130
sceptics,130
bellinger,130
kamapua'a,130
wettest,130
criticising,130
laserwolf,130
loa,130
arachnids,130
prognosticate,130
zoological,130
slovenians,130
casselton,130
carlozo,130
aquascapes,130
aquascaping,130
crittercams,130
bloodlust,130
designations,130
cubbies,130
greyhounds,130
justificatory,130
sposito,130
albertine,130
graben,130
goldens,130
overproduction,130
owlly,130
irruption,130
irruptions,130
nonpolluting,130
moen,130
pikas,130
portents,130
stormwater,130
kabibe,130
slamshell,130
varty,130
londolozi,130
dualism,130
dereck,130
joubert,130
roselle,130
tomblin,130
hughesville,130
willcox,130
ridgefield,130
seralini,130
caen,130
criigen,130
earth/,130
courage/,130
kxl,130
sian,130
ka'an,130
peccary,130
kualii,130
anthropogenic,130
coqui,130
flykly,130
niko,130
klansek,130
gilliatt,130
hollers,130
abrahm,130
lustgarten,130
shrimpers,130
levees,130
floodplains,130
frack,130
squirrelus,130
interruptus,130
trask,130
nazaré,130
disquieting,130
bovine,130
maximiliano,130
rizzi,130
eruptos,130
bushfires,130
calverton,130
lefevre,130
idlers,130
mallin,130
blissed,130
anadarko,130
ecotality,130
phailin,130
mews,130
margianno,130
mewing,130
horsing,130
buckinghamshire,130
ef4,130
fawl,130
thumper,130
markham,130
murmansk,130
papayas,130
whackers,130
reappointment,130
barstow,130
nsfwcorp,130
trainee,130
jaymi,130
heimbuch,130
majuro,130
norther,130
microgrids,130
zaelke,130
kewalo,130
uncontainable,130
expediting,130
rups,130
hypervocal,130
terceira,130
drakes,130
esselstyn,130
sealife,130
bittiness,130
misnamed,130
keevan,130
dinkel,130
dnr,130
mei,130
xiang,130
jub,130
restock,130
plaquemines,130
cuadrilla,130
davison,130
gowanus,130
hamakua,130
noyle,130
grindtv,130
overbred,130
przewalski,130
foal,130
hammack,130
leonibus,130
wimberley,130
chirp!+,130
shoddily,130
multifunctional,130
polydactyl,130
daktylos,130
traer,130
bullards,130
gerri,130
papillion,130
alpacas,130
levermann,130
dilila,130
aldabra,130
pedrono,130
profanation,130
reichling,130
rodeos,130
lik,130
jeering,130
mandarinfish,130
techling,130
earthtechling,130
muar,130
ledang,130
kirkenes,130
spicebush,130
swallowtail,130
sayward,130
rebhal,130
centralization,130
meru,130
translocating,130
modems,130
dardar,130
dispersants,130
tamandua,130
bryde,130
lemurs,130
midamerican,130
seabirds,130
chiweenie,130
ayes,130
sukalich,130
koshare,130
edouardes,130
schofer,130
chaya,130
harte,130
demodectic,130
demodex,130
pteropods,130
mazzoni,130
takepart,130
oilmen,130
43-years,130
musth,130
dribbling,130
kudus,130
gerken,130
c02,130
gagliano,130
ladouceur,130
spaying,130
unspayed,130
22-pound,130
wrinkly,130
marijuanamerica,130
gullets,130
augie,130
poydras,130
alot,130
ulidiid,130
monomoy,130
piacentini,130
uavsar,130
aerosols,130
transocean,130
caspian,130
btc,130
whidbey,130
skipjack,130
noordhoek,130
sapa,130
lambinon,130
dscn4652,130
deforestaction,130
connemara,130
prodding,130
tapirs,130
aardvark,130
centralizers,130
disspirits,130
souweine,130
izumi,130
ishii,130
futo,130
dolphinariums,130
nepa,130
threefold,130
pollinating,130
hellenes,130
delphi,130
klondike,130
eelpout,130
oceanlab,130
nor'easters,130
arachnophobes,130
antônio,130
platina,130
openreporting,130
jinlun,130
lorises,130
unsound,130
radon,130
lipingzi,130
chestney,130
pravin,130
crowdfunders,130
deluges,130
sitkalidak,130
yereth,130
kulluk,130
narwhal,130
superstorms,130
mattingly,130
damai,130
doorly,130
toles,130
shayna,130
meliker,130
ecomarkets,130
winterizing,130
nws,130
tomball,130
ornithologist,130
senner,130
ornithology,130
tregeagle,130
hippopotamus,130
biodistrict,130
gravitylight,130
spay,130
beachings,130
domoic,130
yorkiecam,130
lanzhou,130
menhaden,130
anglers,130
royte,130
radioactivity,130
inbreeding,130
­­--,130
huskycam,130
leapfrogging,130
recyclables,130
purina,130
unep,130
zooborns,130
denning,130
litters,130
yipped,130
rotkin,130
ellman,130
blackey,130
ashen,130
barbi,130
diploradical,130
hartwig,130
mcnoldy,130
creeds,130
co2-producing,130
unruliness,130
fujiwhara,130
megastorm,130
pavane,130
taronga,130
bumblebee,130
sited,130
songdo,130
ab32,130
wriggling,130
grillo,130
mv,130
vicugna,130
pacos,130
exploratorium,130
carmageddon,130
sharlene,130
leurig,130
liliger,130
shujaa,130
komoro,130
sycamores,130
loggers,130
sgcc,130
gober,130
tittel,130
spca,130
kurr,130
oda,130
moores,130
herbivorous,130
uploader,130
diluents,130
hobet,130
heineman,130
solazyme,130
gevo,130
niña,130
bbqed,130
kuskokwim,130
fireline,130
zoonoses,130
coalfields,130
substations,130
statesmanlike,130
daken,130
maler,130
embalm,130
cropp,130
toxies,130
dis)honors,130
javan,130
fetid,130
kenguru,130
translogic,130
mandell,130
pillage,130
klotzbach,130
trike,130
weis,130
rearings,130
allomothering,130
pitcairn,130
average-,130
taroa,130
maldivian,130
ichi,130
gallantly,130
bilby,130
rushbo,130
elgin,130
hse,130
red'-coded,130
hailstone,130
petru,130
spevack,130
microfarms,130
decorah,130
coiba,130
senacyt,130
longlines,130
yellowfin,130
whalers,130
nrc,130
relicensing,130
gui,130
sanjeev,130
alpharetta,130
wattenberg,130
pekin,130
kosair,130
podoll,130
mnn,130
krosnick,130
kolodzinski,130
wagstrom,130
yaoman,130
shinbing,130
yaoxin,130
lulin,130
turntablist,130
szaky,130
bahuaja,130
sonene,130
schachner,130
noc,130
pygmy,109
rio+20,109
reusing,104
beagles,104
neuter,104
carcass,98
techmedianetwork,98
aye,98
frac,98
kurtz,98
mange,98
henryville,98
vetstreet,89
seaquarium,87
dealnews,87
frogger,87
maisy,87
correa,87
oskin,87
kemosabe,87
chirp,87
slugs,87
doberman,87
reclassified,87
habitats,87
fins,87
fractals,87
phipps,87
hypodermic,87
fishery,87
rena,87
alpaca,87
rockville,87
landowners,87
pavlov,87
wthr,87
monikers,78
oo,78
li'l,78
faustian,78
opossum,78
bp,77
polluting,70
sloth,69
transcanada,65
tortoises,65
arable,65
ballengée,65
amphibians,65
hebei,65
ghg,65
roos,65
lanai,65
oceana,65
rowed,65
leona,65
jyllands,65
tarps,65
snowpack,65
siebert,65
cockatoo,65
kosovars,65
lolita,65
poplar,65
chanie,65
loathsome,65
stranding,65
photojournalistic,65
birdcage,65
lunged,65
lemmings,65
lemming,65
ustream,65
ecuadorians,65
tomcat,65
hickman,65
stubs,65
acidification,65
typhoons,65
reining,65
carvalho,65
overpopulation,65
rhine,65
windward,65
giraffes,65
burps,65
rachelle,65
platypus,65
wallabies,65
quantification,65
barbier,65
amnesic,65
mandi,65
neuroendocrine,65
accuweather,65
foals,65
abbotts,65
rhinos,65
novosti,65
garret,65
doody,65
euthanize,65
walruses,65
cameramen,65
zelie,65
pollon,65
azores,65
irks,65
demetri,65
petted,65
groomers,65
northward,65
rupture,65
réunion,65
honeycomb,65
westside,65
beachgoer,65
walden,65
weepy,65
nrdc,65
nino,65
marchetti,65
najib,65
ostriches,65
routers,65
merseyside,65
yala,65
lemur,65
arpa,65
capuchin,65
tvn,65
lipka,65
yura,65
fireflies,65
puffins,65
pigtails,65
cicada,65
deodorants,65
neutering,65
pegasus,65
capybaras,65
kms,65
lighted,65
wwf,65
barnhill,65
parson,65
cous,65
tapir,65
greenies,65
tickling,65
diageo,65
gazelles,65
gasland,65
blobs,65
careerbuilder,65
bankability,65
meerkats,65
gelatinous,65
brinkmanship,65
molehill,65
fissure,65
kull,65
mariner,65
humboldt,65
mckibben,65
foiling,65
marsupial,65
recyclable,65
boarders,65
observable,65
shockwaves,65
slidechute,65
linkages,65
drenching,65
enlightens,65
ouramazingplanet,65
pringle,65
kiara,65
geomagnetic,65
ando,65
capt,65
møller,65
bpd,65
restarted,65
biofuels,65
johnsons,65
gar,65
ifaw,65
goldenberg,65
meteorology,65
nsw,65
discards,65
troves,65
untainted,65
levick,65
agro,65
sandcastles,65
iucn,65
toed,65
undisturbed,65
10-week,65
tejada,65
whaling,65
indus,65
borer,65
hrh,65
rabidly,65
phe,65
casks,65
sneers,65
oceanside,65
precautionary,65
cycled,65
shorelines,65
qing,65
miglani,65
creeks,65
holler,65
aleutian,65
treehugger,65
abominations,65
chairlifts,65
vents,65
cuddly,60
rigs,56
beluga,56
baboons,56
algae,54
xl,53
porcupine,52
ipcc,52
mitigation,52
kirschner,52
taiji,52
pandas,52
flashlight,52
poacher,52
jugs,52
rosebud,52
birdsong,52
bering,52
sumatran,52
ecologically,52
pedals,52
reforestation,52
liquefied,52
andrey,52
sands,52
tornado,50
greenpeace,49
tar,49
manatees,49
molasses,49
diablo,49
chaser,49
anthropocene,49
oceanic,47
captions,47
keystone,45
panda,43
deformities,43
graze,43
e.p.a,43
sabeen,43
wipeout,43
pummels,43
tuba,43
desalination,43
hampered,43
noaa,43
indonesians,43
astonishingly,43
microchip,43
itc,43
instructs,43
harrington,43
newseum,43
donohue,43
retardant,43
birder,43
boaters,43
plundering,43
vinland,43
pika,43
floe,43
downpours,43
cookery,43
cushing,43
gibbon,43
biosphere,43
khao,43
conservancy,43
peoria,43
munch,43
exhaust,43
yangtze,43
pieced,43
puckett,43
snatcher,43
attaching,43
otter,43
hippos,43
ghouls,43
westfield,43
bamboozled,43
aston,43
soybean,43
ria,43
peroxide,43
mccurry,43
outages,43
zookeepers,43
hedgehogs,43
insemination,43
tilts,43
modules,43
freedman,43
gestation,43
lassie,43
greenest,43
distemper,43
congested,43
playmates,43
razak,43
fertilization,43
reliability,43
sherwin,43
pointe,43
brutus,43
chipmunk,43
seaboard,43
albino,43
suriname,43
belinda,43
piggies,43
madcap,43
relinquished,43
chasers,43
lagniappe,43
extinctions,43
geologists,43
hopkin,43
burials,43
pled,43
cranial,43
asiatic,43
conservatory,43
garners,43
sq,43
adjourned,43
rickety,43
aspca,43
condor,43
galway,43
bly,43
assesses,43
pushers,43
blanketing,43
greening,43
flamingos,43
baptized,43
gobbler,43
streetcar,43
subspecies,43
flouts,43
macaques,43
nipping,43
inequitable,43
towing,43
dwindle,43
unchartered,43
yorkie,43
possum,43
curbside,43
laggard,43
gmt,43
nor'easter,43
reinforcements,43
rampton,43
turbines,43
tippy,43
leering,43
sewer,43
decider,43
connally,43
jens,43
gw,43
alfalfa,43
littles,43
climatologist,43
pachyderms,43
warehoused,43
westward,43
depravity,43
koalas,43
antenna,43
barros,43
slade,43
facilitates,43
shumlin,43
undersea,43
ostensible,43
consumptive,43
postdoctoral,43
jenifer,43
swordfish,43
spiffy,43
tat,43
crossfire,43
webcams,43
instigate,43
macaw,43
otters,43
aquarium,41
gases,41
reuse,41
km,40
sloths,40
deforestation,39
moran,39
animal,38
logging,37
biodiversity,37
mauna,37
wallaby,37
carlisle,37
reliant,37
emission,37
punxsutawney,37
dialogues,37
sedgwick,37
environmentalists,36
plastics,36
platt,36
poaching,36
spill,36
mudslide,36
wastewater,36
crunching,36
backyards,36
twister,36
cicadas,36
tornadoes,35
recycling,35
glaciers,35
snail,35
pollutants,35
bamboo,35
enbridge,35
fukushima,34
fracking,34
dioxide,34
species,34
greenhouse,33
ecosystems,33
orangutans,33
prognosis,33
critters,33
preemptively,33
avalanches,33
reintroduce,33
bounding,33
minimized,33
marius,33
redistribute,33
fearsome,33
basing,33
gazette,33
stopover,33
untrained,33
portly,33
absurdities,33
reposted,33
unlikeliest,33
gilles,33
ambient,33
exasperated,33
brazenly,33
haiyan,33
unnaturally,33
labrador,33
raptor,33
collisions,33
cheetah,33
heimlich,33
stings,33
condon,33
gourds,33
superlative,33
docking,33
woodland,33
borscht,33
ravages,33
sheepish,33
garbo,33
polluter,33
rosanna,33
naturel,33
regrow,33
missoula,33
littleton,33
poly,33
palo,33
verde,33
meteorological,33
squeal,33
thunderstorm,33
deathly,33
reboots,33
appendages,33
oozes,33
frontwoman,33
extracting,33
farmed,33
nearer,33
farmworkers,33
freckles,33
upcycled,33
res,33
tinseltown,33
mayflower,33
jovial,33
prawns,33
carcasses,33
corals,33
irises,33
recklessly,33
setters,33
promoters,33
covington,33
aberdeen,33
greenlight,33
livelihood,33
loyola,33
aground,33
wilmington,33
unsuitable,33
hummingbirds,33
inboxes,33
selfishly,33
rockaways,33
silica,33
scrawny,33
seafloor,33
ceres,33
coauthor,33
turbine,33
leasing,33
zookeeper,33
shards,33
r.i,33
listless,33
automobiles,33
muller,33
coloured,33
lonesome,33
mangroves,33
beryl,33
starfish,33
peeks,33
adaptability,33
madmen,33
reactors,33
laurels,33
contemplates,33
glacial,33
kyra,33
foulkes,33
stabilized,33
starre,33
vartan,33
uninhabited,33
procurement,33
komen,33
snowboarders,33
copley,33
wolves,31
chevron,31
bristol,31
chihuahua,31
barrels,31
deepwater,31
puppies,31
peta,30
kosovo,30
veterinarian,30
bulldogs,30
norfolk,30
rainforests,30
rhino,30
giraffe,30
captivity,29
lioness,29
displace,29
commenced,29
buries,29
odin,29
overstated,29
fishes,29
thermostat,29
koala,29
renewables,28
unregulated,28
kauai,28
warmed,28
extraction,28
canyons,28
barge,28
heartland,28
alaskan,27
conservationists,27
zoo,27
greenland,26
redford,26
msc,26
mammals,26
crocodiles,26
p.m,26
cubic,26
barreling,26
kea,26
artfully,26
landfill,26
unsustainable,26
hoarded,26
obscenely,26
retrievers,26
parrots,26
droughts,26
galveston,26
pangs,26
warsaw,26
retracted,26
gaia,26
pester,26
hinting,26
enthralling,26
legitimizing,26
coloradans,26
danube,26
squirrels,26
dehumanize,26
extermination,26
canaries,26
bop,26
renata,26
mojave,26
pollute,26
retinal,26
summarizes,26
kitties,26
sequoia,26
prosthetics,26
trendiest,26
stead,26
cock,26
davey,26
breeder,26
scorpions,26
crates,26
corgis,26
contaminating,26
sinuses,26
pleats,26
pollinators,26
grist,26
yawns,26
binoculars,26
74th,26
swelled,26
anchorage,26
collars,26
fours,26
sampson,26
upcycle,26
agribusiness,26
pulsating,26
maltese,26
bestows,26
pomeranian,26
neglects,26
easygoing,26
dianna,26
blanketed,26
councils,26
rapacious,26
yukon,26
banding,26
cyclones,26
flatten,26
rangel,26
dealership,26
widget,26
frankenstorm,26
parasites,26
incheon,26
1900s,26
instinctive,26
emit,26
nh,26
expedition,26
walrus,26
gusts,26
unaccountable,26
disheartened,26
overthrown,26
grocer,26
manmade,26
dishonesty,26
vibrations,26
resuscitate,26
tit,26
talkers,26
keystrokes,26
viii,26
newcastle,26
jellyfish,25
squid,24
parrot,24
alligators,24
appalachia,24
nemo,24
extreme,24
polar,24
arctic,24
wildlife,24
barnard,24
aquatic,24
fertilizer,24
autumnal,24
forecasters,24
botanical,24
checker,24
slowest,24
conservation,23
whale,23
tigers,23
monkeys,23
livestock,23
gorillas,23
galapagos,23
geographic,23
forecasts,23
atmospheric,23
endangered,23
weather,23
vortex,22
recycled,22
penguins,22
cubs,22
storms,22
drought,22
fabled,22
wonks,22
baddest,22
fused,22
wingers,22
pasture,22
matthias,22
thawing,22
unpunished,22
consultations,22
leapt,22
contingent,22
befitting,22
blackouts,22
forecasting,22
gory,22
orcas,22
infomercial,22
ets,22
docket,22
joplin,22
clamping,22
expanse,22
vegetation,22
terrestrial,22
mainstay,22
guerra,22
clings,22
biotech,22
commences,22
confiscated,22
colonization,22
displacing,22
pacts,22
mesa,22
caldwell,22
groves,22
plume,22
cull,22
tilting,22
modular,22
emitting,22
horny,22
optimists,22
cello,22
refute,22
floss,22
litter,22
dulles,22
pugs,22
admirers,22
mating,22
mites,22
tenuous,22
downstream,22
cheaply,22
ruptured,22
emerson,22
tarantula,22
skimping,22
erm,22
bastards,22
enormity,22
geoengineering,22
honeybees,22
natured,22
zebras,22
localized,22
dunne,22
groundswell,22
greener,22
arbitrarily,22
emitted,22
pooling,22
marveled,22
tusk,22
evenly,22
implication,22
meteorologists,22
mays,22
buckling,22
merrill,22
colonies,22
lyles,22
josie,22
stifling,22
fairfield,22
wolfson,22
wolverines,22
graphs,22
exacerbated,22
cameos,22
romanticized,22
instills,22
lifespans,22
surfacing,22
penetrate,22
instruct,22
vandenberg,22
illogical,22
drier,22
47-year,22
barnett,22
estee,22
degenerate,22
pixels,22
warming,21
elephants,21
melting,21
pesticide,21
pipeline,21
cub,21
prairie,21
snowfall,21
oahu,21
cyclone,21
iditarod,21
calf,20
gmo,20
decried,20
dora,20
koh,20
orangutan,20
mimi,20
onlookers,20
lacey,20
appalachian,20
cement,20
lightning,19
glacier,19
whales,19
lions,19
menacing,19
migrating,19
icebergs,19
reefs,19
gladys,19
hippo,19
invasive,19
splashed,19
ecological,19
unison,19
wretched,19
unappealing,19
gopro,19
retardants,19
mailman,19
ugandans,19
adaptive,19
armies,19
coastlines,19
friendlier,19
chimpanzees,19
marta,19
readings,19
gill,19
hickenlooper,19
swiping,19
sponges,19
presiding,19
carcinoma,19
ponies,19
hydrogen,19
leopards,19
retriever,19
hfcs,19
token,19
scorch,19
waterways,19
beagle,19
trish,19
beetles,19
roaches,19
disinformation,19
precedents,19
nocturnal,19
uploaded,19
kin,19
larvae,19
barnyard,19
euthanasia,19
genus,19
bandmates,19
pummeled,19
indonesian,19
inhofe,19
rarest,19
eloquently,19
snows,19
superstorm,19
navel,19
knob,19
binghamton,19
shale,19
char,19
degraded,19
microscope,19
sequestration,19
metals,19
remainder,19
wreaked,19
62-year,19
campers,19
syringe,19
vacay,19
kalamazoo,19
connolly,19
grazing,19
ranchers,19
shortfall,19
indies,19
accounted,19
dudley,19
fracturing,19
lombardi,19
instinctively,19
anyways,19
gratefulness,19
gravely,19
behooves,19
cuddles,19
valdez,19
recklessness,19
weaning,19
mrsa,19
telecast,19
xlvi,19
southampton,19
carbon,18
shark,18
dolphins,18
animals,18
chemicals,18
orphaned,18
kangaroo,18
apes,18
polluted,18
tortoise,18
staten,18
zebra,17
vigorously,17
equinox,17
toxicity,17
madagascar,17
oceans,17
kitten,17
debris,17
renewable,17
dolphin,17
insect,17
shepherd,17
mountaintop,17
bulldog,17
dependence,17
headlines,17
turtles,16
blob,16
geological,16
worsens,16
virginians,16
pesticides,16
yosemite,16
fin,16
reptiles,16
odious,16
frolicking,16
50-year,16
collared,16
acceleration,16
submerged,16
wreaks,16
parasite,16
squared,16
vilify,16
roamed,16
unscathed,16
promenade,16
amnesia,16
trunk,16
squeaky,16
purists,16
atrophy,16
substitutions,16
laboratory,16
timber,16
32nd,16
retreating,16
hump,16
confluence,16
hedgehog,16
landscaper,16
packets,16
bison,16
cranked,16
plows,16
flares,16
thoreau,16
playdate,16
underbelly,16
poisonous,16
caretakers,16
photogenic,16
foraging,16
tandem,16
revisions,16
liabilities,16
sequester,16
watershed,16
hilltop,16
gibbons,16
retains,16
spacious,16
chimpanzee,16
extracted,16
regularity,16
hatched,16
doha,16
fowl,16
geographical,16
rattles,16
southeastern,16
cleanup,16
pollination,16
creepiest,16
58-year,16
wading,16
disturbances,16
breaching,16
quakes,16
zuckerman,16
concentrations,16
curtail,16
approvals,16
landfills,16
bureaucrats,16
lobsters,16
ferocious,16
formations,16
crawled,16
fluke,16
connotations,16
avon,16
lords,16
abounds,16
flourishes,16
connelly,16
elephant,16
footprint,16
honolulu,16
worms,16
breed,16
moose,16
creatures,16
creature,15
charismatic,15
shells,15
habitat,15
greets,15
accelerating,15
intrepid,15
baths,15
commuters,15
pebble,15
snowstorm,15
mammal,15
bald,15
climate,15
midwest,15
gallons,15
gorilla,15
surfers,15
fishermen,15
gas,15
pups,15
transport,15
reef,15
coral,15
gulf,15
eco,15
humane,14
colony,14
harvests,14
heirs,14
saharan,14
electricity,14
divers,14
cove,14
elk,14
taint,14
outfitted,14
habitable,14
jammies,14
dispatched,14
swallows,14
peacefulness,14
unfazed,14
blight,14
christmastime,14
plentiful,14
bearded,14
feral,14
depended,14
davenport,14
helium,14
overriding,14
propublica,14
rubbed,14
laurel,14
dwindling,14
gaggle,14
irene,14
expedited,14
skunk,14
itty,14
pooches,14
rubs,14
breeding,14
heatwave,14
poles,14
throats,14
toxin,14
colo,14
dachshund,14
adventurers,14
domesticated,14
swans,14
delicately,14
shatner,14
satellites,14
brutalized,14
camels,14
communism,14
endowed,14
altruistic,14
chimp,14
zhang,14
adelaide,14
kirby,14
terrier,14
awol,14
asbestos,14
flowed,14
reusable,14
llama,14
quantities,14
pests,14
gizmos,14
contexts,14
edmonton,14
parnell,14
entertains,14
oddball,14
wreaking,14
handlers,14
pouch,14
cozying,14
welsh,14
empires,14
restaurateur,14
marlins,14
reservoir,14
facilitating,14
bicycles,14
brink,14
dumped,14
wilderness,14
bio,14
feline,14
cod,14
gdp,14
flooding,14
meatless,14
sierra,14
pollution,14
puppy,14
visually,14
crab,14
securing,14
blazes,14
alberta,14
scaling,14
warmest,14
inconvenience,14
lang,14
wichita,14
antarctica,14
storm,14
regions,14
smog,13
leaking,13
groundhog,13
pictures,13
emissions,13
coal,13
sharks,13
landslide,13
catastrophic,13
northeast,13
forest,13
sandy,13
underwater,13
poked,13
compel,13
tarnish,13
macro,13
imposes,13
ozone,13
calculating,13
leopard,13
derided,13
stashed,13
ponders,13
rebranding,13
winged,13
dispensaries,13
mistletoe,13
peters,13
ubuntu,13
finalize,13
explorers,13
lola,13
samaritans,13
override,13
raged,13
charger,13
notified,13
seared,13
bark,13
checkup,13
handicapped,13
unequivocal,13
kennel,13
sahara,13
residing,13
videographer,13
bakes,13
breyer,13
kiddie,13
crist,13
shimmering,13
entries,13
okla,13
brood,13
lotions,13
grinding,13
primates,13
folds,13
orchard,13
himalayas,13
cortez,13
pigeons,13
improperly,13
unbearably,13
brunt,13
elixir,13
byproduct,13
plantations,13
illustrious,13
lore,13
mavens,13
java,13
jacksonville,13
diversify,13
gunfight,13
amped,13
scallops,13
plummeted,13
unfiltered,13
mackenzie,13
isaac,13
rainfall,13
shrunken,13
remnants,13
charred,13
riverdale,13
walkable,13
grasping,13
densely,13
hd,13
tufts,13
jurisdiction,13
rags,13
linsanity,13
prays,13
adept,13
oil,13
petersburg,13
efficiency,13
listener,12
scarcity,12
drenched,12
parish,12
ruffalo,12
parodies,12
drilling,12
antarctic,12
monsanto,12
fisherman,12
ocean,12
extinct,12
prey,12
grassroots,12
marine,12
nature,12
sustainability,12
caretaker,12
shoddy,12
batters,12
crammed,12
transported,12
emperor,12
contamination,12
bred,12
shrouded,12
trappings,12
barker,12
ratified,12
chemist,12
vigilante,12
reviled,12
ants,12
audacious,12
firefighter,12
unmistakable,12
piracy,12
riddle,12
chesapeake,12
rim,12
warring,12
hoarder,12
hardworking,12
submitting,12
refinery,12
zoos,12
caged,12
felines,12
discarded,12
meter,12
erie,12
sustains,12
cameraman,12
demolished,12
coastline,12
eventful,12
devour,12
theoretically,12
conditioners,12
pungent,12
seals,12
mcdaniel,12
swam,12
li,12
busch,12
submissions,12
spurring,12
metaphors,12
plains,12
barren,12
litany,12
motorists,12
risking,12
trapping,12
stingray,12
tentatively,12
momofuku,12
spelled,12
newport,12
repaired,12
mudslides,12
shrugged,12
xvi,12
snorkeling,12
stewardship,12
42nd,12
faucet,12
himalayan,12
isles,12
mckenzie,12
handouts,12
fahrenheit,12
sea,12
livescience,12
soil,12
crude,12
hatch,12
jars,12
pumping,12
shores,12
canal,12
eagle,11
hurricane,11
environmental,11
shelter,11
dangerously,11
proximity,11
stricken,11
blooms,11
imported,11
dwellers,11
rescues,11
disappearing,11
dartmouth,11
beads,11
dots,11
terri,11
lakes,11
goats,11
fossil,11
forests,11
kittens,11
tsunami,11
trout,11
diving,11
initiating,11
disobedience,11
biologists,11
relay,11
antibacterial,11
brewery,11
arranging,11
reductions,11
probability,11
flanagan,11
unsurprising,11
co2,11
divest,11
chemically,11
extraordinaire,11
littered,11
marx,11
cpr,11
straining,11
permit,11
carton,11
coexist,11
shoved,11
carlo,11
chatty,11
tummy,11
uranium,11
euthanized,11
rediscovered,11
scanning,11
packaging,11
trumpet,11
testified,11
expel,11
venomous,11
shrunk,11
avoidable,11
inhabitants,11
compulsory,11
oracle,11
ngo,11
raining,11
sighted,11
huddle,11
uncertainties,11
spills,11
blunder,11
subsidized,11
exacerbate,11
sidney,11
siberian,11
naval,11
livelihoods,11
incremental,11
masquerading,11
brazilians,11
villagers,11
forgetful,11
mislead,11
woodward,11
poisons,11
salem,11
rearing,11
baseline,11
pet,11
winds,11
alaska,11
bugs,11
regulatory,11
seaworld,11
earthquakes,10
starvation,10
shelters,10
spiders,10
speeds,10
hurricanes,10
greedy,10
sled,10
males,10
plants,10
grid,10
sheep,10
temperatures,10
cats,10
energy,10
flood,10
outcry,10
scrap,10
evacuated,10
irreversible,10
understandably,10
dreamt,10
souvenirs,10
monarch,10
crabs,10
roost,10
irreplaceable,10
parsley,10
inexcusable,10
mckayla,10
egyptians,10
pioneered,10
bins,10
cattle,10
ac,10
incomparable,10
waged,10
poodle,10
ostrich,10
calgary,10
hawke,10
yawning,10
spoils,10
corgi,10
tanya,10
breakthroughs,10
monitored,10
gargantuan,10
stalemate,10
reindeer,10
roofs,10
haitians,10
turnaround,10
organisms,10
millie,10
ramping,10
stave,10
kooky,10
inevitability,10
insistence,10
nexus,10
charmed,10
skyscrapers,10
sideways,10
roommates,10
fatalities,10
proliferation,10
environmentalist,10
ids,10
rescued,10
bees,10
birds,10
firefighters,10
highlighted,10
canyon,10
snow,10
bpa,10
traces,10
proponents,10
sperm,10
lapse,10
reserves,10
kathryn,10
pinot,10
hydraulic,10
traps,10
buses,10
produces,10
wildfires,9
exxon,9
manatee,9
pig,9
impacts,9
greyhound,9
bears,9
favoring,9
southwestern,9
succumb,9
preoccupied,9
batteries,9
pets,9
personhood,9
maroney,9
worsening,9
collar,9
archipelago,9
terminals,9
ram,9
malnourished,9
delve,9
hops,9
slashes,9
susie,9
oddest,9
arose,9
anomaly,9
whispers,9
gals,9
trampled,9
veterinary,9
softer,9
cousins,9
imperiled,9
ore,9
seas,9
characterize,9
emailed,9
rattled,9
shane,9
mildly,9
churning,9
dome,9
consumerism,9
weirder,9
taipei,9
nairobi,9
kilometers,9
lauder,9
icy,9
enjoys,9
majestic,9
creek,9
reserved,9
radiation,9
populations,9
waste,9
insects,9
occurring,9
dispatch,9
lick,9
rub,9
richmond,9
wee,9
levi,9
adage,9
breeds,9
offs,9
eagles,9
mining,9
destruction,9
impacted,9
damaged,9
wandering,9
indonesia,9
devastated,9
electric,9
lush,9
abundant,9
infuse,9
californian,9
outweigh,9
sensors,9
overrun,9
gleaming,9
looting,9
institutionalized,9
rushes,9
boyd,9
scandinavia,9
aha,9
limp,9
rabbit,9
commuting,9
overcrowded,9
nuisance,9
cows,9
vigils,9
jindal,9
lemons,9
hooray,9
texan,9
rotting,9
furnishings,9
crawling,9
taiwanese,9
fosters,9
billing,9
tirelessly,9
appreciative,9
hula,9
samaritan,9
entity,9
o'connor,9
sprawling,9
additions,9
grounding,9
brimming,9
dangling,9
arenas,9
rig,9
borough,9
snowboarder,9
relocate,9
hikers,9
dissect,9
informative,9
equestrian,9
prominently,9
thatcher,9
watered,9
omnibus,9
sunbathing,9
28th,9
pedal,9
thurman,9
uninformed,9
constructing,9
referee,9
supply,9
courtesy,9
cap,9
marched,9
innovations,9
cleaner,9
export,9
nye,9
earth,8
detected,8
nile,8
contained,8
shit,8
projections,8
skeleton,8
containers,8
lion,8
warmer,8
sustainable,8
tuna,8
temperature,8
shell,8
mines,8
voyage,8
fernandez,8
include,8
ambassadors,8
massively,8
adoptions,8
designated,8
sewage,8
vimeo,8
counteract,8
snowy,8
perjury,8
reviving,8
fungus,8
restricted,8
meteorologist,8
russ,8
otis,8
wilder,8
sneaker,8
deschanel,8
wander,8
sacks,8
bargain,8
glare,8
momma,8
boating,8
evacuations,8
tireless,8
rotation,8
edison,8
electrical,8
tides,8
nesting,8
roberta,8
manipulating,8
43-year,8
skeletons,8
toppled,8
governmental,8
finn,8
coasts,8
ape,8
steroids,8
dumps,8
inland,8
repairs,8
oversaw,8
visualization,8
green,8
powered,8
severe,8
phase,8
oklahoma,8
avalanche,8
unavoidable,8
utility,8
ecosystem,8
testament,8
accelerate,8
hemisphere,8
river,8
blizzard,8
interactive,8
monkey,8
declaration,8
paradise,8
melt,8
cliff,8
cat,8
fuel,8
nebraska,8
cuter,8
limbaugh,8
javier,8
commenters,8
vaccinations,8
playtime,8
summits,8
counterfeit,8
tainted,8
installing,8
insatiable,8
cliffs,8
wackiest,8
hale,8
invincible,8
divestment,8
attuned,8
grueling,8
boarded,8
cabbage,8
extensively,8
becky,8
orphan,8
angers,8
dives,8
optimist,8
inventions,8
sourcing,8
mortal,8
petals,8
acquire,8
identification,8
erode,8
hanson,8
smoky,8
cm,8
treacherous,8
santo,8
ono,8
ave,8
rosen,8
prosperous,8
omaha,8
risked,8
idiots,8
illuminate,8
replacements,8
helicopters,8
intervene,8
17th,8
snuggle,8
harvesting,8
claws,8
decoration,8
inject,8
sidewalks,8
builder,8
manipulate,8
bevy,8
unlucky,8
wildfire,8
engineer,8
rapid,8
pumpkins,8
micro,8
encounters,8
solar,7
contributes,7
wales,7
environmentally,7
toxins,7
methane,7
pumped,7
southeast,7
fluffy,7
erupt,7
penguin,7
advises,7
insurers,7
predicted,7
strangest,7
recovered,7
projects,7
globally,7
fish,7
biology,7
evacuation,7
holt,7
butterflies,7
freeze,7
lifespan,7
inhumane,7
patches,7
unravel,7
jess,7
pier,7
discredit,7
clarification,7
abe,7
ailments,7
chatted,7
wrecked,7
tarnished,7
ark,7
interfering,7
drying,7
raccoon,7
petroleum,7
scourge,7
bore,7
females,7
beltway,7
economically,7
renters,7
amplify,7
jaws,7
breaches,7
tanker,7
fumes,7
triangle,7
impoverished,7
sunburn,7
durable,7
22nd,7
hubris,7
gears,7
heavens,7
bear,7
resulted,7
safari,7
wind,7
lou,7
aviation,7
traded,7
spilled,7
respiratory,7
observations,7
volcano,7
fuels,7
cage,7
atlantic,7
environment,7
salmon,7
blur,7
disasters,7
commented,7
orca,7
rockies,7
directorial,7
astonishing,7
marianne,7
deserts,7
buffer,7
recovers,7
photograph,7
raymond,7
rename,7
conn,7
sophomore,7
carrots,7
tubes,7
manufactured,7
relation,7
windshield,7
territories,7
preparedness,7
ramifications,7
orphans,7
aggressively,7
ashore,7
accuracy,7
urgently,7
borneo,7
tees,7
pickup,7
spiraling,7
bunk,7
chargers,7
surges,7
emphasizes,7
appetizers,7
murderers,7
makeshift,7
henderson,7
strolling,7
complacency,7
evaluating,7
antiquated,7
smoker,7
biologist,7
reckless,7
satellite,7
shield,7
cutest,7
editing,7
planet,7
extinction,7
coast,7
climb,7
leak,7
yellowstone,7
rebuilding,7
compilation,7
scraps,7
landscapes,7
butterfly,7
fog,7
farm,7
offshore,7
sources,7
rumble,7
midday,7
erratic,7
lovable,7
undertaking,7
stinks,7
crews,7
georgetown,7
boats,7
grin,7
antiques,7
ample,7
sightseeing,7
naive,7
rodeo,7
ontario,7
porch,7
droves,7
scented,7
handler,7
tier,7
vigorous,7
proceed,7
promptly,7
bout,7
n.c,7
understated,7
concede,7
contributors,7
menace,7
clicks,7
statistical,7
centrist,7
safeguards,7
abigail,7
unimpressed,7
ash,7
rabbits,7
chow,7
cleaners,7
residents,6
losses,6
adorable,6
network,6
wild,6
everest,6
rocket,6
technological,6
atmosphere,6
northwest,6
goodwin,6
platforms,6
lowers,6
continents,6
similarly,6
armani,6
imports,6
approving,6
majesty,6
blasting,6
partnered,6
harming,6
concludes,6
hamlet,6
ubiquitous,6
rodman,6
missteps,6
modified,6
graves,6
cuteness,6
aloha,6
curled,6
sloppy,6
magnitude,6
formidable,6
choked,6
rubik,6
severity,6
adopts,6
yoko,6
stab,6
giddy,6
abyss,6
shortages,6
swirling,6
wineries,6
hay,6
pga,6
diaries,6
grapefruit,6
cuddle,6
heartless,6
kay,6
hog,6
harold,6
humans,6
cameras,6
cape,6
organic,6
trophy,6
hoax,6
water,6
napping,6
primarily,6
suv,6
bennett,6
protected,6
scientists,6
captures,6
trash,6
interact,6
tropical,6
nelson,6
garbage,6
phenomenal,6
explosives,6
circulating,6
horribly,6
adopt,6
renewing,6
farmer,6
shaun,6
interconnected,6
inequalities,6
portable,6
shakira,6
circa,6
utilize,6
elliot,6
foes,6
volcanoes,6
enormously,6
assumes,6
mutation,6
purge,6
fitted,6
spilling,6
vinegar,6
dusty,6
secured,6
sweeps,6
skyline,6
postponed,6
roaming,6
bracing,6
specialized,6
polluters,6
considerations,6
brushing,6
contest,6
capture,6
excessive,6
bat,6
observed,6
smallest,6
nose,6
dogs,6
upper,6
analysts,6
recreational,6
shrink,6
scope,6
needle,6
assessment,6
altered,6
campaigning,6
toxic,6
kansas,6
adopting,6
severely,6
brace,6
drain,6
terminal,6
utmost,6
leaps,6
steer,6
stored,6
descended,6
daytime,6
curbing,6
earl,6
inadequate,6
rifles,6
persecuted,6
ghana,6
genetically,6
unites,6
radioactive,6
startling,6
smashing,6
prohibit,6
glitz,6
psyche,6
escalates,6
specifics,6
specialists,6
smuggling,6
trace,6
freaky,6
unspoken,6
induced,6
ruthless,6
committees,6
slows,6
brainer,6
nun,6
jepsen,6
interpretations,6
implied,6
oppressive,6
sacrificed,6
salesman,6
gallon,6
rescue,6
laura,6
homage,6
harmful,6
russell,6
injection,6
underground,6
deniers,6
furry,6
manufacturers,6
recap,6
bicycle,6
brought,6
honey,6
harbor,6
household,5
seafood,5
sanctuary,5
struck,5
funerals,5
chilly,5
ellison,5
abolish,5
frigid,5
unethical,5
garnered,5
evacuate,5
pug,5
prizes,5
jerome,5
sydney,5
flows,5
swarm,5
exceptionally,5
lifesaving,5
extent,5
disposal,5
exports,5
submit,5
mapping,5
arming,5
namibia,5
avatar,5
iq,5
explanations,5
nih,5
deafening,5
theatrical,5
chronicle,5
upsets,5
laced,5
behaved,5
housed,5
blitz,5
global,5
transit,5
dust,5
technologies,5
collective,5
kingdom,5
camera,5
floating,5
gardens,5
freaks,5
treadmill,5
earthquake,5
characteristics,5
commerce,5
copyright,5
seventh,5
grounds,5
quirky,5
pinpoint,5
portfolio,5
arresting,5
sadly,5
californians,5
showtime,5
scathing,5
collapsing,5
frees,5
smelling,5
nominating,5
blindness,5
tug,5
insufficient,5
critically,5
stink,5
generated,5
disagreement,5
resembles,5
indispensable,5
recycle,5
swings,5
marathons,5
contractor,5
embroiled,5
deeds,5
condo,5
input,5
planetary,5
granting,5
hinder,5
utilities,5
fend,5
noisy,5
satirical,5
wreak,5
silently,5
bunnies,5
exploited,5
refined,5
natural,5
scale,5
dog,5
week,5
technically,5
stripped,5
wolf,5
popular,5
arkansas,5
elusive,5
buffalo,5
reads,5
buildings,5
refuge,5
merry,5
hence,5
objectives,5
prevalent,5
walkout,5
slaughter,5
disrupting,5
diesel,5
keynote,5
defied,5
geneva,5
divides,5
afar,5
descend,5
pigs,5
25th,5
ugliest,5
bricks,5
caps,5
subtly,5
ap,5
rae,5
advertisements,5
denise,5
deployed,5
inundated,5
enacted,5
deepest,5
extremes,5
neurological,5
cautionary,5
troy,5
captured,5
bird,5
landmark,5
shore,5
hawaii,5
deadliest,5
change,5
owners,5
aurora,5
mud,5
implementing,5
google+,5
inherently,5
sinking,5
several,5
clean,5
removal,5
inches,5
paste,5
interpret,5
combining,5
sickened,5
hunting,5
peacefully,5
cathy,5
absorbed,5
bankrupt,5
affiliate,5
reminiscent,5
dystopian,5
chapman,5
burial,5
offender,5
slowed,5
sentimental,5
protested,5
enlisted,5
reacting,5
trophies,5
unpopular,5
residential,5
aluminum,5
nerdy,5
sia,5
damages,5
bounds,5
phantom,5
colossal,5
wealthiest,5
ravaged,5
meaningless,5
sentiments,5
ounce,5
preservation,5
ministers,5
hardship,5
stain,5
degrading,5
overboard,5
thrown,5
activism,5
flames,5
destroyed,5
flame,5
leo,5
dominant,5
cara,5
showers,5
moss,5
preserve,5
images,5
chemical,5
dc,5
threaten,5
tons,5
rapidly,5
surface,5
islands,5
protects,5
overload,5
worsen,5
offspring,5
nausea,5
tiger,5
influx,5
dea,5
seizure,5
sunrise,5
developments,5
bay,5
mainly,5
translation,5
biking,5
spices,5
chunk,5
panama,5
ratio,5
embedded,5
hazardous,5
particles,5
diminished,5
stumbles,5
mandy,5
concentrate,5
unfinished,5
shrinking,5
fema,5
illusions,5
adequately,5
bathtub,5
flagship,5
fostering,5
netherlands,5
weaken,5
pondering,5
gripping,5
outright,5
upheld,5
compromised,5
pacific,5
supplies,5
heat,5
japan,5
industries,5
horse,5
_,5
flooded,5
compiled,5
leftover,5
examined,5
transportation,5
measured,5
disruption,5
drill,5
electronics,5
economies,5
northern,5
plastic,5
australia,5
channel,4
invaded,4
belongings,4
fishing,4
noises,4
eaters,4
fines,4
ripped,4
cyclist,4
strap,4
hoarding,4
coastal,4
rafael,4
celery,4
championships,4
supermarket,4
horizon,4
dipping,4
tub,4
stall,4
dim,4
manslaughter,4
psychic,4
rudolph,4
cornell,4
skiers,4
freeway,4
stevens,4
magnetic,4
homeowner,4
components,4
sock,4
progression,4
suzanne,4
leah,4
exceed,4
armor,4
loads,4
disservice,4
ripping,4
stories,4
updated,4
industry,4
threatens,4
duck,4
toe,4
p.m.,4
disrupt,4
dependent,4
urgency,4
tail,4
alternatives,4
elaborate,4
looming,4
questioned,4
spider,4
leap,4
freezing,4
tide,4
womb,4
flickr,4
rainforest,4
agriculture,4
pictured,4
relies,4
stunning,4
haunts,4
idaho,4
visitor,4
legged,4
witnesses,4
marketplace,4
advisory,4
mineral,4
coordinated,4
groove,4
protocol,4
permits,4
bats,4
bits,4
gosling,4
ticking,4
heck,4
mascot,4
hurdle,4
formed,4
respondents,4
quoted,4
reopen,4
wrath,4
fiscal,4
attributes,4
apocalyptic,4
drawer,4
rains,4
wolverine,4
enrich,4
decreasing,4
graders,4
beacon,4
compliance,4
fairytale,4
humanity,4
protection,4
convince,4
racing,4
imperative,4
seal,4
mounting,4
sponsored,4
procedures,4
ship,4
louisiana,4
regulating,4
shrimp,4
ice,4
dimension,4
photoshopped,4
excerpt,4
fraudulent,4
battered,4
dragons,4
argentine,4
summed,4
caption,4
paws,4
snakes,4
doubling,4
maintenance,4
seder,4
outer,4
tipping,4
predicting,4
soaked,4
slower,4
atwood,4
adverse,4
aerial,4
instruments,4
matched,4
skipped,4
ana,4
proportions,4
bronx,4
arrogance,4
roof,4
dump,4
presentation,4
havoc,4
generate,4
description,4
concluded,4
breakthrough,4
arrives,4
estimated,4
flow,4
activists,4
unseen,4
disaster,4
surrounds,4
chamber,4
mate,4
equipment,4
alligator,4
incentives,4
oxygen,4
proportion,4
portland,4
rescuers,4
americas,4
shaken,4
orleans,4
unequal,4
camel,4
bernard,4
tackled,4
survives,4
defects,4
bipartisan,4
decker,4
vines,4
buddies,4
soaking,4
fits,4
sometime,4
doses,4
polarizing,4
buttons,4
polio,4
keeper,4
foil,4
implemented,4
agricultural,4
recognizable,4
holistic,4
cincinnati,4
wizard,4
sand,4
miles,4
insight,4
gina,4
rain,4
highlight,4
occurred,4
marks,4
hangs,4
surgeon,4
kisses,4
pledged,4
looms,4
generations,4
mode,4
canadian,4
graphic,4
clever,4
produced,4
pose,4
tin,4
resurgence,4
smartest,4
tanks,4
prolonged,4
rocking,4
helmet,4
gmos,4
blaze,4
culprit,4
conceived,4
egregious,4
pricing,4
lucrative,4
suited,4
strawberries,4
boldly,4
narrowly,4
breaths,4
dawson,4
escalate,4
accommodate,4
forecast,4
santa,4
rangers,4
explorer,4
operate,4
spans,4
endeavor,4
thunder,4
theresa,4
g.,4
heavy,4
epa,4
areas,4
waves,4
grip,4
nov,4
decent,4
blew,4
daring,4
levels,4
conditions,4
mary,4
intelligent,4
dragging,4
preserving,4
reducing,4
irrelevant,4
northwestern,4
zealand,4
rwanda,4
dental,4
strangely,4
frequency,4
gigantic,4
straightforward,4
skier,4
hazards,4
noir,4
tossing,4
tallest,4
specials,4
profitable,4
distributed,4
park,4
remarkable,4
leg,4
giant,4
ethical,4
columbia,4
consumption,4
unbelievable,4
mason,4
warmth,4
inaugural,4
feeding,4
arguing,4
conscience,4
eastern,4
lab,4
considered,4
document,4
brazil,4
plant,4
island,4
territory,4
joaquin,4
outlook,4
consensus,4
elsewhere,4
typhoon,4
unimaginable,4
goat,4
stellar,4
broadcast,4
noodle,4
usage,4
guessed,4
margaret,4
bandwagon,4
litigation,4
frost,4
disruptive,4
cracks,4
baron,4
daunting,4
gamble,4
confess,4
goodman,4
unnamed,4
protecting,4
peak,4
bull,4
montana,4
nations,4
surf,4
devastating,4
dirty,4
neglected,4
grows,4
chick,4
illinois,4
linda,4
phil,4
tourism,4
photographer,4
dry,4
region,4
reserve,4
fireworks,4
brightest,4
sweetness,4
observation,4
disrupted,4
washed,4
choking,4
explode,4
units,4
rica,4
barrel,4
malaysian,4
relevance,4
predator,4
seymour,4
societies,4
savannah,4
requested,4
penalties,4
respective,4
outbreaks,4
repeats,4
interesting,4
bone,4
rivers,4
events,4
improvement,4
damage,4
virginia,4
contains,4
mid,4
material,4
alter,4
mouse,4
cereal,4
cooperation,4
streaming,4
mountains,4
homes,4
bracket,4
declines,4
advocacy,4
attracts,4
entitlement,4
owl,4
curated,4
foam,4
foolish,4
acres,4
composer,4
neighboring,4
11th,4
nicely,4
adorably,4
rogue,4
ethan,4
ramps,4
mechanism,4
delaware,4
heightened,4
nursery,4
pony,4
culturally,4
barton,4
nina,4
wraps,4
aims,4
refers,4
recurring,4
hazard,4
projected,4
40-year,4
jungle,4
scheme,4
fuzzy,4
oriented,4
near,4
scientific,4
fierce,3
trees,3
helicopter,3
waters,3
districts,3
damon,3
dicaprio,3
declare,3
materials,3
vet,3
fires,3
per,3
concern,3
winter,3
vets,3
reacted,3
sacrifices,3
postal,3
turkeys,3
uva,3
amidst,3
hips,3
thirsty,3
draining,3
gaze,3
winding,3
imagining,3
observers,3
suicides,3
gabriel,3
manifest,3
sexier,3
spur,3
mobility,3
ringing,3
printing,3
hugging,3
fascinated,3
internationally,3
gaffe,3
trap,3
jake,3
rising,3
largest,3
remaining,3
mega,3
emerge,3
genetic,3
council,3
disastrous,3
traits,3
discovered,3
emerging,3
below,3
entirely,3
angle,3
pew,3
competition,3
scrambling,3
digs,3
parks,3
victor,3
detainees,3
wows,3
integrated,3
belly,3
resistant,3
wrecking,3
famously,3
horses,3
knocking,3
spontaneous,3
expired,3
columbus,3
opted,3
sail,3
prohibition,3
rests,3
lanka,3
speeding,3
poured,3
converted,3
preliminary,3
inch,3
restored,3
usda,3
emerald,3
zimbabwe,3
contraception,3
advise,3
threat,3
production,3
reporting,3
introduced,3
sticks,3
filmed,3
prices,3
floods,3
bath,3
versus,3
lands,3
increasing,3
concerns,3
introduce,3
resources,3
summertime,3
leonardo,3
inherent,3
manages,3
parallel,3
combines,3
spree,3
miguel,3
stem,3
accidental,3
disabled,3
equals,3
tearing,3
bossy,3
logical,3
manifesto,3
struggled,3
listed,3
intensity,3
instinct,3
newborns,3
dustin,3
secrecy,3
gadget,3
announcements,3
fla,3
peculiar,3
purchasing,3
pregnancies,3
torch,3
unpleasant,3
friendly,3
names,3
property,3
portraits,3
washington,3
maine,3
farmers,3
surfing,3
runs,3
advocates,3
neighborhood,3
autumn,3
regulations,3
efforts,3
protect,3
slow,3
massive,3
population,3
negotiations,3
trio,3
missouri,3
instincts,3
sucks,3
existential,3
hanging,3
explodes,3
balloons,3
respects,3
tongue,3
adams,3
consecutive,3
continuous,3
exploitation,3
advantages,3
mickey,3
urine,3
symbol,3
warnings,3
snooki,3
infinite,3
powerless,3
braces,3
collaborative,3
warfare,3
scenery,3
escalating,3
backward,3
costing,3
a.k.a,3
canine,3
janeiro,3
skepticism,3
8th,3
fund,3
towns,3
development,3
poison,3
ivy,3
yale,3
collecting,3
hour,3
destroy,3
closest,3
jailed,3
toss,3
stanford,3
mother,3
beijing,3
cleaning,3
vulnerable,3
vegan,3
blind,3
mushrooms,3
strip,3
biblical,3
rail,3
uncertain,3
wrenching,3
predators,3
handmade,3
pleaded,3
masks,3
crafting,3
persistent,3
unofficial,3
characterized,3
staged,3
stalled,3
connects,3
resting,3
stack,3
national,3
trial,3
average,3
abandoned,3
apples,3
calif,3
dairy,3
affecting,3
greatly,3
classified,3
prospect,3
manhattan,3
outdoors,3
enormous,3
analysis,3
pakistan,3
china,3
jim,3
snapped,3
wyoming,3
randy,3
bets,3
insanity,3
superior,3
privately,3
panels,3
debating,3
migration,3
defying,3
cooler,3
processing,3
contaminated,3
surfer,3
intriguing,3
astounding,3
frog,3
recreation,3
timothy,3
cups,3
derby,3
athens,3
awaited,3
cycles,3
footsteps,3
signals,3
criteria,3
depend,3
lashes,3
documenting,3
cultivating,3
misleading,3
emphasis,3
fiction,3
practices,3
produce,3
resolve,3
remains,3
cycle,3
hearings,3
testify,3
reduced,3
challenger,3
bullet,3
wash,3
located,3
hills,3
baby,3
videos,3
exotic,3
terrified,3
unprecedented,3
endurance,3
shattered,3
jo,3
yorker,3
obtain,3
shifted,3
surrogate,3
nearby,3
instance,3
producing,3
texans,3
horrified,3
managers,3
needless,3
recover,3
responders,3
soar,3
timely,3
animation,3
distribution,3
examines,3
counselor,3
bolt,3
companion,3
settling,3
central,3
incident,3
root,3
memorial,3
link,3
photos,3
tribe,3
swiss,3
parts,3
australian,3
africa,3
connections,3
highway,3
greater,3
afford,3
colorado,3
tree,3
record,3
capturing,3
defender,3
f,3
vivid,3
sensitivity,3
grumpy,3
unsure,3
useless,3
prompted,3
grooming,3
sooner,3
tasty,3
mushroom,3
cites,3
casualties,3
spine,3
legitimate,3
interrupted,3
curator,3
creep,3
bounty,3
schizophrenia,3
nevada,3
noise,3
newborn,3
account,3
regarding,3
total,3
miami,3
kentucky,3
bottle,3
stark,3
halt,3
scout,3
thoughtful,3
harmony,3
bangladesh,3
defining,3
causes,3
percent,3
depends,3
photographs,3
mix,3
area,3
acts,3
japanese,3
agenda,3
weird,3
kerry,3
surge,3
regional,3
leaked,3
stroll,3
framework,3
poisoned,3
recorded,3
ukrainian,3
renewal,3
yield,3
cow,3
caramel,3
foster,3
adapt,3
tortured,3
hunters,3
coincidence,3
echoes,3
labeling,3
pipe,3
mph,3
illustrates,3
ecuador,3
breeze,3
chasing,3
horrors,3
adapted,3
leaf,3
refrigerator,3
collectively,3
intersection,3
lungs,3
pressures,3
strange,3
rises,3
bryan,3
fleeing,3
psa,3
alabama,3
welcomed,3
costa,3
passover,3
east,3
surely,3
vehicle,3
plea,3
furniture,3
drive,3
consequence,3
sharply,3
layer,3
sub,3
ing,3
declaring,3
argue,3
miller,3
placing,3
inquiry,3
effects,3
robust,3
rooftop,3
polite,3
impulse,3
molly,3
delays,3
pervasive,3
canned,3
screams,3
puzzle,3
advancing,3
presenting,3
cam,3
certainty,3
changer,3
latter,3
sheds,3
linking,3
provision,3
pond,3
reply,3
albert,3
blasted,3
burn,3
wells,3
utah,3
protections,3
rounded,3
scroll,3
stadium,3
named,3
henry,3
heading,3
range,3
booth,3
whipped,3
tackle,3
spaghetti,3
assumption,3
evaluate,3
feat,3
halfway,3
imminent,3
discoveries,3
switzerland,3
toes,3
bulls,3
shanghai,3
willpower,3
wonderfully,3
endured,3
preventive,3
sworn,3
assess,3
mine,3
sky,3
costs,3
featured,3
responsible,3
storage,3
famed,3
stakes,3
tokyo,3
saved,3
bowl,3
scientist,3
charleston,3
authority,3
drives,3
born,3
threatened,3
associated,3
reuters,3
facts,3
concepts,3
captive,3
turtle,3
danish,3
solved,3
ancestors,3
bones,3
spying,3
shy,3
corp,3
flies,3
1990s,3
roughly,3
demanded,3
confronts,3
vastly,3
shannon,3
premium,3
closure,3
echo,3
baghdad,3
sheets,3
barred,3
catch,3
potentially,3
proven,3
mexico,3
video,3
hunt,3
resident,3
lighting,3
studies,3
indiana,3
gathering,3
twins,3
typically,3
initiative,3
testing,3
protesting,3
inevitable,3
yourselves,3
funded,3
coloring,3
witnessed,3
motion,3
knees,3
lure,3
cone,3
sculpture,3
aliens,3
interference,3
curly,3
expand,3
containing,3
slowing,3
shifting,3
morally,3
concerning,3
donating,3
clears,3
weak,3
planets,3
pointed,3
civilization,3
plug,3
counterparts,3
charities,3
thousands,3
deaths,3
impressive,3
filed,3
britain,3
according,3
baking,3
katie,3
string,3
stream,3
filling,3
main,3
lived,3
fundamental,3
targets,3
producers,3
ferrell,3
fundraising,3
abused,3
considerable,3
finishing,3
advocating,3
palmer,3
antidote,3
colonial,3
overlook,3
suits,3
mermaid,3
rhode,3
tolerate,3
spokesperson,3
stripes,3
impose,3
benedict,3
nutrients,3
uninsured,3
agreed,3
air,3
cars,3
result,3
multiple,3
center,3
accepted,3
mall,3
rarely,3
responses,3
wet,3
dean,3
object,3
patterns,3
sparks,3
gathered,3
injured,3
michigan,3
sweaters,3
flop,3
accidents,3
separating,3
candles,3
causing,3
feeds,3
landmarks,3
sincere,3
leftovers,3
thrill,3
sri,3
intern,3
ensuring,3
sour,3
indictment,3
confronted,3
emerged,3
fold,3
brewing,3
paralyzed,3
guardian,3
ambitions,3
successes,3
itself,3
saving,3
georgia,3
meets,2
county,2
denial,2
governments,2
bans,2
commonly,2
adding,2
selfies,2
faced,2
markets,2
added,2
snyder,2
lifts,2
chores,2
glitter,2
crossroads,2
contempt,2
balloon,2
camping,2
eats,2
grabbed,2
amongst,2
watermelon,2
1980s,2
ripe,2
premier,2
relentless,2
labeled,2
economists,2
nears,2
counties,2
heats,2
heavily,2
alexis,2
antibiotic,2
boxer,2
act,2
obsession,2
diego,2
detail,2
ear,2
regulation,2
rides,2
addition,2
operations,2
england,2
monday,2
audio,2
terrifying,2
particularly,2
hawaiian,2
lines,2
delayed,2
damaging,2
farming,2
noted,2
abilities,2
tragedies,2
candle,2
negativity,2
veto,2
fairly,2
sleepy,2
catastrophe,2
unconventional,2
gaps,2
radar,2
aspen,2
delight,2
obstacle,2
eternal,2
structure,2
risen,2
proclaimed,2
equipped,2
instructor,2
minimal,2
trails,2
reviewed,2
bags,2
fathers,2
cute,2
settle,2
highlights,2
oregon,2
nyc,2
ken,2
bobby,2
alien,2
suggest,2
maria,2
german,2
intense,2
representing,2
cold,2
peru,2
baton,2
sochi,2
nasa,2
courses,2
slammed,2
monitoring,2
twilight,2
misguided,2
ca,2
tossed,2
desk,2
photographed,2
examples,2
maximum,2
cube,2
lays,2
rebuild,2
playboy,2
tampa,2
licenses,2
13th,2
newt,2
jobs,2
traveler,2
west,2
contribute,2
undermine,2
churches,2
fields,2
mindset,2
luckily,2
level,2
read,2
future,2
feet,2
released,2
mystery,2
politico,2
blamed,2
settlement,2
recreate,2
venues,2
stretching,2
farms,2
reaching,2
founders,2
cloud,2
sounded,2
flick,2
darling,2
representatives,2
integrity,2
lengthy,2
fluid,2
sheen,2
site,2
affected,2
stuck,2
promising,2
swim,2
boat,2
suspects,2
locations,2
operation,2
assistance,2
warned,2
prepare,2
progress,2
map,2
previous,2
edible,2
alarm,2
gen,2
agree,2
wished,2
ninja,2
showcase,2
spreads,2
belong,2
acknowledging,2
filming,2
genes,2
burned,2
flaws,2
unaware,2
solitary,2
improves,2
pbs,2
sasha,2
newspapers,2
larger,2
savings,2
plans,2
diy,2
math,2
reduce,2
cities,2
beans,2
stuffed,2
angel,2
arizona,2
towards,2
agent,2
issued,2
kill,2
gearing,2
thirds,2
posing,2
tank,2
springs,2
smaller,2
entitled,2
unwanted,2
fury,2
achievement,2
playful,2
cheated,2
beneath,2
sight,2
busting,2
kenya,2
gardner,2
metal,2
welfare,2
declining,2
disappeared,2
lame,2
julianne,2
carly,2
lighter,2
underneath,2
demonstrates,2
hammer,2
sabotage,2
liz,2
last,2
entrepreneurs,2
otherwise,2
large,2
planes,2
dip,2
attempted,2
palm,2
informed,2
but,2
represent,2
program,2
impact,2
southern,2
beaches,2
strict,2
crowds,2
paints,2
s.,2
montreal,2
revive,2
andrea,2
fever,2
2nd,2
startups,2
rifle,2
schedules,2
violating,2
interactions,2
incredible,2
science,2
rush,2
usual,2
grocery,2
currently,2
used,2
defend,2
buzz,2
trigger,2
skill,2
adoption,2
photography,2
numbers,2
california,2
reputation,2
brutal,2
precious,2
bottles,2
uganda,2
testimony,2
finals,2
stations,2
rosie,2
discovering,2
toy,2
corps,2
breathtaking,2
rely,2
obligation,2
throat,2
lined,2
salty,2
worries,2
explored,2
grounded,2
breakdown,2
bounce,2
spooky,2
publication,2
july,2
expense,2
experts,2
rare,2
department,2
visitors,2
tennessee,2
infection,2
sunny,2
troubling,2
cameron,2
patrick,2
launched,2
quarter,2
boosts,2
directions,2
declared,2
exposes,2
dragon,2
starving,2
tapping,2
malaysia,2
covers,2
referring,2
allure,2
heroes,2
norman,2
casts,2
across,2
streets,2
rio,2
discovery,2
refused,2
rural,2
english,2
loves,2
rope,2
urges,2
doubles,2
negotiating,2
pearl,2
bail,2
portugal,2
ordering,2
enterprise,2
restore,2
t,2
ivory,2
acid,2
procedure,2
busted,2
triggers,2
drones,2
regard,2
touches,2
citing,2
fallout,2
governor,2
apartment,2
smart,2
struggles,2
somewhat,2
wave,2
tobacco,2
appreciation,2
complaints,2
profits,2
jersey,2
western,2
demand,2
passed,2
institute,2
rise,2
researchers,2
event,2
survival,2
solutions,2
requirements,2
intake,2
improvements,2
owns,2
chooses,2
hockey,2
shameful,2
seasonal,2
loose,2
households,2
makers,2
tutorial,2
yard,2
mill,2
haven,2
permanently,2
nathan,2
electronic,2
favors,2
sci,2
vine,2
slaves,2
lower,2
despite,2
afternoon,2
danger,2
enemy,2
website,2
vast,2
public,2
performed,2
lucky,2
phenomenon,2
sparked,2
reflect,2
movement,2
fire,2
complex,2
branch,2
violate,2
donates,2
lobby,2
cringe,2
mesmerizing,2
forbes,2
offenders,2
terribly,2
fearful,2
footage,2
discourse,2
maximize,2
19th,2
lobbyist,2
jenny,2
correspondent,2
versions,2
contributing,2
patricia,2
growing,2
unlikely,2
contact,2
trade,2
continued,2
prior,2
construction,2
maker,2
including,2
reported,2
concerned,2
though,2
moved,2
ohio,2
citizens,2
continue,2
volume,2
gossip,2
pen,2
challenges,2
remembered,2
marshall,2
briefly,2
slim,2
shirts,2
flowing,2
1960s,2
buyer,2
fundamentally,2
nowhere,2
whites,2
package,2
blows,2
shorter,2
jenna,2
cruelty,2
fighting,2
enjoying,2
project,2
activities,2
district,2
save,2
cause,2
allies,2
although,2
duo,2
steal,2
pentagon,2
dr,2
human,2
international,2
world,2
accident,2
denies,2
writes,2
tiny,2
poop,2
default,2
generosity,2
wasted,2
hardy,2
perspectives,2
dire,2
capitalism,2
homeowners,2
fled,2
volunteering,2
chronicles,2
tends,2
clouds,2
nonprofits,2
rated,2
grants,2
killing,2
user,2
received,2
along,2
scheduled,2
opposed,2
pushing,2
sees,2
gather,2
happening,2
forum,2
exact,2
vegetarian,2
usa,2
sandra,2
hundreds,2
big,2
republic,2
promotion,2
facilities,2
scores,2
contain,2
obtained,2
flew,2
fort,2
dominate,2
occasional,2
deleted,2
cargo,2
carries,2
intentionally,2
gingrich,2
implement,2
local,2
nuclear,2
worker,2
driven,2
continues,2
pennsylvania,2
sized,2
shots,2
around,2
standards,2
posted,2
r.,2
seeks,2
barely,2
rocked,2
indeed,2
comforting,2
besides,2
shaking,2
mention,2
swept,2
predicts,2
seasons,2
gate,2
selves,2
liquid,2
principal,2
study,2
proposed,2
recently,2
extraordinary,2
reddit,2
emergency,2
john,2
carson,2
mccarthy,2
unable,2
significant,2
drone,2
rebel,2
emily,2
expanding,2
editorial,2
burns,2
deadly,2
st,2
caused,2
culinary,2
raging,2
mlk,2
mandate,2
pursue,2
accomplishments,2
canada,2
correction,2
outlet,2
mount,2
follow,2
nsfw,2
jeopardy,2
plight,2
posters,2
firms,2
broader,2
counts,2
felony,2
prosperity,2
turnout,2
hating,2
acted,2
glowing,2
leaves,2
association,2
considering,2
explosion,2
executives,2
naturally,2
memorable,2
designed,2
february,2
needed,2
wound,2
lifted,2
justify,2
dubbed,2
suspicious,2
discount,2
chili,2
businesses,2
demonstrated,2
battles,2
frequent,2
staggering,2
pundits,2
josh,2
trivia,2
illnesses,2
katrina,2
liberals,2
ought,2
blunt,2
kathy,2
pup,2
poisoning,2
from,2
newly,2
adventure,2
successfully,2
beach,2
retired,2
pledge,2
billions,2
typical,2
bizarre,2
risks,2
controversial,2
major,2
kidding,2
sickness,2
spite,2
burst,2
sept,2
jar,2
chile,2
ranging,2
capacity,2
wire,2
sheet,2
fragile,2
detailed,2
filmmakers,2
collected,2
uses,2
gap,2
absolutely,2
grand,2
followed,2
determine,2
crisis,2
volunteer,2
drawing,2
warn,2
warm,2
backed,2
labor,2
above,2
countries,2
address,2
shoulder,2
dealt,2
native,2
commander,2
imperfect,2
doubts,2
petition,2
complications,2
marked,2
destroys,2
commitments,2
sunset,2
accuse,2
invites,2
news,2
april,2
replace,2
century,2
charming,2
closely,2
pattern,2
worry,2
consumer,2
handy,2
restrictions,2
lying,2
club,2
lobster,2
approve,2
backyard,2
categories,2
deemed,2
prompts,2
vehicles,2
mourning,2
surreal,2
nyt,2
pleased,2
stranded,2
costly,2
songwriter,2
trains,2
victories,2
bites,2
enduring,2
protest,2
basis,2
owned,2
pushed,2
sell,2
sanity,2
welcoming,2
reporters,2
founding,2
renowned,2
metric,2
wood,2
brighter,2
consent,2
catches,2
beers,2
habit,2
passing,2
tragic,2
finds,2
riding,2
sent,2
funds,2
land,2
curse,2
tan,2
structures,2
supported,2
carl,2
pit,2
bin,2
promotes,2
shiny,2
junior,2
retro,2
half,2
companies,2
photo,2
power,2
saturday,2
globe,2
kick,2
urban,2
announced,2
pitch,2
politicians,2
recent,2
deep,2
meltdown,2
boehner,2
register,2
vulnerability,2
weed,2
barry,2
vicious,2
expanded,2
manufacturing,2
ranked,2
illegally,2
stamp,2
ownership,2
settled,2
organization,2
annual,2
jail,2
partners,2
outdoor,2
safety,2
marijuana,2
francisco,2
ground,2
experienced,2
august,2
superhero,2
delicate,2
steals,2
icons,2
optimism,2
salt,2
thrive,2
equivalent,2
rejected,2
defined,2
trending,2
fridge,2
devil,2
reduction,2
headquarters,2
complaining,2
array,2
posed,2
march,2
nightmare,2
base,2
amazing,2
gear,2
action,2
un,2
report,2
company,2
closed,2
explores,2
abundance,2
fought,2
existed,2
completed,2
limiting,2
depth,2
aboard,2
owner,2
paint,2
laughing,2
increases,2
midst,2
mess,2
desert,2
resist,2
immediate,2
south,2
broken,2
due,2
investigation,2
evangelical,2
thick,2
freed,2
injuries,2
oakland,2
fragrance,2
dennis,2
stepping,2
yellow,2
summit,2
bored,2
explosive,2
routines,2
dread,2
navy,2
musicians,2
sundance,2
destroying,2
june,2
reports,2
some,2
past,2
shows,2
sound,2
regardless,2
politics,2
alternative,2
begun,2
normal,2
tourists,2
throw,2
november,2
hosts,2
ridiculously,2
perks,2
nate,2
frequently,2
demonstrate,2
escaped,2
questionable,2
perceived,2
donated,2
hacked,2
magnificent,2
capitol,2
normally,2
rolled,2
opinion,2
decade,2
smell,2
stopped,2
documents,2
hormone,2
babies,2
tis,2
poland,2
thai,2
destiny,2
dramatic,2
andrew,2
joining,2
indoor,2
attached,2
gadgets,2
backstage,2
pledges,2
scenario,2
socks,2
efficient,2
toughest,2
nearly,2
falling,2
soda,2
weeks,2
sat,2
immediately,2
tim,2
huge,2
heels,2
january,2
challenge,2
factors,2
tables,2
bullies,2
clutter,2
decides,2
beverly,2
processed,2
periods,2
abandon,2
steady,2
minnesota,2
painted,2
pile,2
behaviors,2
combine,2
boasts,2
its,2
which,2
wing,2
whom,2
magical,2
lewis,2
tight,2
loving,2
wisconsin,2
forward,2
showing,2
blue,2
rally,2
utterly,2
hip,2
genuine,2
intent,2
atlanta,2
mashup,2
leaks,2
mighty,2
sixth,2
clear,2
however,2
remove,2
illegal,2
odds,2
debut,2
colin,2
federal,2
protesters,2
fewer,2
university,2
forced,2
welcomes,2
houses,2
refuse,2
info,2
shines,2
pepper,2
resume,2
boot,2
relaxed,2
asthma,2
contributions,2
crises,2
pound,2
bite,2
based,2
individual,2
lake,2
bills,2
transformation,2
guidelines,2
rnc,2
incredibly,2
communities,2
toys,2
clothing,2
nest,2
ultimately,2
tesla,2
faux,2
conclusion,2
path,2
charts,2
frustrating,2
deaf,2
alike,2
balancing,2
launches,2
initiatives,2
destructive,2
builds,2
pork,2
civil,2
expected,2
ideas,2
activity,2
flexibility,2
resource,2
lemonade,2
adaptation,2
lock,2
clip,2
mentioned,2
coolest,2
declined,2
mama,2
cancels,2
spin,2
pole,2
lowest,2
principle,2
acting,2
seeing,2
quickly,2
creating,2
shock,2
state,2
likes,2
greek,2
raises,2
twice,2
requires,2
safe,1
competing,1
close,1
facility,1
approval,1
shaped,1
jumped,1
fueled,1
transforming,1
studying,1
drew,1
shaping,1
logic,1
down,1
revealed,1
relatively,1
publicly,1
follows,1
fell,1
by,1
north,1
focuses,1
current,1
tackles,1
qualities,1
blessing,1
performs,1
sporting,1
bonus,1
disclosure,1
repair,1
apocalypse,1
smiling,1
beyond,1
seen,1
friday,1
hand,1
investment,1
increasingly,1
youtube,1
doors,1
traumatic,1
basics,1
checked,1
caught,1
encourages,1
veggies,1
prefer,1
pumpkin,1
dead,1
decades,1
shift,1
looking,1
super,1
wake,1
eu,1
grade,1
such,1
joined,1
likely,1
fitting,1
overwhelming,1
reflects,1
hunter,1
tower,1
norway,1
fortunate,1
guaranteed,1
separated,1
lit,1
fi,1
suddenly,1
seeking,1
seem,1
mainstream,1
react,1
tour,1
professor,1
killed,1
bringing,1
san,1
industrial,1
experiment,1
trail,1
civilian,1
patriotic,1
facial,1
calvin,1
alarming,1
cited,1
furious,1
masters,1
nominees,1
earlier,1
leading,1
final,1
suffering,1
toward,1
melissa,1
homemade,1
hit,1
ms,1
organizers,1
ward,1
divine,1
realities,1
rethink,1
strike,1
buzzfeed,1
hospitalized,1
gentle,1
wendy,1
definition,1
links,1
optimistic,1
bbc,1
blown,1
origin,1
off,1
tragedy,1
adds,1
ideal,1
bike,1
carrying,1
rap,1
heritage,1
presents,1
lesson,1
venture,1
carry,1
mob,1
stable,1
stood,1
crossed,1
biological,1
cotton,1
visible,1
lining,1
fashioned,1
free,1
garden,1
stunt,1
volunteers,1
realized,1
tone,1
olive,1
don'ts,1
recording,1
lung,1
extend,1
impression,1
crowded,1
releasing,1
more,1
brown,1
london,1
spaces,1
rid,1
susan,1
critical,1
reach,1
myths,1
yesterday,1
appeared,1
second,1
objects,1
buys,1
tackling,1
vital,1
eyed,1
preparation,1
titled,1
taxpayers,1
risky,1
matt,1
decided,1
reached,1
rocks,1
inspiring,1
slowly,1
dying,1
irish,1
confident,1
profound,1
revolution,1
direction,1
road,1
changing,1
whose,1
evidence,1
flights,1
presidents,1
carter,1
tricks,1
praise,1
solving,1
scream,1
fighter,1
kissing,1
hungry,1
wheelchair,1
expansion,1
talks,1
finally,1
told,1
awareness,1
under,1
recovery,1
tips,1
great,1
research,1
driving,1
division,1
thailand,1
ordinary,1
associate,1
columnist,1
exception,1
clash,1
thompson,1
notice,1
alive,1
replaced,1
buried,1
comfortable,1
forcing,1
laundry,1
barrier,1
explanation,1
seeds,1
propaganda,1
wide,1
fellow,1
exposed,1
la,1
phones,1
moving,1
author,1
compromise,1
artificial,1
necessarily,1
viewing,1
unit,1
relative,1
chains,1
monitor,1
number,1
policy,1
draw,1
van,1
removed,1
were,1
arrival,1
sweeping,1
climbing,1
importance,1
samantha,1
craig,1
wherever,1
seniors,1
sizes,1
revolutionary,1
connecting,1
educate,1
grammys,1
manager,1
saw,1
found,1
crew,1
degree,1
remembering,1
high,1
generation,1
information,1
cost,1
winner,1
larry,1
kerr,1
achieved,1
fruit,1
sink,1
strengthen,1
glow,1
allergy,1
attitude,1
killings,1
ii,1
recommendations,1
thankfully,1
renewed,1
spends,1
unhappy,1
o,1
struggle,1
democracy,1
came,1
peter,1
e,1
almost,1
year,1
william,1
statement,1
insurance,1
collapse,1
daniel,1
receives,1
zombie,1
chest,1
cuomo,1
survivors,1
portion,1
affleck,1
approved,1
open,1
books,1
bit,1
available,1
aim,1
valuable,1
majority,1
increase,1
rachel,1
records,1
shirt,1
celebrate,1
low,1
anytime,1
india,1
parking,1
statistics,1
combined,1
unite,1
tag,1
trained,1
roads,1
founded,1
urgent,1
crossing,1
lin,1
raise,1
fair,1
situation,1
lawsuit,1
warning,1
period,1
playing,1
call,1
lovers,1
centers,1
opposite,1
luxury,1
spread,1
september,1
closer,1
since,1
fact,1
may,1
psychological,1
grab,1
alcohol,1
situations,1
praises,1
attract,1
shoppers,1
touched,1
romney,1
employers,1
denver,1
el,1
southwest,1
most,1
chicago,1
front,1
sunday,1
bottom,1
lights,1
innovation,1
overlooked,1
already,1
commission,1
dedicated,1
brazilian,1
truck,1
jesse,1
stays,1
comprehensive,1
websites,1
communicate,1
gaining,1
ranks,1
quality,1
problem,1
known,1
rooms,1
largely,1
resolution,1
supporting,1
conspiracy,1
reveal,1
brush,1
generally,1
awe,1
wang,1
arrests,1
runners,1
playground,1
viewed,1
cheaper,1
blowing,1
ears,1
shed,1
of,1
following,1
line,1
diverse,1
duty,1
bus,1
knowledge,1
society,1
initially,1
promote,1
loud,1
warner,1
escape,1
spreading,1
spain,1
dramatically,1
endless,1
rainbow,1
kale,1
shuts,1
themes,1
minded,1
glorious,1
bow,1
article,1
obama,1
independence,1
knows,1
actions,1
seek,1
home,1
members,1
okay,1
attraction,1
anybody,1
ads,1
10-year,1
prime,1
disgusting,1
systems,1
field,1
busy,1
21st,1
find,1
fresh,1
proves,1
spoke,1
government,1
carolina,1
controlled,1
leadership,1
keys,1
goodbye,1
momentum,1
unveiled,1
delegates,1
maps,1
virtually,1
relate,1
jeremy,1
day,1
held,1
products,1
criminal,1
could,1
dozens,1
journey,1
eventually,1
burning,1
beautiful,1
least,1
behalf,1
refreshing,1
happiest,1
excuses,1
ages,1
discussing,1
longtime,1
responded,1
bunny,1
dilemma,1
ago,1
officials,1
active,1
today,1
city,1
charges,1
expensive,1
doubt,1
said,1
guarantee,1
hired,1
amounts,1
artistic,1
ireland,1
conduct,1
limits,1
rejection,1
conference,1
also,1
use,1
bank,1
mirror,1
economic,1
becomes,1
in,1
hearing,1
service,1
bring,1
hoped,1
checks,1
blessed,1
milk,1
tactics,1
badly,1
celebrations,1
the,1
admit,1
cases,1
related,1
sending,1
stupid,1
mark,1
been,1
form,1
shortage,1
hat,1
asia,1
encourage,1
kicking,1
techniques,1
attitudes,1
gray,1
sacrifice,1
release,1
museum,1
easter,1
given,1
pays,1
speed,1
original,1
agency,1
platform,1
germany,1
performances,1
lynch,1
jonathan,1
dozen,1
audiences,1
authors,1
separate,1
visual,1
handling,1
stayed,1
coconut,1
other,1
out,1
cool,1
this,1
kept,1
begins,1
later,1
becoming,1
short,1
an,1
key,1
perform,1
engaging,1
profit,1
elegant,1
loses,1
strongly,1
shut,1
hates,1
squad,1
reasonable,1
articles,1
staffers,1
methods,1
check,1
journal,1
unique,1
spirit,1
car,1
spring,1
nation,1
overseas,1
waking,1
confront,1
acceptance,1
popularity,1
activist,1
recovering,1
moderate,1
claimed,1
potatoes,1
alan,1
diana,1
widespread,1
balls,1
net,1
madison,1
as,1
well,1
minds,1
individuals,1
cross,1
beer,1
minister,1
african,1
position,1
cheap,1
poverty,1
interested,1
boards,1
spy,1
identify,1
wheel,1
options,1
compared,1
expect,1
unclear,1
guard,1
revealing,1
missed,1
then,1
against,1
responsibility,1
richard,1
round,1
everywhere,1
holds,1
silent,1
take,1
led,1
walking,1
won,1
glory,1
canceled,1
karl,1
length,1
ignoring,1
accountability,1
pieces,1
war,1
chain,1
head,1
price,1
suggests,1
ends,1
eye,1
confirm,1
feb,1
selling,1
sadness,1
fur,1
banning,1
edge,1
overall,1
condition,1
zuckerberg,1
addressed,1
tales,1
collins,1
duke,1
colored,1
declares,1
passage,1
small,1
iconic,1
opportunities,1
tea,1
extremely,1
combat,1
mayor,1
united,1
american,1
tear,1
stages,1
caribbean,1
modeling,1
category,1
shops,1
worn,1
established,1
landing,1
schools,1
summer,1
started,1
texas,1
developed,1
effect,1
posts,1
view,1
ride,1
discussion,1
lean,1
spa,1
venice,1
fastest,1
trading,1
interests,1
influential,1
beaten,1
christmas,1
lead,1
turning,1
committee,1
fine,1
tool,1
demands,1
up,1
attractions,1
angry,1
longest,1
occur,1
jerry,1
rip,1
jump,1
boom,1
battling,1
martha,1
millennial,1
troubled,1
addicted,1
nursing,1
clips,1
freak,1
scare,1
regime,1
transformed,1
asked,1
solve,1
image,1
break,1
maybe,1
raising,1
waiting,1
harm,1
shown,1
slam,1
kindness,1
tap,1
clearly,1
chase,1
colombia,1
neighborhoods,1
immune,1
become,1
offers,1
panel,1
described,1
kristen,1
paper,1
silver,1
gov,1
tweeted,1
proved,1
encouraging,1
cookie,1
than,1
ready,1
results,1
build,1
ahead,1
point,1
basketball,1
principles,1
comments,1
snap,1
points,1
medication,1
threw,1
striking,1
pm,1
slip,1
dave,1
electoral,1
urged,1
month,1
country,1
opened,1
raised,1
impossible,1
dangerous,1
millions,1
suffer,1
thanksgiving,1
terms,1
bag,1
critics,1
robert,1
group,1
set,1
resilience,1
empower,1
require,1
rolling,1
spirits,1
infant,1
glamour,1
temporary,1
asian,1
years,1
extra,1
growth,1
headed,1
effort,1
called,1
knew,1
imagine,1
built,1
frank,1
surgery,1
fingers,1
clinic,1
celebration,1
opponents,1
brave,1
creation,1
humanitarian,1
ratings,1
reflections,1
lottery,1
formula,1
might,1
talent,1
explained,1
usually,1
live,1
team,1
heard,1
sport,1
researcher,1
advanced,1
desperately,1
recession,1
olympic,1
mile,1
stomach,1
moscow,1
cognitive,1
perspective,1
eating,1
less,1
official,1
outfits,1
gave,1
resistance,1
die,1
unexpected,1
attempt,1
dec,1
burgers,1
switch,1
wines,1
test,1
community,1
their,1
among,1
term,1
films,1
upon,1
pulled,1
victoria,1
food,1
are,1
source,1
cuts,1
that,1
was,1
choices,1
committed,1
lonely,1
planned,1
insider,1
apparently,1
banana,1
flower,1
served,1
over,1
side,1
alone,1
few,1
destinations,1
deeply,1
wednesday,1
mission,1
breast,1
bold,1
will,1
bubble,1
sites,1
debate,1
explains,1
lazy,1
option,1
eggs,1
method,1
season,1
york,1
spent,1
legal,1
example,1
without,1
workers,1
target,1
fault,1
competitive,1
decorating,1
cells,1
join,1
treat,1
common,1
tuesday,1
director,1
away,1
essential,1
sensitive,1
emma,1
mitt,1
creates,1
degrees,1
these,1
new,1
television,1
healthier,1
breaks,1
between,1
part,1
enter,1
elected,1
releases,1
buying,1
avoid,1
trend,1
thanks,1
amount,1
referendum,1
definitely,1
spot,1
accounts,1
iowa,1
describes,1
starring,1
to,1
stop,1
cutting,1
notes,1
previously,1
yet,1
issues,1
on,1
significantly,1
entry,1
obese,1
aspect,1
survived,1
stake,1
states,1
spending,1
pregnant,1
whole,1
left,1
symptoms,1
ignore,1
estate,1
only,1
replacement,1
tremendous,1
spots,1
draft,1
billboard,1
hong,1
now,1
sold,1
row,1
our,1
living,1
data,1
bad,1
airports,1
a.m.,1
sector,1
worrying,1
strikes,1
saint,1
predict,1
affairs,1
agrees,1
stopping,1
pause,1
vermont,1
elderly,1
glass,1
blow,1
hours,1
aid,1
eyes,1
many,1
foods,1
glimpse,1
detention,1
gary,1
beings,1
retreat,1
commercial,1
value,1
possibly,1
transition,1
types,1
favor,1
ad,1
chances,1
reaches,1
inside,1
political,1
campaign,1
tip,1
congress,1
giants,1
pace,1
barbara,1
courage,1
koch,1
philippines,1
ball,1
a,1
serious,1
foot,1
celebrated,1
moral,1
have,1
europe,1
fan,1
engaged,1
hosted,1
sought,1
plus,1
championship,1
greg,1
repeat,1
tests,1
connecticut,1
mocks,1
respond,1
invest,1
uncertainty,1
oct,1
robot,1
outcome,1
unions,1
elements,1
went,1
has,1
crazy,1
search,1
syndrome,1
cut,1
students,1
at,1
economy,1
employment,1
wondered,1
voted,1
deputy,1
graduate,1
prominent,1
attack,1
florida,1
pain,1
arrest,1
little,1
camp,1
bill,1
board,1
lot,1
honor,1
lack,1
officially,1
laid,1
empowering,1
donations,1
beef,1
emmys,1
figured,1
barack,1
leaders,1
tries,1
plate,1
shadow,1
careful,1
tensions,1
jamie,1
via,1
for,1
probably,1
seems,1
there,1
mass,1
strategies,1
corner,1
soon,1
remain,1
biggest,1
changes,1
headline,1
nbc,1
con,1
avoiding,1
prep,1
made,1
into,1
george,1
’s,1
fast,1
ability,1
fight,1
store,1
fears,1
worthy,1
ghost,1
sued,1
unfortunately,1
developing,1
draws,1
establishment,1
management,1
inc,1
name,1
fly,1
jack,1
return,1
own,1
failed,1
youth,1
brings,1
longer,1
safer,1
hell,1
tradition,1
aggressive,1
consequences,1
forgive,1
accidentally,1
dialogue,1
lies,1
wine,1
missing,1
bought,1
face,1
famous,1
taken,1
hope,1
—,1
hardly,1
claiming,1
simply,1
female,1
announcement,1
long,1
diets,1
charlotte,1
afghan,1
decline,1
nationwide,1
wrap,1
spokesman,1
defends,1
protein,1
months,1
seriously,1
here,1
signed,1
mobile,1
sometimes,1
review,1
believe,1
blame,1
terrorists,1
app,1
dropped,1
listening,1
improved,1
kong,1
investigate,1
regularly,1
ever,1
making,1
process,1
red,1
full,1
lives,1
de,1
batman,1
feds,1
placed,1
embarrassing,1
aging,1
must,1
control,1
response,1
kills,1
published,1
behavior,1
street,1
snack,1
appeals,1
butt,1
mississippi,1
bacteria,1
somehow,1
themselves,1
walk,1
problems,1
appears,1
count,1
organizations,1
inspire,1
case,1
jordan,1
traveled,1
existence,1
legacy,1
corporate,1
sounds,1
while,1
would,1
light,1
grow,1
town,1
hold,1
fried,1
excitement,1
celebrating,1
begin,1
wonders,1
rolls,1
honoring,1
gross,1
plenty,1
leaving,1
airlines,1
white,1
army,1
we,1
they,1
each,1
catching,1
agents,1
hardest,1
communications,1
fda,1
promise,1
became,1
item,1
legislation,1
guess,1
flavors,1
circle,1
slideshow,1
promises,1
rand,1
sneak,1
epidemic,1
still,1
paying,1
takes,1
together,1
much,1
ambassador,1
counting,1
drawn,1
designs,1
exists,1
certainly,1
if,1
watching,1
once,1
granted,1
anniversary,1
corn,1
gained,1
hopefully,1
advertising,1
attention,1
faces,1
late,1
sad,1
ancient,1
exciting,1
christie,1
perhaps,1
story,1
cover,1
help,1
campus,1
entertaining,1
getaway,1
standing,1
bomb,1
tops,1
comment,1
continuing,1
prove,1
senior,1
chinese,1
america,1
force,1
race,1
ended,1
gratitude,1
picture,1
billy,1
pure,1
meanwhile,1
collaboration,1
odd,1
reverse,1
artists,1
throughout,1
nothing,1
celebrities,1
nobody,1
not,1
consider,1
none,1
keith,1
checking,1
ensure,1
mountain,1
historical,1
migrants,1
scenes,1
dads,1
through,1
outside,1
business,1
players,1
rumors,1
sets,1
refugee,1
founder,1
infrastructure,1
investing,1
lincoln,1
be,1
exist,1
stand,1
walks,1
apart,1
universe,1
delivered,1
certain,1
celebrates,1
running,1
product,1
chefs,1
convinced,1
citizen,1
dishes,1
monster,1
real,1
risk,1
instead,1
union,1
're,1
turned,1
both,1
involves,1
heads,1
stretch,1
wise,1
plain,1
excellent,1
4th,1
unknown,1
groups,1
caucus,1
route,1
decision,1
maryland,1
covered,1
encounter,1
dan,1
republicans,1
whether,1
old,1
being,1
dressing,1
bob,1
stops,1
device,1
fatal,1
challenging,1
plot,1
agencies,1
teeth,1
move,1
russia,1
medical,1
another,1
threats,1
louis,1
veteran,1
includes,1
senators,1
turn,1
signs,1
sacred,1
massachusetts,1
contract,1
debates,1
entire,1
technology,1
games,1
treatments,1
ignored,1
rate,1
refuses,1
spice,1
smoke,1
caring,1
mail,1
like,1
see,1
working,1
elections,1
worst,1
list,1
things,1
run,1
linked,1
grandma,1
morgan,1
cash,1
mistake,1
managed,1
assume,1
screening,1
faith,1
birth,1
boyfriend,1
customers,1
brains,1
appearance,1
urge,1
block,1
measures,1
hopeful,1
creative,1
had,1
mean,1
france,1
crime,1
calling,1
top,1
fall,1
tell,1
room,1
survive,1
invited,1
terrorism,1
subway,1
surrounding,1
participants,1
equally,1
hitting,1
all,1
is,1
took,1
start,1
history,1
especially,1
pressure,1
unless,1
launch,1
differences,1
berlin,1
potential,1
skip,1
flash,1
toddlers,1
putting,1
partner,1
look,1
rather,1
shopping,1
question,1
with,1
%,1
fate,1
surprises,1
kitchen,1
facing,1
send,1
setting,1
hilarious,1
blues,1
embracing,1
premiere,1
doing,1
go,1
airline,1
viewers,1
corporations,1
miracle,1
entrepreneur,1
aspects,1
divided,1
after,1
charge,1
broke,1
step,1
breathing,1
cope,1
smith,1
section,1
interest,1
delivery,1
session,1
earned,1
acknowledge,1
fallen,1
countless,1
male,1
thing,1
particular,1
say,1
employees,1
kicked,1
styles,1
rules,1
visit,1
deal,1
everything,1
ceremony,1
even,1
pay,1
champion,1
joy,1
parody,1
physical,1
him,1
health,1
forever,1
involved,1
filled,1
first,1
brooklyn,1
regular,1
shame,1
house,1
madness,1
authorities,1
chef,1
reunion,1
experiencing,1
request,1
memories,1
rhetoric,1
slightly,1
updates,1
attended,1
best,1
far,1
older,1
something,1
about,1
anymore,1
emmy,1
painting,1
neighbors,1
it,1
skin,1
idea,1
bright,1
've,1
next,1
traditions,1
disorders,1
tickets,1
letter,1
lifestyle,1
users,1
arm,1
alexander,1
succeed,1
diseases,1
clock,1
austin,1
come,1
when,1
those,1
us,1
october,1
swing,1
passion,1
sale,1
guy,1
make,1
fancy,1
horrible,1
affect,1
highest,1
jon,1
enjoy,1
spanish,1
opinions,1
legendary,1
cleveland,1
good,1
beginning,1
puts,1
cultural,1
mysterious,1
security,1
angeles,1
forget,1
freedom,1
soldiers,1
pro,1
shape,1
partnership,1
sure,1
space,1
amy,1
time,1
because,1
issue,1
goes,1
market,1
herself,1
pilot,1
meat,1
treating,1
personally,1
makeover,1
tie,1
places,1
sense,1
necessary,1
blast,1
code,1
daddy,1
numerous,1
supposed,1
quest,1
“,1
fix,1
congressman,1
where,1
leather,1
limit,1
oldest,1
stuff,1
ways,1
brian,1
victims,1
jared,1
landscape,1
lasting,1
legs,1
searching,1
panic,1
press,1
themed,1
president,1
alex,1
provide,1
harvard,1
realize,1
values,1
los,1
enough,1
hidden,1
bigger,1
mixed,1
provided,1
exchange,1
important,1
coverage,1
give,1
attacked,1
holding,1
threatening,1
closing,1
hottest,1
advance,1
who,1
fun,1
humor,1
show,1
often,1
support,1
game,1
plan,1
choose,1
reportedly,1
during,1
finance,1
them,1
miranda,1
supports,1
treatment,1
returned,1
push,1
holiday,1
plays,1
surprisingly,1
argument,1
roles,1
topic,1
’re,1
create,1
starts,1
page,1
schedule,1
difficult,1
sign,1
losing,1
death,1
system,1
shot,1
no,1
gets,1
chairman,1
excuse,1
jewelry,1
aware,1
boring,1
people,1
changed,1
going,1
else,1
need,1
strength,1
what,1
work,1
reality,1
hook,1
present,1
letters,1
comes,1
gifts,1
using,1
abc,1
hole,1
loans,1
successful,1
speaking,1
senator,1
pretty,1
halloween,1
upset,1
kind,1
attacks,1
label,1
weekend,1
share,1
expert,1
featuring,1
book,1
decisions,1
any,1
pounds,1
keeping,1
solution,1
one,1
literally,1
fifth,1
belief,1
guilt,1
preparing,1
whenever,1
toll,1
newest,1
says,1
huffington,1
afraid,1
evening,1
breaking,1
get,1
banks,1
connect,1
executive,1
's,1
post,1
protests,1
end,1
life,1
claims,1
silence,1
just,1
meet,1
play,1
services,1
exploring,1
expecting,1
ban,1
favorite,1
vs.,1
reporter,1
features,1
moves,1
awesome,1
provides,1
runner,1
sends,1
communication,1
routine,1
spotted,1
newspaper,1
poor,1
hot,1
think,1
his,1
lost,1
romance,1
infographic,1
costumes,1
unlike,1
undocumented,1
reveals,1
attorney,1
planning,1
created,1
mouth,1
completely,1
before,1
worse,1
christians,1
decor,1
showed,1
transform,1
colorful,1
banned,1
craft,1
golf,1
lately,1
same,1
understand,1
thursday,1
domestic,1
n't,1
mike,1
know,1
spotlight,1
charles,1
media,1
connection,1
golden,1
fox,1
luck,1
learned,1
relax,1
quite,1
anthem,1
oliver,1
professional,1
turkey,1
clothes,1
powerful,1
advocate,1
hampshire,1
seconds,1
sweet,1
do,1
ongoing,1
getting,1
brother,1
graham,1
elect,1
buy,1
shares,1
right,1
skills,1
denied,1
happens,1
hospital,1
never,1
adult,1
rest,1
charity,1
again,1
simple,1
administration,1
americans,1
leave,1
brands,1
evolution,1
soft,1
why,1
way,1
arrested,1
grey,1
aside,1
strong,1
colors,1
bell,1
factor,1
dinner,1
until,1
guilty,1
times,1
wait,1
cure,1
ups,1
worldwide,1
failing,1
calls,1
school,1
lose,1
place,1
thinking,1
minority,1
crucial,1
coffee,1
building,1
every,1
awards,1
similar,1
court,1
passengers,1
coming,1
having,1
opportunity,1
stage,1
forgotten,1
teams,1
appreciate,1
beat,1
vegetables,1
himself,1
days,1
effective,1
he,1
wonder,1
soup,1
words,1
illness,1
true,1
member,1
very,1
can,1
joins,1
fed,1
shocking,1
elizabeth,1
deliver,1
billionaire,1
charlie,1
really,1
respect,1
better,1
you,1
others,1
lessons,1
birthday,1
actually,1
happened,1
faster,1
directly,1
plane,1
ticket,1
saying,1
unusual,1
wealth,1
fired,1
dad,1
bet,1
presence,1
so,1
keep,1
armed,1
village,1
victory,1
advantage,1
winners,1
ease,1
opposition,1
speak,1
stressful,1
michael,1
staff,1
moore,1
tom,1
sit,1
myth,1
computer,1
done,1
military,1
specific,1
fantasy,1
friend,1
magic,1
needs,1
happen,1
required,1
admits,1
wilson,1
hear,1
’m,1
meaningful,1
looks,1
makes,1
presidential,1
quick,1
shared,1
meaning,1
always,1
drinking,1
further,1
gives,1
scared,1
pool,1
cuba,1
creativity,1
young,1
single,1
justice,1
balance,1
hurt,1
does,1
obvious,1
abuse,1
somewhere,1
morning,1
how,1
access,1
click,1
lawyers,1
sing,1
originally,1
attend,1
era,1
survivor,1
visiting,1
chaos,1
heart,1
should,1
back,1
fear,1
too,1
died,1
direct,1
goals,1
laugh,1
mood,1
pick,1
kim,1
breakfast,1
guys,1
anywhere,1
sam,1
assault,1
ryan,1
ill,1
colleges,1
understanding,1
budget,1
hoping,1
believes,1
proposal,1
practice,1
means,1
basically,1
affects,1
did,1
hits,1
gaga,1
lawrence,1
chris,1
taking,1
hate,1
modern,1
judge,1
miss,1
election,1
magazine,1
collection,1
commitment,1
limited,1
easy,1
reason,1
perfect,1
walked,1
painful,1
window,1
feed,1
special,1
childhood,1
asking,1
steve,1
let,1
stronger,0
tough,0
surprising,0
worth,0
exactly,0
want,0
eat,0
award,0
independent,0
digital,0
concept,0
approach,0
write,0
web,0
closet,0
watch,0
walker,0
festival,0
treated,0
falls,0
diagnosed,0
her,0
feature,0
cocktail,0
benefits,0
care,0
cooking,0
manage,0
sick,0
frozen,0
stranger,0
moon,0
personality,0
battle,0
non,0
gift,0
offer,0
prevent,0
apple,0
traffic,0
brothers,0
express,0
social,0
wrong,0
desire,0
funny,0
minute,0
arrived,0
defense,0
began,0
olympics,0
restaurant,0
latest,0
housing,0
airport,0
amid,0
welcome,0
conservatives,0
fearless,0
met,0
answer,0
series,0
virus,0
weapons,0
offered,0
different,0
resort,0
goal,0
matters,0
david,0
remind,0
surprise,0
ellen,0
develop,0
costume,0
task,0
families,0
pot,0
able,0
reading,0
drinks,0
looked,0
seth,0
whatever,0
tied,0
houston,0
within,0
pack,0
talk,0
grateful,0
republican,0
loss,0
uk,0
black,0
spend,0
floor,0
she,0
anthony,0
note,0
destination,0
money,0
james,0
watched,0
anyone,0
complicated,0
allow,0
valley,0
prepared,0
radio,0
man,0
pair,0
marathon,0
adults,0
choosing,0
stores,0
add,0
laws,0
thomas,0
love,0
anyway,0
fake,0
announces,0
blogger,0
yourself,0
false,0
grief,0
finding,0
audience,0
academy,0
staying,0
votes,0
arms,0
smoking,0
learn,0
your,0
children,0
giving,0
jennifer,0
hard,0
horror,0
worried,0
baseball,0
rights,0
primary,0
smile,0
increased,0
calm,0
thank,0
onto,0
actress,0
killer,0
consumers,0
prince,0
general,0
cell,0
gold,0
handle,0
table,0
-,0
#,0
voters,0
warns,0
emails,0
law,0
deals,0
higher,0
speaks,0
lifetime,0
tale,0
measure,0
choice,0
facebook,0
drink,0
chocolate,0
hill,0
either,0
’ve,0
self,0
pope,0
breath,0
bush,0
remember,0
early,0
rick,0
rich,0
trying,0
journalists,0
greatest,0
relief,0
mom,0
confidence,0
orlando,0
model,0
private,0
achieve,0
cancer,0
lady,0
fans,0
dollars,0
seemed,0
afghanistan,0
compassion,0
orange,0
harder,0
joke,0
stay,0
nutrition,0
religion,0
controversy,0
mostly,0
vision,0
mind,0
tonight,0
december,0
progressive,0
behind,0
drama,0
flying,0
status,0
trouble,0
personal,0
couple,0
tax,0
guest,0
sort,0
folks,0
eric,0
difference,0
core,0
basic,0
hands,0
put,0
vote,0
totally,0
comfort,0
got,0
fraud,0
daughters,0
night,0
miley,0
anger,0
title,0
senate,0
boy,0
daily,0
vice,0
biden,0
middle,0
advice,0
amazon,0
tired,0
constantly,0
tools,0
leads,0
helping,0
brain,0
credit,0
wife,0
tried,0
ladies,0
lots,0
anti,0
willing,0
epic,0
relationship,0
sean,0
included,0
equal,0
congressional,0
works,0
job,0
hero,0
perfectly,0
driver,0
holidays,0
disease,0
appear,0
teach,0
allowed,0
upcoming,0
rose,0
film,0
college,0
suit,0
stone,0
excited,0
interview,0
family,0
jewish,0
scary,0
happy,0
italian,0
discuss,0
talking,0
foundation,0
rates,0
culture,0
box,0
fourth,0
tells,0
influence,0
king,0
therapy,0
korea,0
diet,0
success,0
blog,0
boost,0
guests,0
someone,0
ones,0
truth,0
wall,0
teaching,0
fully,0
repeal,0
everyday,0
trip,0
disorder,0
played,0
lee,0
hearts,0
memory,0
drop,0
paul,0
learning,0
ending,0
drag,0
stewart,0
role,0
reasons,0
cruise,0
asks,0
francis,0
dark,0
crash,0
kardashian,0
recognize,0
paris,0
athletes,0
celebrity,0
instagram,0
double,0
intelligence,0
programs,0
actor,0
convention,0
turns,0
purpose,0
sarah,0
star,0
proof,0
decide,0
highly,0
jr,0
diversity,0
vegas,0
capital,0
editor,0
alleged,0
felt,0
order,0
possible,0
royal,0
‘,0
third,0
chance,0
negative,0
connected,0
body,0
online,0
meant,0
officers,0
veterans,0
sharing,0
european,0
keeps,0
anything,0
everyone,0
victim,0
huffpost,0
divorced,0
try,0
chief,0
cop,0
inspired,0
models,0
hall,0
child,0
addiction,0
policies,0
cnn,0
written,0
thought,0
poll,0
leader,0
course,0
meal,0
syrian,0
benefit,0
screen,0
proud,0
border,0
travelers,0
woman,0
parents,0
pride,0
questions,0
failure,0
income,0
experience,0
strategy,0
voter,0
girl,0
conflict,0
seat,0
oscars,0
jeff,0
moment,0
wear,0
toddler,0
vacation,0
dies,0
tribute,0
writer,0
figure,0
boston,0
train,0
scandal,0
win,0
version,0
forces,0
friends,0
charged,0
explain,0
medicine,0
cheese,0
type,0
twitter,0
travel,0
hollywood,0
card,0
father,0
sun,0
steps,0
feelings,0
wants,0
historic,0
shoes,0
details,0
homeless,0
message,0
voting,0
harry,0
'm,0
ourselves,0
supporters,0
nice,0
ring,0
hair,0
shop,0
taught,0
healthy,0
email,0
survey,0
lawmakers,0
conservative,0
n’t,0
movie,0
experiences,0
ben,0
feel,0
yoga,0
piece,0
host,0
delicious,0
refugees,0
bar,0
swift,0
murder,0
movies,0
size,0
chicken,0
i,0
bed,0
age,0
opens,0
writing,0
opening,0
beauty,0
equality,0
claim,0
israel,0
improve,0
men,0
helps,0
starting,0
god,0
former,0
me,0
habits,0
tech,0
trailer,0
reform,0
paid,0
valentine,0
fbi,0
myself,0
easier,0
listen,0
british,0
teacher,0
feels,0
doctor,0
wanted,0
wins,0
religious,0
candidates,0
fat,0
joe,0
party,0
voice,0
allegedly,0
