lbl,100
phraseology,100
jayful,100
65-plus,100
as--,100
than--,100
healthgrades,100
middlescents,100
koehler,100
tulúm,100
barreca,100
kmvt,100
kayt,100
sukel,100
suburbanite,100
free-,100
midnite,100
75-years,100
uhf,100
nsx,100
supercar,100
fortnightly,100
daughterhood,100
leal,100
portis,100
egomaniacal,100
northeasterners,100
forgiver,100
rehoboth,100
56-years,100
14-months,100
undulation,100
rigoletto,100
bassoon,100
wagnered,100
post-60,100
dovetails,100
exhausts,100
over-50,100
states.this,100
crests,100
commiserated,100
tuolumne,100
high50,100
midlifers,100
nanahood,100
librarylinks,100
ncall,100
noz,100
legacyg,100
matrons,100
qeii,100
handbasket,100
eleni,100
threenager,100
clydesdale,100
whinny,100
schroder,100
gurnee,100
unuttered,100
poot,100
officemates,100
elphaba,100
mariachis,100
f*%k,100
chauffeuring,100
sonics,100
barringer,100
fairbairn,100
tweener,100
curviness,100
middlesexy,100
lucidity,100
launay,100
schuller,100
mid-1980,100
50-something,100
sarno,100
subscriptions.f,100
haroset,100
joycean,100
perfectionistic,100
over-50s,100
traditionalists,100
smarminess,100
toofaan,100
studley,100
expatriation,100
menses,100
graveside,100
stellick,100
acceptably,100
obits,100
ht,100
yuppie,100
yana,100
exfoliators,100
spinmeisters,100
foreheads,100
chuckling,100
bitsyland,100
poinsettia,100
harvester,100
applewhite,100
countenance,100
grumblings,100
hellraiser-7,100
doohickey,100
indispensables,100
burkas,100
baaack,100
salvageable,100
jingling,100
throbs,100
jangling,100
gawande,100
mythbusting,100
greys,100
wsl,100
eights,100
tranquilizers,100
anticonvulsant,100
deduced,100
post50,100
istria,100
hectoring,100
drumsticks,100
vacillates,100
mattressable,100
fluctuation,100
admonish,100
fluffing,100
stoehr,100
realpad,100
toob,100
girlies,100
differentness,100
forkfuls,100
midlifer,100
sarge,100
grunting,100
guadalajara,100
moodier,100
grumpiness,100
st)age,100
msbr,100
minnow,100
elapsed,100
titties,100
tridevil,100
cavort,100
reinventions,100
vradenburg,100
ideas@50,100
loup,100
ayliff,100
waite,100
others--,100
me--,100
magine,100
othe,100
mid-80s,100
"minutes.""the",100
sicre,100
facilitation,100
throaty,100
oswego,100
súper,100
forsook,100
akagera,100
aberrant,100
grazie,100
anyhoo,100
prizefighter,100
braeden,100
f*ckable,100
chicana,100
watterson,100
counterpointed,100
kickin,100
femur,100
gravitating,100
riskttaker,100
wiry,100
workscape,100
poundage,100
sluttiness,100
creaked,100
salkin,100
noisiest,100
elastics,100
kinipple,100
histrionics,100
erection,100
jaggedly,100
pitiable,100
shutterfly,100
jig'll,100
chaste,100
wimping,100
reveres,100
deadhead,100
reorg,100
ohnocupid,100
handywoman,100
yourselfers,100
suitability,100
hrt,75
perimenopause,70
clef,67
cataract,67
post-50,67
catharine,67
oversights,67
woohoo,67
shutters,67
boomer,63
centenarians,60
grandkids,60
midlife,58
bullsh,50
briskly,50
scurried,50
yapping,50
preys,50
relished,50
poplar,50
marci,50
semantic,50
cedars,50
precipices,50
noncommittal,50
furtively,50
grandsons,50
incredulity,50
resuscitation,50
futurists,50
overqualified,50
generative,50
seaport,50
79th,50
25-years,50
clearinghouse,50
aggravations,50
virile,50
indescribably,50
coldness,50
southerner,50
reciprocated,50
orchestration,50
camino,50
30-years,50
richey,50
windex,50
gobblers,50
deviated,50
spaniel,50
telephoned,50
perked,50
nanas,50
irv,50
dentures,50
mid-50s,50
diacetyl,50
thompkins,50
blythe,50
wonton,50
padlock,50
crimping,50
thud,50
milf,50
mends,50
dizziness,50
assistive,50
lunden,50
stoicism,50
festoon,50
scullery,50
overextend,50
entailed,50
trickling,50
pasting,50
phlebotomists,50
wail,50
59-year,50
concoct,50
pronouncing,50
dermatological,50
follicles,50
compendium,50
resumé,50
rumpled,50
hesitantly,50
unapproachable,50
realised,50
mellower,50
stoplights,50
lubrication,50
intangibles,50
91st,50
grandmom,50
downsized,50
nesters,50
fevers,50
laidback,50
stooping,50
30-somethings,50
lewy,50
gauges,50
overheating,50
77th,50
downsize,50
universality,50
zag,50
howled,50
aquamarine,50
hoisting,50
dd,50
sajak,50
justus,50
meandered,50
erections,50
mackerel,50
cushioned,50
entrée,50
heartaches,50
monkees,50
yourselfer,50
trestle,50
zagat,50
boomers,48
ageism,47
grandparenting,44
grownups,43
ageist,43
reflexes,43
expats,40
organically,40
intersections,40
tiegs,40
leeza,40
menopausal,39
retirees,37
nah,36
uncles,33
grievous,33
menopause,33
chipper,33
algarve,33
colorfully,33
fritos,33
superficially,33
plunked,33
schizophrenic,33
aphasia,33
elana,33
peeple,33
56-year,33
skillset,33
deflates,33
resupply,33
crevices,33
exuberance,33
fifteenth,33
afield,33
jittery,33
chafing,33
neared,33
cashiers,33
roundabout,33
frostbite,33
foolhardy,33
savasana,33
indigestion,33
syllables,33
quasars,33
falloff,33
inveterate,33
nurturers,33
dismemberment,33
antisocial,33
kneelers,33
poignancy,33
r.e.m,33
verbalize,33
foreseen,33
northrup,33
gennaro,33
eyewitnesses,33
eldercare,33
boatload,33
bespectacled,33
fluttered,33
roasters,33
verve,33
orb,33
subconsciously,33
mustering,33
titillate,33
recoil,33
cayo,33
congee,33
subsides,33
feathering,33
pct,33
hanky,33
swiftness,33
lonelier,33
affections,33
repairman,33
swooned,33
homebound,33
99-year,33
thinned,33
hooey,33
worcestershire,33
mélange,33
valedictorian,33
plop,33
bardem,33
cushy,33
colonoscopies,33
scarfing,33
gramma,33
ostracizing,33
groaning,33
acapulco,33
adopter,33
gobbled,33
bozo,33
bosom,33
kama,33
hysterically,33
donohue,33
beckoned,33
spectral,33
bloomer,33
scribbled,33
telemedicine,33
rutted,33
eggers,33
ergonomic,33
antidotes,33
ey,33
bronco,33
hopefulness,33
unenviable,33
slutty,33
mascaras,33
excedrin,33
kigali,33
typewriters,33
chromium,33
undergraduates,33
cranks,33
hypochondriac,33
celibacy,33
streamlining,33
galloway,33
fallopian,33
grandchildren,32
progressed,30
aging,29
vocation,29
surmise,29
vasectomy,29
modicum,29
geist,29
critter,29
trish,29
belize,27
retire,27
52-year,27
retirement,27
robe,27
caregiving,26
grandparent,26
hesitating,25
untrustworthy,25
seep,25
tinnitus,25
reiterates,25
genteel,25
wafting,25
malts,25
blemishes,25
proms,25
reconsidered,25
brighton,25
pillowcases,25
retiree,25
disorientation,25
detours,25
accorded,25
disorienting,25
fibers,25
decompress,25
acing,25
remodels,25
indexes,25
whisk,25
dispenses,25
octane,25
85th,25
estrangement,25
hoof,25
unlocks,25
insinuated,25
subtlety,25
tweaking,25
moviegoer,25
daze,25
58-year,25
pulley,25
rippling,25
gainful,25
clung,25
cocker,25
blurted,25
octogenarian,25
gnarly,25
ordeals,25
shards,25
drawl,25
conspire,25
mammoths,25
danner,25
coddled,25
enactment,25
93rd,25
ma'am,25
whistling,25
imperatives,25
dislodge,25
upsurge,25
relocating,25
rockettes,25
radiated,25
overreacting,25
wanes,25
disrepair,25
conversing,25
tablecloths,25
wearables,25
lifesaver,25
ravages,25
gregarious,25
queried,25
hello,25
immersing,25
pacemakers,25
whizzing,25
whitehead,25
compatibility,25
disengage,25
futility,25
confessing,25
aground,25
punctuation,25
furs,25
crawleys,25
beeping,25
morley,25
shafer,25
sulfate,25
duvet,25
backlit,25
unsurpassed,25
relevancy,25
dumbfounded,25
replaceable,25
fifties,25
dependable,25
ferries,25
winked,25
seventies,25
squealing,25
monetize,25
undefined,25
crows,25
cuddled,25
spokesmodels,25
homemaker,25
motorized,25
scooters,25
shivers,25
timeliness,25
retiring,25
nana,24
caregiver,24
aarp,23
50s,22
graying,22
precedence,22
thrived,22
rochelle,22
crest,22
71-year,22
thermostat,22
hobbes,22
elder,22
minimizing,21
hospice,21
hairs,20
donny,20
veins,20
geriatric,20
enroll,20
irritability,20
adorning,20
distorts,20
bartholomew,20
intending,20
hushed,20
sliver,20
soothes,20
housekeeper,20
incline,20
phillies,20
widows,20
housemates,20
bulging,20
decluttering,20
converged,20
dispensary,20
checkmate,20
puffing,20
forgetfulness,20
humanoid,20
resuscitate,20
tumbled,20
solver,20
plumb,20
nineties,20
thoroughbred,20
potholes,20
inaccurately,20
frustrates,20
glenda,20
grudgingly,20
downsizing,20
dampened,20
fonder,20
65th,20
coffey,20
hess,20
fable,20
reticent,20
naturalist,20
christiane,20
repository,20
evict,20
snort,20
maury,20
paradoxically,20
bucharest,20
refreshes,20
reinvigorate,20
crosswalk,20
masturbation,20
setter,20
hourglass,20
fumbling,20
foreplay,20
receptionist,20
commune,20
relinquish,20
cataracts,20
pasties,20
plucking,20
rearview,20
sutra,20
bea,20
outpatient,20
tamron,20
quests,20
roker,20
ducked,20
caddy,20
bordering,20
worrier,20
overlapping,20
carpal,20
delish,20
merged,20
handicapped,20
46-year,20
malfunctioning,20
miffed,20
shrugging,20
splashes,20
memberships,20
nester,20
aerobics,20
intervening,20
uncoupled,20
profundity,20
constipation,20
alzheimer,19
overseas,19
seeker,19
nest,19
nicaragua,19
widowed,19
generational,18
housekeeping,18
nicknamed,18
fondness,18
emptiness,18
reimagining,18
ruiz,18
meanest,18
tedious,18
osmond,18
aged,17
contentment,17
pouches,17
cleaver,17
dignified,17
colonies,17
dryness,17
rediscovered,17
slob,17
bloomington,17
squabbling,17
strayed,17
marauding,17
undies,17
incidentally,17
alternating,17
mixology,17
monotone,17
grandmothers,17
tellers,17
barter,17
quadruplets,17
cherie,17
swine,17
distinctions,17
usefulness,17
configuration,17
78-year,17
peg,17
gleaned,17
marigold,17
casanova,17
cassandra,17
washer,17
renovate,17
cabernet,17
slogging,17
foreboding,17
emanate,17
fickle,17
mortician,17
walled,17
unwrapped,17
scrutinizing,17
mcdormand,17
masturbating,17
fa,17
mightier,17
capita,17
blinked,17
antipsychotics,17
pauley,17
banged,17
discontinue,17
throwaway,17
clubbing,17
reinvigorated,17
chevy,17
unencumbered,17
geraldine,17
populace,17
maniacal,17
skydive,17
squatting,17
averted,17
veered,17
76-year,17
recapturing,17
kasem,17
hemlines,17
excused,17
mores,17
freakish,17
horseman,17
tiresome,17
drapes,17
grandchild,17
reaper,17
impotence,17
heartbreakingly,17
harbingers,17
purée,17
canes,17
57-year,17
recruiters,17
demographic,16
50th,15
aunts,15
innocently,15
peeves,15
scammers,15
charmed,15
embryos,15
sweetie,15
nutshell,15
wholeheartedly,15
gracefully,15
fart,15
adored,15
mammograms,15
kippur,15
older,15
skype,14
yom,14
afoot,14
mathematicians,14
beagle,14
cuddles,14
isolating,14
crate,14
foggy,14
cutesy,14
annoyed,14
queue,14
swiping,14
suffocating,14
dreads,14
binging,14
flings,14
leaner,14
impersonal,14
wiser,14
voluptuous,14
demoted,14
terrorize,14
90-year,14
kudos,14
herculean,14
intentionality,14
idolized,14
newsstand,14
ratty,14
dependency,14
baffle,14
refine,14
dredge,14
chimed,14
unpacking,14
bloating,14
flamboyant,14
grownup,14
pessimist,14
backpackers,14
pummeled,14
schuyler,14
bookworm,14
strained,14
tweed,14
rubbish,14
revolved,14
dialing,14
30-something,14
postponing,14
sidetracked,14
gutierrez,14
punxsutawney,14
reservoirs,14
mustered,14
ironing,14
goin',14
zoomed,14
halves,14
traverse,14
naively,14
squander,14
anaconda,14
euphoric,14
ezekiel,14
brake,14
dracula,14
attained,14
collude,14
gilligan,14
instantaneously,14
allstate,14
pursues,14
gere,14
crimped,14
lumps,14
balding,14
distinguishes,14
hippo,14
grander,14
splashing,14
cohorts,14
knuckles,14
unedited,14
kernels,14
baaaaack,14
glossed,14
advil,14
assorted,14
haywire,14
motherless,14
porpoise,14
sensed,14
harping,14
orgasms,14
worshipped,14
shortchanged,14
dirtiest,14
skiers,14
osteoporosis,14
pensions,14
woodstock,14
caregivers,13
confuses,13
packet,13
unquestionably,13
relocate,13
stacks,13
zebra,13
mediocrity,13
persists,13
ensuing,12
clayton,12
malaise,12
gnawing,12
convinces,12
colorist,12
intractable,12
marcia,12
reunions,12
rattle,12
blob,12
moratorium,12
autocorrect,12
bungee,12
bemoan,12
bargained,12
sorrows,12
normalcy,12
volunteerism,12
gasping,12
crawled,12
extroverted,12
federally,12
productively,12
70-year,12
deepened,12
shined,12
joyously,12
soreness,12
momma,12
schoolchildren,12
chews,12
hal,12
caretakers,12
lords,12
intergenerational,12
pausing,12
motorcade,12
exquisitely,12
amazes,12
pendulum,12
arrangements,12
evicted,12
povich,12
grainy,12
bottomless,12
pints,12
thorn,12
groans,12
55-year,12
blahs,12
spreadsheet,12
softens,12
wallow,12
auld,12
gibbons,12
voila,12
nesting,12
unhealthiest,12
techie,12
safes,12
boulud,12
cascading,12
caterer,12
pimple,12
approachable,12
retreating,12
neediness,12
barking,12
frighteningly,12
nodded,12
obit,12
crossword,12
eighties,12
blurry,12
eq,12
smug,12
typewriter,12
bethany,12
dutifully,12
charting,12
headless,12
millenials,12
trickled,12
squared,12
nephews,12
nieces,12
vested,12
printers,12
dementia,12
linger,12
grandparents,12
expat,12
1930s,12
profiles,12
reinvent,12
pretzel,12
flashes,12
facelift,12
wrinkles,12
attuned,12
optimist,12
indirectly,12
panties,12
hubs,12
predecessors,12
keanu,12
rwanda,12
caller,12
expiration,12
youthful,11
grumpy,11
reservations,11
siri,11
botox,11
percentages,11
91-year,11
startled,11
lapses,11
domingo,11
overreaction,11
shelly,11
cartels,11
applicable,11
magnifying,11
cartagena,11
bedside,11
melancholy,11
downsides,11
databases,11
equator,11
eyewear,11
sweats,11
outlive,11
joyfully,11
60-year,11
commenced,11
sitters,11
respectability,11
goddesses,11
lear,11
assign,11
reels,11
compatible,11
germiest,11
therein,11
versailles,11
limelight,11
kindred,11
serums,11
hose,11
refocus,11
costner,11
hotness,11
pouch,11
bereavement,11
flagrant,11
tabs,11
frail,11
ambivalent,11
neanderthals,11
epicenter,11
elope,11
helplessness,11
customary,11
topper,11
pak,11
palatable,11
mammogram,11
factual,11
evoked,11
postings,11
chests,11
quip,11
indescribable,11
savored,11
contexts,11
mailed,11
catnip,11
pecking,11
ponte,11
seduced,11
authoritative,11
grays,11
castillo,11
hooker,11
dashboard,11
fiercest,11
kudrow,11
energizes,11
noticeably,11
nutty,11
51-year,11
interlude,11
cadbury,11
borneo,11
cohabitation,11
trenches,11
plugged,11
60s,10
researching,10
seniors,10
haunts,10
literate,10
amps,10
auburn,10
soundly,10
tufts,10
rapport,10
grandson,10
charade,10
cherishing,10
unfiltered,10
annoyance,10
80th,10
derive,10
learner,10
ample,10
emptying,10
65-year,10
betray,10
bothers,10
shoestring,10
moby,10
shimmering,10
quota,10
kahn,10
afforded,10
sauna,10
trays,10
glamping,10
tri,10
bangkok,10
doldrums,10
pubic,10
fantasizing,10
baloney,10
quasi,10
terrifies,10
steamed,10
stalked,10
timid,10
bastard,10
yore,10
kiddo,10
reigning,10
unmatched,10
implanted,10
winged,10
incurable,10
algorithm,10
breezes,10
ranged,10
illiterate,10
spout,10
jaunt,10
zig,10
opiate,10
giggling,10
stashed,10
carves,10
unforeseen,10
glaxosmithkline,10
mis,10
empty,10
younger,10
yelp,10
40s,10
summed,10
70s,10
hypocritical,10
impulsive,10
dreading,10
bitten,10
culprits,10
desks,10
mustard,10
reeves,10
grandma,9
mature,9
ditching,9
dryer,9
scams,9
friendliness,9
vantage,9
psychotherapist,9
moderately,9
sagging,9
submitting,9
tiring,9
myplate,9
afflicted,9
freer,9
mulling,9
transported,9
bowed,9
zeal,9
independently,9
validated,9
oncoming,9
considerations,9
assumes,9
snails,9
libido,9
becca,9
calamity,9
vulnerabilities,9
overdrive,9
togethers,9
iris,9
guitars,9
clicked,9
psychopath,9
departures,9
yogis,9
reimagine,9
morph,9
shone,9
faucet,9
80-year,9
guarded,9
frazzled,9
reigned,9
combed,9
sustains,9
takeoff,9
hasten,9
surrendered,9
possessing,9
pelvic,9
brass,9
bearable,9
economical,9
atonement,9
primal,9
enraged,9
lerner,9
referral,9
applicant,9
serenades,9
puzzles,9
crammed,9
finer,9
overflowing,9
imprint,9
hoarder,9
courteney,9
treading,9
snippets,9
catchphrase,9
televisions,9
blaring,9
stench,9
communicates,9
unwritten,9
unmistakable,9
undesirable,9
burp,9
stabilize,9
abundantly,9
evaluations,9
splendid,9
creep,9
telephone,9
erotic,9
salesman,9
craziness,9
browsing,9
thrust,9
ecuador,9
occurrence,9
stored,9
comfortably,9
1970s,9
condoms,9
cardboard,9
averages,8
chatty,8
beachside,8
vaginal,8
reverence,8
resume,8
mats,8
taker,8
snuggling,8
taunting,8
shoveling,8
birthdays,8
assisted,8
goodies,8
complexities,8
enlightening,8
peeing,8
onset,8
ungrateful,8
resentful,8
diminishing,8
orgasm,8
safeguard,8
maven,8
apfel,8
rekindle,8
respectable,8
sack,8
gushing,8
entice,8
walnuts,8
remarriage,8
companionship,8
froze,8
academically,8
encore,8
dispense,8
upstairs,8
stuffers,8
rudest,8
sidekick,8
piñata,8
dubs,8
hopelessness,8
blunder,8
gentleman,8
blinking,8
rite,8
prognosis,8
detour,8
dong,8
treadmills,8
piazza,8
refresher,8
reclusive,8
invigorating,8
celebratory,8
drafts,8
diversion,8
assortment,8
degeneration,8
wires,8
groupon,8
sinful,8
lingo,8
portlandia,8
rites,8
abroad,8
sheets,8
applicants,8
silently,8
bunnies,8
wreak,8
obsessing,8
apt,8
swings,8
unsolicited,8
24-hour,8
fashions,8
possessions,8
dial,8
stretched,8
insidious,8
elders,8
age,8
approached,8
sexiest,8
sprinkles,8
upright,8
emphasized,8
awoke,8
informs,8
40th,8
taunted,8
informational,8
simulation,8
tahoe,8
accountant,8
fantasies,8
glimmer,8
92nd,8
overuse,8
brash,8
compose,8
onscreen,8
tripped,8
intentioned,8
borrower,8
placement,8
swaying,8
newsletter,8
smothered,8
souvenirs,8
telltale,8
heartburn,8
hemp,8
embarking,8
eyewitness,8
poodle,8
boogie,8
incomparable,8
viciously,8
bondage,8
invisibility,8
benefiting,8
beforehand,8
cruelest,8
lowered,8
devised,8
tantalizing,8
drab,8
reassess,8
sweethearts,8
deficiencies,8
indifferent,8
borrowed,8
albright,8
weekday,8
frantically,8
downloaded,8
encrusted,8
afar,8
purest,8
moniker,8
envelopes,8
inhabited,8
undiagnosed,8
yoda,8
nimble,8
costello,8
unworthy,8
deserted,8
synagogues,8
roofs,8
enchanted,8
novartis,8
ids,8
erectile,8
clapper,8
nostalgia,8
dread,8
entertain,7
retain,7
granddaughter,7
satisfied,7
bigot,7
umbrella,7
peacefully,7
versa,7
cathy,7
restrictive,7
therapist,7
advantages,7
grandmother,7
angst,7
longing,7
100th,7
frivolous,7
spewing,7
rediscover,7
innocuous,7
devoid,7
gardener,7
attentive,7
friendliest,7
genitals,7
liable,7
til,7
unforgivable,7
linear,7
relocated,7
42-year,7
reframe,7
flung,7
picnics,7
assignments,7
nemesis,7
legitimately,7
amassed,7
reverend,7
laughable,7
boasting,7
cobbler,7
annette,7
modify,7
someplace,7
uncovers,7
cashmere,7
pampering,7
serendipity,7
rotten,7
dome,7
huff,7
reliant,7
earthly,7
bosnia,7
exams,7
churning,7
weightlifting,7
gorge,7
farting,7
motivates,7
avenues,7
rollercoaster,7
60th,7
tires,7
caveat,7
aches,7
overt,7
fetus,7
lipsticks,7
kilometers,7
disclaimer,7
mildly,7
fests,7
fads,7
repairing,7
cared,7
medicare,7
concerts,7
quintessential,7
adjusting,7
ethic,7
solace,7
reinforce,7
coworkers,7
companion,7
horrified,7
pension,7
oldest,7
blogging,7
dating,7
rx,7
momentary,7
rift,7
zest,7
descriptions,7
waved,7
chord,7
enviable,7
forks,7
perk,7
threshold,7
obsess,7
spoons,7
pathological,7
discern,7
handbook,7
keepers,7
wedded,7
moods,7
cocky,7
almonds,7
nicest,7
piper,7
triathlon,7
texan,7
newcomer,7
plummet,7
eliot,7
feats,7
gel,7
acquaintance,7
marin,7
omnibus,7
differs,7
willingly,7
comprise,7
bewildered,7
fodder,7
wrought,7
screamed,7
sucker,7
yells,7
bumped,7
socializing,7
woo,7
stimulating,7
eldest,7
michelangelo,7
nook,7
yawn,7
overused,7
weakening,7
smelled,7
bel,7
attractiveness,7
lenses,7
appreciating,7
considerably,7
adapting,7
uninformed,7
melody,7
outlandish,7
arenas,7
jitters,7
baggage,7
antics,6
arrogant,6
needles,6
drinkers,6
horn,6
albeit,6
sprouts,6
peggy,6
retired,6
depressed,6
wondered,6
metabolism,6
pervasive,6
headache,6
scam,6
speculate,6
periodically,6
villas,6
relics,6
vomit,6
purposely,6
squares,6
merchandise,6
maid,6
uneven,6
bargain,6
cal,6
outpouring,6
keeper,6
newsweek,6
arrange,6
hallmark,6
tasked,6
notch,6
swung,6
counteract,6
graceful,6
bye,6
parrot,6
wander,6
flaunt,6
twenties,6
greetings,6
snapshots,6
den,6
cellphones,6
dreadful,6
pagan,6
fantasize,6
breathes,6
childless,6
beheading,6
fairs,6
nugget,6
buzzed,6
millennia,6
cusp,6
fertile,6
skydiving,6
tireless,6
drip,6
keaton,6
professions,6
inheritance,6
friendship,6
grieve,6
reunion,6
vocabulary,6
smartest,6
operate,6
embark,6
nearest,6
guitar,6
boob,6
grandpa,6
dated,6
handsome,6
paradise,6
priceless,6
lasted,6
yielded,6
quirks,6
calculate,6
santo,6
prowess,6
nourishing,6
displaying,6
conjures,6
pronouns,6
canal,6
plush,6
velvet,6
sank,6
knowledgeable,6
specials,6
sundays,6
accelerating,6
pleasantly,6
chasm,6
portal,6
eviction,6
pressuring,6
restores,6
overheard,6
slashed,6
mojo,6
concoction,6
sidewalks,6
pedestrian,6
skinned,6
chased,6
positives,6
twisting,6
vests,6
stool,6
nielsen,6
frantic,6
javier,6
cherished,6
constraints,6
boardroom,6
pillows,6
timed,6
completion,6
goodbyes,6
librarian,6
likable,6
repetitive,6
cartoonist,6
20-somethings,6
inappropriately,6
boyhood,6
politely,6
piled,6
contemplation,6
orphan,6
impulses,6
maddening,6
calendars,6
lid,6
lagging,6
stupidity,6
accomplishments,6
terrific,6
loyal,6
hears,6
neighbor,6
healthcare,6
delete,6
viable,6
wipe,6
powerhouse,6
conducting,6
confess,6
recognizes,6
sperm,6
albums,6
cheryl,6
introvert,6
instructor,6
morphed,6
legion,6
laments,6
malaysian,6
towels,6
disingenuous,6
articulate,6
pleasurable,6
foray,6
schooler,6
dared,6
pong,6
demons,6
siren,6
moviegoers,6
quicker,6
turbulence,6
drying,6
meadows,6
outlines,6
relieving,6
horns,6
withdrawing,6
aligned,6
cupid,6
dug,6
drowned,6
employ,6
curls,6
doggie,6
wardrobes,6
typing,6
laptops,6
mince,6
icing,6
curing,6
sharper,6
fragility,6
uncharted,6
repertoire,6
jarring,6
syracuse,6
spitzer,6
tvs,6
dwindling,6
obituary,6
validate,6
trailblazers,6
hormonal,6
oreo,6
stove,6
ventured,6
railway,6
literature,5
simpler,5
wooden,5
checks,5
thoroughly,5
wellbeing,5
chin,5
delaying,5
attracts,5
devotion,5
proverbial,5
screwed,5
distinguish,5
buffet,5
sounded,5
tigers,5
caring,5
listened,5
hormones,5
measured,5
esteem,5
flocking,5
panicked,5
unhappiness,5
emphasizes,5
varies,5
infuriating,5
aesthetics,5
darrell,5
stamina,5
swag,5
bumpy,5
proposition,5
enlist,5
instructed,5
bum,5
freezer,5
f*ck,5
exhibits,5
suburbs,5
blur,5
turkeys,5
embarrass,5
arcade,5
raymond,5
noses,5
thaw,5
manufactured,5
draining,5
drafted,5
squeezed,5
downing,5
compounding,5
whim,5
onslaught,5
normalizing,5
commented,5
spiraling,5
societal,5
reinvention,5
ornaments,5
scrooge,5
precision,5
tilt,5
mondays,5
cloth,5
lifetimes,5
eventual,5
printer,5
lunchtime,5
misogynistic,5
rename,5
sonic,5
chained,5
uneasy,5
evasion,5
cynicism,5
dearest,5
hmmm,5
upbringing,5
daydream,5
bedding,5
strolling,5
diagnosing,5
tubes,5
lane,5
ignorant,5
underneath,5
elderly,5
manual,5
czech,5
advise,5
nowadays,5
bumps,5
qualify,5
compelled,5
horses,5
daisy,5
calming,5
pleasure,5
reverse,5
collect,5
springsteen,5
reluctant,5
binding,5
arbitrary,5
shovel,5
slippery,5
clinging,5
chandler,5
unintentionally,5
altering,5
unconditionally,5
vaguely,5
appalachian,5
departed,5
initiated,5
nonexistent,5
isolate,5
vent,5
objectively,5
bout,5
struggled,5
pennies,5
imposes,5
unimpressed,5
remorse,5
precarious,5
hubby,5
logistics,5
interpreted,5
dab,5
pharmacies,5
patiently,5
unwelcome,5
optimize,5
rigid,5
concentrated,5
portrays,5
devote,5
afterwards,5
curtains,5
tofu,5
thinker,5
childhoods,5
piling,5
ontario,5
ft,5
northeastern,5
menace,5
advertisement,5
abigail,5
semester,5
rodeo,5
inked,5
revolving,5
contents,5
lotion,5
hysterical,5
miguel,5
cleaners,5
blender,5
roaring,5
butch,5
sexuality,5
canine,5
pins,5
proactive,5
indulgent,5
appreciated,5
prague,5
lasts,5
varied,5
negotiated,5
listener,5
havoc,5
grim,5
enticing,5
beginnings,5
desperation,5
detection,5
summers,5
comprehend,5
resounding,5
hubble,5
portuguese,5
weaknesses,5
tease,5
offenses,5
keyboard,5
curled,5
smack,5
shuffle,5
rogen,5
fond,5
bushes,5
partnered,5
drawers,5
napkin,5
crust,5
install,5
twentieth,5
antidepressants,5
immerse,5
heartless,5
intimidating,5
axe,5
havens,5
bo,5
natives,5
bodily,5
immersion,5
motel,5
blasting,5
bruised,5
commonplace,5
demon,5
dole,5
apples,5
conclusion,5
innocence,5
fearful,5
chapter,5
languages,5
expectation,5
pains,5
implies,5
virtually,5
adjust,5
responsibilities,5
regrets,5
frankly,5
1960s,5
discomfort,5
santa,5
evenings,5
romanian,5
hallway,5
ping,5
youths,5
newer,5
taller,5
fences,5
sidewalk,5
unprepared,5
mummy,5
sweatshirt,5
roaming,5
shields,5
nuggets,5
manhood,5
sedentary,5
slaps,5
kimye,5
girlfriends,5
itch,5
mythical,5
circulating,5
theirs,5
alerts,5
coveted,5
liners,5
twas,5
wigs,5
dishwasher,5
separately,5
forming,5
registering,5
portable,5
risking,5
harley,5
lump,5
sweeps,5
rhythms,5
leone,5
banish,5
dusty,5
kneeling,5
stimulation,5
pleading,5
haze,5
driveway,5
validation,5
erased,5
hardworking,5
prefer,4
husband,4
opener,4
marketers,4
obligations,4
undergoing,4
crude,4
scars,4
inaccurate,4
senior,4
husbands,4
phrase,4
comparing,4
defining,4
laugh,4
unable,4
savvy,4
recognizing,4
jabs,4
unqualified,4
insert,4
vip,4
whatsoever,4
roadblocks,4
dearly,4
comparisons,4
enrolled,4
readiness,4
blooms,4
invade,4
glaring,4
tunnel,4
fracture,4
atmospheric,4
specialists,4
riddled,4
perfectionist,4
brody,4
surging,4
renewal,4
pressures,4
drums,4
weights,4
26th,4
unspoken,4
stimulate,4
brainer,4
vitality,4
determines,4
utmost,4
childcare,4
com,4
passion,4
downton,4
grief,4
polite,4
enthusiastic,4
noticing,4
reply,4
gardening,4
passage,4
reflecting,4
jar,4
sickness,4
careers,4
usual,4
eyed,4
spouse,4
middle,4
loved,4
derived,4
funerals,4
neurotic,4
fixed,4
texting,4
tidbits,4
mitigate,4
informal,4
calculated,4
honda,4
relay,4
yosemite,4
corners,4
muster,4
acquired,4
faithful,4
dyke,4
disposable,4
exceptionally,4
sobbing,4
agony,4
spiced,4
sharon,4
bouncing,4
frances,4
flashing,4
carb,4
reinventing,4
distinguished,4
packaging,4
benefited,4
jasmine,4
ambulance,4
delusional,4
sung,4
coffin,4
seeds,4
dye,4
enthusiasts,4
lifelong,4
shy,4
tapped,4
cord,4
suddenly,4
'm,4
joel,4
vet,4
desires,4
16-year,4
instant,4
junior,4
goddess,4
podium,4
puppet,4
lisbon,4
scattered,4
coloring,4
slight,4
greenland,4
injustices,4
viewer,4
greedy,4
riches,4
resembles,4
disappointments,4
susceptible,4
ramsey,4
resentment,4
rentals,4
educating,4
histories,4
tablet,4
smarter,4
cooperate,4
mixture,4
congratulate,4
dreaded,4
regards,4
discriminated,4
hispanics,4
perplexed,4
inexpensive,4
indispensable,4
competence,4
rode,4
marathons,4
trait,4
stern,4
noodles,4
fractured,4
refined,4
blindness,4
noisy,4
uncoupling,4
essays,4
baskets,4
write,4
wisdom,4
colonial,4
defy,4
scares,4
brooke,4
eligible,4
shave,4
accompanied,4
finishing,4
mother,4
seekers,4
precious,4
wondering,4
eggs,4
warmer,4
feeds,4
mouthed,4
hairdresser,4
pun,4
deadlines,4
hiring,4
clarence,4
catalyst,4
sunscreen,4
accidents,4
encountered,4
mantra,4
sweaters,4
preference,4
gestures,4
pineapple,4
chia,4
boarding,4
distorted,4
hardships,4
towel,4
sword,4
meek,4
advent,4
encounters,4
robbie,4
sonoma,4
ipod,4
unconditional,4
forgets,4
affirmations,4
breakthroughs,4
interrupt,4
madeleine,4
extremes,4
foreigners,4
wit,4
liquor,4
anguish,4
ding,4
objectives,4
sincere,4
neurological,4
imposing,4
bombarded,4
raucous,4
takeaways,4
sincerely,4
my,4
memory,4
uncle,4
destroying,4
quietly,4
conquer,4
shouting,4
drank,4
ripe,4
watermelon,4
ridiculously,4
perceived,4
turning,4
grew,4
relatives,4
wrinkle,4
negativity,4
thrills,4
blouse,4
colony,4
keys,4
simultaneously,4
absorbed,4
mr,4
slowed,4
delivered,4
meaningless,4
forgiven,4
gyms,4
palms,4
peaches,4
rested,4
pleasures,4
sentimental,4
flashback,4
phantom,4
translated,4
immersed,4
twitterverse,4
intrigue,4
patterned,4
respite,4
unfolds,4
aluminum,4
evoke,4
premiums,4
wholesome,4
inherited,4
preschoolers,4
connie,4
ridden,4
unsung,4
mates,4
reacting,4
cease,4
interventions,4
intensive,4
moroccan,4
replied,4
ftc,4
doe,4
yearly,4
brushes,4
sleepless,4
reel,4
pharmaceutical,4
abstract,4
colossal,4
quantity,4
job,4
confusion,4
lived,4
commencement,4
tables,4
mid,4
sane,4
rebuild,4
debunked,4
attachment,4
dumped,4
joked,4
admire,4
mirror,4
am,4
feared,4
evening,4
letterman,4
experienced,4
tattoos,4
stacy,4
lofty,4
depicts,4
tube,4
adjusted,4
reversed,4
commuter,4
embedded,4
purely,4
sinai,4
dates,4
respecting,4
novels,4
sunrise,4
offspring,4
ratio,4
swinging,4
conflicted,4
20-something,4
panama,4
packing,4
mastectomy,4
curvy,4
spices,4
stared,4
hippie,4
kinky,4
coping,4
hotter,4
philosophical,4
exhilarating,4
m,4
attracted,4
outright,4
brownie,4
clintons,4
italians,4
gripping,4
suspend,4
scientifically,4
stained,4
geography,4
carved,4
messes,4
jobless,4
paranoid,4
truths,4
prospect,4
articles,4
packs,4
edible,4
lurking,4
gen,4
pens,4
playoff,4
mistaken,4
shadow,3
embraced,3
savings,3
painful,3
father,3
jumped,3
carolyn,3
compulsive,3
wwii,3
answered,3
27-year,3
tones,3
bitch,3
guatemala,3
declining,3
pending,3
disability,3
mirren,3
judgmental,3
fading,3
remotely,3
maze,3
nirvana,3
dispatch,3
barn,3
automatic,3
persist,3
dinners,3
stall,3
commodity,3
invaded,3
components,3
stalking,3
overlooking,3
freeway,3
tablets,3
psychic,3
subscribe,3
wee,3
hid,3
spinal,3
marvelous,3
disappear,3
sadness,3
tail,3
involve,3
partly,3
schedules,3
rita,3
silk,3
grown,3
spell,3
networking,3
stages,3
worn,3
examine,3
upper,3
freezing,3
autonomy,3
needing,3
addictive,3
accounting,3
indifference,3
stations,3
interaction,3
annie,3
tsunami,3
sweat,3
bits,3
unusually,3
affection,3
comfy,3
throat,3
bounce,3
momentous,3
hurdle,3
tighten,3
maggie,3
respondents,3
nationally,3
grind,3
practitioners,3
scents,3
engines,3
croatia,3
groove,3
prevail,3
protocol,3
yearn,3
hysteria,3
odor,3
sacrificing,3
creatively,3
persona,3
creams,3
fade,3
heck,3
lava,3
hue,3
personality,3
ease,3
communication,3
frustrated,3
nursing,3
loud,3
20s,3
joan,3
traveled,3
taught,3
procedures,3
directions,3
latin,3
beard,3
birthday,3
me,3
wendy,3
bully,3
online,3
dry,3
i,3
percentage,3
medications,3
spouses,3
circle,3
enterprise,3
fist,3
bother,3
rooting,3
pleasing,3
stumped,3
judgement,3
surrounded,3
maturity,3
busted,3
silenced,3
compliments,3
veep,3
skipped,3
graduated,3
billie,3
stirred,3
mantras,3
confessed,3
mortgages,3
cheerleader,3
believers,3
apologies,3
uplifting,3
strengthens,3
adverse,3
pearls,3
accuser,3
notions,3
snoring,3
slower,3
amusement,3
exploit,3
prevalence,3
ana,3
biography,3
enlightenment,3
cowboy,3
rider,3
cantor,3
backgrounds,3
lamp,3
ages,3
impression,3
kit,3
hike,3
dump,3
laughing,3
booked,3
depressing,3
haven,3
chooses,3
perfume,3
households,3
stare,3
realization,3
theft,3
longevity,3
grandfather,3
screaming,3
preparation,3
curious,3
passing,3
longer,3
oxygen,3
knit,3
eyebrow,3
ruth,3
americas,3
smoothies,3
cringe,3
indulge,3
instantly,3
legalized,3
unthinkable,3
plates,3
proportion,3
cincinnati,3
duggar,3
fullest,3
penned,3
atrocities,3
clad,3
yearning,3
spit,3
productions,3
sometime,3
paperwork,3
tempted,3
loneliness,3
inconvenient,3
phrases,3
cheek,3
equipment,3
yelled,3
ace,3
albuquerque,3
bearer,3
anxieties,3
sexting,3
whisper,3
oneself,3
apathy,3
unequal,3
legs,3
prior,3
comfortable,3
wreck,3
kisses,3
powered,3
learned,3
timing,3
owe,3
doll,3
partners,3
fabulous,3
overwhelmed,3
mortgage,3
active,3
behaviors,3
various,3
wherever,3
arrival,3
appliances,3
stacked,3
hostility,3
rocking,3
hemisphere,3
rankings,3
fraction,3
tender,3
flattering,3
conferences,3
plains,3
strengthening,3
impressions,3
honolulu,3
endeavor,3
conceived,3
closets,3
lowering,3
mothering,3
7th,3
casey,3
abbott,3
visionary,3
gratification,3
topic,3
decided,3
handed,3
wonderful,3
sexually,3
aware,3
woes,3
flew,3
automatically,3
blogs,3
decent,3
dominate,3
occasional,3
lightning,3
diagnosis,3
symptoms,3
friendships,3
pets,3
hated,3
suits,3
yell,3
enjoyable,3
neither,3
roar,3
misconceptions,3
accents,3
selves,3
handles,3
nashville,3
scissors,3
mornings,3
chatter,3
cues,3
chickens,3
strangely,3
remembrance,3
televised,3
hazards,3
persistence,3
extending,3
stats,3
skier,3
gatherings,3
hangover,3
toppings,3
trim,3
foolproof,3
prescribed,3
starter,3
traumatized,3
planting,3
thumbs,3
whoops,3
scratching,3
loudly,3
honorary,3
paycheck,3
oversized,3
preserved,3
undeniably,3
altar,3
glass,3
village,3
laughter,3
worlds,3
drove,3
ethical,3
surgery,3
estimates,3
pursue,3
perceptions,3
posters,3
raging,3
studied,3
greens,3
until,3
sat,3
type,3
surprising,3
happier,3
folks,3
ghosts,3
honesty,3
lifted,3
absorb,3
vacationing,3
proudly,3
invasive,3
fluffy,3
rear,3
naps,3
unimaginable,3
einstein,3
vagina,3
boxes,3
sip,3
inbox,3
curling,3
accomplish,3
playoffs,3
sofa,3
wrestling,3
jewels,3
bikes,3
garage,3
disconnected,3
guiding,3
sclerosis,3
neuroscience,3
disbelief,3
meant,3
cope,3
tune,3
comfort,3
minded,3
mouth,3
lunches,3
figured,3
collected,3
dynamic,3
clues,3
spite,3
endure,3
fragile,3
hemsworth,3
kidding,3
attend,3
rides,3
attraction,3
options,3
visiting,3
looked,3
experiencing,3
memories,3
damaging,3
moved,3
relate,3
delight,3
sisterhood,3
mayhem,3
circles,3
approximately,3
smartphone,3
freeze,3
barrel,3
knives,3
logan,3
highs,3
rooney,3
enhancing,3
clint,3
21-year,3
unsafe,3
extent,3
convert,3
meantime,3
imperfect,3
tributes,3
drown,3
chatting,3
surefire,3
sweetness,3
mentors,3
portions,3
explode,3
positivity,3
eyebrows,3
sunset,3
societies,3
commitments,3
seymour,3
hairstyle,3
notoriously,3
norm,3
regarded,3
irrational,3
striving,3
chocolates,3
shadows,3
infinitely,3
parades,3
flips,3
cleansing,3
wiped,3
grateful,3
rivers,3
worry,3
friends,3
formerly,3
costly,3
maternal,3
contains,3
appointment,3
garbage,3
partner,3
pussy,3
dwell,3
thumb,3
avery,3
walked,3
delaware,3
decline,3
merits,3
forge,3
eastwood,3
narcissist,3
vacations,3
mankind,3
observations,3
combating,3
neighboring,3
terminally,3
striped,3
rockets,3
aviation,3
flourish,3
hazard,3
workshop,3
11th,3
witty,3
snacking,3
30s,3
pony,3
slut,3
blooming,3
curated,3
zone,3
regularly,3
gray,3
generation,3
writing,3
search,3
rewarding,3
credits,3
shiny,3
operating,3
salary,3
passed,3
mask,3
locations,3
living,3
vast,3
enjoyed,3
muscle,3
sees,3
select,3
settled,3
hips,3
meltdown,3
anorexia,3
gaze,3
tropical,3
supermodels,3
nicolas,3
leno,3
manifest,3
chosen,3
abruptly,3
ringing,3
diminish,3
convey,3
winding,3
haired,3
crawl,3
besieged,3
pleasant,3
identifies,3
earrings,3
serenity,3
smoothly,3
dull,3
irresistible,3
fulfilling,3
heather,3
blink,3
dual,3
commute,3
ago,3
falls,3
certain,3
arms,3
filled,3
siblings,3
waking,3
started,3
defined,3
disastrous,3
deserved,3
confession,3
bug,3
optimism,3
elusive,3
abbey,3
coachella,3
position,3
hacks,3
prom,3
woke,3
millennials,3
emotion,3
gateway,3
columbus,3
knocking,3
morris,3
existed,3
recipient,3
surround,3
mercedes,3
courtroom,3
pew,3
bonkers,3
vigilant,3
restored,3
dive,3
oven,3
portrayed,3
occasions,3
betty,3
fog,3
unleash,3
28-year,3
rut,3
adequate,3
inch,3
angle,3
sympathy,3
forgiving,3
avid,3
ashes,3
spontaneous,3
contraception,3
fountain,3
opted,3
dorm,3
lucy,3
linkedin,3
distance,3
enjoying,3
phones,3
adventure,3
friend,3
nose,3
immediate,3
tattoo,3
recognized,3
daughters,3
tales,3
lessons,3
adventures,3
floods,3
returned,3
thanksgiving,3
decades,3
versus,3
billy,3
years,3
beginning,3
discovering,2
worries,2
juvenile,2
consider,2
frequently,2
winston,2
bunch,2
gradually,2
accordingly,2
overrated,2
expressions,2
acute,2
underwear,2
blatant,2
lavish,2
cracking,2
elevated,2
certified,2
announcements,2
towers,2
instinct,2
recipients,2
distinction,2
akin,2
intensity,2
borne,2
exhaustion,2
unpleasant,2
temptation,2
mistakenly,2
burton,2
medieval,2
aired,2
pals,2
underestimate,2
highlighting,2
bossy,2
socialist,2
sex,2
syndrome,2
bucket,2
chose,2
attractive,2
segment,2
gifts,2
appealing,2
hormone,2
awful,2
assumed,2
falling,2
relationship,2
citizen,2
settle,2
've,2
described,2
sudden,2
lemon,2
hanging,2
12th,2
shelf,2
partially,2
sucks,2
surviving,2
delighted,2
widow,2
bullies,2
mickey,2
unknown,2
periods,2
abandon,2
combine,2
tongue,2
balloons,2
breakfasts,2
certificate,2
scenery,2
powerless,2
bland,2
underwood,2
classy,2
amateur,2
disregard,2
difficulties,2
stocking,2
braces,2
diagnoses,2
skepticism,2
motivational,2
photographers,2
ocd,2
chew,2
instincts,2
abby,2
sensation,2
relive,2
adolescent,2
costing,2
circumstance,2
hearted,2
helpful,2
regret,2
advice,2
somewhere,2
belief,2
guilt,2
directed,2
joyful,2
mighty,2
complain,2
bound,2
massage,2
pills,2
somewhat,2
purple,2
naturally,2
bodies,2
relaxed,2
crispy,2
swear,2
attends,2
lows,2
lovely,2
developmental,2
reclaiming,2
realizing,2
xi,2
resting,2
discovers,2
finances,2
spinach,2
harness,2
aesthetic,2
i.,2
exceptional,2
generic,2
readily,2
favorites,2
sassy,2
shutting,2
stack,2
directing,2
backdrop,2
slopes,2
selfless,2
android,2
connects,2
integral,2
dried,2
optimal,2
introverts,2
remedy,2
overtime,2
bed,2
estimated,2
asleep,2
member,2
phone,2
satisfaction,2
dairy,2
staring,2
frustrating,2
popcorn,2
pretend,2
rocky,2
nebraska,2
gravity,2
mate,2
diane,2
blog,2
okay,2
why,2
cats,2
cynical,2
surprised,2
lag,2
spectacular,2
strangers,2
adulthood,2
footsteps,2
est,2
criteria,2
crappy,2
processing,2
awake,2
earliest,2
flexibility,2
drastically,2
splurge,2
café,2
snapped,2
attendants,2
buddha,2
classical,2
bets,2
debating,2
defying,2
gently,2
superior,2
dysfunction,2
quickly,2
turned,2
smart,2
always,2
count,2
option,2
flood,2
method,2
born,2
luck,2
life,2
bit,2
facility,2
failures,2
smaller,2
laughs,2
fueled,2
supportive,2
mice,2
felt,2
grow,2
old,2
sort,2
had,2
concert,2
aspects,2
knew,2
hell,2
brother,2
exotic,2
memoir,2
void,2
sailing,2
soar,2
masculine,2
surroundings,2
taboo,2
smiling,2
harmless,2
parkinson,2
shattered,2
therapists,2
regimen,2
counselor,2
sweetheart,2
repair,2
undo,2
bolt,2
endurance,2
reeling,2
needless,2
tense,2
impacted,2
hurry,2
wandering,2
minors,2
contestants,2
blissful,2
elvis,2
cures,2
destined,2
stuff,2
root,2
closet,2
opportunities,2
noticed,2
lights,2
word,2
joy,2
checked,2
physical,2
slide,2
teenager,2
swap,2
myself,2
thus,2
survived,2
aspect,2
interviews,2
grade,2
ignore,2
attended,2
impending,2
hunting,2
f,2
beasts,2
millionaire,2
pivotal,2
altered,2
cons,2
employer,2
noise,2
lush,2
estranged,2
sized,2
occasion,2
smoothie,2
sneaky,2
brew,2
attracting,2
foremost,2
l,2
carried,2
assuming,2
myriad,2
separated,2
sooner,2
shrink,2
fortunate,2
grooming,2
depths,2
ideals,2
assets,2
maintained,2
sorrow,2
blossom,2
spine,2
maybe,2
remember,2
anymore,2
shocked,2
things,2
reasons,2
took,2
worrying,2
place,2
sitting,2
alarming,2
penn,2
devoted,2
crisp,2
facial,2
traditions,2
organize,2
computers,2
calvin,2
dirty,2
clock,2
arrived,2
lifetime,2
began,2
inability,2
cycling,2
degrasse,2
dominance,2
mph,2
stroll,2
erase,2
literal,2
nagging,2
tortured,2
chemotherapy,2
unfamiliar,2
startling,2
kirk,2
ms,2
promo,2
pitfalls,2
alternate,2
fark,2
induced,2
wilderness,2
coaching,2
leaf,2
depression,2
concerned,2
describe,2
horrible,2
strange,2
celebs,2
depending,2
launching,2
visible,2
compelling,2
crashed,2
crossed,2
forgot,2
vietnam,2
error,2
permanent,2
understand,2
heads,2
half,2
employment,2
successfully,2
suffered,2
interviewing,2
crowded,2
assaulted,2
therapeutic,2
albert,2
sheds,2
canned,2
naughty,2
advised,2
oprah,2
fetal,2
possibility,2
pond,2
pity,2
bending,2
ashton,2
provision,2
blasted,2
advancing,2
impulse,2
bff,2
layer,2
seaside,2
prevented,2
inaction,2
breast,2
overall,2
walk,2
when,2
myths,2
frame,2
enemy,2
faster,2
volunteer,2
henry,2
admit,2
never,2
slowly,2
dying,2
developed,2
presence,2
experiences,2
forward,2
thought,2
bursting,2
napa,2
hygiene,2
kissing,2
guacamole,2
bananas,2
deny,2
plead,2
fits,2
sunshine,2
assess,2
toes,2
halfway,2
assumption,2
posture,2
attending,2
maui,2
bulls,2
emanuel,2
answering,2
mortality,2
lap,2
hugs,2
imminent,2
tar,2
rod,2
willpower,2
booth,2
atop,2
career,2
mine,2
searching,2
contact,2
lasting,2
mistake,2
heard,2
ingredient,2
skin,2
charming,2
teenagers,2
became,2
worked,2
realize,2
ordinary,2
laundry,2
replaced,2
storage,2
ritual,2
clothes,2
forgive,2
marriages,2
neighborhood,2
trips,2
spend,2
feeling,2
heels,2
skills,2
pushed,2
mostly,2
personnel,2
cheering,2
holly,2
valid,2
picked,2
relative,2
seized,2
ricky,2
demanded,2
snapchat,2
monitor,2
necklace,2
sorts,2
unit,2
freaks,2
rational,2
vastly,2
virtue,2
prosecution,2
kitchens,2
bearing,2
bathing,2
purse,2
coats,2
remedies,2
doom,2
habits,2
watched,2
holidays,2
adult,2
twin,2
soldier,2
packed,2
connecting,2
prepare,2
radio,2
proud,2
puppy,2
remembering,2
adults,2
entertainment,2
throw,2
daughter,2
weak,2
fill,2
funeral,2
attitude,2
unhappy,2
counterparts,2
eager,2
interference,2
transformative,2
spends,2
restoration,2
cone,2
bells,2
civilization,2
sleeps,2
complexity,2
15th,2
clears,2
institutional,2
morally,2
crazy,2
peter,2
person,2
britain,2
pieces,2
changed,2
educational,2
particular,2
compare,2
milestone,2
chest,2
ptsd,2
portion,2
preschool,2
hook,2
poet,2
satisfying,2
pocket,2
usually,2
afternoon,2
intimate,2
fascinating,2
finding,2
ran,2
valuable,2
available,2
nice,2
measuring,2
palmer,2
cracked,2
lucas,2
nutrients,2
parking,2
dominican,2
founded,2
savage,2
fools,2
decide,2
judging,2
soaring,2
genuinely,2
overlook,2
asset,2
passions,2
files,2
nicholas,2
hedge,2
swimsuit,2
stripped,2
antidote,2
eyes,2
quite,2
growing,2
mall,2
useful,2
accepted,2
jean,2
were,2
shake,2
rarely,2
employers,2
wet,2
wives,2
touched,2
enthusiasm,2
suggesting,2
guess,2
hamilton,2
able,2
happiness,2
sites,2
md,2
psychologists,2
candles,2
25th,2
vanilla,2
communicate,2
paralyzed,2
zip,2
1950s,2
admissions,2
'd,2
websites,2
overlooked,2
cruel,2
membership,2
absent,2
deck,2
getaways,2
valued,2
fold,2
sustain,2
separating,2
awakening,2
deepest,2
utter,2
detect,2
indication,2
duties,2
en,2
hours,2
improve,2
past,2
beloved,2
shades,2
lover,2
granted,2
denial,2
hopefully,2
backs,2
pie,2
sad,2
discover,2
exciting,2
ears,2
generally,2
exercising,2
territory,2
viewed,2
perhaps,2
ways,2
introduced,2
learning,2
bridge,2
hair,2
gratitude,2
kale,2
sharing,2
unlike,2
crossroads,2
lenders,2
curve,2
youth,2
pies,2
glorious,2
dramatically,2
elevator,2
implementing,2
lifts,2
bands,2
loop,2
fry,2
kitten,2
adore,2
initially,2
vanity,2
mold,2
cares,2
brick,2
dreamy,2
chores,2
diapers,2
unemployed,2
road,2
cost,2
voice,2
obsession,2
difficult,2
woman,2
went,2
notes,2
move,2
mexico,2
license,2
cox,2
diagnosed,2
seemingly,2
lately,2
21st,2
often,2
died,2
soon,2
residence,2
walks,2
couch,2
built,2
messaging,2
sleepy,2
viola,2
muscles,2
load,2
dragged,2
goodbye,2
leaves,2
hawaiian,2
hearty,2
eternal,2
minimal,2
seasoned,2
filter,2
complained,2
unlimited,2
accomplished,2
redefining,2
ramen,2
nostalgic,2
crashing,2
countdown,2
dedication,2
behave,2
wrapping,2
container,2
especially,2
thinking,2
feel,2
shared,2
discussing,2
haunted,2
bobby,2
commit,2
excellent,2
involves,2
dare,2
wise,2
thankful,2
find,2
therapy,2
lying,2
desire,2
those,2
unexpected,2
months,2
magical,2
encounter,2
route,2
guarantee,2
flame,2
fork,2
misguided,2
monitoring,2
defines,2
transition,2
clergy,2
dysfunctional,2
tendency,2
popped,2
bass,2
tampa,2
gentlemen,2
suck,2
gum,2
jelly,2
resulted,2
busiest,2
offerings,2
looking,2
promised,2
successful,2
gone,2
rest,2
injustice,2
absolute,2
overnight,2
nuts,2
educated,2
feels,2
odds,2
waves,2
fact,2
tragic,2
soft,2
couple,2
moving,2
foot,2
greater,2
bathroom,2
refuse,2
spice,2
searches,2
guys,2
overload,2
treasure,2
mainly,2
impacts,2
lengthy,2
stretching,2
sigh,2
forgetting,2
arriving,2
strengths,2
heartbreak,2
advisor,2
cave,2
pressed,2
christianity,2
kitty,2
environments,2
rushed,2
command,2
necessity,2
grads,2
laying,2
reliable,2
true,2
door,2
aside,2
grey,2
visual,2
possibilities,2
ski,2
alone,2
dozen,2
class,2
talked,2
however,2
priority,2
coffee,2
reading,2
wished,2
outdated,2
legacy,2
newspapers,2
expressed,2
elegant,2
wonderland,2
lives,2
reached,2
larger,2
knows,2
math,2
reflection,2
celebrating,2
used,2
whatever,2
pass,2
confront,2
magazines,2
beans,2
emerge,2
items,2
opportunity,2
minds,2
cross,2
relationships,2
desperate,2
reactions,2
parties,2
every,2
steps,2
turn,2
compared,2
uncomfortable,2
disappeared,2
boards,2
lighter,2
renaissance,2
fashionista,2
alcoholic,2
exes,2
thirds,2
crushing,2
springs,2
julianne,2
forefront,2
revealing,2
stanley,2
splash,2
closes,2
words,2
die,2
college,2
lesson,2
young,2
multi,2
nights,2
tips,2
dig,2
frustration,2
supermodel,2
harper,2
almost,2
someone,2
them,2
acknowledge,2
countless,2
fallen,2
care,2
giving,2
gave,2
pet,2
walls,2
grains,2
elaborate,2
feb,2
edge,2
extends,2
broken,2
14-year,2
interactions,2
dependent,2
quitting,2
darn,2
imposed,2
suitcase,2
bikinis,2
smoked,2
suppose,2
insisted,2
andrea,2
cannabis,2
stamps,2
having,2
miss,2
would,2
prepared,2
forest,2
delay,2
caribbean,2
modeling,2
trigger,2
landing,2
category,2
many,2
flat,2
sisters,2
choosing,2
shame,2
answer,2
technology,2
married,2
given,2
medicaid,2
province,2
lean,2
july,2
lined,2
losing,2
customs,2
rely,2
intuition,2
architect,2
meetings,2
idaho,2
fastest,2
formed,2
grabbing,2
happily,2
herbs,2
publication,2
pursuit,2
adversity,2
marketplace,2
bottles,2
refer,2
fine,2
seeking,2
working,2
stressful,2
constantly,2
tired,2
maintain,2
neighbors,2
somehow,2
sit,2
occur,2
overweight,2
computer,2
troubled,2
movies,2
because,2
long,2
intended,2
trail,2
books,2
so,2
lifestyle,2
needs,2
love,2
folk,2
businessman,2
violation,2
joys,2
flea,2
shelves,2
downright,2
weakness,2
inspires,2
subtle,2
mounting,2
wilson,2
amazed,2
windows,2
google,2
rogers,2
brussels,2
peninsula,2
tall,2
contagious,2
limitations,2
referring,2
imperative,2
gods,2
become,2
did,2
recently,2
begin,2
think,2
anything,2
meaning,2
was,2
lot,2
becomes,2
faced,2
baked,2
symbol,2
mommy,2
spread,2
single,2
english,2
whom,2
few,2
gym,2
enjoy,2
patch,2
ordering,2
technological,2
hiking,2
meddling,2
maintenance,2
glance,2
respected,2
nurture,2
meditate,2
purchases,2
restore,2
binge,2
contained,2
pearl,2
grader,2
spill,2
enable,2
threw,2
agreements,2
procedure,2
engine,2
rookie,2
prospects,2
soap,2
sounding,2
recommend,2
holiday,2
opened,2
impossible,2
raised,2
nick,2
apartment,2
positive,2
wish,2
simple,2
absolutely,2
roof,2
chips,2
murphy,2
appreciation,2
require,2
absence,2
disagree,2
temporary,2
shape,2
realized,2
mood,2
thank,2
else,2
tens,2
cheating,2
tiffany,2
applies,2
isolation,2
library,2
holocaust,2
centuries,2
purchased,2
v,2
fingers,2
bipolar,2
weighed,2
infertility,2
yard,2
presentation,2
cynthia,2
improvements,2
dinosaur,2
permanently,2
strip,2
description,2
requirements,2
willingness,2
dieting,2
breakthrough,2
easily,2
journey,2
hearing,2
written,2
then,2
live,2
happened,2
table,2
ass,2
egg,2
meal,2
car,2
ring,2
heading,2
nobody,2
gift,2
one,2
speakers,2
fit,2
contributing,2
mountain,2
clue,2
basket,2
chat,2
praise,2
shower,2
trophy,2
mix,2
forth,2
terribly,2
carefully,2
occasionally,2
discriminate,2
correspondent,2
applications,2
arena,2
parent,2
struggling,2
upon,2
opinion,2
appeal,2
gotten,2
large,2
lunch,2
fantastic,2
down,2
slow,2
far,2
continued,2
limited,2
invite,2
commitment,2
locked,2
something,2
rather,2
ones,2
destinations,2
except,2
window,2
teaching,2
later,2
happen,2
cruelty,2
likes,2
blanket,2
nowhere,2
childhood,2
bench,2
smells,2
briefly,2
expenses,2
las,2
embarrassed,2
clinics,2
flowing,2
fundamentally,2
mixed,2
honored,2
challenges,2
la,2
been,2
family,2
sounds,2
disease,2
came,2
necessarily,2
book,2
go,2
played,2
chart,2
notion,2
population,2
drop,2
finish,2
leaving,2
speak,2
body,2
essential,2
any,2
knowing,2
embarrassment,2
guy,2
scoop,2
displays,2
clouds,2
concept,2
homeowners,2
navigate,2
farmer,2
pillow,2
tends,2
wasted,2
hats,2
butler,2
lens,2
controlling,2
squeeze,2
scratch,2
default,2
tempting,2
dash,2
predictable,2
plunge,2
plans,2
really,2
typically,2
roles,2
truly,2
romantic,2
valentine,2
amount,2
hospital,2
intentions,2
exact,2
correct,2
date,2
ii,1
recognize,1
bedroom,1
identified,1
you,1
signs,1
forever,1
men,1
happy,1
she,1
decade,1
entire,1
boring,1
sustained,1
pulling,1
applying,1
flavored,1
mentally,1
tougher,1
carries,1
princesses,1
interactive,1
rituals,1
slate,1
diamonds,1
observed,1
obtained,1
flops,1
rivalry,1
slept,1
pee,1
very,1
letters,1
driven,1
experience,1
spots,1
draft,1
invisible,1
harder,1
hole,1
menu,1
stranger,1
affordable,1
purpose,1
even,1
through,1
bruce,1
match,1
proof,1
breakup,1
poignant,1
senses,1
knee,1
stopping,1
plague,1
criticize,1
correctly,1
pause,1
unpredictable,1
rounds,1
dudes,1
liquid,1
dental,1
saying,1
kept,1
both,1
opposite,1
extraordinary,1
survive,1
trying,1
doing,1
current,1
closer,1
wanted,1
september,1
file,1
yourself,1
unless,1
pounds,1
know,1
loss,1
high,1
important,1
time,1
complete,1
reaches,1
toilet,1
burden,1
counts,1
feeding,1
mason,1
demanding,1
ginger,1
bliss,1
mlk,1
s,1
consumption,1
terminal,1
uniform,1
conscience,1
screw,1
taxi,1
arguing,1
glowing,1
than,1
explain,1
they,1
enough,1
alive,1
how,1
sound,1
twice,1
requires,1
saw,1
courage,1
bond,1
anyone,1
like,1
known,1
third,1
read,1
normal,1
getting,1
have,1
called,1
lose,1
bad,1
motivation,1
outcome,1
foodie,1
pup,1
souls,1
suspicious,1
sober,1
southeast,1
holes,1
unions,1
downs,1
decorations,1
discount,1
nutritional,1
malfunction,1
taiwan,1
dubbed,1
functioning,1
stir,1
socially,1
outlook,1
different,1
moves,1
negative,1
candy,1
own,1
internet,1
other,1
duty,1
basic,1
hands,1
left,1
put,1
beach,1
importantly,1
remind,1
extended,1
devastating,1
romance,1
endless,1
mistakes,1
shoes,1
pittsburgh,1
anger,1
monthly,1
neglected,1
helen,1
burst,1
glasses,1
filmmakers,1
laid,1
publishing,1
hilton,1
hanukkah,1
rubber,1
grows,1
avoided,1
unforgettable,1
washing,1
pin,1
fisher,1
quo,1
chick,1
whole,1
sense,1
face,1
currently,1
worse,1
key,1
much,1
watching,1
spent,1
that,1
keeps,1
jane,1
vice,1
divide,1
anxious,1
transform,1
over,1
ever,1
share,1
multiple,1
regular,1
do,1
selfish,1
messy,1
crap,1
shoulder,1
houston,1
invites,1
fiber,1
hire,1
timeless,1
aimed,1
dealt,1
rica,1
annoying,1
chairs,1
good,1
going,1
kinds,1
bags,1
profile,1
silly,1
healing,1
about,1
angry,1
relax,1
brings,1
customer,1
colleagues,1
categories,1
cindy,1
vehicles,1
technologies,1
mouse,1
cleaning,1
safer,1
prejudice,1
spare,1
prompts,1
waited,1
fertility,1
trains,1
deemed,1
dame,1
gesture,1
beneficial,1
nonsense,1
commercials,1
what,1
women,1
greatest,1
floor,1
clients,1
benefits,1
owned,1
destination,1
claiming,1
p.m.,1
comes,1
drive,1
secrets,1
stories,1
without,1
happens,1
differently,1
forms,1
consuming,1
inn,1
wings,1
sony,1
hanks,1
euro,1
flawless,1
heroin,1
personalities,1
devastated,1
literary,1
no,1
cook,1
manager,1
sometimes,1
benefit,1
quality,1
riding,1
should,1
marriage,1
interview,1
each,1
trees,1
tough,1
pair,1
give,1
well,1
mind,1
speed,1
pacific,1
awareness,1
teenage,1
purchase,1
portrait,1
tyson,1
positions,1
clooney,1
inevitable,1
sadly,1
pairs,1
declare,1
practical,1
critically,1
stability,1
nerve,1
elementary,1
newton,1
reader,1
ponder,1
parents,1
hear,1
pride,1
talk,1
italian,1
boat,1
conscious,1
butt,1
kick,1
juice,1
male,1
musical,1
resolutions,1
celebration,1
map,1
point,1
humans,1
article,1
seems,1
finally,1
spot,1
emotionally,1
iceland,1
definitely,1
persons,1
significance,1
tuition,1
existence,1
jaw,1
register,1
sweater,1
index,1
involvement,1
occurs,1
tasks,1
fest,1
suffers,1
home,1
met,1
baby,1
waiting,1
great,1
annual,1
',1
it,1
heal,1
considered,1
head,1
similar,1
neck,1
cbs,1
dear,1
out,1
instead,1
apps,1
vegetables,1
paths,1
forgotten,1
checklist,1
complaining,1
appreciate,1
explaining,1
hardest,1
beliefs,1
irs,1
sticking,1
catching,1
reduction,1
delicate,1
notable,1
streep,1
nominated,1
traits,1
circuit,1
agents,1
your,1
early,1
pain,1
wonder,1
sick,1
dog,1
identify,1
sight,1
interested,1
promises,1
travels,1
secure,1
worried,1
item,1
little,1
back,1
today,1
league,1
energy,1
breaking,1
son,1
shocking,1
abundance,1
urging,1
tracy,1
depth,1
completed,1
strongest,1
belly,1
tissue,1
physically,1
convincing,1
day,1
're,1
who,1
if,1
everything,1
n't,1
writer,1
right,1
boots,1
advertising,1
midst,1
meet,1
now,1
best,1
onto,1
combat,1
injuries,1
yellow,1
finger,1
thick,1
disturbing,1
getaway,1
sexism,1
bored,1
freed,1
cell,1
entertaining,1
machines,1
though,1
safe,1
weather,1
days,1
firm,1
constant,1
healthier,1
everyone,1
be,1
range,1
familiar,1
being,1
although,1
thanks,1
their,1
interests,1
traditionally,1
lance,1
magnificent,1
sentences,1
stunned,1
referred,1
franco,1
addict,1
temperature,1
diego,1
mccartney,1
listed,1
escaped,1
need,1
there,1
questions,1
less,1
accept,1
heart,1
throws,1
combination,1
smell,1
hand,1
strength,1
stopped,1
done,1
reality,1
ok,1
present,1
driving,1
can,1
away,1
dramatic,1
quiet,1
apart,1
destiny,1
insult,1
tracking,1
gadgets,1
socks,1
till,1
surfing,1
attached,1
fun,1
into,1
sexy,1
weeks,1
harm,1
required,1
century,1
turns,1
come,1
fix,1
sarah,1
better,1
factors,1
scared,1
creativity,1
silver,1
arnold,1
expert,1
boasts,1
roast,1
expression,1
steady,1
most,1
too,1
common,1
biggest,1
's,1
decision,1
accurate,1
desk,1
picking,1
loving,1
readers,1
abuse,1
us,1
band,1
only,1
since,1
challenging,1
stepped,1
stroke,1
bob,1
someday,1
genuine,1
teeth,1
utterly,1
ivy,1
trusted,1
closest,1
jealous,1
contribute,1
m.,1
intent,1
stops,1
sixth,1
screens,1
frightening,1
exhausted,1
meryl,1
before,1
healthy,1
matter,1
truth,1
tears,1
late,1
struggles,1
forget,1
debates,1
lie,1
message,1
with,1
our,1
headed,1
extra,1
serious,1
got,1
moments,1
seemed,1
brain,1
people,1
empowered,1
grass,1
psychologist,1
reveal,1
fee,1
lifting,1
wheels,1
contributions,1
see,1
believe,1
we,1
insurance,1
lower,1
likely,1
conversations,1
tomorrow,1
ill,1
routine,1
avoid,1
understanding,1
explore,1
lisa,1
hot,1
keep,1
summer,1
responsible,1
iphone,1
clothing,1
not,1
self,1
sleeping,1
warned,1
boyfriend,1
triumph,1
rating,1
industries,1
equity,1
path,1
brains,1
affects,1
invented,1
deaf,1
texts,1
destructive,1
calif,1
horse,1
balancing,1
remembers,1
situation,1
calling,1
thoughts,1
patient,1
another,1
emergency,1
damn,1
equally,1
hitting,1
invited,1
subway,1
mom,1
term,1
start,1
pulled,1
drunk,1
as,1
land,1
apparently,1
depend,1
principle,1
activity,1
pole,1
sneakers,1
stigma,1
presented,1
theories,1
spin,1
participation,1
isolated,1
primarily,1
places,1
embrace,1
remain,1
easy,1
feed,1
lines,1
made,1
%,1
sorry,1
shock,1
divorced,1
stage,1
porn,1
just,1
him,1
close,1
cycle,1
stronger,1
coastal,1
studying,1
deciding,1
homophobia,1
reduced,1
blues,1
transforming,1
shaping,1
breasts,1
story,1
make,1
professional,1
richard,1
tend,1
exactly,1
social,1
core,1
miracle,1
her,1
fell,1
where,1
expensive,1
yoga,1
child,1
performs,1
represent,1
focuses,1
fool,1
heartwarming,1
predicted,1
but,1
session,1
gain,1
olds,1
financially,1
tackles,1
tooth,1
toe,1
egyptian,1
instance,1
terrified,1
nearby,1
ends,1
between,1
costs,1
enter,1
condition,1
kicked,1
visit,1
snow,1
increasingly,1
asked,1
same,1
pumpkin,1
veggies,1
quits,1
proper,1
grocery,1
infected,1
abusive,1
traumatic,1
irony,1
incorporate,1
sibling,1
sweden,1
secret,1
a,1
leave,1
pretty,1
involved,1
cold,1
short,1
forgiveness,1
such,1
kids,1
way,1
dad,1
second,1
afford,1
feature,1
to,1
say,1
feminine,1
tasty,1
cat,1
norway,1
pros,1
toxic,1
prompted,1
consideration,1
barbie,1
ask,1
others,1
guilty,1
letting,1
frozen,1
seem,1
small,1
prevent,1
leads,1
bone,1
throwing,1
year,1
makes,1
subject,1
look,1
citizens,1
all,1
thing,1
kid,1
size,1
anna,1
competition,1
income,1
hotels,1
patriotic,1
corey,1
thoughtful,1
janet,1
stark,1
vow,1
cap,1
tickets,1
easiest,1
want,1
tried,1
lots,1
created,1
motherhood,1
try,1
clearly,1
succeed,1
alexander,1
attention,1
possibly,1
streets,1
grace,1
ourselves,1
station,1
divine,1
planner,1
rethink,1
mountains,1
verdict,1
charm,1
topics,1
beatles,1
chasing,1
sale,1
scale,1
children,1
may,1
wearing,1
teach,1
bike,1
ideal,1
effective,1
considering,1
expectations,1
once,1
still,1
call,1
flight,1
golden,1
personal,1
rock,1
actually,1
while,1
physicians,1
stood,1
spanish,1
stable,1
welcomed,1
youngest,1
opinions,1
booze,1
passover,1
cherry,1
biological,1
venture,1
cotton,1
costa,1
fashioned,1
several,1
include,1
mysterious,1
cultural,1
scary,1
first,1
get,1
fitness,1
garden,1
times,1
tone,1
reminded,1
discuss,1
institute,1
attendant,1
olive,1
flawed,1
don'ts,1
delays,1
cam,1
investigations,1
deficit,1
ambitious,1
figure,1
pick,1
taking,1
herself,1
circumstances,1
market,1
personally,1
rid,1
hint,1
jay,1
act,1
standing,1
patients,1
run,1
titled,1
necessary,1
numerous,1
departure,1
cartoon,1
prove,1
throwback,1
objects,1
reaction,1
scroll,1
dylan,1
insomnia,1
weekends,1
healthiest,1
royals,1
ours,1
hope,1
stop,1
lucky,1
spirit,1
tells,1
probably,1
profound,1
confident,1
throughout,1
corner,1
changing,1
spending,1
whose,1
games,1
learn,1
along,1
scream,1
sentence,1
shall,1
northern,1
whiskey,1
allows,1
helps,1
tricks,1
musician,1
marital,1
fighter,1
temple,1
signal,1
death,1
beer,1
replace,1
pack,1
outside,1
sand,1
privilege,1
telling,1
stay,1
bullying,1
notice,1
deeply,1
gina,1
karen,1
forcing,1
navigating,1
obsessed,1
buried,1
climb,1
economics,1
dos,1
believing,1
robin,1
witch,1
associate,1
poster,1
division,1
explanation,1
wide,1
near,1
raising,1
magic,1
walking,1
bigger,1
providing,1
returning,1
generations,1
tell,1
an,1
problem,1
might,1
moment,1
taken,1
quick,1
reviews,1
freaking,1
holding,1
chains,1
thriving,1
miserable,1
gardens,1
floating,1
donor,1
lets,1
kindergarten,1
artificial,1
bones,1
wallet,1
paper,1
drinking,1
target,1
sell,1
hit,1
shopping,1
removed,1
location,1
draw,1
hard,1
pre,1
choose,1
seriously,1
philadelphia,1
importance,1
accident,1
downtown,1
sweeping,1
quirky,1
safely,1
yours,1
infamous,1
grounds,1
homework,1
weighs,1
himself,1
television,1
cruise,1
interesting,1
heavy,1
expect,1
twins,1
marc,1
surprisingly,1
room,1
hour,1
dark,1
lost,1
happening,1
expected,1
soul,1
fan,1
difference,1
addresses,1
consistently,1
realistic,1
shifting,1
hometown,1
funded,1
goods,1
witnessed,1
page,1
renewed,1
trainer,1
dinner,1
warm,1
quit,1
republic,1
excuse,1
ordered,1
jewelry,1
trust,1
coming,1
themselves,1
easier,1
are,1
stick,1
florence,1
b,1
string,1
responding,1
rental,1
filling,1
at,1
loans,1
shots,1
majority,1
in,1
total,1
means,1
barely,1
sister,1
staying,1
fundraising,1
conviction,1
trained,1
roads,1
unite,1
tag,1
crossing,1
mention,1
statistics,1
cities,1
mean,1
after,1
period,1
bring,1
doctor,1
naked,1
obviously,1
view,1
around,1
course,1
recent,1
planet,1
workplace,1
object,1
shoppers,1
sights,1
auto,1
reads,1
dutch,1
insights,1
patterns,1
posting,1
responses,1
christmas,1
nothing,1
families,1
choices,1
question,1
literally,1
authentic,1
whenever,1
vacation,1
idea,1
name,1
of,1
possible,1
tip,1
school,1
flu,1
already,1
connect,1
stays,1
lab,1
gaining,1
ranks,1
asking,1
send,1
end,1
strain,1
memorable,1
adorable,1
language,1
process,1
chance,1
imagine,1
join,1
dallas,1
shore,1
commonly,1
serial,1
filing,1
cheaper,1
shed,1
simmons,1
daunting,1
merely,1
blowing,1
despair,1
elsewhere,1
midnight,1
following,1
during,1
comment,1
awesome,1
meeting,1
runner,1
newspaper,1
handle,1
beauty,1
for,1
society,1
average,1
spain,1
cultures,1
heavily,1
workforce,1
loaded,1
representation,1
trials,1
episodes,1
factory,1
spreading,1
from,1
nature,1
independence,1
emails,1
law,1
big,1
foods,1
by,1
fall,1
completely,1
light,1
seek,1
again,1
more,1
told,1
linda,1
ignorance,1
addition,1
compares,1
mere,1
10-year,1
secretly,1
takes,1
number,1
fail,1
found,1
wake,1
delicious,1
particularly,1
farm,1
also,1
whether,1
choice,1
proves,1
he,1
gowns,1
beast,1
delayed,1
changes,1
fairly,1
tracks,1
identity,1
creator,1
fireworks,1
chocolate,1
connection,1
deep,1
burning,1
fathers,1
the,1
fears,1
some,1
breath,1
jumping,1
invitation,1
ken,1
sophisticated,1
challenged,1
dilemma,1
responded,1
bunny,1
excuses,1
denim,1
happiest,1
refreshing,1
introducing,1
improvement,1
security,1
list,1
powerful,1
terror,1
sweet,1
doubt,1
funny,1
together,1
cheer,1
intense,1
basis,1
rejection,1
encouraged,1
perception,1
hints,1
slammed,1
examples,1
tricky,1
due,1
simply,1
boys,1
chair,1
helped,1
confidence,1
last,1
clear,1
areas,1
achieve,1
luckily,1
peace,1
client,1
approaching,1
jews,1
badly,1
skirt,1
alliance,1
wayne,1
dumb,1
hoped,1
bedtime,1
re,1
level,1
italy,1
cases,1
favorite,1
lady,1
screen,1
stupid,1
asia,1
grave,1
funds,1
kicking,1
step,1
shell,1
strategic,1
helicopter,1
take,1
world,1
easter,1
site,1
angeles,1
full,1
real,1
vows,1
troops,1
names,1
joke,1
finished,1
promising,1
cure,1
handling,1
stayed,1
stole,1
therefore,1
coup,1
cigarettes,1
idol,1
priorities,1
arguments,1
help,1
block,1
making,1
appears,1
sons,1
bottle,1
ups,1
worldwide,1
part,1
reach,1
this,1
begins,1
work,1
becoming,1
information,1
methods,1
perform,1
staffers,1
discipline,1
wrapped,1
complaint,1
burned,1
trap,1
reproductive,1
building,1
journal,1
caused,1
vision,1
sure,1
roll,1
marijuana,1
office,1
mad,1
acceptance,1
intention,1
potatoes,1
phase,1
calorie,1
popular,1
december,1
tiny,1
bachelor,1
beat,1
could,1
will,1
involving,1
setting,1
entitled,1
guard,1
trouble,1
sharp,1
beneath,1
metal,1
muhammad,1
side,1
illness,1
gorgeous,1
guest,1
designed,1
free,1
among,1
airline,1
february,1
eating,1
paying,1
cancer,1
legend,1
glory,1
psychology,1
guidance,1
entirely,1
accountability,1
jam,1
haters,1
cosby,1
length,1
broke,1
closed,1
bbq,1
author,1
beyond,1
trip,1
candidate,1
chain,1
effects,1
define,1
price,1
reason,1
eye,1
inner,1
consciousness,1
permission,1
sources,1
fever,1
fur,1
ny,1
graduates,1
alternatives,1
rules,1
critical,1
follow,1
jobs,1
title,1
is,1
drops,1
variety,1
extremely,1
marry,1
taxes,1
ticket,1
regardless,1
politically,1
20th,1
does,1
playing,1
unusual,1
increasing,1
concerns,1
tree,1
ride,1
chef,1
spa,1
toy,1
belt,1
add,1
lively,1
retail,1
discussion,1
reward,1
conventional,1
liked,1
must,1
health,1
seeing,1
tool,1
demands,1
continue,1
behavior,1
store,1
clinical,1
millennial,1
addicted,1
myth,1
jump,1
attractions,1
martha,1
freak,1
longest,1
convince,1
boom,1
rip,1
cause,1
birth,1
residents,1
theater,1
reminds,1
solve,1
image,1
eat,1
financial,1
let,1
ladies,1
wine,1
willing,1
immune,1
kindness,1
colombia,1
directors,1
vatican,1
'em,1
patience,1
play,1
october,1
driver,1
cup,1
man,1
gives,1
encouraging,1
sun,1
handful,1
rent,1
passionate,1
cuba,1
rocket,1
grieving,1
repeatedly,1
ate,1
nasty,1
feelings,1
behind,1
fast,1
stone,1
infidelity,1
wisconsin,1
warriors,1
indiana,1
urged,1
medication,1
obvious,1
basketball,1
ashamed,1
bloggers,1
ingredients,1
dave,1
slip,1
entering,1
morning,1
month,1
fight,1
order,1
doctors,1
suffer,1
sing,1
terms,1
era,1
medical,1
emotional,1
survivor,1
dreams,1
spirits,1
infant,1
complaints,1
inspired,1
certainly,1
goals,1
direct,1
survival,1
talking,1
foundation,1
simon,1
anywhere,1
brave,1
relations,1
formula,1
ratings,1
seasonal,1
gang,1
academic,1
relevant,1
creation,1
clinic,1
electronic,1
achieving,1
reflections,1
line,1
next,1
female,1
winter,1
percent,1
dealing,1
lake,1
colleges,1
talent,1
poor,1
deal,1
fourth,1
increase,1
fruits,1
performed,1
sport,1
cognitive,1
critic,1
cream,1
incredibly,1
stomach,1
researcher,1
innovative,1
impact,1
trick,1
perspective,1
off,1
which,1
disaster,1
jokes,1
denying,1
dollar,1
beware,1
chill,1
glad,1
hate,1
august,1
boost,1
ideas,1
ugly,1
sugar,1
putting,1
flower,1
lonely,1
banana,1
acting,1
hide,1
practices,1
casual,1
practicing,1
night,1
has,1
babies,1
fully,1
daily,1
held,1
up,1
kind,1
plastic,1
initial,1
slavery,1
resolve,1
pen,1
deadline,1
everyday,1
pizza,1
survey,1
example,1
cells,1
clever,1
hills,1
tyler,1
feast,1
talented,1
fault,1
wash,1
messages,1
injury,1
looks,1
countries,1
his,1
heat,1
calories,1
degrees,1
sensitive,1
independent,1
adopt,1
recover,1
exit,1
context,1
least,1
concern,1
cry,1
buying,1
trend,1
hotel,1
starts,1
christopher,1
accounts,1
starring,1
adopted,1
fame,1
gather,1
vegetarian,1
pray,1
gains,1
disasters,1
cutting,1
obese,1
post,1
minor,1
connections,1
contain,1
kiss,1
parental,1
form,1
local,1
mothers,1
cocktail,1
worker,1
discrimination,1
on,1
hong,1
replacement,1
newborn,1
employee,1
howard,1
break,1
linked,1
non,1
huge,1
ready,1
hatred,1
trends,1
professor,1
a.m.,1
thrown,1
hosting,1
arrive,1
seasons,1
sector,1
facebook,1
dream,1
january,1
protect,1
warning,1
highly,1
blow,1
express,1
suggest,1
wrong,1
letter,1
amber,1
decisions,1
beings,1
burns,1
claire,1
commercial,1
characters,1
bible,1
significant,1
depends,1
photographs,1
remote,1
drone,1
detention,1
capable,1
retreat,1
glimpse,1
value,1
types,1
salad,1
save,1
sunday,1
spoken,1
guides,1
surge,1
tastes,1
perfect,1
june,1
images,1
homes,1
prevention,1
kitchen,1
welcome,1
ed,1
barbara,1
darkness,1
ball,1
explosion,1
document,1
gene,1
fearless,1
fairy,1
williams,1
exercises,1
promoting,1
honestly,1
tv,1
touch,1
ice,1
business,1
europe,1
pink,1
straight,1
teen,1
resources,1
offered,1
josh,1
needed,1
frequent,1
plea,1
vehicle,1
sought,1
80s,1
repeat,1
celeb,1
plus,1
prescription,1
connecticut,1
stress,1
connected,1
moms,1
friendly,1
river,1
newly,1
matters,1
queen,1
sexual,1
coat,1
rule,1
thin,1
billions,1
pill,1
prominent,1
graduate,1
girl,1
party,1
exercise,1
country,1
yesterday,1
labels,1
sept,1
capacity,1
honey,1
teaches,1
jong,1
crush,1
pot,1
empowering,1
productivity,1
songs,1
ads,1
use,1
random,1
via,1
drawing,1
tennis,1
phil,1
covering,1
iron,1
imagined,1
boundaries,1
craft,1
strategies,1
meals,1
seth,1
horrific,1
avoiding,1
wishes,1
headline,1
skinny,1
recognition,1
native,1
poetry,1
graduation,1
marked,1
special,1
within,1
sky,1
pattern,1
helping,1
establishment,1
draws,1
harsh,1
ghost,1
unfortunately,1
management,1
worthy,1
celebrate,1
-,1
credit,1
provide,1
los,1
models,1
dust,1
marks,1
counsel,1
hurts,1
scientist,1
button,1
lies,1
associated,1
vulnerable,1
according,1
new,1
addiction,1
hardly,1
catch,1
wardrobe,1
racism,1
protein,1
understood,1
complicated,1
crack,1
wood,1
hiding,1
exclusive,1
jazz,1
allow,1
role,1
theory,1
review,1
access,1
feet,1
listening,1
kong,1
dangers,1
investigate,1
pat,1
weekend,1
marathon,1
travelers,1
museum,1
strong,1
teens,1
stereotypes,1
embarrassing,1
placed,1
thousands,1
freedom,1
lead,1
miles,1
industry,1
broadway,1
per,1
appeals,1
dancing,1
dick,1
announced,1
baking,1
listen,1
bringing,1
failure,1
anyway,1
organizations,1
weed,1
judgment,1
super,1
mental,1
anti,1
budget,1
launched,1
records,1
movement,1
issues,1
rolls,1
excitement,1
agreed,1
opera,1
fair,1
plenty,1
despite,1
affair,1
conflict,1
result,1
luxury,1
democrat,1
center,1
theatre,1
thrive,1
toast,1
brilliant,1
seat,1
virgin,1
accepting,1
communications,1
top,1
here,1
alcohol,1
keeping,1
promise,1
build,1
gathered,1
horror,1
bottom,1
discussed,1
incident,1
everywhere,1
wear,1
girls,1
baseball,1
company,1
these,1
hopes,1
explores,1
fought,1
parks,1
counting,1
drawn,1
ambassador,1
joint,1
hack,1
campaigns,1
etiquette,1
solutions,1
bird,1
smile,1
increases,1
disabilities,1
trapped,1
resolution,1
gifs,1
desert,1
faces,1
change,1
christie,1
major,1
yet,1
bomb,1
lift,1
groom,1
blonde,1
stepping,1
stock,1
knowledge,1
escape,1
reflect,1
ended,1
san,1
pure,1
foreign,1
causes,1
november,1
sign,1
speaks,1
checking,1
capitol,1
unity,1
diabetes,1
scenes,1
classroom,1
potato,1
historical,1
tale,1
staff,1
sets,1
players,1
productive,1
rumors,1
property,1
blood,1
measure,1
plan,1
space,1
universe,1
occurred,1
honeymoon,1
products,1
culture,1
either,1
season,1
offer,1
immediately,1
innocent,1
convinced,1
openly,1
activities,1
ruled,1
monster,1
dishes,1
recall,1
highlights,1
hollywood,1
weight,1
cut,1
rich,1
produced,1
dr,1
plain,1
statements,1
minnesota,1
solid,1
institutions,1
stretch,1
brought,1
success,1
suicide,1
chelsea,1
classic,1
relief,1
hurt,1
tight,1
track,1
wealthy,1
household,1
steven,1
nurse,1
said,1
private,1
service,1
robert,1
serve,1
contract,1
novel,1
struggle,1
rome,1
sacred,1
fear,1
dollars,1
future,1
air,1
afghanistan,1
journalism,1
ignored,1
rate,1
hospitals,1
mail,1
bite,1
across,1
ultimate,1
individual,1
supporters,1
inspiration,1
weird,1
widely,1
managed,1
assume,1
cash,1
david,1
communities,1
nutrition,1
religion,1
fish,1
power,1
attempts,1
wrote,1
saved,1
hopeful,1
urge,1
dropping,1
alike,1
planning,1
beyoncé,1
music,1
american,1
create,1
shut,1
participants,1
analysis,1
national,1
unique,1
system,1
differences,1
birds,1
flash,1
mama,1
safety,1
rings,1
pants,1
toddlers,1
improving,1
collection,1
witness,1
visits,1
watch,1
awkward,1
activist,1
individuals,1
towards,1
beating,1
fate,1
passenger,1
don,1
tape,1
investors,1
counter,1
agent,1
progressive,1
passes,1
status,1
drama,1
crisis,1
using,1
facing,1
steve,1
sent,1
hilarious,1
snacks,1
adele,1
shaped,1
focus,1
named,1
relatively,1
wanting,1
entrepreneurs,1
under,1
comedian,1
interest,1
opioid,1
section,1
earned,1
breathe,1
breathing,1
cohen,1
buy,1
pull,1
totally,1
seen,1
employees,1
dress,1
risks,1
main,1
gut,1
inside,1
boy,1
largest,1
gap,1
visited,1
dead,1
piece,1
field,1
shift,1
ground,1
photography,1
facts,1
against,1
overwhelming,1
slightly,1
sue,1
clean,1
brutal,1
reputation,1
response,1
game,1
money,1
rage,1
tennessee,1
regarding,1
lists,1
tools,1
tour,1
problems,1
wife,1
chicken,1
disorders,1
contemporary,1
experiment,1
leading,1
earlier,1
final,1
melissa,1
minute,1
low,1
included,1
hold,1
wild,1
definition,1
swing,1
strike,1
discovery,1
wounded,1
perfectly,1
walmart,1
water,1
restaurant,1
heritage,1
appear,1
rap,1
carrying,1
presents,1
fancy,1
emotions,1
front,1
t,1
sexist,1
excited,1
organized,1
answers,1
carry,1
cleveland,1
legendary,1
suit,1
millions,1
meditations,1
goal,1
argue,1
miller,1
spaces,1
susan,1
rates,1
focusing,1
meat,1
poses,1
tie,1
appeared,1
cards,1
israel,1
program,1
inspiring,1
brief,1
leather,1
flow,1
limit,1
guide,1
diet,1
island,1
attempt,1
starting,1
carter,1
worst,1
god,1
tourist,1
unlikely,1
control,1
amazing,1
reported,1
action,1
wednesday,1
lip,1
highlight,1
hidden,1
exchange,1
provided,1
exposed,1
collective,1
starbucks,1
university,1
owner,1
coverage,1
parade,1
disorder,1
threatening,1
hottest,1
hearts,1
house,1
van,1
humor,1
potentially,1
determined,1
stuck,1
ending,1
co,1
bikini,1
devices,1
writes,1
paid,1
supports,1
miranda,1
selfie,1
cool,1
asks,1
taste,1
degree,1
sea,1
model,1
california,1
schedule,0
expand,0
crash,0
laws,0
natural,0
jet,0
allowing,0
reduce,0
washington,0
double,0
approved,0
r,0
katie,0
orders,0
case,0
intelligence,0
group,0
battle,0
speaking,0
halloween,0
updated,0
americans,0
lovers,0
suggested,0
centers,0
featuring,0
reddit,0
carbon,0
vegas,0
thinks,0
loan,0
capital,0
dresses,0
psychological,0
towns,0
editor,0
jeans,0
solution,0
torture,0
religious,0
alert,0
truck,0
dedicated,0
set,0
schools,0
primary,0
apply,0
county,0
environment,0
silence,0
largely,0
gas,0
research,0
effort,0
dogs,0
worth,0
blind,0
editors,0
exploring,0
solo,0
engaged,0
conspiracy,0
recipe,0
receive,0
vs.,0
reporter,0
diverse,0
confused,0
city,0
neil,0
nails,0
discovered,0
typical,0
celebrities,0
european,0
pictures,0
text,0
display,0
manhattan,0
terrible,0
prime,0
followed,0
deserve,0
coach,0
determine,0
systems,0
planned,0
busy,0
deeper,0
tourism,0
sheer,0
dose,0
colorful,0
golf,0
stressed,0
backed,0
fresh,0
drink,0
struck,0
news,0
criminal,0
earth,0
ahead,0
tony,0
eventually,0
sanctions,0
apology,0
events,0
politics,0
turkey,0
student,0
failed,0
revealed,0
winning,0
club,0
seconds,0
hampshire,0
groups,0
hall,0
limits,0
.,0
ongoing,0
wants,0
restaurants,0
blue,0
killing,0
warming,0
contest,0
wedding,0
travel,0
history,0
habit,0
bride,0
giant,0
extreme,0
actors,0
brands,0
couples,0
app,0
hat,0
border,0
agency,0
original,0
factor,0
companies,0
roots,0
bieber,0
separate,0
gluten,0
stand,0
issue,0
food,0
creative,0
progress,0
terrorist,0
90s,0
running,0
organization,0
agree,0
profit,0
corporate,0
town,0
canadian,0
acts,0
potential,0
spiritual,0
claimed,0
passengers,0
teams,0
trial,0
gown,0
base,0
received,0
east,0
silent,0
dies,0
tribute,0
engage,0
fed,0
economy,0
billionaire,0
paint,0
vote,0
suggests,0
respect,0
beautiful,0
treats,0
train,0
general,0
rush,0
fuel,0
korean,0
pay,0
version,0
chinese,0
directly,0
jury,0
liberal,0
bet,0
tourists,0
posts,0
numbers,0
above,0
advantage,0
armed,0
george,0
experts,0
designers,0
including,0
documents,0
return,0
fantasy,0
specific,0
runs,0
toward,0
human,0
brazil,0
ridiculous,0
soda,0
medicine,0
heroes,0
covers,0
admits,0
comedy,0
debt,0
risk,0
ship,0
further,0
card,0
open,0
challenge,0
pool,0
bread,0
drugs,0
projects,0
points,0
loves,0
dangerous,0
kansas,0
hip,0
uses,0
originally,0
chaos,0
wave,0
rolling,0
details,0
seattle,0
dessert,0
homeless,0
fewer,0
growth,0
breakfast,0
frank,0
bay,0
statement,0
assault,0
its,0
box,0
bills,0
danger,0
toys,0
hoping,0
practice,0
burger,0
basically,0
ultimately,0
france,0
crime,0
hits,0
chris,0
judge,0
pressure,0
standard,0
magazine,0
served,0
produce,0
believed,0
debate,0
raises,0
fighting,0
email,0
flowers,0
comic,0
movie,0
week,0
treatment,0
creates,0
smith,0
digital,0
mitt,0
media,0
web,0
pushing,0
previously,0
chronic,0
walker,0
kevin,0
study,0
album,0
celebrity,0
estate,0
wears,0
joined,0
cooking,0
leadership,0
manage,0
march,0
bar,0
iraq,0
master,0
sold,0
row,0
moon,0
network,0
indeed,0
strikes,0
calls,0
globes,0
park,0
traffic,0
brothers,0
nail,0
red,0
homemade,0
spring,0
favor,0
chances,0
conversation,0
fashion,0
latest,0
airport,0
community,0
theme,0
association,0
plant,0
celebrated,0
virus,0
respond,0
mystery,0
resort,0
everybody,0
pro,0
score,0
workout,0
brown,0
finds,0
develop,0
task,0
arrest,0
japan,0
cookies,0
costume,0
bizarre,0
nearly,0
lack,0
reveals,0
claim,0
previous,0
stunning,0
traveling,0
star,0
drinks,0
serving,0
anxiety,0
revolution,0
direction,0
tied,0
outfit,0
waste,0
show,0
developing,0
round,0
consequences,0
otherwise,0
tradition,0
fellow,0
led,0
won,0
event,0
bought,0
parenting,0
bacon,0
based,0
policy,0
america,0
tech,0
oscar,0
valley,0
mobile,0
signed,0
violent,0
dropped,0
test,0
hundreds,0
fruit,0
stores,0
humanity,0
training,0
nuclear,0
inspire,0
fake,0
british,0
immigrant,0
stands,0
feminist,0
journalist,0
audience,0
divorce,0
workers,0
teacher,0
offers,0
cars,0
dance,0
jackson,0
chicago,0
film,0
arts,0
epidemic,0
caught,0
itself,0
executive,0
western,0
mess,0
colorado,0
cake,0
supporting,0
ancient,0
killer,0
prices,0
north,0
mexican,0
added,0
bus,0
public,0
picture,0
lesbian,0
complex,0
higher,0
ensure,0
none,0
deals,0
talks,0
reminder,0
wore,0
spoke,0
scientists,0
flag,0
mike,0
address,0
region,0
april,0
dozens,0
breastfeeding,0
color,0
mindful,0
product,0
tim,0
girlfriend,0
shows,0
support,0
journalists,0
eve,0
covered,0
art,0
goes,0
greece,0
bank,0
includes,0
veteran,0
milk,0
ocean,0
debut,0
south,0
fans,0
evidence,0
ties,0
elections,0
compassion,0
focused,0
says,0
wait,0
mary,0
germany,0
posted,0
street,0
customers,0
appearance,0
agreement,0
voices,0
launch,0
slams,0
clip,0
tonight,0
flying,0
missed,0
premiere,0
poverty,0
tax,0
scott,0
picks,0
charge,0
international,0
war,0
drug,0
fraud,0
selling,0
vogue,0
iconic,0
tea,0
football,0
ceremony,0
biden,0
aids,0
michigan,0
tom,0
bright,0
georgia,0
suffering,0
epic,0
funniest,0
missing,0
presidential,0
congressional,0
hawaii,0
affect,0
upcoming,0
allowed,0
presidency,0
weddings,0
crowd,0
puts,0
jewish,0
asian,0
jersey,0
stars,0
amy,0
content,0
supposed,0
rising,0
king,0
korea,0
modern,0
bill,0
victims,0
cuts,0
press,0
recovery,0
source,0
united,0
meditation,0
values,0
mission,0
obamacare,0
ohio,0
project,0
mark,0
legal,0
lee,0
stewart,0
breaks,0
transgender,0
winner,0
views,0
soccer,0
parts,0
gets,0
mindfulness,0
instagram,0
levels,0
programs,0
polls,0
returns,0
apple,0
aid,0
romney,0
bowl,0
ad,0
saturday,0
afraid,0
saving,0
forced,0
services,0
surprise,0
veterans,0
honor,0
officially,0
hillary,0
members,0
grand,0
domestic,0
ex,0
remains,0
chief,0
charges,0
accused,0
conference,0
education,0
state,0
youtube,0
studies,0
york,0
blame,0
political,0
recipes,0
jenner,0
department,0
below,0
states,0
voter,0
strategy,0
francisco,0
style,0
minister,0
oscars,0
responsibility,0
former,0
toddler,0
boston,0
win,0
artists,0
forces,0
white,0
deadly,0
dads,0
rare,0
moore,0
coast,0
split,0
central,0
photo,0
princess,0
update,0
balance,0
florida,0
lawyer,0
storm,0
historic,0
character,0
harassment,0
