lobstermen,195
brynneth,195
pawltro,195
mastiff,195
snored,195
kulig,195
sinbad,195
barackingaround,195
jakeem,195
lonnie,195
wimmer,195
margaux,195
unadoptable,195
benben,195
whippet,195
monium,195
merman,195
takeherhoodie,195
avalos,195
couponing,195
wettlerlings,195
nonjudgemental,195
freia,195
d‚Äôagostino,195
illwalkwithyou,195
hony,195
collie,195
headscratches,195
firebolt,195
samya,195
kookiness,195
roflmeow,195
üê¨,195
üê≥,195
ostomy,195
chardonyay,195
cesario,195
mclovin,195
foodforthought,195
rizk,195
yardwork,195
woodpile,195
raiz,195
befuddlement,195
clubgoer,195
choruses,195
coombes,195
dosomethingfornothing,195
flatbush,195
goofiness,195
se√±or,195
bloodies,195
finau,195
g.i.s,195
sheltie,195
85-pound,195
d'aww,195
masrya,195
eisleigh,195
nonagenarians,195
m√°s,195
cutely,195
cappelluti,195
puggle,195
facedown,195
kismet,195
nappin,195
cuddler,195
cuddlers,195
lanyard,195
customizes,195
mushmush,195
copscotch,195
cheesin,195
minu,195
arboretum,195
eaglets,195
fangtastic,195
pikelet,195
pancakebot,195
atilla,195
tagalong,195
holyoak,195
trumpyourcat,195
groomer,195
thingmaker,195
elberton,195
rdj,195
rehabbers,195
superheros,195
beforefacebooki,195
babysits,195
pb&js,195
quasimodo,195
saaang,195
burro,195
joudrey,195
safyre,195
fie,195
tarpaulin,195
pitmas,195
howlidays,195
layaways,195
supafly,195
jawths,195
baskerville,195
firstgradephilosophy,195
bodmer,195
bulous,195
hubcap,195
rummage,195
mailmen,195
snowspeeder,195
datediane,195
bibbidi,195
bobbidi,195
sexytime,195
cougars,195
squatgoals,195
strollin,195
popedogs,195
tect,195
girlcopsareawesome,195
magicalrainbow,195
yup'ik,195
pateros,195
beekeeping,195
rotc,195
javert,195
harvor,195
warded,195
jaquish,195
grooves,195
haterade,195
devers,195
duggan,195
boozer,195
waterworks,195
commendations,195
euthanization,195
pranke,195
hoooooome,195
jendon,195
pawless,195
avey,195
translyvania,195
lockett,195
bartolucci,195
snorkelers,195
snitched,195
wondrously,195
mhs,195
bobbled,195
dogmatic,195
seamstress,195
mazatl√°n,195
ruehlman,195
beauthentic,195
straightforwardness,195
forthrightness,195
paraplegia,195
snuf,195
cabela,195
ariela,195
meltham,195
shovelitforward,195
snowplow,195
brrriliantly,195
spaniels,195
inus,195
togiak,195
dematerialized,195
demonetized,195
sunmine,195
solution(s,195
thomasina,195
undercats,195
lisianthus,195
gerbera,195
daises,195
assortments,195
bodysurfer,195
earthrise,195
restorying,195
homeworld,195
traipsed,195
eritrean,195
cattoo,195
purrrrfection,195
parkinsons,195
gommy,195
chaput,195
timepieces,195
packards,195
hominid,195
pejovic,195
jennstrong,195
adorbz,195
peppermints,195
lovebird,195
biddy,195
huggable,195
firenados,195
heartbleeds,195
purritos,195
dreammakers,146
99-year,130
trippiest,130
mutt,130
bei,130
sweeper,130
skunks,130
slough,130
k√ºbler,130
snoozed,98
honnold,98
charitably,98
deliveryman,98
mows,98
mew,98
thirtieth,98
facetimes,98
calculates,98
wetterling,98
miesha,98
chihuahuas,98
gaither,98
classifieds,98
castaways,98
23-month,98
cappella,98
napped,98
cheesus,98
lightyear,98
callout,98
retrieving,98
freya,98
belsen,98
ollie,98
sheepdog,98
oldham,98
huggers,98
snuggly,98
hibbert,98
souping,98
purrfectly,98
jameel,98
tania,98
zaniest,98
üëº,98
carnation,98
forgoes,98
urlacher,98
estrada,98
boarders,98
luckier,98
jethro,98
localities,98
greenleaf,98
bada,98
inglewood,98
tiful,98
skiffs,98
arrestingly,98
58-letter,98
orcs,98
sauron,98
thomason,98
lyfe,98
splish,98
weathers,98
squawk,98
babette,98
mele,98
tilton,98
kailen,98
cmdr,98
cockatoo,98
festivalgoers,98
fielder,98
cuddliest,98
laramie,98
catatonic,98
unmerited,98
claremont,98
connotes,98
waif,98
viscerally,98
finitude,98
toucan,98
swerve,98
shoveled,98
breakin,98
liberator,98
jazzes,98
democratized,98
lilies,98
tabby,98
dorks,98
moonlighting,98
retrieves,98
buoys,98
mends,98
centerfold,98
dumbfounding,98
brodinsky,98
77-year,98
mended,98
pooches,87
whiskers,87
handshakes,84
custodian,78
opossum,78
kindhearted,78
üéÉ,78
dissection,78
shear,78
laundromat,78
amputee,73
invents,73
pups,73
retriever,70
nae,67
labradoodle,65
predictability,65
stowell,65
cashier,65
doggy,65
grille,65
dalmatian,65
homebound,65
fsu,65
throwbacks,65
hamblin,65
105th,65
burly,65
stubbs,65
mite,65
outgrew,65
crustaceans,65
wino,65
schoolboys,65
bosque,65
rahim,65
lawnmower,65
doggone,65
ducklings,65
frogger,65
alpaca,65
lambs,65
rambo,65
summa,65
zany,65
screech,65
softie,65
mcgee,65
pachyderms,65
drainage,65
ruff,65
wombat,65
hopscotch,65
dystrophy,65
preorders,65
believin,65
exploitive,65
tuff,65
bosco,65
gil,65
trekked,65
tyrannosaurus,65
lassie,65
surgically,65
brantley,65
lasso,65
layaway,65
mandible,65
rollin,65
obedience,65
rockwood,65
soliders,65
outsmarted,65
trots,65
rue,65
llanfairpwllgwyngyllgogerychwyrndrobwllllantysiliogogogoch,65
flippers,65
quincea√±era,65
fangs,65
obeying,65
ewok,65
balboa,65
smallwood,65
valedictorian,65
carnaval,65
boynton,65
piglet,65
detroiters,65
shih,65
devalue,65
shepherds,65
neuromuscular,65
snoopy,65
shiver,65
sesh,65
cavalier,65
shiba,65
newtonian,65
pregame,65
cleft,65
rebounding,65
slugs,65
bacall,65
colostomy,65
spastic,65
doberman,65
jiff,65
swig,65
amma,65
rankle,65
pup,61
forecaster,59
wallaby,56
fawn,56
mailman,56
colorblind,56
borden,56
tzu,56
kittens,55
doggie,54
prosthetic,54
felines,53
bulldog,51
welder,49
woulda,49
gravestone,49
hoodies,49
firehouse,49
unicycle,49
crocheted,49
extinguish,49
jeni,49
paw,49
islamophobes,49
hedgehog,49
shoplifting,49
tierra,49
caterers,49
tourniquet,49
subs,49
flagpole,49
scripps,49
euthanized,49
laude,49
squeal,49
rehabilitated,49
vaughan,49
binky,49
awwwww,49
comin,49
combover,49
mathis,49
dwarfism,49
igloo,49
bungalow,49
mats,49
hiss,49
manatees,49
hatin,49
pasco,49
frappuccinos,49
betta,49
rainstorm,49
robins,49
struts,49
stormtrooper,49
nyad,49
syrupy,49
payton,49
kiki,49
cherokee,49
a+,49
implode,49
uncoordinated,49
cocker,49
toto,49
proverbs,49
mange,49
peekaboo,49
frankl,49
tisha,49
wrecks,49
infantry,49
huey,49
exasperated,49
chihuahua,46
doodle,46
poodle,45
corgi,45
reunites,43
underfunded,43
85-year,43
dachshund,43
mi,43
hose,43
pit,43
lawns,42
selfless,42
bull,42
buddha,41
orphaned,40
amir,39
neapolitan,39
matted,39
vedder,39
pho,39
humanitarianism,39
evacuees,39
jordin,39
darius,39
paralympian,39
hallucinating,39
pomeranian,39
quidditch,39
pokey,39
coordinates,39
inscribed,39
shero,39
paddleboard,39
chillest,39
pangs,39
catchphrases,39
parched,39
shetland,39
amputees,39
socialized,39
frodo,39
dedicating,39
dwindled,39
wickedly,39
scribble,39
gaia,39
zap,39
subterranean,39
berns,39
nepalese,39
hatching,39
centenarian,39
grocer,39
inking,39
godfrey,39
fuzzies,39
prosthetics,39
purr,39
adoring,39
amputated,39
firemen,39
yas,39
councils,39
kapoor,39
stinkin,39
sows,39
sinfully,39
crosswalk,39
beatriz,39
delgado,39
sunflowers,39
equine,39
corgis,39
ducked,39
kangaroos,39
kauffman,39
muggles,39
bellied,39
dominguez,39
errand,39
miscarriages,39
waddling,39
brightens,39
hypothermia,39
watercolors,39
hounds,39
lei,39
offing,39
organizes,39
potholes,39
pooch,38
paralyzed,38
kitten,37
rescuing,37
tutu,37
bindi,36
chewbacca,36
puddle,36
conductor,36
knitted,36
greets,34
snuggle,34
waterslide,33
droopy,33
gassy,33
slays,33
jordans,33
stair,33
barter,33
wheelchair,33
palsy,33
wookiee,33
barks,33
escorts,33
crowding,33
nonverbal,33
crumbles,33
littlest,33
bodybuilder,33
natured,33
controller,33
globetrotters,33
fugitives,33
duckling,33
tats,33
maddie,33
aggravating,33
tickled,33
rejoices,33
amputation,33
dignitaries,33
philanthropists,33
marnie,33
ledge,33
engraved,33
spokane,33
pug,33
mowing,33
squee,33
f*cking,33
kristy,33
sighs,33
addison,33
notify,33
mikey,33
alamo,33
radish,33
fl,33
corporal,33
temecula,33
snazzy,33
kershaw,33
reviewer,33
scratchy,33
matures,33
uprooted,33
glanced,33
dunbar,33
pushup,33
jug,33
mightier,33
smartwatch,33
delirious,33
cub,31
rescued,31
rescuers,31
saves,30
puppy,30
shelter,30
barber,30
pooh,30
sloths,30
velasquez,30
troopers,30
navajo,30
lifeguard,30
bentley,30
reunited,30
allowance,29
deed,29
bff,29
vet,29
stray,28
rescue,28
lovebirds,28
vivian,28
pointer,28
kenobi,28
whopper,28
imitates,28
adopts,28
sos,28
caped,28
cerebral,28
cystic,28
fibrosis,28
queso,28
manatee,28
clothed,28
diploma,28
crowning,28
chaperone,28
spiderman,28
sliders,28
nathaniel,28
falsified,28
camden,28
playstation,28
pauline,28
chump,28
motorcycles,28
janitor,28
recital,28
nbd,28
coyote,28
handyman,28
furnace,28
affectionate,28
miraculously,28
cramming,28
coax,28
wag,28
euthanasia,28
eau,28
husky,28
animator,28
unison,28
laborers,28
snape,28
slid,28
vacay,28
toiletries,28
truthfulness,28
dentistry,28
synchronicity,28
beak,28
reignites,28
yorkshire,28
liberian,28
impatience,28
fluent,28
ivan,28
dopey,28
reconnected,28
sweetest,27
wwii,27
stranded,27
buys,27
tortoise,27
comforts,27
crooked,27
ducks,26
trooper,26
irwin,26
rushes,26
vick,26
winnie,26
barista,26
waiter,26
hula,26
haircuts,25
rescues,25
bae,25
paws,25
panda,25
cuteness,25
heartwarming,24
chaser,24
groceries,24
landscaper,24
eyelids,24
melty,24
kayaker,24
choir,24
accio,24
grate,24
firefighters,24
lobsters,24
pensacola,24
submits,24
retiree,24
duos,24
funerals,24
adios,24
cum,24
digger,24
motionless,24
sanitation,24
posse,24
fulfills,24
perished,24
webcam,24
twinning,24
technician,24
epitomizes,24
lottie,24
hunched,24
dashing,24
snowing,24
stormtroopers,24
ferocious,24
herbert,24
smurf,24
conceivable,24
evicted,24
pizzeria,24
ghoulish,24
frighteningly,24
winnings,24
adaptable,24
k9,24
emt,24
auditorium,24
paddington,24
kellan,24
mightiest,24
learnt,24
jockey,24
joyously,24
tutus,24
tinsel,24
hamsters,24
typewriter,24
widower,24
bewitching,24
puppies,24
canine,24
firefighter,24
wakes,23
goodwill,23
jovi,23
ensues,23
vests,23
enhances,23
doodles,23
fishermen,23
fluffy,22
pok√©mon,22
homeless,22
awww,22
escort,22
shah,22
airlifted,22
regift,22
listens,22
tourette,22
capsized,22
worm,22
dino,22
outgrow,22
chewed,22
boyz,22
knits,22
mower,22
bubba,22
lioness,22
accompanies,22
ware,22
kickass,22
hummingbird,22
nameless,22
mechanic,22
pouch,22
mints,22
installs,22
cooke,22
vans,22
soulcycle,22
chimp,22
loneliest,22
markus,22
g.i,22
bing,22
ageless,22
humankind,22
harvests,22
rubs,22
howl,22
heatwave,22
colo,22
skunk,22
hobbs,22
jody,22
incoherent,22
unbridled,22
ruffle,22
acoustic,22
softball,22
sh*t,22
facet,22
91-year,22
terrier,22
grover,22
boldest,22
rescuer,22
comforted,22
flees,22
patrols,22
renovated,22
wheelchairs,22
heroics,22
dog,22
gesture,21
donates,21
feline,21
printer,21
companions,21
cha,21
teamwork,21
underserved,20
freeway,20
rabbit,20
80th,20
pandas,20
exude,20
samaritans,20
upping,20
mow,20
anime,20
repay,20
kennel,20
prays,20
beaver,20
amped,20
trespassing,20
lola,20
outrun,20
84-year,20
nectar,20
learner,20
clyde,20
quipped,20
luxuries,20
reimagined,20
wanda,20
applebee,20
papal,20
mis,20
nev,20
kiddie,20
evelyn,20
doyle,20
grisly,20
onward,20
inquiries,20
macdonald,20
lovable,20
illiterate,20
endearing,20
downstairs,20
indecision,20
winged,20
sledgehammer,20
pom,20
strangers,19
cat,19
hug,19
classmate,19
pal,19
deceased,19
crayons,19
finalist,19
homecoming,18
bruises,18
twigs,18
monoxide,18
sleepovers,18
crippled,18
sportsmanship,18
pours,18
washes,18
shoutout,18
changers,18
fakes,18
starved,18
showered,18
racking,18
specially,18
ensued,18
bribes,18
swam,18
massages,18
directs,18
scotia,18
goalie,18
standup,18
sass,18
procession,18
blossomed,18
blends,18
livin,18
saucy,18
serenades,18
eek,18
tagged,18
krueger,18
tiring,18
intervened,18
uptown,18
smokin,18
takeoff,18
caretaker,18
dashcam,18
dumbledore,18
boundless,18
chubby,18
kitty,17
cop,17
dogs,17
elderly,17
honorary,17
ridiculously,17
licking,17
teeny,17
muscular,17
crowned,17
cecil,17
creature,17
checkout,16
xmas,16
üçï,16
ordeal,16
chimps,16
serenade,16
romeo,16
overjoyed,16
apron,16
coexist,16
confiscated,16
gangs,16
alerted,16
diners,16
feisty,16
arabian,16
milkshake,16
navigated,16
kmart,16
superpowers,16
surplus,16
skate,16
slaughterhouse,16
gangster,16
dong,16
pauses,16
mating,16
quell,16
beanie,16
snuggling,16
switches,16
maven,16
exaggerating,16
attaining,16
mysteriously,16
shoveling,16
injected,16
assortment,16
sniffing,16
cob,16
labrador,16
wwi,16
adopted,16
danced,16
terminally,16
blind,16
viral,16
tattooed,16
policeman,16
shelters,16
blizzard,16
coins,16
recreates,15
jaw,15
kindness,15
abundance,15
ugliest,15
adjacent,15
snoozing,15
herd,15
condescending,15
eyelashes,15
humbly,15
orangutan,15
intro,15
sweetie,15
protector,15
clap,15
81-year,15
monarch,15
ac,15
pjs,15
pipes,15
charmed,15
veterinarian,15
distribute,15
sleigh,15
hunk,15
santas,15
swaying,15
bonded,15
playa,15
kooky,15
limbs,15
hoop,15
animosity,15
gargantuan,15
bulldogs,15
marathoner,15
vandals,15
bellies,15
frisbee,15
awash,15
twinkle,15
dripping,15
chases,15
superstitions,15
92nd,15
sideways,15
awoke,15
duet,15
fomo,14
rubble,14
tearful,14
dedication,14
tribes,14
dentist,14
heartache,14
handing,14
hearted,14
classmates,14
heroic,14
superheroes,14
pokemon,14
gunshots,14
ascent,14
unharmed,14
freshmen,14
amassed,14
tbt,14
niagara,14
piggy,14
duchovny,14
bartender,14
mane,14
defendant,14
ruffled,14
hops,14
dome,14
assignments,14
syncing,14
carts,14
wagging,14
improv,14
tot,14
soggy,14
carriers,14
belfast,14
ceremonial,14
malnourished,14
asperger,14
sew,14
workshops,14
parked,14
banksy,14
salutes,14
acquiring,14
trillions,14
emailed,14
drool,14
someplace,14
skateboard,14
heroism,14
soulmate,14
unadulterated,14
lupus,14
picnics,14
saved,14
beloved,13
salvation,13
drummer,13
unicorn,13
destined,13
fur,13
adorably,13
scarves,13
cows,13
slaughtered,13
luckiest,13
compassionate,13
collided,13
pairs,13
wyatt,13
pictured,13
chord,13
dangling,13
reinforces,13
vigils,13
frogs,13
yearbook,13
gamers,13
realizes,13
wobbly,13
paddle,13
alvin,13
donkey,13
groove,13
cheered,13
xbox,13
waved,13
nicest,13
tractor,13
weaving,13
conformity,13
slumber,13
snowman,13
coworker,13
samaritan,13
melody,13
gratifying,13
looting,13
fosters,13
mechanics,13
sensors,13
abandoned,13
shepherd,13
boy,13
uplifting,13
photoshopped,13
skipped,13
yard,12
jacob,12
stranger,12
thames,12
fooling,12
lantern,12
transformational,12
tate,12
momma,12
mclaughlin,12
sneaking,12
popsicle,12
perpetually,12
rhinos,12
nesting,12
sawyer,12
repairs,12
endures,12
fright,12
tipsy,12
resourceful,12
bulletproof,12
squeaky,12
greetings,12
lizzie,12
parrot,12
knocks,12
juicing,12
steroids,12
partake,12
vendor,12
uconn,12
adoptions,12
outpouring,12
inheritance,12
servers,12
violet,12
meteorologist,12
clemson,12
dane,12
shove,12
palpable,12
soldier,12
farmer,12
j.k,12
generosity,12
bffs,12
roses,12
utility,12
marines,12
chattanooga,12
nurse,12
guitar,12
rendition,12
spends,12
feathers,12
sealed,11
builds,11
granite,11
bella,11
unlucky,11
sling,11
pour,11
librarian,11
kicker,11
nt,11
cutest,11
hospice,11
pancake,11
hilarity,11
gator,11
poachers,11
coma,11
baths,11
jojo,11
gamer,11
bikers,11
weiss,11
dives,11
raided,11
niece,11
humbled,11
beleaguered,11
trent,11
nova,11
cliche,11
et,11
plush,11
discounted,11
timed,11
unleashing,11
constitute,11
succession,11
orphan,11
darwin,11
snatched,11
enriching,11
cuddling,11
frantic,11
cats,11
battling,11
pigs,11
monumental,11
buddy,11
smile,11
trapped,11
lion,11
vigil,11
naps,11
bikes,11
goats,11
fallen,11
recovered,11
neglected,11
teaches,11
slide,11
adorable,11
climber,11
fil,11
choking,11
breaches,11
coding,11
trippy,11
üö®,11
resemblance,11
perpetrators,11
litter,11
bergen,11
butterflies,11
werk,11
hamster,11
cupid,11
'cause,11
fixes,11
heavens,11
brb,11
raft,11
divers,11
remodeling,11
unbreakable,11
virtuous,11
fragility,11
unnecessarily,11
typing,11
sequined,11
birthdays,11
quadruple,11
lacked,11
hotline,11
3rd,11
owner,10
colleague,10
turkeys,10
becker,10
customized,10
pantsuit,10
üíï,10
airborne,10
hmmm,10
inseparable,10
dove,10
alberta,10
af,10
employs,10
enlist,10
marker,10
unused,10
noel,10
balcony,10
norris,10
backup,10
orphans,10
springfield,10
=,10
skips,10
poking,10
correctional,10
camaraderie,10
rad,10
auditions,10
illustration,10
chalk,10
mugs,10
unapologetically,10
ordinance,10
recovers,10
reopened,10
johns,10
chained,10
noses,10
generates,10
viktor,10
hugged,10
eagle,10
cared,10
trucks,10
extinction,10
recipient,10
thieves,10
fountain,10
greet,10
blankets,10
fulfilled,10
reap,10
veteran,10
heartfelt,10
floods,10
adoption,10
bald,10
undergoes,10
donated,10
dab,10
smiley,10
leash,10
pals,10
sketches,10
slices,10
transformers,10
juliet,10
darth,10
skywalker,10
tents,10
pianist,10
awesomeness,10
peters,10
superstars,10
tonya,10
initiated,10
tibetan,10
shovel,10
hysterical,10
ache,10
rabbits,10
pragmatic,10
unimpressed,10
gogh,10
affluent,10
endangered,10
tickets,10
walks,10
donations,10
inspires,10
hero,10
lions,10
vader,10
pins,10
respects,10
elisabeth,10
grader,9
cuddle,9
activated,9
sleepover,9
handshake,9
parodies,9
powerball,9
pga,9
escorted,9
napkin,9
hay,9
bod,9
flores,9
ecological,9
hog,9
discovers,9
longing,9
ammunition,9
aloud,9
uploaded,9
fanfare,9
scooter,9
pizzas,9
shuffle,9
livable,9
strands,9
natives,9
havens,9
gopro,9
drenched,9
survives,9
backpack,9
leg,9
napping,9
funky,9
pets,9
flood,9
hangs,9
elliot,9
garbage,9
cheer,9
girlfriends,9
harley,9
climbs,9
oblivious,9
cushion,9
weber,9
nickname,9
stampede,9
ants,9
hoodie,9
feathered,9
feather,9
exits,9
alerts,9
balances,9
pretends,9
volcanoes,9
endings,9
slaps,9
bracelet,9
hardworking,9
savoring,9
driveway,9
slippers,9
interconnected,9
separately,9
burritos,9
inmates,9
ranch,9
disabilities,9
capturing,9
reservation,9
motorcycle,9
hung,9
pratt,9
dudes,9
mentor,9
principal,9
kidney,8
prodigy,8
daphne,8
aisles,8
symbolism,8
sacrificed,8
ghana,8
whatsapp,8
stamos,8
crusader,8
vip,8
cow,8
unites,8
montage,8
illustrations,8
decked,8
dearly,8
pajama,8
framed,8
snarky,8
ankara,8
masterpieces,8
bumper,8
drums,8
downey,8
collects,8
chemotherapy,8
stroll,8
villains,8
sewing,8
illustrates,8
roadblocks,8
comfortably,8
hopkins,8
abducted,8
palate,8
stored,8
mounts,8
scrapping,8
neighbor,8
garage,8
goat,8
pond,8
volunteers,8
tent,8
grades,8
furry,8
patrol,8
orlando,8
officer,8
tears,8
walnut,8
stubborn,8
blade,8
monks,8
burrito,8
dyke,8
mourners,8
combinations,8
donation,8
spotting,8
bulls,8
lifesaving,8
beam,8
ambulance,8
rallied,8
lanes,8
battled,8
busts,8
swarm,8
lawn,8
formerly,8
seal,8
turtle,8
deputies,8
bugs,8
grieve,8
catches,8
brighter,8
animals,8
autism,8
transformative,8
irl,8
breed,8
distress,8
randomly,8
flown,8
optical,8
bookstore,8
computing,8
tug,8
outgoing,8
podium,8
dreaded,8
biker,8
bridget,8
bells,8
shopper,8
riches,8
donating,8
accompany,8
congratulate,8
moose,8
marathons,8
smelling,8
resentment,8
possessions,8
swings,8
cops,8
parking,8
abused,8
airbnb,8
teen,8
bombarded,8
godfather,8
swimmers,8
cattle,8
hardships,8
tray,8
champ,8
leftovers,8
channeling,8
loyal,8
surfers,8
interrupt,8
hears,8
chop,8
makeovers,8
deer,8
mimic,8
feeds,8
monetary,8
galactic,8
trove,8
barefoot,8
ding,8
slaughter,8
unconditional,8
operator,8
ballroom,8
saddened,8
objectives,8
rhythm,8
outage,8
radcliffe,8
cd,8
offline,8
anguish,8
pizza,7
deserves,7
officers,7
leukemia,7
18th,7
chores,7
lloyd,7
pure,7
taco,7
dreamy,7
boxer,7
gratitude,7
disabled,7
lunar,7
stella,7
boyfriends,7
hardship,7
bigot,7
somber,7
awakens,7
forgiven,7
sleepy,7
chapman,7
tots,7
evoke,7
empowers,7
shaw,7
enforcing,7
hawaiian,7
ridden,7
miraculous,7
suppress,7
fetch,7
availability,7
umbrella,7
attached,7
reminds,7
bunny,7
cue,7
helps,7
baton,7
chemo,7
bling,7
pilots,7
survivor,7
bridging,7
brilliance,7
volleyball,7
whale,7
recruits,7
commuter,7
drags,7
thirst,7
bathtub,7
pa,7
misty,7
snooze,7
duct,7
marley,7
wheels,7
swallowed,7
raps,7
marrow,7
sailor,7
knockout,7
reefs,7
poets,7
monk,7
recreate,7
fascination,7
offspring,7
pays,7
remind,7
texts,7
flooded,7
tornado,7
cab,7
lemonade,7
recovering,7
dude,7
graduation,7
hash,7
unwanted,7
ya,7
bud,7
disability,7
emojis,7
playful,7
frida,7
levi,7
tlc,7
invaded,7
kangaroo,7
hayden,7
noises,7
breeds,7
squat,7
stroller,7
splash,7
tub,7
instrument,7
spinal,7
stevens,7
doughnuts,7
belongings,7
needy,7
dorothy,7
lovingly,7
overcame,7
wee,7
fishing,7
proving,7
generous,7
stolen,7
2nd,7
tail,7
charitable,7
friendship,7
freezing,7
slick,7
median,7
bon,7
golfer,7
comfy,7
shaving,7
quantum,7
patty,7
burglary,7
scents,7
abandoning,7
bats,7
sergeant,7
stairs,7
untold,7
chills,7
graders,7
attributes,7
tsunami,7
funk,7
whistle,7
enrich,7
wolverine,7
motor,7
appreciating,7
trash,6
hearts,6
animal,6
dances,6
foster,6
superhero,6
flipped,6
mob,6
melting,6
cheerleader,6
ufc,6
humble,6
domino,6
caesar,6
drowning,6
curriculum,6
thanked,6
shirtless,6
slipping,6
bonding,6
antics,6
lapd,6
containers,6
raven,6
volumes,6
marching,6
certificates,6
slips,6
fist,6
40s,6
addictions,6
overcoming,6
sweet,6
solidarity,6
purchased,6
grandfather,6
humans,6
navy,6
mile,6
thanks,6
tangled,6
unthinkable,6
cafe,6
defies,6
fisherman,6
shall,6
presley,6
rodney,6
buddies,6
keeper,6
combo,6
foil,6
jonas,6
vertical,6
branches,6
snowy,6
spit,6
knit,6
bernard,6
poultry,6
unseen,6
fullest,6
wicked,6
pharoah,6
oneself,6
schoolers,6
wizard,6
kindly,6
ribbon,6
paperwork,6
legs,6
captures,6
dance,6
cubs,6
wanna,6
bench,6
blanket,6
kisses,6
flies,6
pig,6
shy,6
donor,6
duo,6
thankful,6
accident,6
garth,6
rouge,6
blaze,6
hats,6
helmet,6
credited,6
vocabulary,6
orchestra,6
rocking,6
scent,6
lyft,6
goofy,6
perils,6
visionary,6
fleeting,6
30-year,6
grad,6
bonuses,6
conclude,6
hospital,6
lyrics,6
tribute,6
save,6
acclaimed,6
bucket,6
carries,6
grandmother,6
worker,6
receives,6
melt,6
inspire,6
trained,6
brace,6
smoky,6
shores,6
oddly,6
whales,6
poignant,6
comforting,6
melts,6
lengths,6
salute,6
robber,6
bun,6
gigantic,6
believer,6
canal,6
reunite,6
unstoppable,6
cuter,6
alcoholism,6
blush,6
planting,6
chatter,6
miniature,6
foolproof,6
snow,6
toy,6
drove,6
pet,6
drain,6
terminal,6
boo,6
wildfires,6
surprises,6
truck,6
donate,6
15-year,6
honesty,6
t.,6
publicity,6
dubbed,6
‚ù§,6
Ô∏è,6
blog,6
halls,6
macaroni,6
fills,6
mohamed,6
capabilities,6
woven,6
cute,6
syndrome,6
chick,6
washing,6
collected,6
uses,5
elephant,5
species,5
10-year,5
random,5
sanctuary,5
toddler,5
stuck,5
teacher,5
tracks,5
delight,5
accomplishment,5
wipes,5
recruit,5
bravo,5
audrey,5
jurassic,5
gentleman,5
accustomed,5
charms,5
vanished,5
sticker,5
leisure,5
innovators,5
pancreatic,5
radically,5
postcard,5
energetic,5
breeding,5
ditched,5
enhancing,5
penalties,5
execs,5
drastic,5
wiped,5
overcome,5
injured,5
neighbors,5
pulls,5
dancer,5
waited,5
cheesy,5
man,5
restaurant,5
slay,5
brits,5
brent,5
composer,5
bailey,5
11-year,5
fuzzy,5
tribal,5
collapses,5
flawless,5
rug,5
gilbert,5
delaware,5
workshop,5
chin,5
philanthropist,5
traded,5
30s,5
outta,5
thumb,5
combating,5
bustling,5
grave,5
rewarding,5
dicaprio,5
juan,5
miles,5
supplies,5
sings,5
flint,5
dancing,5
barry,5
bundle,5
fab,5
spur,5
commute,5
belle,5
marine,5
confuse,5
vets,5
winding,5
crawl,5
anorexia,5
teddy,5
cosmetics,5
irresistible,5
dogg,5
dolphin,5
stuart,5
floats,5
intrigued,5
watering,5
loves,5
forever,5
neck,5
stuffed,5
hungry,5
tiny,5
confession,5
serves,5
steals,5
tinder,5
autistic,5
loving,5
jam,5
rex,5
palm,5
traffic,5
honored,5
horses,5
starbucks,5
angle,5
rowling,5
lucy,5
avid,5
scrap,5
wows,5
amazingly,5
unleash,5
stumble,5
nuns,5
spontaneous,5
steep,5
speeding,5
compilation,5
wrecking,5
mccrory,5
pathway,5
stumbled,5
beautifully,5
restored,5
imaginary,5
daisy,5
solstice,5
bumps,5
sinks,5
girl,5
bird,5
tattoo,5
recognized,5
custom,5
sticks,5
movements,5
supremacist,5
bus,5
buzz,5
bath,5
eats,5
tree,5
reward,5
handler,5
crews,5
earns,5
instinct,5
distinction,5
subjected,5
pregnancies,5
picasso,5
garcia,5
whopping,5
spree,5
cracking,5
trainers,5
accordingly,5
rampage,5
fla,5
whimsical,5
granddaughter,5
statistic,5
safest,5
greeting,5
combines,5
altering,5
letters,5
bullied,5
monster,5
perfectly,5
scared,5
entertained,5
monopoly,5
urine,5
classy,5
mickey,5
begs,5
chew,5
grieving,5
instincts,5
delighted,5
braces,5
continuous,5
produces,5
balloons,5
motivational,5
a.k.a,5
grab,5
ashamed,5
shoes,5
joyful,5
sixth,5
slain,5
collecting,5
nepal,5
mashup,5
shining,5
spirits,5
dreaming,5
fellow,5
eddie,5
caring,5
clutch,5
tick,5
appointments,5
routes,5
welcomes,5
tissues,5
flashes,5
crushes,5
confinement,5
predators,5
directing,5
modified,5
masks,5
preferred,5
library,5
sends,5
wildlife,5
rainbow,5
deaf,5
matthew,5
staring,5
rocky,5
horse,5
chill,5
ditch,5
gives,5
subway,5
flash,5
dignity,5
caf√©,5
booming,5
ghostbusters,5
enjoys,5
painfully,5
frog,5
birds,5
visits,5
gently,5
languages,5
touching,5
majestic,5
wyoming,5
reserved,5
cultivating,5
feed,5
raises,5
moving,5
supermarket,4
supportive,4
studying,4
ride,4
crying,4
gets,4
miracle,4
sweetheart,4
honors,4
colon,4
terrified,4
olds,4
quietly,4
vowed,4
‚Ä¶,4
stains,4
thief,4
companion,4
engineers,4
specialist,4
cents,4
pension,4
parkinson,4
bear,4
pray,4
charity,4
incredible,4
abusive,4
doors,4
traumatic,4
quotes,4
highway,4
sheriff,4
woman,4
heating,4
sneaky,4
undergoing,4
disneyland,4
grumpy,4
convictions,4
millionaire,4
fortunate,4
cent,4
witnessing,4
wanderlust,4
sorrow,4
creep,4
vivid,4
implementation,4
foremost,4
cruising,4
pencil,4
blossom,4
bell,4
note,4
senior,4
nap,4
thoughtful,4
accessible,4
patriotic,4
arm,4
car,4
ceremonies,4
wilderness,4
dots,4
jackpot,4
incarcerated,4
discovery,4
bakery,4
definition,4
walmart,4
macklemore,4
cartoons,4
swimmer,4
mph,4
nye,4
als,4
louisiana,4
slice,4
spanish,4
psa,4
friend,4
wish,4
polite,4
prevented,4
attendant,4
sums,4
buddhist,4
noticing,4
symbolic,4
nurses,4
applaud,4
seaside,4
sub,4
cowboys,4
crushed,4
nhl,4
pajamas,4
reply,4
sheds,4
screams,4
bothered,4
costume,4
outcomes,4
pitt,4
named,4
hailed,4
fighter,4
willpower,4
formation,4
sitcom,4
pixar,4
reminding,4
pediatric,4
kissing,4
twists,4
lap,4
warrant,4
booth,4
brian,4
feat,4
cardio,4
terrain,4
evaluate,4
prank,4
toes,4
visions,4
hugs,4
themed,4
recovery,4
charming,4
spot,4
associate,4
earthquake,4
purse,4
nazis,4
simplest,4
coats,4
snoop,4
freaks,4
personnel,4
cord,4
drawings,4
reconciliation,4
misery,4
sick,4
finish,4
player,4
chance,4
photographer,4
nonprofit,4
safely,4
writes,4
seniors,4
rewards,4
rallies,4
classes,4
sing,4
hundreds,4
minute,4
o,4
hooked,4
dolphins,4
meth,4
handsome,4
glee,4
mitchell,4
spurs,4
apprentice,4
tablet,4
civilization,4
planets,4
cone,4
charities,4
astronauts,4
internet,4
comfort,4
ptsd,4
b,4
hole,4
basically,4
spacecraft,4
grid,4
robbed,4
uninsured,4
defy,4
twisted,4
stripes,4
escaping,4
references,4
uncover,4
nicholas,4
mvp,4
lucas,4
genuinely,4
philanthropy,4
rushing,4
advocating,4
mall,4
catching,4
shoppers,4
reads,4
sells,4
touched,4
christmas,4
lab,4
dwayne,4
confronted,4
flop,4
proposing,4
overlooked,4
'd,4
diplomats,4
appearing,4
pine,4
saving,4
hilarious,4
runners,4
selfies,4
12-year,4
train,4
driver,4
awesome,4
duty,4
surprise,4
server,4
bruno,4
watermelon,4
fry,4
medals,4
sinking,4
tantrum,4
aurora,4
digging,4
performer,4
listing,4
gospel,4
glorious,4
adore,4
diapers,4
alexis,4
balloon,4
economists,4
display,4
stem,4
diego,4
smell,4
joined,4
proves,4
behave,4
abilities,4
bey,4
eerie,4
collapsed,4
dragged,4
omg,4
humane,4
pleasures,4
biology,4
obstacle,4
employed,4
blessings,4
moved,4
delivered,4
apology,4
bags,4
turns,4
guy,4
behalf,4
proposes,4
responded,4
auction,4
brighten,4
happiest,4
inspiring,4
brothers,4
pact,4
tossed,4
hired,4
monsters,4
arrived,4
taps,4
scouts,4
leo,4
gourmet,4
adventurous,4
conduct,4
gentlemen,4
cara,4
13th,4
popped,4
suspension,4
lunch,4
stops,4
device,4
wayne,4
birthday,4
helping,4
funds,3
harrowing,3
overload,3
darling,3
treasure,3
obamas,3
treasures,3
lamb,3
rat,3
mail,3
doug,3
mainly,3
pics,3
transformation,3
grandma,3
boat,3
stole,3
stayed,3
swim,3
baby,3
instead,3
damn,3
athlete,3
complaint,3
icy,3
shield,3
squad,3
edible,3
unaware,3
newspapers,3
reckless,3
solitary,3
wonderland,3
watches,3
kind,3
surprised,3
math,3
mama,3
meals,3
angel,3
mega,3
siblings,3
sight,3
cooks,3
busting,3
ignorant,3
spelling,3
crushing,3
tank,3
ahmed,3
backwards,3
springs,3
stanley,3
villages,3
thirds,3
aspiring,3
grateful,3
blues,3
holds,3
cancer,3
duck,3
haters,3
obstacles,3
zoo,3
buy,3
colored,3
graduates,3
grandchildren,3
darn,3
karma,3
treats,3
shepard,3
suitcase,3
stamps,3
coca,3
grocery,3
selena,3
ticket,3
worn,3
watch,3
reunion,3
incoming,3
naming,3
collect,3
designing,3
finals,3
spooky,3
restoring,3
adversity,3
moves,3
alone,3
bone,3
helped,3
portraits,3
anonymous,3
gifts,3
runs,3
epic,3
kingdom,3
dreamed,3
bombs,3
attendees,3
transfer,3
casts,3
heroes,3
decorate,3
amazed,3
windows,3
marries,3
displaced,3
guardians,3
joys,3
flea,3
wired,3
contagious,3
grace,3
genius,3
hawaii,3
ate,3
passionate,3
proved,3
him,3
wanted,3
mom,3
community,3
rope,3
pearl,3
storm,3
cheers,3
hiking,3
touches,3
insanely,3
negotiating,3
busted,3
fulfillment,3
technological,3
nurture,3
regard,3
resilience,3
appreciation,3
purple,3
absence,3
matters,3
suffered,3
walk,3
makeover,3
depressing,3
haven,3
tutorial,3
dinosaur,3
lottery,3
clinic,3
nypd,3
knocked,3
villain,3
hobby,3
passport,3
seed,3
confronting,3
mill,3
hockey,3
jolie,3
humanitarian,3
chooses,3
courageous,3
saw,3
lucky,3
incredibly,3
mosque,3
asleep,3
toys,3
camera,3
ring,3
heading,3
plants,3
gift,3
proud,3
glad,3
phrases,3
loneliness,3
speakers,3
forth,3
milo,3
protester,3
oxygen,3
please,3
arena,3
father,3
wife,3
struggling,3
tale,3
given,3
wars,3
elephants,3
maternity,3
lonely,3
happy,3
flag,3
enforcement,3
celebrates,3
hipster,3
clinics,3
cruelty,3
sexiest,3
coaster,3
carrier,3
vampire,3
exchange,3
mercy,3
interact,3
embarrassed,3
send,3
disney,3
meets,3
closing,3
tyler,3
steal,3
clever,3
van,3
determined,3
fell,3
help,3
returned,3
packed,3
plunge,3
displays,3
outraged,3
policing,3
wasted,3
santa,3
fled,3
poop,3
definitive,3
forecast,3
grants,3
clouds,3
bees,3
consciously,3
cry,3
asks,3
sees,3
toronto,3
falls,3
minor,3
england,3
carol,3
duchess,3
monkey,3
smallest,3
sang,3
decent,3
motivate,3
fence,3
sustained,3
intentionally,3
satisfied,3
implement,3
daring,3
abraham,3
occasional,3
compassion,3
ballet,3
newborn,3
carried,3
row,3
personality,3
family,3
rounds,3
reference,3
thrown,3
reacts,3
rude,3
neither,3
hatred,3
adopting,3
dental,3
severely,3
delivers,3
enjoyable,3
cola,3
extraordinary,3
free,3
police,3
jeopardy,3
feeding,3
station,3
band,3
bliss,3
uniform,3
spoken,3
regulators,3
bucks,3
unbelievable,3
retiring,3
barriers,3
prosperity,3
fifth,3
warmth,3
turnout,3
translate,3
engineer,3
‚Äú,3
together,3
alive,3
singing,3
bond,3
explosion,3
barbara,3
magic,3
liberals,3
experimental,3
80s,3
aisle,3
justify,3
dallas,3
discount,3
proudly,3
stir,3
engineering,3
poisoning,3
trudeau,3
breach,3
illnesses,3
decorations,3
katrina,3
outlook,3
souls,3
margaret,3
plea,3
downs,3
accessory,3
holes,3
victims,3
provides,3
deputy,3
coat,3
graduate,3
retired,3
veterans,3
costumes,3
endless,3
eye,3
bust,3
endure,3
dynamic,3
ink,3
lambert,3
grows,3
lunches,3
honey,3
claus,3
publisher,3
jedi,3
ralph,3
rubber,3
unforgettable,3
13-year,3
coral,3
laurie,3
shortly,3
grooms,3
football,3
oklahoma,3
friends,3
raise,3
spirit,3
serving,3
volunteer,3
busy,3
farm,3
home,3
spotlight,3
rough,3
trumps,3
goodness,3
norm,3
mutual,3
native,3
rica,3
chairs,3
sunset,3
commander,3
locker,3
canvas,3
eyebrows,3
complications,3
aircraft,3
sydney,3
old,3
waste,3
sky,3
burning,3
michigan,3
her,3
safe,3
store,3
fortune,3
ipad,3
nice,3
give,3
anthem,3
brings,3
customer,3
spare,3
cindy,3
torn,3
approve,3
surreal,3
appointment,3
maternal,3
mourning,3
beneficial,3
nonsense,3
benjamin,3
streets,3
owned,3
‚Äî,3
calendar,3
contest,3
indonesia,3
misses,3
seventh,3
twin,3
devastated,3
dancers,3
miracles,3
delightful,3
consuming,3
giant,3
feet,3
riding,3
whose,3
impossible,3
marathon,3
bag,3
batman,3
stereotypes,3
portrait,3
funeral,3
cage,3
harlem,3
junior,3
retro,3
bin,3
nerve,3
cousin,3
materials,3
critically,3
seeing,3
butt,3
mississippi,3
built,3
surgery,3
herself,3
fulfilling,3
illusion,3
awarded,3
monica,3
learns,3
sweater,3
stamp,3
provider,3
meltdown,3
existence,3
expanded,3
pleasant,3
little,3
his,3
perspective,3
offers,3
arms,3
job,3
acceptance,3
army,3
cars,3
students,3
cried,3
brilliant,3
abbey,3
background,3
beat,3
walt,3
fridge,3
smiles,3
wright,3
bug,3
icons,3
deserved,3
announcing,3
sticking,3
jackson,3
fire,3
monday,3
gear,3
circle,3
gathered,3
goes,3
ohio,3
caught,3
act,3
exhibit,3
warmer,3
merry,3
strongest,3
oz,3
bash,3
stuns,3
refuge,3
hands,2
bans,2
lover,2
kicks,2
desert,2
granted,2
memory,2
wild,2
‚Äôs,2
musicians,2
pardon,2
filmed,2
legislators,2
dread,2
fulfill,2
spirituality,2
becomes,2
uber,2
firm,2
owners,2
prepare,2
billy,2
#,2
lands,2
winners,2
inches,2
mountain,2
leonardo,2
shine,2
listed,2
escaped,2
addict,2
heights,2
throws,2
property,2
lay,2
grew,2
moment,2
dramatic,2
tis,2
programs,2
counseling,2
hateful,2
surfing,2
gadgets,2
dozens,2
missing,2
neighborhood,2
‚Äôve,2
purpose,2
recall,2
chefs,2
innocent,2
down,2
works,2
hanging,2
tables,2
diplomatic,2
aka,2
decides,2
widow,2
circus,2
mortgage,2
flames,2
steady,2
smooth,2
minnesota,2
printed,2
pile,2
response,2
loved,2
magical,2
tight,2
encounter,2
prayer,2
character,2
essentials,2
chair,2
ivy,2
exhausted,2
yale,2
inmate,2
migrant,2
intent,2
complain,2
toss,2
ocean,2
shooting,2
found,2
kid,2
swear,2
lily,2
shines,2
resume,2
underway,2
pepper,2
boot,2
superstar,2
fixing,2
educators,2
grass,2
psychologist,2
tattoos,2
disappointment,2
brave,2
sam,2
bills,2
ill,2
managed,2
match,2
gave,2
dropping,2
smartphones,2
port,2
bernardino,2
hopeful,2
rating,2
chilling,2
classified,2
luxurious,2
fare,2
greatly,2
invented,2
patient,2
survive,2
drive,2
nikki,2
prisons,2
signals,2
roll,2
pole,2
witness,2
coolest,2
shapes,2
depend,2
applied,2
taught,2
went,2
truly,2
window,2
walked,2
victim,2
fate,2
plastic,2
born,2
jumped,2
transforming,2
trouble,2
embracing,2
adele,2
stronger,2
shaped,2
warrior,2
flowers,2
craigslist,2
laughs,2
bullet,2
facility,2
boomers,2
alice,2
nancy,2
tough,2
class,2
fan,2
able,2
nearby,2
earned,2
potter,2
sharks,2
cope,2
creates,2
producing,2
fool,2
session,2
blessing,2
thrilled,2
badass,2
avengers,2
damaged,2
predicted,2
qualities,2
smiling,2
late,2
daughters,2
hand,2
school,2
offering,2
wins,2
notes,2
spell,2
swiss,2
bat,2
parody,2
yogurt,2
sweden,2
field,2
diagnosed,2
kiss,2
she,2
grade,2
dad,2
support,2
shame,2
tasty,2
lit,2
precious,2
tide,2
finest,2
hunter,2
memories,2
fitting,2
legitimate,2
severe,2
react,2
shocked,2
receiving,2
halloween,2
miami,2
scene,2
alarming,2
hilariously,2
vow,2
civilian,2
experiment,2
peers,2
harmony,2
devoted,2
georgia,2
german,2
town,2
austin,2
rethink,2
ward,2
comics,2
blown,2
gentle,2
charm,2
pops,2
ms,2
hospitalized,2
woody,2
after,2
someone,2
tragedy,2
scale,2
homes,2
presents,2
bike,2
fancy,2
golden,2
depending,2
youngest,2
spouses,2
ice,2
urges,2
nightclub,2
lining,2
congratulations,2
visible,2
welcomed,2
excited,2
costa,2
booze,2
teamed,2
stood,2
crashed,2
ode,2
came,2
offered,2
businesses,2
river,2
recording,2
cam,2
reminded,2
bake,2
underground,2
extend,2
stunt,2
beautiful,2
kids,2
tie,2
pilot,2
personally,2
poses,2
photo,2
giving,2
risky,2
eyed,2
supposed,2
throwback,2
prove,2
ours,2
payments,2
cards,2
flags,2
life,2
hope,2
takes,2
tries,2
dream,2
profound,2
rocks,2
dying,2
corner,2
who,2
hart,2
tied,2
expansion,2
carter,2
equipment,2
fits,2
praise,2
upside,2
fracking,2
farewell,2
whip,2
ruth,2
turning,2
african,2
young,2
searching,2
tourist,2
unlikely,2
he,2
meet,2
living,2
fly,2
alex,2
athletic,2
rain,2
obsessed,2
famed,2
thailand,2
climb,2
laundry,2
robin,2
leaves,2
providing,2
provided,2
enjoying,2
alaska,2
trip,2
nyc,2
miserable,2
spent,2
ouch,2
floating,2
thriving,2
papers,2
unit,2
chipotle,2
‚Äô,2
bones,2
sorts,2
challenge,2
courtesy,2
pose,2
treatment,2
philadelphia,2
grounds,2
quirky,2
paid,2
selfie,2
concrete,2
supports,2
sizes,2
heat,2
sustainability,2
wherever,2
resident,2
homework,2
breaks,2
plays,2
student,2
powerful,2
degree,2
initiative,2
crew,2
‚Äôre,2
sea,2
lost,2
starts,2
iowa,2
eager,2
attitude,2
crash,2
glow,2
hometown,2
capture,2
goods,2
conservation,2
unhappy,2
thankfully,2
achieved,2
warm,2
scores,2
harry,2
guys,2
survivors,2
pocket,2
bigotry,2
florence,2
preschool,2
daniel,2
skiing,2
yorkers,2
string,2
filling,2
stream,2
these,2
ran,2
evil,2
aim,2
waiting,2
abc,2
donors,2
cream,2
increase,2
celebrate,2
joy,2
barely,2
returns,2
judging,2
lin,2
tag,2
urgent,2
concert,2
quarterback,2
freddie,2
crossing,2
crime,2
boss,2
featuring,2
turn,2
got,2
gym,2
younger,2
sights,2
flooding,2
shake,2
columbia,2
auto,2
rarely,2
worlds,2
buffalo,2
attract,2
wet,2
families,2
choices,2
felt,2
showing,2
belief,2
authentic,2
baseball,2
league,2
lights,2
alert,2
dedicated,2
whitney,2
philosophy,2
ball,2
rock,2
apply,2
serious,2
colorado,2
language,2
despair,2
brush,2
nostalgia,2
boxes,2
broadcast,2
ears,2
daunting,2
playground,2
bang,2
simmons,2
uncle,2
midnight,2
impressed,2
blowing,2
exploring,2
awe,2
accomplish,2
prince,2
runner,2
amazing,2
side,2
hot,2
nails,2
picture,2
devastating,2
shuts,2
factory,2
workforce,2
spreading,2
surf,2
warner,2
cape,2
independence,2
knows,2
love,2
troll,2
ignorance,2
anybody,2
dementia,2
ear,2
rides,2
newtown,2
each,2
outside,2
heart,2
showed,2
colorful,2
this,2
died,2
second,2
fresh,2
spoke,2
exist,2
behold,2
jeremy,2
bee,2
maps,2
dry,2
gig,2
muscles,2
approaches,2
castle,2
keys,2
vibrant,2
charles,2
accomplished,2
quiet,2
apart,2
universe,2
place,2
special,2
retirement,2
fox,2
wonderful,2
finds,2
crown,2
thanksgiving,2
jumping,2
creatures,2
worked,2
introducing,2
longtime,2
dilemma,2
refreshing,2
challenged,2
size,2
clothes,2
hours,2
population,2
colleagues,2
artist,2
value,2
covered,2
streaming,2
encouraged,2
underwater,2
channels,2
essentially,2
guarantee,2
shares,2
ones,2
checks,2
mcdonald,2
sandwiches,2
churches,2
noticed,2
bedtime,2
blessed,2
absolute,2
rapidly,2
mindset,2
overnight,2
fighting,2
appropriate,2
mini,2
soft,2
zone,2
straight,2
coping,2
encourage,2
wage,2
shortage,2
sacrifice,2
cloud,2
helicopter,2
integrity,2
attitudes,2
cash,2
learning,2
posted,2
jonathan,2
finished,2
authors,2
handling,2
operation,2
assistance,2
stand,2
cool,2
bottle,2
force,2
videos,2
sitting,2
left,2
emergency,2
shut,2
transportation,2
perform,2
profit,2
jake,2
hashtag,2
stunning,2
homelessness,2
physician,2
strongly,2
enjoyed,2
launch,2
workers,2
acts,2
larger,2
net,2
jacket,2
canada,2
emerge,2
waking,2
alan,2
balls,2
diana,2
appreciate,2
was,2
dinners,2
sharp,2
welfare,2
achievement,2
prom,2
grandparents,2
identify,2
guard,2
beneath,2
lane,2
revealing,2
tension,2
out,2
illness,2
offer,2
provide,2
something,2
paying,2
dig,2
joins,2
compete,2
bbq,2
op,2
psychology,2
frustration,2
emotion,2
guidance,2
planes,2
park,2
charge,2
deliver,2
money,2
totally,2
respect,2
cliff,2
condition,2
tales,2
luke,2
involve,2
participate,2
triple,2
others,2
iconic,2
drops,2
currently,2
chinese,2
stages,2
cuban,2
early,2
playing,2
wealth,2
son,2
met,2
doing,2
prisoners,2
discovering,2
bottles,2
meme,2
village,2
happily,2
influential,2
pursuit,2
story,2
with,2
ease,2
tool,2
rare,2
leads,2
martha,2
sunny,2
sit,2
addicted,2
longest,2
transformed,2
infection,2
millennial,2
nursing,2
residents,2
return,2
books,2
final,2
call,2
honor,2
raising,2
needs,2
wine,2
date,2
'em,2
chase,2
weeks,2
tall,2
patience,2
medicine,2
dining,2
shown,2
immune,2
feels,2
princess,2
person,2
meaning,2
faced,2
sale,2
barbecue,2
bully,2
protecting,2
daughter,2
english,2
cookie,2
pounds,2
wants,2
singapore,2
pm,2
threw,2
medication,2
warriors,2
hurting,2
snap,2
try,2
attend,2
spoof,2
temporary,2
serve,2
empower,2
chaos,2
roof,2
profits,2
silicon,2
somewhat,2
inspired,2
passed,2
true,2
song,2
responds,2
goals,2
fewer,2
extra,2
laugh,2
anniversary,2
content,2
celebration,2
performance,2
imagine,2
reflections,2
theft,2
disappointed,2
electronic,2
holocaust,2
mogul,2
seasonal,2
loose,2
opponents,2
patients,2
talent,2
poor,2
team,2
ass,2
believes,2
estimated,2
advanced,2
day,2
kill,2
movement,2
burger,2
affects,2
ultimately,2
king,2
die,2
enormous,2
unexpected,2
voice,2
dollar,2
orleans,2
carefully,2
relaxing,2
mate,2
outdoors,2
back,2
took,2
pulled,2
strong,2
thousands,2
makes,2
secrets,2
hide,2
shop,2
blood,2
locked,2
curb,2
flower,2
invite,2
casual,2
construction,2
angelina,2
insider,2
became,2
mission,2
pay,2
during,2
perfect,2
produce,2
level,2
everyday,2
resolve,2
cakes,2
later,2
project,2
just,1
disorder,1
talented,1
pie,1
wash,1
feast,1
allergies,1
show,1
treat,1
injury,1
brought,1
ending,1
unprecedented,1
vegetable,1
sensitive,1
adopt,1
recover,1
put,1
interesting,1
write,1
employees,1
college,1
need,1
winner,1
scheduled,1
vegetarian,1
root,1
christopher,1
stop,1
signs,1
treated,1
cutting,1
pumpkin,1
play,1
soccer,1
everyone,1
entire,1
mentally,1
stake,1
contain,1
interviews,1
survived,1
obese,1
ross,1
music,1
texas,1
local,1
strength,1
across,1
afford,1
wears,1
dressed,1
present,1
judges,1
spots,1
suddenly,1
sized,1
employee,1
hunting,1
entered,1
billboard,1
hong,1
occasion,1
tremendous,1
church,1
shows,1
group,1
muslims,1
swift,1
sold,1
master,1
stay,1
world,1
proof,1
move,1
strikes,1
oregon,1
arrive,1
protection,1
seasons,1
protect,1
express,1
into,1
letter,1
bed,1
coffee,1
unable,1
galaxy,1
beings,1
depends,1
claire,1
apologize,1
stealing,1
burns,1
detention,1
teachers,1
feel,1
transition,1
favor,1
inclusive,1
tastes,1
counts,1
chances,1
tip,1
rally,1
huffington,1
amid,1
williams,1
theme,1
document,1
giants,1
gene,1
broad,1
promoting,1
fairy,1
‚Äò,1
couple,1
celebrated,1
beginning,1
vietnam,1
needed,1
josh,1
connecticut,1
vehicle,1
virtual,1
error,1
permanent,1
mystery,1
always,1
receive,1
reporter,1
goal,1
everybody,1
garden,1
now,1
routine,1
meant,1
queen,1
good,1
war,1
peak,1
thin,1
temperatures,1
employment,1
score,1
importantly,1
cookies,1
develop,1
camp,1
get,1
pot,1
labels,1
empowering,1
junk,1
yesterday,1
laid,1
winter,1
weather,1
model,1
members,1
reading,1
reaction,1
service,1
deserve,1
food,1
anything,1
divide,1
way,1
swimming,1
drawing,1
warn,1
jamie,1
brad,1
lauren,1
message,1
domestic,1
whatever,1
stuff,1
above,1
knew,1
reason,1
them,1
changes,1
fund,1
hire,1
horrific,1
shoulder,1
tricks,1
wishes,1
attending,1
con,1
proposals,1
people,1
replace,1
heartbreaking,1
silly,1
worthy,1
so,1
realize,1
own,1
remember,1
emotional,1
otherwise,1
forgive,1
cleaning,1
charleston,1
backyard,1
material,1
safer,1
drives,1
scientist,1
make,1
nothing,1
walking,1
brother,1
skills,1
bacon,1
insane,1
happiness,1
p.m.,1
pushed,1
going,1
go,1
water,1
watched,1
alzheimer,1
french,1
happens,1
written,1
anyone,1
they,1
single,1
years,1
nationwide,1
jazz,1
wings,1
cook,1
re,1
prepared,1
through,1
leave,1
ago,1
aleppo,1
fierce,1
electric,1
gathering,1
improved,1
kong,1
close,1
mother,1
millions,1
valentine,1
california,1
expected,1
elementary,1
supported,1
purchase,1
practical,1
forget,1
pride,1
away,1
everything,1
street,1
had,1
kick,1
william,1
dick,1
juice,1
somehow,1
visit,1
using,1
did,1
jordan,1
grief,1
drivers,1
traveled,1
intimate,1
managing,1
sounds,1
high,1
records,1
launched,1
successful,1
shirt,1
design,1
head,1
hold,1
hang,1
honoring,1
joseph,1
opera,1
excitement,1
wonders,1
doctor,1
small,1
spread,1
accepted,1
seat,1
agents,1
oil,1
chicago,1
gorgeous,1
confusing,1
lesson,1
received,1
worried,1
sparks,1
travels,1
their,1
girls,1
buildings,1
exists,1
explores,1
grill,1
counting,1
belly,1
peanut,1
designs,1
dreams,1
find,1
seen,1
laughing,1
immediate,1
denial,1
midst,1
backs,1
etiquette,1
corn,1
thank,1
boston,1
discover,1
shoot,1
onto,1
lift,1
bomb,1
easily,1
adventures,1
mayor,1
star,1
olympic,1
saying,1
san,1
escape,1
peaceful,1
reverse,1
curious,1
airplane,1
nobody,1
dirty,1
familiar,1
to,1
created,1
victory,1
sign,1
lives,1
lipstick,1
fit,1
aaron,1
ruin,1
reminder,1
lifetime,1
feeling,1
best,1
like,1
staff,1
marvel,1
sets,1
investing,1
lincoln,1
name,1
believe,1
ok,1
driving,1
military,1
anchor,1
babies,1
farmers,1
awful,1
held,1
nearly,1
read,1
cheese,1
come,1
blames,1
ballot,1
citizen,1
quick,1
girlfriend,1
full,1
cup,1
paper,1
excellent,1
heads,1
surviving,1
drake,1
plain,1
us,1
greatest,1
balance,1
florida,1
gomez,1
caucus,1
eve,1
maryland,1
picking,1
from,1
destroy,1
fatal,1
teeth,1
stroke,1
decided,1
absolutely,1
for,1
asked,1
game,1
odds,1
massachusetts,1
waves,1
novel,1
lady,1
fans,1
moments,1
dollars,1
form,1
evidence,1
hospitals,1
smoke,1
spice,1
bite,1
refuses,1
breakfast,1
getting,1
individual,1
has,1
door,1
weird,1
usually,1
prison,1
awareness,1
up,1
joke,1
trauma,1
lisa,1
trolls,1
empathy,1
heard,1
made,1
all,1
fish,1
every,1
ever,1
once,1
medal,1
wrote,1
urge,1
sleeping,1
customers,1
measures,1
brains,1
learn,1
muslim,1
hate,1
hitting,1
participants,1
andy,1
equally,1
a,1
st,1
mostly,1
toddlers,1
pants,1
reflection,1
spin,1
savings,1
presented,1
favorite,1
time,1
passenger,1
beating,1
tape,1
done,1
desperate,1
investors,1
reactions,1
towards,1
don,1
issued,1
sorry,1
%,1
simple,1
childhood,1
twice,1
flying,1
status,1
morning,1
approval,1
smaller,1
worth,1
join,1
wanting,1
difference,1
picks,1
nights,1
entrepreneurs,1
entrepreneur,1
n‚Äôt,1
experiences,1
being,1
candy,1
basic,1
breathing,1
delivery,1
but,1
spears,1
gain,1
taken,1
nations,1
ends,1
days,1
female,1
writers,1
lived,1
walls,1
definitely,1
work,1
peace,1
light,1
ceremony,1
largest,1
champion,1
liberty,1
shark,1
visited,1
teenager,1
proper,1
pretty,1
shift,1
ground,1
flat,1
photography,1
forgiveness,1
share,1
comeback,1
clean,1
attended,1
request,1
professionals,1
sue,1
see,1
gone,1
hard,1
department,1
lists,1
rage,1
fights,1
tennessee,1
were,1
lose,1
forward,1
disorders,1
hiring,1
traditions,1
trail,1
hurricane,1
captured,1
willing,1
succeed,1
began,1
refused,1
print,1
mountains,1
wounded,1
holidays,1
passion,1
never,1
rap,1
adds,1
ideal,1
horrible,1
flight,1
emotions,1
sexist,1
t,1
suit,1
hop,1
alabama,1
organized,1
opinions,1
raised,1
comes,1
use,1
writing,1
prayers,1
mysterious,1
moms,1
change,1
jersey,1
impression,1
miller,1
possibility,1
realized,1
argue,1
foundation,1
because,1
hint,1
lot,1
lessons,1
appeared,1
box,1
knot,1
thinking,1
playlist,1
live,1
daddy,1
fix,1
fourth,1
rising,1
tells,1
irish,1
britney,1
leather,1
fact,1
road,1
me,1
therapy,1
used,1
keep,1
without,1
those,1
attempt,1
flights,1
shower,1
tackle,1
footage,1
sentence,1
sand,1
cuts,1
god,1
trade,1
wednesday,1
lip,1
harvard,1
ordinary,1
defeat,1
youth,1
near,1
company,1
won,1
mixed,1
phones,1
hidden,1
generations,1
collective,1
distance,1
returning,1
hear,1
mark,1
when,1
face,1
really,1
advance,1
dakota,1
lets,1
example,1
parade,1
attacked,1
tiger,1
threatening,1
in,1
played,1
pop,1
brand,1
removed,1
ray,1
importance,1
yours,1
art,1
sales,1
surprisingly,1
workouts,1
remembering,1
around,1
happening,1
throw,1
amount,1
series,1
difficult,1
bunch,1
death,1
shot,1
michael,1
chose,1
behavior,1
impressive,1
ordered,1
decade,1
jewelry,1
changed,1
right,1
trust,1
easier,1
reality,1
driven,1
hook,1
experience,1
positive,1
menu,1
loans,1
shots,1
grow,1
huge,1
breakup,1
blake,1
seeks,1
total,1
upset,1
sometimes,1
longer,1
jr,1
carbon,1
eyes,1
obviously,1
suggested,1
opposite,1
keeping,1
editor,1
solution,1
it,1
rather,1
bowl,1
jobs,1
torture,1
whenever,1
guilt,1
idea,1
inside,1
conversation,1
having,1
doctors,1
royal,1
egypt,1
innovation,1
's,1
schools,1
looking,1
husband,1
rooms,1
memorable,1
pink,1
effort,1
n't,1
engaged,1
expecting,1
vegan,1
vs.,1
connected,1
online,1
gold,1
bombing,1
newspaper,1
spotted,1
bridge,1
today,1
beyond,1
beach,1
unlike,1
clothing,1
typical,1
promote,1
d,1
i,1
celebrities,1
manhattan,1
actions,1
mouth,1
other,1
human,1
terrible,1
among,1
told,1
coach,1
keeps,1
determine,1
since,1
enough,1
started,1
fear,1
lately,1
golf,1
transform,1
wearing,1
woods,1
struck,1
goodbye,1
certain,1
earth,1
run,1
kinds,1
tony,1
fathers,1
self,1
pope,1
house,1
at,1
my,1
turkey,1
very,1
virginia,1
winning,1
dr,1
rich,1
tv,1
would,1
models,1
flavor,1
sustainable,1
lying,1
mid,1
sure,1
child,1
classic,1
dnc,1
ireland,1
attention,1
restaurants,1
simply,1
boys,1
bank,1
wind,1
thought,1
forms,1
perry,1
meal,1
bride,1
australian,1
sending,1
habit,1
benefit,1
app,1
blame,1
an,1
trees,1
hat,1
even,1
can,1
taylor,1
pacific,1
troops,1
colors,1
movie,1
wait,1
separate,1
green,1
been,1
much,1
city,1
90s,1
progress,1
appears,1
sons,1
worldwide,1
failure,1
by,1
sense,1
income,1
becoming,1
running,1
is,1
ceo,1
crucial,1
building,1
john,1
unique,1
heal,1
canadian,1
how,1
low,1
safety,1
potential,1
francisco,1
celebrating,1
shopping,1
fun,1
airlines,1
passengers,1
coming,1
such,1
conflict,1
well,1
stage,1
teams,1
forgotten,1
council,1
describe,1
soup,1
interested,1
compared,1
millennials,1
nightmare,1
recently,1
traditional,1
everywhere,1
any,1
national,1
fed,1
shocking,1
crimes,1
hopes,1
entirely,1
wrong,1
almost,1
post,1
johnson,1
we,1
trying,1
economy,1
define,1
writer,1
paint,1
chain,1
will,1
first,1
could,1
figure,1
better,1
want,1
before,1
inner,1
off,1
injuries,1
‚Äï,1
combat,1
standing,1
usual,1
actually,1
decades,1
prize,1
directly,1
plane,1
faster,1
constant,1
challenges,1
tourists,1
view,1
law,1
numbers,1
armed,1
november,1
dads,1
fine,1
stressful,1
still,1
am,1
players,1
myth,1
jump,1
be,1
next,1
social,1
andrew,1
solve,1
fantasy,1
some,1
‚Äôm,1
type,1
harm,1
brazil,1
become,1
color,1
comedy,1
part,1
famous,1
shared,1
heels,1
ship,1
further,1
africa,1
card,1
tweeted,1
mommy,1
pool,1
silver,1
steps,1
teach,1
wing,1
lawyer,1
hurt,1
enjoy,1
indiana,1
abuse,1
wisconsin,1
holiday,1
on,1
nick,1
suffer,1
hour,1
kansas,1
hip,1
originally,1
apartment,1
minimum,1
look,1
medical,1
illegal,1
remove,1
chic,1
struggles,1
fill,1
visiting,1
mood,1
survival,1
empty,1
headed,1
direct,1
else,1
no,1
frank,1
cheating,1
ultimate,1
you,1
journey,1
explained,1
afternoon,1
tomorrow,1
then,1
understanding,1
super,1
sport,1
hoping,1
communities,1
worry,1
faith,1
launches,1
hits,1
situation,1
word,1
have,1
island,1
lawrence,1
children,1
judge,1
beyonce,1
ugly,1
gotten,1
drunk,1
appeal,1
of,1
cast,1
seems,1
committed,1
apparently,1
practices,1
continued,1
quickly,1
do,1
facebook,1
rice,1
bold,1
greek,1
explains,1
facing,1
allies,1
channel,1
comic,1
watching,1
tend,1
exactly,1
perhaps,1
another,1
countries,1
emma,1
markets,1
independent,1
male,1
efforts,1
enter,1
approach,1
education,1
dark,1
accounts,1
massive,1
science,1
that,1
walker,1
kevin,1
again,1
celebrity,1
host,1
filled,1
involved,1
wake,1
symptoms,1
diagnosis,1
ignore,1
does,1
pennsylvania,1
manage,1
toxic,1
there,1
until,1
battle,1
older,1
our,1
video,1
ready,1
kentucky,1
indeed,1
brain,1
apple,1
thing,1
chicken,1
blow,1
competition,1
turned,1
dating,1
motherhood,1
carson,1
characters,1
area,1
possibly,1
sunday,1
olympics,1
ad,1
saturday,1
disease,1
've,1
sound,1
fearless,1
courage,1
third,1
're,1
normal,1
foot,1
machine,1
plant,1
moral,1
happier,1
answer,1
know,1
respond,1
include,1
tests,1
last,1
let,1
site,1
angeles,1
search,1
smart,1
rapper,1
big,1
pro,1
times,1
stars,1
coal,1
year,1
beauty,1
attack,1
workout,1
party,1
cause,1
task,1
japan,1
exercise,1
night,1
talked,1
brides,1
previous,1
win,1
roy,1
drinks,1
anxiety,1
same,1
butter,1
along,1
ex,1
success,1
arizona,1
houston,1
northern,1
finally,1
ahead,1
the,1
developing,1
unfortunately,1
quite,1
action,1
bullying,1
focus,1
damage,1
comfortable,1
notice,1
los,1
summer,1
uk,1
tradition,1
marks,1
wide,1
many,1
led,1
tell,1
spend,1
bought,1
floor,1
author,1
vulnerable,1
sell,1
tech,1
defends,1
trailer,1
allow,1
fails,1
mobile,1
manager,1
signed,1
valley,1
radio,1
dropped,1
listening,1
if,1
taking,1
pair,1
choosing,1
adults,1
depression,1
teens,1
stores,1
jason,1
fruit,1
aging,1
dinner,1
far,1
humanity,1
thomas,1
per,1
myself,1
announced,1
training,1
new,1
anyway,1
announces,1
stick,1
davis,1
organizations,1
count,1
its,1
british,1
as,1
immigrant,1
stands,1
bit,1
',1
votes,1
hair,1
smoking,1
apps,1
long,1
thinks,1
global,1
planet,1
united,1
build,1
said,1
horror,1
promises,1
incident,1
bottom,1
guess,1
not,1
epidemic,1
possible,1
breaking,1
say,1
flu,1
parks,1
itself,1
where,1
solutions,1
increased,1
called,1
faces,1
cake,1
killer,1
consumers,1
places,1
following,1
line,1
cell,1
comment,1
eat,1
north,1
happened,1
table,1
stock,1
handle,1
knowledge,1
take,1
start,1
australia,1
reflect,1
most,1
mix,1
ensure,1
deals,1
higher,1
completely,1
scenes,1
none,1
upon,1
large,1
refugee,1
wore,1
over,1
carolina,1
drink,1
than,1
hill,1
april,1
happen,1
either,1
falling,1
advocates,1
great,1
dishes,1
tim,1
learned,1
immediately,1
different,1
about,1
both,1
cut,1
rick,1
terror,1
relief,1
greece,1
friday,1
bob,1
threats,1
italy,1
while,1
pregnant,1
spending,1
afghanistan,1
only,1
orange,1
sessions,1
mine,1
harder,1
talk,1
responsible,1
mary,1
media,1
appearance,1
boyfriend,1
creative,1
calling,1
beyonc√©,1
kept,1
begins,1
here,1
vision,1
clip,1
activist,1
individuals,1
december,1
minds,1
behind,1
position,1
york,1
month,1
fight,1
missed,1
setting,1
touch,1
white,1
sort,1
guest,1
designed,1
richard,1
what,1
february,1
eric,1
airline,1
eating,1
broke,1
legend,1
adventure,1
pull,1
southern,1
'm,1
are,1
selling,1
risks,1
making,1
title,1
memorial,1
tea,1
increasingly,1
wedding,1
grown,1
gap,1
cold,1
advice,1
care,1
regular,1
although,1
chef,1
authorities,1
phone,1
aids,1
letting,1
seeking,1
speak,1
anymore,1
real,1
angry,1
bright,1
energy,1
credit,1
case,1
suffering,1
lots,1
ladies,1
users,1
clearly,1
minutes,1
congressional,1
risk,1
nba,1
sean,1
included,1
equal,1
meeting,1
affect,1
highest,1
jon,1
allowed,1
appear,1
months,1
things,1
season,1
presidency,1
nature,1
crowd,1
puts,1
governor,1
scary,1
asian,1
half,1
shape,1
too,1
meat,1
market,1
between,1
more,1
environmental,1
might,1
deep,1
website,1
program,1
changing,1
mean,1
one,1
chris,1
disaster,1
modern,1
bad,1
august,1
miss,1
under,1
guests,1
former,1
values,1
fully,1
teaching,1
marketing,1
important,1
university,0
air,0
holding,0
jimmy,0
lee,0
target,0
drop,0
often,0
pre,0
co,0
stewart,0
knowing,0
reasons,0
cruise,0
buying,0
francis,0
page,0
recognize,0
festival,0
lead,0
parts,0
paris,0
athletes,0
aware,0
future,0
your,0
items,0
benefits,0
parties,0
break,0
available,0
fallon,0
sexy,0
few,0
convention,0
speaking,0
india,0
sister,0
sarah,0
glass,0
warning,0
diversity,0
attacks,0
sports,0
expert,0
red,0
complete,0
age,0
afraid,0
evening,0
which,0
stories,0
environment,0
county,0
protesters,0
sandy,0
forced,0
twitter,0
features,0
negative,0
working,0
nation,0
david,0
think,0
killed,0
society,0
sharing,0
brown,0
london,0
yourself,0
reveals,0
european,0
honest,0
fall,0
seek,0
songs,0
prime,0
looks,0
says,0
via,0
open,0
whether,0
mind,0
soon,0
embrace,0
lines,0
connection,0
remains,0
fast,0
yet,0
chief,0
professional,0
american,0
politics,0
failed,0
club,0
event,0
hall,0
doubt,0
policies,0
addiction,0
conference,0
catch,0
hearing,0
bring,0
rest,0
adult,0
youtube,0
leader,0
south,0
guide,0
syrian,0
extreme,0
studies,0
couples,0
greater,0
travelers,0
border,0
end,0
themselves,0
citizens,0
sleep,0
legacy,0
agree,0
finding,0
career,0
voter,0
similar,0
hit,0
leaving,0
plenty,0
popular,0
opportunity,0
minister,0
promise,0
list,0
options,0
personal,0
violence,0
member,0
dies,0
why,0
record,0
sad,0
broken,0
though,0
probably,0
effect,0
throughout,0
deadly,0
ask,0
wisdom,0
moore,0
telling,0
coast,0
guns,0
split,0
image,0
feelings,0
historic,0
development,0
country,0
seem,0
robert,0
clear,0
struggle,0
voting,0
washington,0
lower,0
inspiration,0
ourselves,0
hiv,0
majority,0
power,0
practice,0
especially,0
justin,0
partner,0
putting,0
lgbt,0
easy,0
breast,0
steve,0
quality,0
problem,0
sent,0
surprising,0
process,0
weekly,0
parents,0
west,0
tweet,0
award,0
rape,0
smith,0
dress,0
drug,0
annual,0
rise,0
past,0
dead,0
piece,0
fail,0
-,0
despite,0
also,0
refugees,0
understand,0
mothers,0
style,0
cooking,0
leadership,0
march,0
iraq,0
less,0
murder,0
black,0
movies,0
weekend,0
earlier,0
funny,0
june,0
matter,0
images,0
already,0
opens,0
airport,0
cases,0
friendly,0
opening,0
talking,0
space,0
board,0
reach,0
equality,0
state,0
should,0
check,0
traveling,0
pass,0
biggest,0
starting,0
beer,0
ability,0
reported,0
gps,0
protest,0
parenting,0
campaign,0
price,0
number,0
habits,0
stephen,0
paul,0
deal,0
seriously,0
oscar,0
push,0
review,0
room,0
generation,0
create,0
land,0
add,0
system,0
whole,0
fake,0
anti,0
begin,0
fair,0
jennifer,0
order,0
clinton,0
set,0
known,0
short,0
fat,0
investigation,0
foreign,0
ways,0
worse,0
scientists,0
thursday,0
mike,0
news,0
chocolate,0
nominee,0
may,0
groups,0
makeup,0
blue,0
killing,0
private,0
course,0
secret,0
games,0
release,0
likely,0
designer,0
point,0
civil,0
election,0
america,0
spring,0
latest,0
healthy,0
relationships,0
kitchen,0
himself,0
wonder,0
expect,0
words,0
scott,0
business,0
soul,0
crazy,0
major,0
reports,0
daily,0
race,0
george,0
experts,0
nfl,0
skin,0
tom,0
released,0
tried,0
toward,0
public,0
click,0
dangerous,0
office,0
freedom,0
photos,0
impact,0
official,0
korea,0
meditation,0
week,0
choose,0
marriage,0
natural,0
actor,0
non,0
data,0
welcome,0
birth,0
plans,0
within,0
officials,0
tweets,0
according,0
test,0
bill,0
companies,0
singer,0
cities,0
center,0
least,0
avoid,0
front,0
film,0
vacation,0
several,0
wear,0
general,0
men,0
including,0
report,0
