unaccustomed,79
dyck,79
uninhabitable,79
monkeying,79
razing,79
‚Ä≥‚Äãmontreal,79
dula,79
yavne,79
decarbonizing,79
ringmaster,79
yellville,79
bainimarama,79
widgets,79
briefer,79
coderre,79
ca.‚Äîwhy,79
recycla,79
orbeso,79
ecocene,79
adelie,79
pontchartrain,79
nilles,79
philanthropies,79
desertification,79
schw√§rzel,79
besiege,79
rockfalls,79
bhp,79
desecrator,79
gatorland,79
switchboard,79
preceding,79
brownlee,79
saldivar,79
year[1].,79
onlyyou,79
teamsmokey,79
kompothecras,79
conversationsafe,79
‚Äîlocalized,79
megadrought,79
kyara,79
provable,79
yunta,79
reusability,79
howlett,79
campobello,79
gough,79
school-,79
h√∂hne,79
wageningen,79
marquard,79
negations,79
piccard,79
ziolkowski,79
hokulea,79
earthworms,79
tesoro,79
anacortes,79
allons,79
drillable,79
vanities,79
ferc,79
79-foot,79
ponca,79
westernmost,79
kielburger,79
vel√°zquez,79
healey,79
soete,79
shelterless,79
climaxing,79
gef,79
inbreed,79
overeager,79
sebonia,79
minke,79
pupping,79
girds,79
codfather,79
sawed,79
gustavito,79
decontamination,79
rehabilitates,79
pernambuco,79
spillway,79
squeaker,79
easement,79
gombe,79
foxsicle,79
taloa,79
lunada,79
pecos,79
bebac,79
115th,79
euthanizes,79
zenda,79
pangolins,79
"wars""-like",79
keening,79
anno,79
horribilis,79
conifer,79
tragicomic,79
evacuee,79
krupp,79
bambis,79
echidnas,79
puggles,79
puffin,79
emitter,79
krajnc,79
steamier,79
hanse,79
titicaca,79
aliso,79
baiji,79
finless,79
toughie,79
rabbs,79
limbed,79
ppm,79
fishackathon,79
olmsted,79
traceability,79
altamaha,79
placemaking,79
frets,79
converges,79
unnavigable,79
zapata,79
chaparral,79
belugas,79
waterspout,79
coolant,79
ellicott,79
pejeta,79
üòÉ,79
desmogblog,79
iea,79
submerges,79
penneast,79
reintroduction,79
hyperobject,79
billowed,79
üåç,79
parroting,79
hanako,79
inman,79
mistreating,79
bladders,79
hilborn,79
addax,79
imprudent,79
nextgen,79
jokia,79
hydrofluorocarbons,79
abbotsbury,79
swannery,79
wiese,79
manby,79
contravening,79
eaglet,79
kokoya,79
arme,79
coso,79
petrochemical,79
yhi,79
mouser,79
younis,79
laziz,79
cbsmiami,79
emaciated,79
kinta,79
bristow,79
snowmobilers,79
undersigned,79
ponso,79
fluffier,79
markandya,79
wrf,79
skow,79
desmog,79
cop21,79
expedites,79
safepassage,79
horseshoe,79
unwraps,79
blankly,79
hackenberger,79
bowmanville,79
pettigrew,79
fabius,79
ratifying,79
darian,79
avenged,79
lua,79
masdar,79
unfcc,79
birdstellus,79
surin,79
timetochoose,79
scrublands,79
sita,79
alsu,79
foxie,79
pawslikeme,79
miya,79
famines,79
sonar,79
refrigerants,79
magellanic,79
jingjing,79
chamela,79
thongsri,79
janette,79
rainstorms,79
kabu,79
bostick,79
heartrending,79
trudged,79
megablazes,79
tinderboxes,79
odysseus,79
kerstin,79
langenberger,79
cholita,79
endeared,79
seeped,79
mykonian,79
hssv,79
milpitas,79
almanac,79
dozer,79
ruhl,79
jericho,79
torshavn,79
caltrans,79
brokensha,79
lifelessly,79
kavachi,79
checkoff,79
actonclimate,79
hummers,79
referene,79
gamand,79
boilers,79
sulfurous,79
asf,79
nasf,79
eia,79
deploring,79
conomy,79
overfishing,79
inktomi,79
offsets,79
headwater,79
plank(ton,79
phlipot,79
wcs,79
endau,79
rompin,79
johor,79
peninsular,79
flushable,79
plungers,79
urgenda,79
espouses,79
panamera,79
mpg,79
kayaktivists,79
eminence,79
studious,79
dimock,79
pythagorean,79
pepco,79
contaminates,79
hornaday,79
c40,79
dharnai,79
greensburg,79
pseudogymnoascus,79
destructans,79
cupertino,79
almondgate,79
earthgratitude,79
cleanups,79
ecomodernist,79
37b,79
entrenchment,79
gorongosa,79
hickel,79
vegweek,79
raskin,79
meier,79
inchi,79
tamari,79
izurieta,79
preempts,79
basins,79
balthazar,79
pacha,79
mikulski,79
inexhaustible,79
greywater,79
wrongdoings,79
nanotubes,79
thaws,79
tanana,79
hydrologist,79
hinzman,79
ratepayers,79
kolbert,79
reshuffling,79
fixates,79
altaeros,79
grasslands,79
helmeted,79
hornbills,79
plantable,79
leghold,79
saola,79
debuys,79
indcs,79
pielke,79
hock,79
coi,79
trainloads,79
oscillations,79
bocci,79
sub-)culture,79
snowbank,79
ptfe,79
oriole,79
outrunning,79
adani,79
catton,79
awa,79
ecocide,79
wildcare,79
palpated,79
herdsmen,79
interrelationships,79
mundra,79
nothingism,79
cruelties,79
cerier,79
boomtown,79
campaigns--87,79
cropland,79
desecrates,79
brownfield,79
monoculture,79
straumann,79
earthtouch,79
gsas,79
wenig,79
leaches,79
dogshaming,79
doxies,79
mutherpuppin,79
birut√©,79
galdikas,79
primatologists,79
munchkin,79
Œ≠ŒΩŒ±œÇ,79
ŒΩŒµŒ∫œÅœåœÇ,79
œÉŒµ,79
œÉœÖŒ≥Œ∫œÅŒøœçœÉŒµŒπœÇ,79
ŒºŒµœÑŒ±Œæœç,79
Œ¥ŒπŒ±Œ¥Œ∑ŒªœâœÑœéŒΩ,79
Œ∫Œ±Œπ,79
Œ±œÉœÑœÖŒΩŒøŒºŒØŒ±œÇ,79
œÉœÑŒø,79
Œ∫Œ¨ŒπœÅŒø,79
sharpens,79
plympton,79
lafleur,79
climatethanks,79
evs,79
beebe,79
bathysphere,79
terrapin,79
miyoko,79
schinner,79
nigey,79
cockatiels,79
enviro,79
greenbuild,79
minamata,79
cli,79
consensually,79
awf,79
haemorrhaging,79
biophilic,79
deerest,79
landscapers,79
warfighters,79
vongfong,79
necropsy,79
wakening,79
chaining,79
ladleful,79
interconnections,79
pcm,79
krill,79
impala,79
contingencies,79
retrofits,79
limbu,79
tusks,79
xcel,79
bitumen,79
gcf,79
peoplesclimate,79
defiled,79
55-pound,79
dingo,79
shawnee,79
labelling,79
toothfish,79
weddell,79
chinstrap,79
prius,79
enrichments,79
wobbled,79
gstc,79
petrochemicals,79
greenwashing,79
mink,79
hokule'a,79
hulled,79
vaka,79
voyaging,79
polynesians,79
tailings,79
piesold,79
earthen,79
biocides,79
sustainabillies,79
sustainabilly,79
cai,79
guo,79
qiang,79
sulcata,79
affixed,79
seaway,79
outfitter,79
earle,79
thropro,79
finning,79
grids,79
woodchuck,79
satao,79
ecover,79
wx,79
shimkus,79
fallacious,79
niggle,79
changingly,79
pvc,79
becauselove,79
myakka,79
flageolets,79
clearcutting,79
com√∫n,79
koi,79
projectthis,79
clif,79
oppenlander,79
mortems,79
carrion,79
charla,79
loggerhead,79
intensification,79
agroecological,79
petrostate,79
thorium,79
disinformers,79
liydia,79
tsavo,79
spruces,79
revesz,79
shelanski,79
tammany,79
helis,79
mandeville,79
tatio,79
breezing,79
inspects,79
ssp,79
ccf,79
unlabeled,79
rehome,79
ists,79
nummi,79
galapaface,79
rotated,79
deltas,79
neonics,79
aggems,79
foodsheds,79
safeguarded,79
croak,79
outlasting,79
separators,79
kleeb,79
farallon,79
usfws,79
r]evolution,79
frackers,79
subsurface,79
undrilled,79
damnations,79
asbell,79
clas,79
buckshot,79
bbs,79
misjudges,79
exon,79
musil,79
fisheries,66
herbicide,60
hermine,60
carolinas,60
fracked,60
bnsf,60
cormorants,60
turbine,60
floodwaters,57
enclosure,57
asiatic,53
subspecies,53
blackened,53
itc,53
beached,53
milloy,53
¬∞,53
gatlinburg,53
e.p.a,53
herders,53
pulses,53
koalas,53
sprawled,53
rescuer,53
wobbles,53
albino,53
wombat,53
bobcat,53
rimpac,53
trimmer,53
enbridge,53
plugin,53
gooders,53
bakken,53
sarawak,53
agroecology,53
conserve,48
depleting,48
vaquita,48
pollinators,48
virunga,48
slaughtering,48
taiji,48
tilikum,48
lng,48
ozone,48
exelon,48
co2,46
seaworld,46
permafrost,45
porpoise,45
orcas,44
loneliest,44
meatless,44
poachers,42
wildfire,40
chomped,40
unheeded,40
doggos,40
stargazers,40
undp,40
fides,40
hq2,40
lynx,40
agung,40
bonn,40
tranquilizer,40
parkersburg,40
taft,40
farthest,40
walruses,40
spire,40
capitan,40
sato,40
hedging,40
blaise,40
raccoons,40
superfund,40
evaporates,40
condenses,40
spawns,40
bulldoze,40
siesta,40
detwiler,40
sulked,40
catesby,40
chakraverty,40
rousselot,40
stephan,40
confino,40
day-,40
niklas,40
mihnea,40
tanasescu,40
vrije,40
universiteit,40
brussel,40
humpback,40
deforestation,40
ige,40
environmentalism,40
fjord,40
globalisation,40
haggard,40
decarbonization,40
cantwell,40
incontrovertible,40
droughts,40
merrell,40
frizzle,40
daffodils,40
carcasses,40
cyanide,40
coyotes,40
starves,40
wets,40
ecologists,40
boarder,40
orangutans,40
clobbered,40
enrico,40
oroville,40
hatchling,40
orgs,40
puffins,40
seabird,40
myron,40
ebell,40
celsius,40
govt,40
sickeningly,40
sobe,40
subsistence,40
parched,40
masaya,40
massie,40
reliquary,40
ferrets,40
epoch,40
guzzlers,40
misrepresentations,40
moyo,40
weeps,40
perm,40
overestimating,40
misha,40
whaling,40
kdka,40
greig,40
phraya,40
bleaker,40
ni√±o,40
molyvos,40
elly,40
puncture,40
duffy,40
steger,40
bai,40
muzzled,40
ladybugs,40
padlocked,40
remi,40
dejected,40
justus,40
hurtle,40
horrify,40
precipitation,40
pummel,40
slackening,40
yonkers,40
roo,40
saddening,40
spectacled,40
chukchi,40
snuggly,40
barges,40
chlorinated,40
cowering,40
quivering,40
laudato,40
marylanders,40
agnostic,40
altamira,40
shoveled,40
furnaces,40
sooty,40
restocking,40
drc,40
parishes,40
grantham,40
transacted,40
plunger,40
analytic,40
lumbers,40
depletes,40
bihar,40
shakespearian,40
unlearned,40
ballyhooed,40
biomimicry,40
mullahs,40
dicks,40
profusion,40
zorro,40
catalyzing,40
dammed,40
decoupling,40
decreed,40
emitters,40
boons,40
wei,40
kodiak,40
appalachians,40
doubter,40
acidification,40
sandpiper,40
geoengineering,40
divests,40
faust,40
detestable,40
taillight,40
radiograph,40
collaboratively,40
tata,40
precipitating,40
barbier,40
usaid,40
thunderstorm,40
caley,40
benzene,40
agro,40
ghg,40
floodgate,40
mobilizations,40
clique,40
hydropower,40
delisting,40
amphibians,40
dodo,40
weenie,40
feedlots,40
rebuttals,40
oreskes,40
taoism,40
pawsome,40
octopi,40
carbonization,40
fanged,40
vermin,40
outfitting,40
remoteness,40
geocaching,40
hundredth,40
lonesome,40
minnesotans,40
dingoes,40
durban,40
dithering,40
repellents,40
duh,40
shockwave,40
canoes,40
pilafs,40
polley,40
overseers,40
canner,40
microplastics,40
skateboarders,40
agitating,40
methyl,40
manipulations,40
earthshaking,40
biofuels,40
reactors,40
denizens,40
whippings,40
petitioners,40
justly,40
dairyland,40
megantic,40
bumblebees,40
overfished,40
smallholder,40
shallower,40
tms,40
uvb,40
stubbornness,40
glyphosate,40
survivals,40
rewilding,40
crist√≥bal,40
contrarians,40
expanses,40
denialism,40
horizontally,40
ibt,40
decommissioning,40
sherpas,40
polluters,40
orca,38
deepwater,37
divestment,37
bleaching,37
wildfires,36
captivity,35
compost,35
lioness,35
socal,34
circuses,34
barbuda,34
reservoirs,34
ringling,34
hfcs,34
wag,34
fawn,34
bambi,34
opal,34
blazes,33
conservationists,33
noaa,33
harambe,33
elephants,32
cheetahs,32
gusts,32
toxics,32
snooty,32
behaviour,32
dioxide,32
extermination,32
acidic,32
downgraded,32
ratify,32
grist,32
inanities,32
fresno,32
trembling,32
matted,32
burrowed,32
facilitated,32
liquefied,32
thunderstorms,32
blackfish,32
sumatran,32
waterway,32
g7,32
groundwater,32
poole,32
donne,32
sarasota,32
thune,32
ipcc,32
oceans,32
fracking,31
reefs,31
tornadoes,31
carbon,31
basin,31
dapl,31
orangutan,31
gorilla,31
sustainably,31
rescuers,30
evacuations,30
bison,30
hays,30
encyclical,30
exxonmobil,29
forests,29
ecosystem,29
fossil,29
dams,29
forecasters,29
trapping,29
zoos,29
landfall,28
fracturing,28
clone,28
pebble,28
mammal,28
gal√°pagos,28
conservation,28
joaquin,27
dolphin,27
snowed,26
roadways,26
drier,26
macaques,26
unprincipled,26
mckibben,26
valve,26
manufactures,26
ecological,26
ophelia,26
unwieldy,26
romm,26
thinkprogress,26
boobies,26
flamingos,26
receding,26
downpours,26
refineries,26
drenches,26
quinta,26
tonnes,26
pronouncements,26
withering,26
correspondence,26
hammerhead,26
boaters,26
henhouse,26
descents,26
clea,26
fabrice,26
greening,26
sewer,26
advisories,26
institutionalize,26
euthanized,26
misreads,26
asbestos,26
yulin,26
divest,26
pcbs,26
swamped,26
hive,26
vanuatu,26
wetter,26
cull,26
universidade,26
dieselgate,26
courier,26
freshwater,26
hamstrung,26
speculates,26
bluefin,26
marsupials,26
savanna,26
infringe,26
spews,26
ol,26
kilauea,26
erskine,26
ruminations,26
walloped,26
vevers,26
snowmelt,26
catskill,26
seaquarium,26
cages,26
grizzly,26
spaced,26
shivering,26
shiba,26
cower,26
rusbridger,26
anil,26
distills,26
dogfighting,26
forecasted,26
brutus,26
ashland,26
heyman,26
enraging,26
unconcerned,26
silverback,26
smolders,26
peered,26
cruelly,26
housemate,26
jansen,26
caging,26
fairbanks,26
kiko,26
hooves,26
slaughtered,26
spleen,26
policymaking,26
hissing,26
federalist,26
plundering,26
techies,26
inhumanity,26
auspices,26
propane,26
4s,26
ev,26
overindulge,26
contaminate,26
provinces,26
swordfish,26
pollutant,26
crunchier,26
cronkite,26
detroiters,26
janus,26
desalination,26
thawing,26
ferret,26
annapolis,26
afield,26
epitaph,26
cutback,26
divested,26
watchable,26
bakeware,26
caribou,26
89th,26
circulate,26
wetlands,26
boulders,26
boggles,26
listicle,26
dachshunds,26
uncontrollably,26
inspecting,26
burbs,26
destabilization,26
materializes,26
unearths,26
ventilation,26
archeological,26
tahitian,26
blanketing,26
rendez,26
capitalization,26
frontlines,26
communicator,26
downpour,26
moonbows,26
canyonlands,26
conservancy,26
grapevine,26
levee,26
goblin,26
defang,26
jolts,26
paddleboarder,26
formaldehyde,26
splintered,26
modular,26
walkway,26
treetop,26
phytonutrients,26
prairies,26
railways,26
windowless,26
wolverines,26
mutuality,26
bulldozed,26
im,26
majestically,26
disfiguring,26
seaboard,26
peddled,26
studiously,26
lac,26
industrious,26
extol,26
testimonials,26
plunder,26
owlet,26
geysers,26
sunscreens,26
biodynamic,26
lagniappe,26
fremont,26
cocoons,26
pessimists,26
dynasties,26
soot,26
premiers,26
carp,26
stover,26
meteoric,26
chided,26
sleuths,26
juiced,26
gibbs,26
renewable,26
extinction,26
ivory,26
farms,26
dam,25
pollution,25
climate,25
emissions,25
chained,25
pipelines,24
sprawl,24
gallons,24
calf,24
rainforests,24
marchers,24
reef,24
bahamas,24
transcanada,24
analyses,24
pollute,24
ecosystems,24
coal,24
zoo,23
environmental,23
drought,23
quadrupled,23
unspoiled,23
logging,23
beetles,23
manatee,23
icebergs,23
pursues,23
memorandum,23
chimpanzees,23
mitigating,23
conserving,23
moot,23
arrows,23
trickster,23
biodiversity,23
paulette,23
extraction,23
smorgasbord,23
shale,23
sprinkler,23
spawn,23
divesting,23
fissures,23
rigs,23
agriculture,22
spill,22
coral,22
hurricanes,22
utilities,22
dolphins,22
whales,22
irma,22
breeding,22
chimp,22
turtles,22
mudslides,22
oceanic,22
greenhouse,22
batters,22
wastewater,22
xl,22
weakens,22
sanctuaries,22
goodall,22
bred,22
dumpster,22
aquatic,22
starved,22
tar,22
rainforest,21
donkey,21
hunted,21
habitat,21
gases,21
sustainability,21
flooding,21
renewables,21
keystone,20
grid,20
warming,20
sneakily,20
sprinting,20
cheetah,20
balk,20
az,20
grazed,20
subdue,20
blackrock,20
vocabularies,20
hartnett,20
lifesaver,20
anthropocene,20
strident,20
manatees,20
crosby,20
monsanto,20
incoherence,20
inconvenient,20
appalachia,20
concocted,20
bolivian,20
evo,20
crescendo,20
inversion,20
mortally,20
migrate,20
tourniquet,20
kickstart,20
cloistered,20
stolz,20
cul,20
platypus,20
propeller,20
10-foot,20
spraying,20
vila,20
mortem,20
banff,20
stranding,20
fin,20
migratory,20
badgers,20
avalanches,20
irreversibly,20
emery,20
envisions,20
auditor,20
marius,20
vedra,20
iucn,20
bonfire,20
accompli,20
rattles,20
slaughterhouse,20
nixed,20
penultimate,20
gators,20
reproduced,20
biotechnology,20
deluca,20
gasland,20
roamed,20
scarcely,20
rottweiler,20
kayaker,20
scripps,20
crutches,20
repel,20
plucks,20
rehabilitate,20
captor,20
orville,20
swirled,20
racehorse,20
k-9,20
languishing,20
sludge,20
gabon,20
tracer,20
poisons,20
larsen,20
ochre,20
golem,20
overestimate,20
inga,20
forage,20
auditorium,20
weasel,20
nrdc,20
nurtures,20
plaintive,20
acre,20
sewers,20
frighteningly,20
earmarked,20
materially,20
polluter,20
coalitions,20
marzipan,20
sdg,20
sdgs,20
clipper,20
wally,20
credo,20
defensively,20
leases,20
cormorant,20
cynically,20
foresee,20
uncoordinated,20
veterinarians,20
obscuring,20
manta,20
reintroduce,20
sandro,20
tempeh,20
drifts,20
songbirds,20
newshour,20
poof,20
vapor,20
inflicts,20
driest,20
generators,20
edict,20
underperforming,20
naturalists,20
paradises,20
organisations,20
dingell,20
waxman,20
lithuanian,20
windmills,20
intransigence,20
mayflower,20
ridges,20
pesticides,20
chaired,20
leasing,20
scofflaws,20
hiker,20
mistreatment,20
heartened,20
ranching,20
vous,20
vips,20
stymied,20
inconclusive,20
unproven,20
anomalies,20
algae,20
reflexively,20
yao,20
procurement,20
barbed,20
roughshod,20
craftsman,20
specialization,20
oceanographer,20
curios,20
canopy,20
tierra,20
adaptability,20
sociological,20
squelch,20
endowments,20
unseasonably,20
fao,20
tuscaloosa,20
aground,20
befriends,20
gnaw,20
farmed,20
rediscovery,20
preemptive,20
homemaker,20
electricity,20
endangered,20
drilling,19
sands,19
bees,19
elephant,19
poaching,19
whale,19
farming,19
crops,19
wolves,19
chevron,19
rail,19
solar,19
wildlife,19
fuels,19
shareholder,19
barrels,19
erika,19
pit,19
pipeline,18
hunts,18
queensland,18
hershey,18
methane,18
rhino,18
dumping,18
flees,18
prevailed,18
heatwave,18
ecology,18
ducklings,18
patrols,18
airlifted,18
greenest,18
cove,18
entangled,18
catnip,18
raccoon,18
si,18
congolese,18
denton,18
establishes,18
apex,18
antarctic,17
rescued,17
acres,17
cod,17
valdez,17
hotter,17
greyhound,17
cookware,17
blaze,17
arctic,17
antarctica,17
diver,17
borneo,17
fukushima,17
environmentalists,17
evacuate,17
foundations,17
sioux,17
orphaned,16
smog,16
yellowstone,16
sahara,16
longterm,16
stringent,16
canoe,16
hikers,16
flatten,16
bolted,16
70-pound,16
duffel,16
rabbits,16
walrus,16
aronofsky,16
revokes,16
overtaken,16
rainfall,16
misdirection,16
moby,16
wills,16
parasites,16
o‚Äôclock,16
stubbornly,16
doused,16
whitehouse,16
annihilation,16
gaia,16
canaries,16
anathema,16
barreling,16
49-year,16
sputter,16
cc,16
wanders,16
unilaterally,16
seedlings,16
engulfs,16
substandard,16
ravaging,16
classifying,16
booms,16
fait,16
demolishing,16
ringo,16
exhibitors,16
ashmore,16
supervising,16
teetering,16
haus,16
certification,16
flocks,16
snuggles,16
splinter,16
blacked,16
harnesses,16
refining,16
unwrap,16
tucking,16
fanciful,16
crates,16
overtly,16
poacher,16
pummeling,16
kindhearted,16
usf,16
dominica,16
tormented,16
galveston,16
palisades,16
usable,16
elegy,16
roared,16
moran,16
oops,16
resists,16
depletion,16
cheeseburgers,16
roomful,16
geographically,16
ridiculed,16
involuntarily,16
saltwater,16
recourse,16
energies,16
pales,16
slurpee,16
unscientific,16
csa,16
aloof,16
galilee,16
ooze,16
manure,16
reusing,16
icicle,16
rapacious,16
caliber,16
mitigation,16
cousteau,16
bestowing,16
calculating,16
tacular,16
hallucinating,16
exported,16
tortoises,16
jumpers,16
coloradans,16
vilified,16
ems,16
ming,16
sailboats,16
validating,16
cubic,16
workaround,16
expeditions,16
dirtydenier$,16
fivethirtyeight,16
clippings,16
paddleboard,16
stalks,16
retrievers,16
coddling,16
multifaceted,16
beagles,16
muir,16
tigers,16
circus,15
braces,15
saddest,15
extremes,15
doorstep,15
mining,15
lighthouse,15
regulatory,15
rescuing,15
moratorium,15
giraffes,15
vanishing,15
ape,15
rhinos,15
cleanup,15
stray,15
oil,15
pup,15
glacier,15
hydraulic,15
cruelty,15
bull,15
turtle,15
sustainable,15
species,14
outlawed,14
fertilizer,14
muddy,14
idiocy,14
refinery,14
giraffe,14
drowns,14
eminent,14
axis,14
caked,14
spongebob,14
plains,14
dyson,14
cameraman,14
exporting,14
sacha,14
bp,14
gmos,14
tripled,14
epa,14
starving,14
usda,14
storms,14
seas,14
recycling,14
gator,14
batter,14
snowstorm,14
gorillas,14
abcs,14
ocean,14
export,14
radioactive,14
strengthened,14
rescues,14
mountaintop,14
exceed,14
lion,14
cecil,14
animals,14
offshore,13
fuel,13
evacuation,13
guaranteeing,13
wintery,13
glaciers,13
bulls,13
moyers,13
spear,13
graphs,13
bluntly,13
chernobyl,13
retirements,13
bombarding,13
fumes,13
admin,13
renegotiation,13
reliability,13
regenerative,13
tailoring,13
chiquita,13
coalesce,13
unusually,13
foresaw,13
emitting,13
markey,13
divers,13
utilizes,13
powering,13
hovers,13
flashpoint,13
bats,13
pathogen,13
redwoods,13
filthy,13
everglades,13
biologists,13
froze,13
spotty,13
geese,13
reusable,13
dwindling,13
solarcity,13
sentient,13
chokes,13
disrupts,13
necked,13
toppling,13
otters,13
hearst,13
assesses,13
scorching,13
looters,13
rattlesnake,13
throngs,13
designate,13
infrared,13
phasing,13
fangirl,13
exacerbates,13
ubiquity,13
wreaths,13
banged,13
forlorn,13
laos,13
weeping,13
streams,13
contraband,13
jaguar,13
mykonos,13
downstream,13
organics,13
ulysses,13
petal,13
pacts,13
revitalization,13
shellfish,13
harbingers,13
utopian,13
localized,13
parcel,13
franzen,13
burlington,13
locomotive,13
wonks,13
squarepants,13
nests,13
toad,13
displacing,13
carcinogenic,13
blip,13
transmit,13
reinvigorated,13
synthesis,13
permissive,13
contrarian,13
undersea,13
siberia,13
validates,13
fractures,13
barnett,13
unlocking,13
boldness,13
pla,13
businessmen,13
aghast,13
cloaked,13
forsaken,13
dew,13
bog,13
aspca,13
recalculating,13
fictions,13
defuse,13
nourishes,13
friggin,13
labrador,13
ranches,13
composting,13
tusk,13
samoa,13
flanagan,13
enshrined,13
hampered,13
tarantula,13
honeybees,13
sweeten,13
authorizing,13
felled,13
masquerade,13
driftwood,13
exponential,13
dogging,13
hull,13
optimists,13
shih,13
decaying,13
utilized,13
contaminants,13
pissing,13
spewed,13
floods,13
cargo,13
polar,13
extinct,13
hurricane,13
devastation,13
melting,13
paws,13
fishing,13
commonwealth,13
pesticide,13
assessments,13
sur,13
alberta,13
fisherman,12
crude,12
bins,12
fatalities,12
leaned,12
vault,12
warranted,12
shingles,12
stave,12
balmy,12
crabs,12
distressing,12
precipice,12
swaying,12
sledding,12
turnaround,12
fishermen,12
irreversible,12
germ,12
storm,12
treaty,12
puppy,12
firefighters,12
tiniest,12
mend,12
appalachian,12
weakened,12
spawned,12
clinging,12
safeguards,12
dept,12
bears,12
deniers,12
inaction,12
mutually,12
puppies,12
g20,12
cocoa,12
suburban,12
marine,11
suffocating,11
bona,11
ames,11
volcano,11
abominable,11
northwest,11
wager,11
glasser,11
ilk,11
owls,11
impacts,11
spewing,11
catastrophic,11
bailing,11
cementing,11
captive,11
reminiscing,11
bertrand,11
whopper,11
langston,11
pummeled,11
reproduce,11
calves,11
decapitated,11
bugging,11
knoxville,11
binghamton,11
hazardous,11
enforcers,11
beachgoers,11
trafficked,11
leopards,11
pinpointed,11
bronchitis,11
gracie,11
sapiens,11
tasmanian,11
sickly,11
arturo,11
shipments,11
scorch,11
repulsed,11
sunken,11
overstate,11
huts,11
darlene,11
terminals,11
rubbish,11
nursed,11
gavel,11
mauna,11
duct,11
zoomed,11
crate,11
ziggy,11
brake,11
bloodbath,11
surest,11
pellet,11
kindest,11
lifeless,11
cutbacks,11
asserted,11
renounce,11
excesses,11
coastlines,11
pitchforks,11
bottling,11
emission,11
beak,11
electrified,11
waterways,11
tnt,11
permanence,11
blurring,11
veg,11
lease,11
u.,11
snowballs,11
vestiges,11
unabated,11
mightily,11
imperiled,11
freight,11
ifc,11
ranchers,11
nomadic,11
livid,11
avian,11
purports,11
lawns,11
modify,11
slayings,11
splatter,11
inhofe,11
incomprehensible,11
splashing,11
fairer,11
cisco,11
spook,11
mcclendon,11
enhancement,11
adversely,11
rung,11
it's,11
navel,11
penchant,11
refinement,11
bullish,11
motorcycles,11
carcinogen,11
chickpeas,11
retardants,11
uncomfortably,11
conveniences,11
concerted,11
furthering,11
fetching,11
ma,11
bestie,11
motors,11
pessimist,11
truthfulness,11
lumber,11
inhaling,11
raspberries,11
iguana,11
indies,11
migrating,11
tzu,11
bile,11
penguin,11
environmentally,11
goats,11
clean,11
patricia,11
tornado,11
birds,11
drowned,11
wipes,11
churchill,11
greenpeace,11
energy,11
dog,11
volcanoes,11
engineers,11
polluted,11
cub,11
spilling,11
coastline,11
plants,11
ag,11
shark,11
deer,11
paradigm,11
efficiency,11
gmo,11
lions,11
barrier,11
marin,11
deregulation,11
rig,11
upgraded,11
exhaustive,11
responsibly,11
crater,11
pollutants,11
rains,11
frogs,11
pollan,11
wiping,11
permits,11
salvage,11
accounting,11
redd,11
arteries,11
watered,11
lighthouses,11
amok,11
mud,10
atmospheric,10
shelter,10
hunters,10
forecasts,10
curbing,10
grassroots,10
catastrophe,10
sierra,10
environment,10
strengthens,10
policymakers,10
lakes,10
zimbabwe,10
atlantic,10
corals,10
temperature,10
snowing,10
abnormally,10
curtail,10
darts,10
supplied,10
affirms,10
nguyen,10
joyously,10
reuniting,10
hitch,10
administrator,10
quakes,10
sewage,10
meteorologist,10
legitimize,10
subsidizing,10
premises,10
starfish,10
disposal,10
breathes,10
fictitious,10
boosters,10
accord,10
raleigh,10
tides,10
mitigate,10
pod,10
merkley,10
thoreau,10
luc,10
sac,10
wading,10
wildflowers,10
reptiles,10
newsworthy,10
foothills,10
headless,10
hapless,10
cornucopia,10
encased,10
livelihoods,10
wreaks,10
trickled,10
brainstorm,10
federally,10
desensitized,10
landfills,10
exploits,10
finn,10
complicates,10
hurtling,10
concentrations,10
hatched,10
hatches,10
angrier,10
seriousness,10
approvals,10
lesbos,10
smurf,10
inferno,10
minimally,10
petrified,10
torturous,10
motionless,10
politicizing,10
spares,10
octogenarian,10
limps,10
k9,10
pike,10
cascading,10
collared,10
mound,10
donnie,10
faroe,10
dangle,10
crimson,10
achievable,10
whilst,10
ramon,10
geological,10
exports,10
zealots,10
reaffirming,10
domestically,10
censoring,10
doubly,10
farmland,10
timber,10
peet,10
unbeknownst,10
erodes,10
laboratory,10
negligent,10
bilateral,10
poisonous,10
rafting,10
lukas,10
incredulous,10
capacities,10
yolanda,10
affordably,10
bitty,10
tricking,10
inkling,10
pt,10
amazes,10
pertaining,10
exorbitant,10
sailed,10
fasten,10
candlelight,10
formations,10
islanders,10
legumes,10
beatings,10
chimpanzee,10
confounding,10
uaw,10
terroir,10
extracted,10
sinkhole,10
lesions,10
excruciatingly,10
winds,10
lima,10
explorer,10
vessel,10
contamination,10
farmer,10
utility,10
coins,10
recycle,10
californians,10
greenland,10
quebec,10
palm,9
recorded,9
california,9
routes,9
tropical,9
forest,9
sector,9
denis,9
rollback,9
summits,9
melts,9
harvesting,9
feces,9
intoxicating,9
octopus,9
unleashing,9
socio,9
voluntary,9
insatiable,9
nourishing,9
corps,9
farm,9
monumental,9
surfers,9
slaughter,9
divides,9
penguins,9
southeast,9
pups,9
invasive,9
typhoon,9
sharks,9
mayors,9
contained,9
indigenous,9
northeast,9
tribes,9
reserves,9
humane,9
ridden,9
proponents,9
scarred,9
spate,9
wipeout,9
boomerang,9
throats,9
grim,9
underscores,9
pascal,9
mills,9
scant,9
dismay,9
capsizes,9
seed,9
deteriorated,9
morales,9
exposures,9
outlier,9
scrapped,9
buries,9
teal,9
tolerable,9
habitable,9
expletive,9
hem,9
harvests,9
negligence,9
shovels,9
dries,9
satellites,9
brigade,9
colo,9
chrysler,9
movers,9
johannesburg,9
panda,9
resiliency,9
wreaking,9
reprehensible,9
ponte,9
taint,9
washed,9
molten,9
railing,9
litter,9
unfazed,9
wintertime,9
permitting,9
commitments,9
climax,9
supermoon,9
patel,9
hunch,9
wintry,9
tempt,9
dehumanizing,9
dismayed,9
orthopedic,9
joyfully,9
petroleum,9
implore,9
dyer,9
shorthand,9
resettle,9
buoyant,9
propped,9
cinematographer,9
compromising,9
inhumane,9
seminal,9
unsatisfied,9
unbridled,9
sugarcoat,9
mittens,9
travesty,9
australians,9
whitewater,9
andes,9
coincide,9
quantities,9
gardeners,9
dachshund,9
swans,9
cultured,9
itty,9
sleepwalking,9
vanguard,9
winemaking,9
adventurers,9
landlords,9
kindred,9
motown,9
isaiah,9
plastics,9
competes,9
koko,9
conservationist,9
peregrine,9
hyperbolic,9
humankind,9
brainpower,9
ponds,9
hogs,9
planet,9
dumped,9
exxon,9
neighboring,9
urgent,9
powered,9
gas,9
worsen,9
flung,9
wreckage,9
rodgers,9
lands,8
animal,8
water,8
disasters,8
cyclone,8
biologist,8
complicity,8
airborne,8
eventual,8
ashore,8
spurred,8
seafood,8
deserts,8
unconscionable,8
hypnotic,8
aesthetics,8
signaled,8
noses,8
undisclosed,8
generates,8
gloom,8
canyon,8
obtained,8
appalling,8
welfare,8
shareholders,8
pits,8
occurring,8
coastal,8
horizon,8
chemical,8
rain,8
global,8
rescue,8
evacuated,8
monuments,8
pruitt,8
waters,8
forecaster,8
sow,8
fatality,8
publix,8
dunes,8
incumbents,8
flood,8
leash,8
descendants,8
unearth,8
inches,8
samaritans,8
swayed,8
restoration,8
protracted,8
jeopardize,8
interstate,8
tycoon,8
chills,8
himalayas,8
genie,8
chopper,8
timelapse,8
mercury,8
brunt,8
binding,8
proverb,8
seaweed,8
disturbance,8
defunct,8
kiddie,8
byproduct,8
primates,8
patiently,8
mis,8
turquoise,8
rebounded,8
guarding,8
comfy,8
vegetarianism,8
downstairs,8
lore,8
grisly,8
climates,8
remnants,8
grieves,8
poked,8
jacksonville,8
regained,8
wondrous,8
skeletal,8
horton,8
scallops,8
inspectors,8
theoretical,8
smeared,8
walkable,8
prized,8
porsche,8
modes,8
materialistic,8
dividends,8
ngos,8
obscures,8
ramped,8
35th,8
intercontinental,8
equitable,8
retract,8
coordinate,8
landscaping,8
dade,8
tao,8
yore,8
raked,8
plantations,8
macro,8
pastime,8
heighten,8
narrator,8
abdication,8
repent,8
boondoggle,8
toledo,8
ponders,8
pomp,8
icelandic,8
quota,8
strewn,8
idly,8
nissan,8
unbearably,8
bribe,8
unequivocal,8
wasteful,8
humanely,8
alchemy,8
inspect,8
wild,8
temperatures,8
earth,8
representatives,8
iced,8
subsidies,8
sweep,8
sea,8
dogs,8
distances,8
horn,8
marching,8
peggy,8
atmosphere,8
protection,8
superstorm,8
bonnie,8
approving,8
modified,8
intends,8
otter,8
warrants,8
parish,8
ethiopia,8
fish,7
change,7
agricultural,7
barbara,7
waste,7
structures,7
surfer,7
earliest,7
resource,7
panels,7
doomed,7
blueprint,7
protected,7
category,7
salmon,7
creatures,7
alerts,7
grips,7
volcanic,7
prompting,7
encountering,7
haze,7
ventura,7
wilds,7
poop,7
reduction,7
bureaucratic,7
westeros,7
chesapeake,7
snails,7
lashed,7
29th,7
skeptic,7
clogged,7
upgrading,7
strides,7
crammed,7
faucet,7
lambasted,7
scotia,7
liberate,7
starve,7
downed,7
bismarck,7
chubby,7
bastion,7
foes,7
opaque,7
tore,7
dusty,7
dismantled,7
longstanding,7
stench,7
rebekah,7
exiled,7
translator,7
snuck,7
hardened,7
dire,7
accommodate,7
comparable,7
discarded,7
accommodating,7
hangovers,7
tagged,7
abiding,7
conditioners,7
oncoming,7
gervais,7
kemp,7
calamity,7
trinity,7
faraway,7
subsidize,7
podesta,7
foundational,7
weeklong,7
fraction,7
ploy,7
catastrophes,7
financiers,7
tortoise,7
lurks,7
undesirable,7
murky,7
footprints,7
instrumental,7
winters,7
argentinian,7
communicates,7
undisputed,7
mischievous,7
pristine,7
windy,7
speculated,7
transcended,7
milton,7
growers,7
pours,7
fists,7
overview,7
reevaluate,7
stewardship,7
sids,7
goldilocks,7
grizzlies,7
frenzied,7
howling,7
zeal,7
terra,7
grimes,7
pushback,7
irreparable,7
mudslide,7
toured,7
validated,7
hermit,7
agreement,7
bat,7
developments,7
collapse,7
melt,7
river,7
shrink,7
assessment,7
abundant,7
harmed,7
hazards,7
planting,7
peril,7
icy,7
flooded,7
alaska,7
midwest,7
terminal,7
prosperity,7
poisoned,7
nye,7
shepherd,7
labeling,7
bulldog,7
whipping,7
unveiling,7
eruption,7
framework,7
unites,7
sylvia,7
dwellers,7
beneath,7
contributes,7
wipe,7
conditioning,7
warnings,7
chemicals,7
tuna,7
abandoned,7
expose,7
midwestern,7
barrel,7
eruptions,7
uranium,7
heat,7
yosemite,7
intensified,7
quagmire,7
dell,7
devastate,7
ethanol,7
pitting,7
louie,7
sighted,7
blinking,7
nouveau,7
defenseless,7
abandons,7
hybrid,7
swallowing,7
frigid,7
regressive,7
surplus,7
ritchie,7
finalizing,7
laced,7
liberalism,7
spills,7
deterrent,7
recorder,7
acquainted,7
davos,7
innovators,7
patagonia,7
lags,7
papua,7
handedly,7
thefts,7
tactical,7
huddled,7
kayla,7
hovering,7
bowing,7
volunteered,7
cubicle,7
retained,7
unifying,7
bc,7
crowns,7
unethical,7
populations,7
rediscovered,7
goliath,7
calculated,7
lobbied,7
hewlett,7
politicized,7
hoopla,7
disrupted,7
moisture,7
merchants,7
reductions,7
harvested,7
uncertainties,7
economically,7
amendments,7
astronomical,7
trout,7
disobedience,7
littered,7
predator,7
effectiveness,7
taming,7
subsidized,7
taxed,7
skyrocketing,7
chimps,7
interdependence,7
endangers,7
polynesian,7
chemically,7
pastas,7
additives,7
lentils,7
presentations,7
inertia,7
ingenuity,7
redirect,7
safeguard,7
informing,7
thugs,7
manuscript,7
foxes,7
championed,7
governments,7
economics,7
nebraska,7
destroyed,6
ship,6
wind,6
obsolete,6
ramp,6
tons,6
rapidly,6
reducing,6
concrete,6
zinke,6
bear,6
farmers,6
shelters,6
earthquakes,6
eden,6
wholly,6
vandalism,6
inspector,6
bunnies,6
policeman,6
spiders,6
scattered,6
collapsing,6
outlaw,6
melanie,6
cranberries,6
moose,6
regulations,6
mill,6
unleashed,6
kenny,6
abused,6
brink,6
organic,6
severe,6
southwest,6
columbia,6
scientific,6
cubs,6
namely,6
folly,6
administrations,6
miner,6
awash,6
insensitive,6
horses,6
stealth,6
vigilant,6
distracts,6
parisians,6
charmed,6
unleash,6
ails,6
stockholm,6
slater,6
boogie,6
fiat,6
overuse,6
sleigh,6
calgary,6
sustain,6
roofs,6
ranger,6
exposing,6
vandals,6
cooperative,6
stemming,6
pyramids,6
detractors,6
taunted,6
awoke,6
criss,6
metaphorical,6
geneva,6
accountant,6
infiltrate,6
deserted,6
hammered,6
exemplified,6
scraps,6
exceeds,6
underwent,6
veterinarian,6
reopens,6
inspection,6
protestant,6
stalk,6
vessels,6
conceptual,6
hallmarks,6
stakeholders,6
takeaway,6
dora,6
checkpoint,6
unrecognizable,6
ramping,6
interrupt,6
chases,6
panelists,6
divert,6
frisbee,6
andres,6
carmichael,6
stalemate,6
peacock,6
stagnant,6
trustees,6
endowment,6
muted,6
globalization,6
strategists,6
uss,6
financing,6
polluting,6
environmentalist,6
corgi,6
traced,6
wolfe,6
inevitability,6
contradict,6
blm,6
wrench,6
planners,6
cruelest,6
bulldogs,6
forcibly,6
green,6
heartbreaking,6
unprecedented,6
clouds,6
debris,6
scientist,6
pet,6
competitors,6
deliberate,6
ash,6
elevated,6
towers,6
mourns,6
sunlight,6
import,6
earthquake,6
ambitious,6
tourism,6
coast,6
shatter,6
doe,6
peacefully,6
appalled,6
residential,6
32-year,6
ravaged,6
forged,6
completing,6
enforcing,6
denier,6
toxic,6
humans,6
pooch,6
canine,6
doctrine,6
houston,6
ca,6
ignores,6
pact,6
monitoring,6
raging,6
retiring,6
plight,6
damage,6
buried,6
niagara,6
weaken,6
fostering,6
favoring,6
kai,6
dystopia,6
delve,6
grimm,6
iceberg,6
pa,6
appointees,6
susie,6
boasting,6
unsettling,6
trampled,6
hordes,6
relocated,6
repairing,6
hippo,6
grapples,6
shrinking,6
shakers,6
rarest,6
veterinary,6
ablaze,6
batteries,6
swath,6
comply,6
windfall,6
rodents,6
unregulated,6
flagship,6
motorist,6
uncovers,6
unsuccessful,6
dome,6
drags,6
gorge,6
waits,6
sided,6
greed,6
roam,6
stared,6
embedded,6
miraculously,6
diggs,6
ceremonial,6
avenues,6
dependency,6
chains,6
taping,6
litmus,6
grass,6
presumed,6
soggy,6
misstep,6
malnourished,6
shane,6
erosion,6
internally,6
synthetic,6
assignments,6
installed,6
hooks,6
oddest,6
biking,6
reshaping,6
soulmate,6
equilibrium,6
biomedical,6
relic,6
liable,6
sponge,6
personhood,6
dengue,6
boycotts,6
consumerism,6
worsening,6
vanish,6
nairobi,6
scientifically,6
pseudo,6
beholden,6
gridlock,6
minimizing,6
manageable,6
southwestern,6
creeping,6
untested,6
workshops,6
linear,6
fests,6
arrow,6
logs,6
ram,6
pulp,6
sophistication,6
hinge,6
summary,6
poisoning,6
staggering,6
gulf,6
protect,6
lobbying,6
harvey,6
weather,6
reckless,6
eagle,6
killers,6
disruption,6
warn,6
sanctuary,6
undercover,6
melted,6
contaminated,6
frog,6
burning,5
protecting,5
crushing,5
ripping,5
highways,5
deception,5
declining,5
notably,5
emergencies,5
pending,5
kangaroo,5
stall,5
thinkers,5
carving,5
maze,5
insects,5
cat,5
stranded,5
technologies,5
destruction,5
prompt,5
texans,5
visibility,5
gore,5
horrified,5
montreal,5
urgency,5
karma,5
indonesia,5
tribe,5
cruel,5
pets,5
delay,5
trees,5
solutions,5
tide,5
soy,5
entity,5
spikes,5
banter,5
ticked,5
apocalyptic,5
spar,5
discontinued,5
ticking,5
flashbacks,5
bald,5
dusting,5
critically,5
weary,5
grounding,5
automaker,5
rotting,5
deploy,5
leopard,5
morton,5
mischief,5
stances,5
devils,5
decreased,5
convene,5
negatively,5
keepers,5
lava,5
pavement,5
hailey,5
vigorously,5
pitbull,5
kittens,5
rabbit,5
ounces,5
visitor,5
bulgaria,5
oily,5
africans,5
roadside,5
limp,5
bart,5
rosie,5
abandonment,5
piper,5
combatting,5
collided,5
differs,5
treasured,5
unsustainable,5
depriving,5
tightening,5
fu,5
longed,5
novelty,5
weakening,5
bedrock,5
pedal,5
testifying,5
rockefeller,5
excluding,5
horseback,5
probed,5
sorely,5
bumped,5
nantucket,5
disheartening,5
validity,5
nuisance,5
suppressed,5
ari,5
adapting,5
irwin,5
vick,5
billing,5
relentlessly,5
spun,5
unfounded,5
paddle,5
toxicity,5
taiwanese,5
versatility,5
plummet,5
fortunes,5
sniff,5
nash,5
surged,5
tirelessly,5
eradicate,5
fodder,5
bulb,5
undone,5
cape,5
surf,5
industrial,5
nature,5
collectively,5
wilderness,5
cow,5
disappearing,5
cleaner,5
transformation,5
negotiations,5
investments,5
battered,5
aerial,5
bronx,5
projects,5
indefinitely,5
rainbows,5
soaked,5
cooling,5
doubling,5
regulating,5
superpower,5
dimension,5
aboard,5
fires,5
robust,5
changer,5
rooftop,5
symbolic,5
dump,5
furry,5
cardboard,5
denial,5
trapped,5
shameful,5
depressing,5
summit,5
snow,5
extreme,5
industry,5
cal,5
70-year,5
k.,5
chicks,5
halfway,5
normalcy,5
preps,5
alligators,5
unseen,5
accelerated,5
preceded,5
toasts,5
plagues,5
mines,5
rationale,5
leaping,5
voyage,5
grail,5
terribly,5
rosario,5
warms,5
folded,5
crosshairs,5
skeptics,5
loom,5
fright,5
critters,5
unscathed,5
vendor,5
hailed,5
southeastern,5
benchmark,5
render,5
plows,5
nicaragua,5
horizontal,5
expansion,5
hideous,5
relics,5
knots,5
potent,5
shipped,5
chao,5
43-year,5
snowy,5
adoptions,5
paw,5
amputee,5
den,5
trophy,5
tails,5
incapable,5
solomon,5
governmental,5
forums,5
kung,5
coasts,5
trunk,5
fungus,5
packard,5
esther,5
swung,5
agreeing,5
manipulating,5
dane,5
tasked,5
macarthur,5
superbug,5
biologically,5
americas,5
guise,5
watershed,5
seizes,5
otis,5
ethos,5
sao,5
badger,5
glare,5
bicycling,5
gazing,5
palpable,5
bouts,5
withstand,5
knocks,5
millennia,5
cereals,5
napa,5
academia,5
flaming,5
unplanned,5
holdings,5
watt,5
scapegoat,5
gandhi,5
footing,5
ceramic,5
squeezing,5
flaunt,5
affiliated,5
massive,5
sweetest,5
devastating,5
dakota,5
discussions,5
sacramento,5
hottest,5
doom,5
beans,5
widespread,5
resources,5
forecast,5
degrees,5
firefighter,5
horrifying,5
culprit,5
mobilize,5
seals,5
spans,5
unavoidable,5
avalanche,5
hemisphere,5
paulo,5
smartest,5
egregious,5
pricing,5
sustaining,5
footprint,5
accelerate,5
gm,5
dangers,5
poison,5
blizzard,5
feathers,5
stern,5
complexity,5
waves,5
threatens,5
park,5
smallest,5
implement,5
supply,5
louisiana,5
milestone,5
levels,5
stream,5
fur,5
save,5
traumatized,5
scientists,5
escaping,5
destructive,5
tesla,5
prequel,5
caribbean,5
hitter,5
swept,5
completion,5
dragging,5
refreshed,5
orphan,5
unstoppable,5
gurley,5
bigly,5
helicopters,5
installing,5
assessed,5
onboard,5
nova,5
livestock,5
smoky,5
eviction,5
vowing,5
trumped,5
builder,5
isabella,5
boiling,5
matthew,5
spectator,5
tainted,5
nat,5
partnering,5
unlucky,5
stares,5
defy,5
adopting,5
chihuahua,5
notices,5
raided,5
brags,5
bella,5
smarts,5
greets,5
rusty,5
snatched,5
sublime,5
feasible,5
crane,5
librarian,5
preserving,5
yielded,5
accelerating,5
affirm,5
blankenship,5
labs,5
halting,5
erode,5
canary,5
indicators,5
discounted,5
zombies,5
indirectly,5
chasm,5
pressuring,5
prosperous,5
turbulent,5
breads,5
shells,5
angles,5
fragmented,5
maximizing,5
traders,5
omaha,5
inject,5
mortal,5
remote,5
cats,5
haiti,5
protections,5
transformed,5
homes,5
rising,5
accidents,5
rapid,5
doubled,5
facility,5
paris,5
disaster,5
governors,5
withdrawal,5
toxins,5
litigation,5
fluffy,5
bulk,5
boulder,5
sciences,5
bikes,5
almond,5
communities,5
spotted,5
lawsuits,5
damaged,5
pledge,5
nations,4
listing,4
sinking,4
kitten,4
profoundly,4
corporation,4
transport,4
boxer,4
antibiotic,4
threatened,4
generations,4
globally,4
sheet,4
wire,4
air,4
record,4
tiger,4
infrastructure,4
hunter,4
damaging,4
regulate,4
primed,4
revamped,4
unheard,4
freeze,4
pandering,4
mentioning,4
wrecked,4
climber,4
mcauliffe,4
boone,4
withdrawing,4
plateau,4
aligned,4
uncharted,4
meantime,4
pier,4
burying,4
approximately,4
foray,4
weirdly,4
outlines,4
wiped,4
concession,4
embarked,4
veganism,4
explode,4
portions,4
designation,4
eases,4
pluto,4
flourishing,4
inception,4
quadruple,4
pi,4
trashing,4
taped,4
unbreakable,4
inflict,4
impactful,4
oft,4
vividly,4
rubbing,4
revives,4
jaws,4
wendell,4
bialik,4
tanker,4
greener,4
virtuous,4
impoverished,4
societies,4
fragility,4
permit,4
beltway,4
raft,4
gloriously,4
poached,4
bicycles,4
complicate,4
icing,4
bardot,4
unchecked,4
elevating,4
mutant,4
tarnished,4
brewer,4
circling,4
multinational,4
intimidate,4
tended,4
squarely,4
siren,4
statute,4
plentiful,4
disingenuous,4
sunburn,4
reclaimed,4
rivers,4
residents,4
governance,4
area,4
tossed,4
enforce,4
development,4
construction,4
fields,4
stricter,4
combating,4
lou,4
ducks,4
continent,4
delaware,4
rebellion,4
brighter,4
fuzzy,4
collapses,4
oriented,4
ridley,4
trooper,4
owl,4
economy,4
plant,4
stable,4
electric,4
stretching,4
shell,4
spinning,4
environments,4
mountain,4
saved,4
saving,4
sloth,4
burned,4
monument,4
turkeys,4
elon,4
denmark,4
aggressively,4
intensifies,4
lingers,4
magician,4
tackling,4
complacency,4
onslaught,4
merge,4
surpassed,4
lauded,4
subconscious,4
crazed,4
supermarkets,4
rigging,4
angered,4
rockies,4
tenants,4
warmest,4
measurements,4
mythology,4
helpless,4
beater,4
severed,4
buffer,4
waldo,4
stature,4
disagreements,4
teamwork,4
mayim,4
herald,4
excluded,4
orphans,4
alumni,4
convey,4
s√£o,4
affordability,4
indefensible,4
thaw,4
inseparable,4
nurtured,4
rewriting,4
coated,4
urgently,4
cultivated,4
securing,4
varies,4
assist,4
heath,4
snowfall,4
precision,4
improbable,4
prairie,4
=,4
rooftops,4
azerbaijan,4
rightful,4
mosaic,4
downing,4
reuse,4
commented,4
caused,4
records,4
vegan,4
highway,4
northern,4
regions,4
paths,4
disastrous,4
devil,4
islands,4
management,4
attacking,4
tank,4
unwanted,4
fountain,4
blankets,4
disproportionately,4
ashes,4
knocking,4
scrap,4
clearer,4
fog,4
volatile,4
strongest,4
digs,4
poured,4
steep,4
harmful,4
heed,4
wrecking,4
threat,4
areas,4
southern,4
bird,4
tail,4
tpp,4
filmed,4
disturbing,4
largest,4
scale,4
regulator,4
manages,4
halts,4
higgins,4
shovel,4
tout,4
plastic,4
northeastern,4
rodeo,4
tibetan,4
figuratively,4
chopping,4
marketplace,4
capitals,4
microphone,4
reprieve,4
advisory,4
conform,4
congo,4
lovable,4
bark,4
arbitrary,4
ontario,4
precarious,4
porch,4
cracking,4
cafes,4
pragmatic,4
grin,4
n.c,4
steamed,4
certified,4
metropolis,4
cooperating,4
manifesto,4
removal,4
ouster,4
confined,4
derail,4
dixon,4
determining,4
lovin',4
grossly,4
richness,4
complement,4
heinous,4
tier,4
subjected,4
horrendous,4
statewide,4
unparalleled,4
slices,4
railroad,4
unintentionally,4
herbal,4
tofu,4
concentrated,4
action,4
proposed,4
humanity,4
injured,4
tennessee,4
urban,4
cuomo,4
honey,4
malaysia,4
economic,4
crossing,4
pacific,4
battlefield,4
steady,4
population,4
injuring,4
abandon,4
precedent,4
escalating,4
pantry,4
produces,4
exploitation,4
sponsor,4
cherish,4
circumstance,4
natural,4
el,4
drones,4
implications,4
resulting,4
technological,4
danny,4
sixth,4
causing,4
canadian,4
illegal,4
murkowski,4
‚Äî,4
bitten,4
deliveries,4
scorched,4
civilized,4
untrue,4
natives,4
incompetence,4
completes,4
pathways,4
frightened,4
uae,4
slopes,4
portuguese,4
spells,4
graveyard,4
shuffle,4
magnitude,4
resting,4
commonplace,4
choked,4
derails,4
sprung,4
cummings,4
sunk,4
livable,4
harming,4
adopts,4
drenched,4
impatient,4
mainland,4
fernando,4
godzilla,4
activated,4
desperation,4
immerse,4
catholics,4
razor,4
pollen,4
reassuring,4
acknowledges,4
sunsets,4
peruvian,4
hypocritical,4
31st,4
imaginable,4
assertion,4
ropes,4
journals,4
havens,4
fond,4
yak,4
abyss,4
crocodile,4
harmon,4
brigitte,4
comprehend,4
breached,4
l.a,4
swiftly,4
deposit,4
translates,4
unreasonable,4
bo,4
knocked,4
permanently,4
contributed,4
concluded,4
generate,4
makers,4
platforms,4
lake,4
reduce,4
un,4
factory,4
efforts,4
musk,4
gravity,4
equity,4
mesmerizing,4
cincinnati,4
10th,4
tackle,4
regulation,4
systems,4
feds,4
sources,4
touts,4
bali,4
drastically,4
economies,4
painfully,4
majestic,4
shapes,4
depend,4
peta,4
cynical,4
steadily,4
footsteps,4
commitment,4
kills,4
captures,4
harvard,4
considers,4
vampire,4
sites,4
disconnect,4
conditions,4
resilient,4
fueled,4
wolf,4
collaborating,4
intense,4
analyzing,4
legislative,4
disarray,4
secured,4
casualty,4
volunteering,4
debunking,4
disappear,4
drained,4
integration,4
doomsday,4
hunt,4
inherit,4
underwater,4
shipping,4
develops,4
shattering,4
tibet,4
endings,4
reeling,4
bracing,4
incomplete,4
enabled,4
comforts,4
circular,4
registering,4
dinosaurs,4
mythical,4
negotiation,4
unrelenting,4
predicted,4
needless,4
critiques,4
climbs,4
publicized,4
erased,4
marisa,4
fundraisers,4
inform,4
surroundings,4
absurdity,4
dresser,4
assumes,4
groundwork,4
harvest,4
fitted,4
modeled,4
obscure,4
balances,4
benign,4
barker,4
stimulation,4
hotspots,4
municipal,4
interconnected,4
routinely,4
ipads,4
manhood,4
geeks,4
hopped,4
enormously,4
systematically,4
goers,4
eerily,4
cosmos,4
solve,4
hundreds,4
land,4
contain,4
technical,4
woes,4
fence,4
flew,4
facilities,4
lightning,4
decade,4
kicking,4
implementation,4
reservation,4
leap,4
cleared,4
sidelines,4
pivotal,4
monkeys,4
agency,4
swim,4
brace,4
severely,4
worldwide,3
wave,3
trail,3
alarming,3
stark,3
survival,3
captured,3
firms,3
phase,3
swimmer,3
coincidence,3
burdens,3
poo,3
erupts,3
delegation,3
drums,3
stored,3
inhabit,3
historically,3
blooms,3
operators,3
smuggling,3
freaky,3
tb,3
stricken,3
indicator,3
homo,3
smashing,3
gallon,3
dartmouth,3
superbugs,3
breeze,3
swan,3
incorporated,3
surging,3
inadequate,3
brakes,3
kayak,3
induced,3
burnt,3
teeny,3
pitched,3
optimistic,3
unfolding,3
earl,3
joyce,3
cartoons,3
eyeing,3
whatsoever,3
aisles,3
lungs,3
descended,3
negotiators,3
mounts,3
photographing,3
outline,3
succeeded,3
leaps,3
proximity,3
impacting,3
35-year,3
genetically,3
capitalize,3
ruthless,3
vitality,3
beads,3
utmost,3
avert,3
minerals,3
eastern,3
philippines,3
tipping,3
monster,3
businesses,3
engineering,3
15-year,3
outlook,3
lifted,3
goat,3
ignoring,3
molly,3
sheds,3
marking,3
defeating,3
tucked,3
nhl,3
crowded,3
emerges,3
playbook,3
pervasive,3
committing,3
march,3
route,3
encounter,3
recognized,3
alternatives,3
shortly,3
numerous,3
risky,3
addition,3
trigger,3
owners,3
oldest,3
progress,3
unusual,3
activists,3
deadly,3
smoke,3
vibes,3
whipped,3
battled,3
stumbling,3
lifesaving,3
extent,3
wary,3
ton,3
footage,3
ironically,3
stubborn,3
davidson,3
conventional,3
abolish,3
farewell,3
dry,3
stating,3
mysteriously,3
horrific,3
interests,3
warrant,3
diving,3
destroys,3
enters,3
coordinator,3
switzerland,3
conceive,3
transcend,3
frames,3
signal,3
ignited,3
abuser,3
rebound,3
distinguished,3
generating,3
nestle,3
individually,3
behaved,3
ethereal,3
factories,3
reliance,3
sobbing,3
ports,3
swarm,3
skins,3
ordeal,3
derived,3
goodies,3
benefited,3
cheerleaders,3
hugely,3
lois,3
markets,3
investment,3
clash,3
prompts,3
waited,3
transit,3
beneficial,3
toward,3
owner,3
coats,3
demise,3
ricky,3
17-year,3
miracles,3
sweeping,3
heavy,3
profits,3
dicaprio,3
seize,3
fend,3
dismantling,3
kinder,3
birmingham,3
brit,3
steaks,3
disagreement,3
nets,3
alpha,3
confirming,3
authored,3
symphony,3
plunges,3
starvation,3
subpoena,3
exploited,3
superintendent,3
concerning,3
marshmallow,3
fractured,3
scholars,3
trainer,3
observatory,3
observer,3
condo,3
hijacked,3
riches,3
hiatus,3
undoing,3
roadmap,3
injustices,3
disagrees,3
slowing,3
planetary,3
24-hour,3
granting,3
optical,3
cater,3
bristol,3
expat,3
shopper,3
boat,3
trash,3
bay,3
tens,3
rejects,3
yorkers,3
crisis,3
occurs,3
assembly,3
vets,3
illegally,3
settled,3
science,3
phenomenon,3
illinois,3
overlook,3
cracked,3
producers,3
hedge,3
rushing,3
reign,3
appetite,3
ground,3
lovers,3
array,3
deserved,3
headquarters,3
towns,3
wet,3
dutch,3
toll,3
feed,3
produce,3
mine,3
proposing,3
pipes,3
refuge,3
gaining,3
diesel,3
brewing,3
humidity,3
breakthroughs,3
separating,3
coordination,3
urging,3
distorted,3
descend,3
herd,3
vince,3
disrupting,3
antibiotics,3
cattle,3
reindeer,3
pigs,3
stereotypical,3
parks,3
expiration,3
limbs,3
metropolitan,3
jackets,3
duties,3
mimic,3
bricks,3
ding,3
40th,3
prehistoric,3
banker,3
landscapes,3
borrowed,3
feeds,3
robs,3
envisioned,3
takeaways,3
rebirth,3
domain,3
savior,3
definitions,3
imperial,3
godfather,3
midterms,3
catalyst,3
erik,3
hollow,3
stocked,3
ridicule,3
mounted,3
asap,3
marketed,3
meters,3
swimmers,3
developers,3
prevalent,3
barber,3
stronger,3
locals,3
ears,3
daunting,3
cheaper,3
landmark,3
mountains,3
freed,3
deadliest,3
destroying,3
dirt,3
oakland,3
legislators,3
disclose,3
trade,3
adopt,3
bike,3
power,3
concern,3
counties,3
recognizes,3
prioritize,3
waist,3
loop,3
nut,3
forum,3
escaped,3
establish,3
oklahoma,3
operations,3
significantly,3
monday,3
boils,3
controls,3
ice,3
faa,3
trophies,3
weaker,3
quantity,3
mr,3
heavier,3
hawaiian,3
withdraw,3
unveiled,3
pronounced,3
forbidden,3
immersed,3
degrading,3
pandemic,3
reviewed,3
ridge,3
hitched,3
reigns,3
respite,3
simplify,3
prey,3
advisors,3
fetch,3
unesco,3
proclaimed,3
unlimited,3
gonzalez,3
lunar,3
rubble,3
gunned,3
tire,3
wider,3
cluster,3
federation,3
facilitate,3
ftc,3
ministers,3
blossoms,3
relied,3
champs,3
demeaning,3
traces,3
suppress,3
deployment,3
palms,3
biology,3
bankrupt,3
bypass,3
abstract,3
aubrey,3
constructed,3
collaborations,3
aspen,3
reel,3
tame,3
colony,3
awww,3
trajectory,3
efficiently,3
hunting,3
pledges,3
meat,3
lethal,3
utah,3
vital,3
vast,3
arrive,3
crop,3
bunny,3
saves,3
dying,3
rocks,3
flames,3
shelf,3
club,3
burns,3
beings,3
limits,3
evident,3
taps,3
leo,3
representing,3
verge,3
future,3
sand,3
unlikely,3
kill,3
leaks,3
trusted,3
threaten,3
die,3
fire,3
explosion,3
critical,3
collective,3
cars,3
worrisome,3
advisor,3
illustrator,3
margins,3
philosopher,3
sucked,3
asia,3
transitioning,3
oversight,3
seizure,3
shines,3
staging,3
soil,3
reshape,3
cave,3
protects,3
reliable,3
coleman,3
rat,3
underway,3
pressed,3
bathtub,3
raps,3
feline,3
marley,3
tumultuous,3
diminished,3
polarized,3
crosses,3
kitty,3
deserving,3
philosophical,3
towering,3
explicit,3
kramer,3
satisfy,3
reverend,3
concentrate,3
heartland,3
verse,3
sheen,3
singular,3
outright,3
offending,3
fronts,3
geography,3
purely,3
adequately,3
arc,3
platform,3
determined,3
managed,3
montana,3
products,3
supplies,3
hawaii,3
affecting,3
conclusion,3
nest,3
mandatory,3
stocks,3
horse,3
resistance,3
leadership,3
island,3
priority,3
remarkable,3
satellite,3
cared,3
showcase,3
spreads,3
examined,3
drill,3
gag,3
architects,3
administration,3
capture,3
swimming,3
killer,3
parts,3
witness,3
declined,3
misleading,3
improving,3
emerge,3
overseas,3
rico,3
deny,3
issued,3
desperate,3
council,3
tiny,3
killed,3
demand,3
progression,3
carve,3
components,3
leaking,3
fury,3
dedicate,3
altitude,3
developer,3
subscribe,3
disservice,3
investigates,3
grappling,3
obstructive,3
rigorous,3
vegetarians,3
offs,3
bermuda,3
recycled,3
27-year,3
splash,3
buenos,3
aires,3
dismissal,3
waging,3
ugh,3
sock,3
landlord,3
inflicted,3
eaters,3
prosthetic,3
richmond,3
instrument,3
freeway,3
adjusting,3
demonstrates,3
steam,3
salvation,3
wee,3
lifeline,3
unsurprisingly,3
ingenious,3
apes,3
barbra,3
famine,3
storyline,3
violently,3
prepping,3
yields,3
boiled,3
dispatch,3
transforming,3
thousands,3
companies,3
named,3
follows,3
backyard,3
fell,3
planes,3
vulnerable,3
producing,3
breathe,3
represent,3
managers,3
terrified,3
nearby,3
owned,3
region,3
address,3
dependent,3
strict,3
creature,3
grandchildren,3
reflected,3
negotiate,3
branding,3
sees,3
decline,3
aftermath,3
cities,3
signed,3
giant,3
increasing,3
across,3
freezing,3
prompted,3
macron,3
norway,3
fi,3
fade,3
elsa,3
moods,3
incoming,3
fiji,3
cows,3
wrath,3
carnage,3
schmidt,3
province,3
influential,3
peoples,3
indifference,3
expedition,3
glitch,3
threshold,3
prevail,3
tsunami,3
weak,3
coordinated,3
brittany,3
realizes,3
hurdle,3
witnesses,3
compliance,3
mechanisms,3
beacon,3
enrich,3
blowout,3
heck,3
respectful,3
revisiting,3
woo,3
bury,3
pretending,3
assembled,3
prolific,3
beginner,3
creatively,3
embodies,3
practitioners,3
haves,3
legged,3
crumbling,3
faiths,3
pots,3
rugged,3
protocol,3
cautious,3
wolverine,3
decreasing,3
rage,3
throwing,3
visitors,3
miami,3
national,3
battling,3
bloomberg,3
documents,3
boom,3
function,3
citizens,3
shifts,3
cap,3
halt,3
racing,3
balanced,3
weed,3
countries,3
harm,3
displaced,3
shelves,3
imperative,3
jumps,3
guardians,3
limitations,3
seal,3
nasa,3
gross,3
described,3
jobs,3
narrow,3
midterm,3
iowa,3
communications,3
current,3
heritage,3
thigh,3
cotton,3
cowboy,3
tow,3
lining,3
fined,3
sounding,3
surrounded,3
keen,3
snakes,3
engine,3
stumped,3
kits,3
petersburg,3
cherry,3
detected,3
hides,3
manicure,3
probing,3
rope,3
skeleton,3
ana,3
agreements,3
proportions,3
easing,3
albeit,3
misconception,3
envoy,3
predatory,3
apologies,3
instruments,3
containers,3
prospects,3
cheeses,3
francois,3
volumes,3
collaborate,3
tidal,3
quaint,3
falcons,3
u.s.a,3
argentine,3
allegiance,3
pioneers,3
exploit,3
gotham,3
emergency,3
buildings,3
resilience,3
phoenix,3
suffered,3
volunteers,3
attorneys,3
nurses,3
kit,3
canada,3
india,3
increased,3
task,3
warning,3
pointing,3
havoc,3
consumers,3
neglect,3
hobby,3
weighed,3
expected,3
texas,3
standing,3
significant,3
poverty,3
researcher,3
desperately,3
australia,2
reverse,2
tragic,2
revolution,2
florida,2
cost,2
apathy,2
intend,2
poultry,2
lobbyist,2
scramble,2
tracker,2
bernard,2
buddies,2
hoax,2
surrounds,2
alligator,2
sunshine,2
spit,2
mae,2
buyers,2
survives,2
unthinkable,2
ditching,2
unsuspecting,2
bleeding,2
ensure,2
defies,2
sometime,2
tackled,2
miners,2
deceptive,2
doses,2
polarizing,2
provisions,2
incentives,2
champions,2
vimeo,2
knit,2
anxieties,2
exquisite,2
oneself,2
supplement,2
thwart,2
assert,2
secretive,2
complicit,2
paramount,2
proclamation,2
speed,2
source,2
throws,2
addressing,2
seeds,2
storage,2
maine,2
occurred,2
consequences,2
dangerous,2
overhaul,2
mercy,2
interact,2
dozens,2
bend,2
looms,2
advocates,2
flowing,2
pledged,2
cold,2
century,2
bones,2
pig,2
authorities,2
located,2
reject,2
graphic,2
fight,2
additional,2
commit,2
precautions,2
fled,2
boil,2
transplants,2
dawson,2
berkeley,2
condemning,2
sage,2
pablo,2
rangers,2
30-year,2
stacked,2
tragically,2
rim,2
conferences,2
wasted,2
exotic,2
hopping,2
capitalism,2
sophie,2
tanks,2
rouge,2
educate,2
lens,2
endeavor,2
connecting,2
consulting,2
bffs,2
rants,2
streisand,2
testament,2
constitutes,2
grossing,2
thunder,2
inadvertently,2
marines,2
conceived,2
embark,2
unintended,2
killing,2
handed,2
expand,2
sacred,2
human,2
declaration,2
eliminate,2
blew,2
foul,2
thus,2
paradise,2
effects,2
deliver,2
chain,2
ignore,2
driven,2
approved,2
widely,2
valuable,2
beach,2
millions,2
irrelevant,2
preserved,2
17th,2
h.,2
activism,2
gunfire,2
envision,2
tallest,2
mobil,2
worrying,2
peer,2
mention,2
predicts,2
canal,2
correctly,2
rwanda,2
whirlwind,2
soulful,2
eugene,2
gate,2
oddly,2
misconceptions,2
database,2
detroit,2
proceeds,2
betrayed,2
r.,2
profitable,2
kimberly,2
unpredictable,2
friedman,2
pumping,2
willie,2
deter,2
copper,2
gigantic,2
aussie,2
persistence,2
plague,2
hospice,2
missouri,2
opposite,2
hitting,2
leg,2
surrounding,2
depends,2
closer,2
village,2
unless,2
ethical,2
responses,2
built,2
nearly,2
worried,2
screw,2
darren,2
mandate,2
drain,2
understands,2
translate,2
consumption,2
engineer,2
origins,2
acted,2
estimates,2
price,2
towards,2
alive,2
innovation,2
emerged,2
philosophy,2
policy,2
dramatic,2
preventing,2
document,2
koch,2
meaningful,2
beginning,2
unnecessary,2
shore,2
universally,2
puerto,2
demonstrated,2
territory,2
salvador,2
anita,2
submarine,2
garage,2
selfies,2
wales,2
heartbroken,2
trudeau,2
disappearance,2
baron,2
capabilities,2
investigator,2
varieties,2
larson,2
disruptive,2
enact,2
usage,2
bottled,2
pumped,2
vigil,2
guessed,2
illustrate,2
woven,2
bleak,2
conducting,2
ideological,2
africa,2
bomb,2
bridge,2
provides,2
breathing,2
peak,2
retired,2
spreading,2
promote,2
cares,2
escape,2
historic,2
dirty,2
causes,2
complex,2
huge,2
surrender,2
chick,2
bust,2
filmmakers,2
mouth,2
clues,2
ranging,2
spite,2
dead,2
partisan,2
secretly,2
agenda,2
require,2
large,2
imagined,2
21st,2
tree,2
essential,2
dies,2
united,2
brutal,2
reserve,2
amazon,2
precious,2
approaches,2
fireworks,2
vibrant,2
bee,2
momentum,2
fund,2
females,2
neutral,2
kathleen,2
samuel,2
nafta,2
cancelled,2
cleansing,2
recruit,2
notoriously,2
actively,2
flips,2
sparking,2
sensible,2
compass,2
avoiding,2
circles,2
hawks,2
dealt,2
highs,2
browns,2
relevance,2
unsafe,2
academics,2
dubious,2
riders,2
quake,2
hollande,2
regarded,2
enhancing,2
copenhagen,2
earnings,2
fixes,2
choking,2
inc,2
ingredient,2
happening,2
dilemma,2
proposes,2
major,2
beyond,2
changing,2
surreal,2
safer,2
brooks,2
eagles,2
cooperation,2
torn,2
trains,2
diseases,2
bridges,2
essentially,2
conduct,2
standard,2
china,2
conference,2
sale,2
carrying,2
twin,2
achieve,2
overnight,2
segregation,2
lending,2
undermine,2
threats,2
pathetic,2
projected,2
scan,2
terminally,2
mankind,2
chewing,2
11-year,2
thoroughly,2
blooming,2
advances,2
freeman,2
recurring,2
injustice,2
forthcoming,2
alleviate,2
traded,2
planted,2
overturn,2
barton,2
spilled,2
religions,2
declines,2
belts,2
buffet,2
40-year,2
bio,2
rare,2
valley,2
fighting,2
passing,2
stood,2
effectively,2
improved,2
legal,2
attempting,2
blamed,2
grave,2
attitudes,2
sacrifice,2
individual,2
cage,2
delivering,2
affected,2
curse,2
dietary,2
pools,2
challenges,2
died,2
priorities,2
promising,2
assistance,2
drinking,2
approach,2
left,2
zones,2
abruptly,2
postal,2
floats,2
transportation,2
explosions,2
thanks,2
analyze,2
rock,2
sectors,2
haired,2
suburbs,2
legally,2
serenity,2
index,2
guinea,2
photograph,2
bundle,2
joey,2
draper,2
watering,2
collide,2
persons,2
subsequent,2
interfere,2
assure,2
aiming,2
targets,2
accepts,2
misinformation,2
involvement,2
bless,2
significance,2
confuse,2
vulnerability,2
legitimacy,2
pickle,2
manifest,2
uva,2
astonishing,2
dove,2
internationally,2
hips,2
chance,2
movement,2
limit,2
heading,2
mass,2
state,2
recognizing,2
announce,2
jose,2
exploration,2
posed,2
suddenly,2
landscape,2
states,2
kenya,2
inclusion,2
frozen,2
emerging,2
ban,2
exhibit,2
frustration,2
25-year,2
speeding,2
terry,2
warmer,2
pave,2
conflicting,2
outcry,2
collusion,2
nuns,2
surround,2
evolving,2
bank,2
resistant,2
rebuilding,2
fooled,2
inch,2
senseless,2
famously,2
50th,2
anticipate,2
splits,2
awaiting,2
informed,2
scrambling,2
nowadays,2
atheist,2
partnerships,2
lanka,2
revolt,2
shamed,2
emerald,2
reps,2
sinks,2
nightly,2
pew,2
adequate,2
reduces,2
compelled,2
honduras,2
pathway,2
converted,2
reverses,2
co.,2
commercial,2
remain,2
bans,2
immediate,2
nose,2
arrived,2
target,2
ny,2
passage,2
risks,2
potentially,2
explosive,2
bean,2
pressure,2
returned,2
backing,2
directly,2
decades,2
shift,2
officials,2
virginia,2
tourists,2
multiple,2
stunned,2
rolled,2
needed,2
secrecy,2
austria,2
douglas,2
spree,2
grandson,2
equals,2
fastest,2
slaying,2
defending,2
borne,2
listed,2
tearing,2
trainers,2
unpleasant,2
occupied,2
underestimate,2
fla,2
boats,2
bravery,2
gadget,2
blatant,2
purchasing,2
akin,2
restrict,2
spirited,2
exploding,2
winston,2
falsely,2
perks,2
lingering,2
arrangements,2
mistakenly,2
bangkok,2
brawl,2
estimate,2
crews,2
altering,2
announcements,2
proceed,2
crusade,2
earns,2
inherent,2
pals,2
veil,2
distinction,2
opposition,2
catch,2
impact,2
building,2
jerry,2
troubling,2
sunny,2
west,2
japan,2
relatives,2
losses,2
awful,2
lapse,2
moved,2
till,2
argued,2
destiny,2
suffering,2
hole,2
greater,2
slam,2
neighborhoods,2
essay,2
courts,2
activities,2
reached,2
october,2
handing,2
thankful,2
slated,2
explodes,2
existential,2
near,2
4th,2
surveyed,2
consecutive,2
limbo,2
sensation,2
loophole,2
predictions,2
begs,2
decides,2
hanging,2
raid,2
recounts,2
educator,2
mickey,2
classy,2
recharge,2
produced,2
minnesota,2
disregard,2
simplicity,2
watts,2
wielding,2
proactive,2
respects,2
traps,2
tongue,2
jewel,2
downside,2
infinite,2
lennon,2
repeating,2
shoulders,2
classmates,2
hearted,2
formally,2
iv,2
taxing,2
restless,2
direction,2
gov,2
miles,2
passionate,2
symbol,2
project,2
east,2
native,2
issues,2
urged,2
hurting,2
developing,2
blue,2
nepal,2
flee,2
yale,2
suffer,2
c,2
originally,2
closest,2
destroy,2
oral,2
feared,2
small,2
temporary,2
roof,2
itself,2
homeless,2
surface,2
leaving,2
effort,2
issue,2
pound,2
bite,2
warehouse,2
persistent,2
fee,2
recruiting,2
mushrooms,2
refuses,2
xi,2
exam,2
grandmother,2
backers,2
unofficial,2
o'brien,2
lifting,2
remarkably,2
laurent,2
freshly,2
selfless,2
heated,2
span,2
asthma,2
stalled,2
boot,2
tissues,2
angst,2
harness,2
crafted,2
pal,2
louder,2
edges,2
varied,2
protestors,2
predators,2
shutting,2
dried,2
resume,2
governing,2
hub,2
library,2
blind,2
reflections,2
exploring,2
dallas,2
moves,2
percent,2
danger,2
bills,2
deep,2
truths,2
mile,2
sparked,2
innovative,2
bloody,2
leaders,2
responsible,2
hopeful,2
dairy,2
invented,2
rocky,2
chilling,2
industries,2
port,2
deaf,2
measures,2
institution,2
builds,2
bipartisan,2
arkansas,2
enormous,2
ditch,2
switch,2
attempt,2
worse,2
mexico,2
strong,2
broken,2
lock,2
processing,2
snaps,2
pole,2
defying,2
greene,2
rages,2
suv,2
spectacular,2
adaptation,2
rallying,2
snapped,2
unveils,2
dysfunction,2
athens,2
cemetery,2
purposes,2
documenting,2
implies,2
cheapest,2
gently,2
signals,2
cultivating,2
morality,2
migration,2
astounding,2
enjoys,2
booming,2
rays,2
contacts,2
continued,2
terrifying,2
borders,2
curb,2
committed,2
thomas,2
missing,2
congress,2
globe,2
report,2
window,2
shock,2
beating,2
nowhere,2
plan,2
flying,2
cheap,2
wounds,2
approval,2
mice,2
supermarket,2
bullet,2
studying,2
ride,2
nation,2
chart,2
hope,2
viewers,2
multi,2
join,2
hell,2
army,2
opportunity,2
shattered,2
cathedral,2
countless,2
exit,2
scenic,2
tanzania,2
apocalypse,2
elect,2
specialist,2
concentration,2
nickname,2
smiling,2
skull,2
‚Ä¶,2
timely,2
unicorn,2
impacted,2
argues,2
pension,2
tense,2
toyota,2
far,2
confirmed,2
costs,2
mirror,2
main,2
apparent,2
correct,2
offering,2
adopted,2
exact,2
vegetarian,2
opportunities,2
aims,2
public,2
lights,2
african,2
spell,2
caught,2
walter,2
mini,2
recently,2
stake,2
survived,2
feet,2
western,2
program,2
sue,2
assets,2
vivid,2
unsure,2
undergoing,2
witnessing,2
capturing,2
grooming,2
separated,2
cairo,2
legitimate,2
motorcycle,2
hostage,2
obligations,2
proceedings,2
myriad,2
feedback,2
pumps,2
chiefs,2
heating,2
comparison,2
foremost,2
spine,2
sneaky,2
cites,2
clich√©,2
bounty,2
elites,2
attendance,2
convictions,2
suspicion,2
controversial,2
prevent,2
fights,2
thrown,2
strikes,2
pause,2
predict,2
stopping,2
indeed,2
alec,2
problems,2
traffic,2
devoted,2
bangladesh,2
masters,2
growth,2
glimpse,2
expanding,2
act,2
quarter,2
epic,2
heal,2
transition,2
streets,2
born,2
baby,2
moving,2
feeding,2
walmart,2
alternate,2
yield,2
startling,2
stirring,2
chapel,2
alison,2
betrayal,2
mph,2
realities,2
literal,2
tuberculosis,2
bbc,2
steer,2
chasing,2
fringe,2
ecuador,2
triggered,2
zach,2
intersection,2
illustrates,2
topics,2
innovations,2
faculty,2
horrors,2
equation,2
rejecting,2
unfamiliar,2
dangerously,2
degrasse,2
understanding,2
system,2
strange,2
giants,2
ally,2
sequel,2
executives,2
rises,2
guard,2
county,2
lawsuit,2
approves,2
genocide,2
mob,2
venture,2
crossed,2
moral,2
watch,2
nuclear,2
forced,2
everywhere,2
vehicle,2
sought,2
oct,2
virtual,2
governor,2
world,2
scary,2
force,2
garden,2
continue,2
blasted,2
releasing,2
emmanuel,2
schwarzenegger,2
rainy,2
advised,2
inquiry,2
oval,2
malaria,2
messed,2
prevented,2
consequence,2
unlock,2
provision,2
bowls,2
crow,2
dismisses,2
tent,2
buddhist,2
dazzling,2
partnership,2
vancouver,2
flats,2
advancing,2
presenting,2
pajamas,2
bubbles,2
naughty,2
placing,2
certainty,2
pad,2
mosquito,2
travis,2
gardening,2
government,2
groups,2
prominent,2
billions,2
beaches,2
sad,2
treats,2
hint,2
appeared,2
step,2
rush,2
production,2
wells,2
sir,2
prize,2
build,2
department,2
volunteer,2
hudson,2
covering,2
boundaries,2
south,2
perspective,2
range,2
presence,2
wealth,2
battle,2
numbers,2
packaging,2
chilly,2
gubernatorial,2
coalition,2
terrain,2
surfaced,2
partial,2
flights,2
plead,2
insecurity,2
formation,2
symptom,2
nominate,2
hugs,2
hygiene,2
atop,2
solving,2
mortality,2
demonstrations,2
assumption,2
answering,2
slew,2
escapes,2
shanghai,2
swallow,2
phillips,2
bursting,2
endured,2
seoul,2
crunch,2
muffins,2
discoveries,2
preventive,2
allison,2
turning,2
last,2
sky,2
continues,2
safe,2
pulls,2
gates,2
including,2
grew,2
reality,2
wednesday,2
exception,2
leak,2
thailand,2
propaganda,2
thompson,2
its,2
block,2
andrew,2
longer,2
wide,2
begins,2
exposed,2
empire,2
provided,2
distance,2
lies,2
neighborhood,2
wake,2
associated,2
attacked,2
threatening,2
lifelong,2
barred,2
jpmorgan,2
gardens,2
tapped,2
ancestors,2
indoors,2
landslide,2
steel,2
seized,2
advance,2
defensive,2
unfair,2
virtue,2
bathing,2
flies,2
sheets,2
shannon,2
danielle,2
spying,2
1990s,2
bearing,2
fuller,2
lend,2
relative,2
censorship,2
likelihood,2
bugs,2
grasp,2
enthusiasts,2
echo,2
dynamics,2
contentious,2
privileged,2
roll,2
potential,2
scared,2
pool,2
completely,2
activist,2
technology,2
myanmar,2
wings,2
december,2
prepared,2
importance,2
craig,2
downtown,2
arrival,2
grounds,2
finance,2
suing,2
infamous,2
sizes,2
supports,2
path,2
breaks,2
access,2
gathering,2
found,2
crew,2
dark,2
generation,2
value,2
april,2
placed,2
yourselves,2
astronauts,2
goods,2
siege,2
philly,2
grandpa,2
dated,2
consistently,2
renewed,2
protesting,2
recommendations,2
generated,2
breed,2
inflammatory,2
sheryl,2
killings,2
planets,2
tablet,2
spends,2
reinvent,2
achieved,2
interference,2
bells,2
organizer,2
civilization,2
slash,2
sink,2
witnessed,2
hooked,2
must,2
slow,2
federal,2
our,2
deaths,2
could,2
began,2
headed,2
alone,2
filed,2
jet,2
creating,2
mississippi,2
appeals,2
bringing,2
portion,2
existence,2
fundamental,2
corporate,2
iconic,2
ran,2
impose,2
shave,2
icymi,2
considerable,2
incidents,2
liberation,2
streak,2
scariest,2
ultimately,2
lasted,2
noble,2
nicholas,2
sealed,2
rhode,2
philanthropy,2
measuring,2
scares,2
palmer,2
undoubtedly,2
solely,2
devin,2
blockbuster,2
soaring,2
vague,2
references,2
asset,2
joseph,2
wonders,2
neck,2
dollar,2
based,2
spread,2
tested,2
mall,2
rejected,2
stand,2
patterns,2
drove,2
denver,2
enthusiasm,2
buffalo,2
auto,2
putting,2
horror,2
secure,2
responsibility,2
literally,2
torture,2
newest,2
helping,2
likely,2
paying,2
level,2
indian,2
eliminating,2
commission,2
utter,2
pine,2
champ,2
philippine,2
sweaters,2
guardian,2
diplomats,2
caps,2
overlooked,2
sri,2
contributor,2
md,2
comprehensive,2
1950s,2
istanbul,2
lab,2
firmly,2
ambitions,2
mantra,2
bonds,2
awakening,2
valued,2
leftovers,2
arise,2
rhythm,2
deepest,2
quality,2
meets,2
allies,2
channel,2
local,2
largely,2
serious,2
desert,2
colorado,2
finds,2
research,2
congressional,2
conspiracy,2
awe,2
questioning,2
pan,2
spike,2
refusing,2
train,2
done,2
meeting,2
poor,2
diverse,2
sends,2
reported,2
food,2
given,2
surprise,1
least,1
1980s,1
pure,1
meanwhile,1
reflect,1
incumbent,1
nears,1
economists,1
oasis,1
digging,1
discovered,1
veterans,1
log,1
mature,1
cameras,1
rats,1
collaboration,1
dramatically,1
relentless,1
amongst,1
symbols,1
strangest,1
heavily,1
civic,1
ripe,1
credible,1
labeled,1
implementing,1
effect,1
emails,1
diego,1
november,1
victory,1
recent,1
falls,1
great,1
anybody,1
troll,1
license,1
forever,1
reminder,1
lifetime,1
fail,1
outside,1
scott,1
smell,1
lay,1
investing,1
seemingly,1
afford,1
exist,1
driving,1
low,1
lines,1
controlled,1
virtually,1
crashing,1
goodbye,1
pleasures,1
castle,1
stella,1
complained,1
collapsed,1
tragedies,1
wrapping,1
obstacle,1
seasoned,1
awakens,1
load,1
plagued,1
equipped,1
maps,1
damages,1
central,1
market,1
outrageous,1
standards,1
row,1
immediately,1
oregon,1
u.s,1
excuses,1
behalf,1
alien,1
ago,1
blow,1
suggest,1
death,1
rick,1
unknown,1
solid,1
institutions,1
cut,1
event,1
caucus,1
accurate,1
rejoice,1
cheer,1
swedish,1
misguided,1
marches,1
brother,1
bass,1
clergy,1
ongoing,1
peru,1
possibly,1
pilots,1
hints,1
lana,1
maximum,1
showers,1
rejection,1
policies,1
lays,1
rebuild,1
amounts,1
cube,1
baton,1
resulted,1
poorest,1
assured,1
debunked,1
float,1
oppose,1
tampa,1
heroic,1
jelly,1
errors,1
offerings,1
flame,1
protective,1
safari,1
attachment,1
contracts,1
muse,1
due,1
recovery,1
takes,1
agencies,1
contribute,1
teeth,1
values,1
deeply,1
era,1
finally,1
already,1
clear,1
dc,1
forms,1
milk,1
mcdonald,1
badly,1
checks,1
international,1
community,1
experts,1
company,1
massachusetts,1
warm,1
struggle,1
normal,1
sending,1
australian,1
funding,1
behind,1
ties,1
leonard,1
harrowing,1
example,1
overload,1
convenient,1
cloud,1
rushed,1
gray,1
caring,1
searches,1
arriving,1
command,1
tapes,1
mia,1
tumor,1
lamb,1
guards,1
reaching,1
netherlands,1
transforms,1
haul,1
integrity,1
m,1
mouths,1
treasures,1
inviting,1
foreclosure,1
rise,1
friendly,1
explore,1
adorable,1
increase,1
posted,1
conscious,1
authors,1
separate,1
providers,1
jonathan,1
operation,1
cause,1
proposal,1
match,1
means,1
warned,1
dropping,1
alike,1
attempts,1
sales,1
claim,1
known,1
alarm,1
articles,1
gallup,1
legacy,1
strawberry,1
engaging,1
watches,1
leftover,1
profit,1
voices,1
methods,1
pbs,1
acknowledging,1
outdated,1
measured,1
disputes,1
grain,1
mistaken,1
tactic,1
uncommon,1
launch,1
off,1
drive,1
strategy,1
outdoor,1
partners,1
japanese,1
imagine,1
looked,1
open,1
activity,1
flash,1
skip,1
apparently,1
hit,1
murray,1
balls,1
mega,1
strength,1
stopped,1
years,1
cross,1
%,1
investors,1
fate,1
secretary,1
double,1
forgotten,1
san,1
facing,1
political,1
motivated,1
sight,1
stanley,1
gabrielle,1
thirds,1
forefront,1
spy,1
1970s,1
promoted,1
represents,1
metal,1
playful,1
sticky,1
cooks,1
strive,1
showcases,1
fines,1
hernandez,1
hammer,1
involving,1
entitled,1
conversion,1
renaissance,1
wwii,1
provocative,1
non,1
holds,1
silent,1
total,1
los,1
corporations,1
relatively,1
miracle,1
publicly,1
january,1
closed,1
scotland,1
obstacles,1
canceled,1
rex,1
glory,1
compete,1
accountability,1
researchers,1
bought,1
fallen,1
acknowledge,1
september,1
paint,1
billionaire,1
ends,1
by,1
watched,1
colored,1
overall,1
banning,1
prone,1
storytelling,1
elaborate,1
tales,1
edge,1
rumor,1
kicked,1
silk,1
suitcase,1
declares,1
extends,1
fusion,1
interactions,1
s.,1
daylight,1
grains,1
battery,1
precisely,1
stamps,1
rules,1
tech,1
showing,1
complicated,1
doors,1
champion,1
washington,1
prove,1
past,1
field,1
punch,1
architecture,1
propose,1
bath,1
tear,1
essence,1
versus,1
friendship,1
interior,1
facts,1
concerns,1
forces,1
winter,1
city,1
reunion,1
reputation,1
professionals,1
idaho,1
expense,1
archives,1
meetings,1
liver,1
separation,1
reward,1
divisive,1
spooky,1
criticizes,1
trading,1
rely,1
bottles,1
punished,1
astronaut,1
discovering,1
happily,1
stones,1
paradox,1
reluctant,1
belongs,1
stores,1
formed,1
obligation,1
sparkling,1
lobbyists,1
retail,1
restoring,1
july,1
interaction,1
mandela,1
grounded,1
per,1
tool,1
demands,1
holy,1
neighbors,1
michigan,1
mainstream,1
growing,1
announced,1
william,1
now,1
from,1
occur,1
myth,1
troubled,1
spray,1
longest,1
sake,1
organizations,1
forward,1
cooper,1
intended,1
joan,1
wrong,1
needs,1
grow,1
declared,1
refusal,1
indicates,1
peninsula,1
referring,1
tap,1
pockets,1
transfer,1
cries,1
substantial,1
dragon,1
brazil,1
amazed,1
attendees,1
vatican,1
evidence,1
merger,1
bombs,1
violation,1
windows,1
skies,1
external,1
chase,1
quote,1
mounting,1
become,1
votes,1
showed,1
wounded,1
foster,1
claims,1
plans,1
repeatedly,1
grieving,1
big,1
images,1
rural,1
horrible,1
ideal,1
amid,1
wing,1
connection,1
citing,1
fast,1
alabama,1
bottom,1
somewhere,1
legislation,1
ordering,1
grader,1
carry,1
drowning,1
ruins,1
patch,1
purchases,1
submitted,1
enable,1
hiking,1
shakespeare,1
outer,1
diplomacy,1
principles,1
requiring,1
calling,1
several,1
puts,1
breaking,1
this,1
mysterious,1
angeles,1
smart,1
goal,1
luther,1
disagree,1
chaos,1
spirits,1
conan,1
seattle,1
somewhat,1
existing,1
problem,1
message,1
miller,1
expensive,1
direct,1
dinosaur,1
intake,1
pilot,1
circumstances,1
ancient,1
relevant,1
brave,1
nathan,1
uncovered,1
haven,1
seasonal,1
yard,1
willingness,1
v,1
requirements,1
realizing,1
strip,1
breakthrough,1
cuteness,1
expressing,1
grandfather,1
appreciated,1
sci,1
households,1
coke,1
confronting,1
geographic,1
troubles,1
chooses,1
people,1
door,1
dealing,1
blast,1
stunning,1
estimated,1
stomach,1
egg,1
moscow,1
perry,1
camera,1
alternative,1
history,1
difference,1
considered,1
profound,1
warns,1
risk,1
hits,1
chamber,1
19th,1
sentence,1
none,1
lobby,1
tillerson,1
denying,1
unexpected,1
smash,1
cafe,1
exclusively,1
fearful,1
occasionally,1
applications,1
offenders,1
branch,1
violate,1
contributing,1
museum,1
seen,1
struggling,1
legs,1
searching,1
sets,1
fiction,1
limited,1
practices,1
lonely,1
prior,1
flower,1
lord,1
been,1
side,1
next,1
concerned,1
mission,1
robin,1
truth,1
bold,1
believed,1
enjoying,1
either,1
inequality,1
hidden,1
adjust,1
hangs,1
entrance,1
fundamentally,1
slim,1
approached,1
providing,1
wisely,1
invested,1
wreck,1
blows,1
volume,1
credibility,1
influences,1
move,1
weeks,1
over,1
send,1
highlights,1
cycle,1
deserves,1
lets,1
reviews,1
above,1
against,1
fault,1
competitive,1
hills,1
tend,1
accountable,1
qatar,1
feast,1
ray,1
shows,1
speak,1
stuck,1
another,1
co,1
santa,1
plunge,1
appearances,1
squeeze,1
accident,1
embarrassment,1
relief,1
recover,1
predictable,1
displays,1
dash,1
scratch,1
concept,1
default,1
oppression,1
ethics,1
chronicles,1
soundtrack,1
figuring,1
homeowners,1
consciously,1
nonprofits,1
outraged,1
tends,1
ideology,1
registration,1
boosting,1
rocking,1
put,1
end,1
meet,1
soon,1
initiative,1
front,1
taking,1
along,1
free,1
spot,1
root,1
gather,1
under,1
stop,1
senators,1
identified,1
larry,1
previously,1
cutting,1
mcconnell,1
laws,1
shot,1
yet,1
filled,1
chose,1
taxpayer,1
england,1
ordered,1
seemed,1
fort,1
fiery,1
attacker,1
connections,1
naacp,1
carol,1
flavored,1
sustained,1
tougher,1
groundbreaking,1
monkey,1
lesser,1
occupy,1
priceless,1
billionaires,1
applying,1
grip,1
whose,1
joined,1
will,1
orders,1
present,1
orange,1
worst,1
tremendous,1
hong,1
sized,1
newborn,1
replacement,1
bias,1
noise,1
nevada,1
entered,1
business,1
the,1
sick,1
group,1
heard,1
knows,1
sold,1
need,1
data,1
neither,1
craziest,1
shaking,1
airports,1
updated,1
seasons,1
bros,1
zealand,1
intelligent,1
dental,1
comforting,1
ruining,1
delivers,1
supposedly,1
liquid,1
pressing,1
support,1
than,1
dear,1
rest,1
into,1
aid,1
earlier,1
leader,1
shut,1
survive,1
decisions,1
retreat,1
drone,1
photographs,1
unable,1
capable,1
amber,1
north,1
safety,1
solution,1
used,1
mount,1
felony,1
university,1
regulators,1
smokers,1
mlk,1
surge,1
outstanding,1
contribution,1
fifth,1
counts,1
glowing,1
sara,1
culinary,1
consumed,1
mason,1
accomplishments,1
arguing,1
broader,1
correction,1
unbelievable,1
greens,1
inside,1
becomes,1
an,1
alert,1
truck,1
connect,1
requires,1
leaves,1
were,1
month,1
donate,1
exercises,1
neighbor,1
broad,1
foot,1
anniversary,1
bodies,1
battles,1
wrestling,1
shared,1
hosted,1
ought,1
error,1
cracks,1
reveal,1
justify,1
halls,1
blunt,1
term,1
sober,1
ghosts,1
services,1
kathy,1
accessory,1
vietnam,1
suspicious,1
wound,1
generally,1
consensus,1
nutritional,1
80s,1
surely,1
socially,1
prescription,1
illnesses,1
ships,1
taiwan,1
challenge,1
of,1
today,1
duty,1
almost,1
steps,1
half,1
pieces,1
fact,1
has,1
deputy,1
rule,1
thin,1
coat,1
importantly,1
in,1
around,1
year,1
lives,1
society,1
endless,1
spain,1
live,1
selling,1
fraud,1
loves,1
monthly,1
ink,1
reach,1
actions,1
pot,1
cabin,1
dynamic,1
washing,1
laid,1
13-year,1
merrick,1
sept,1
neglected,1
capacity,1
amsterdam,1
productivity,1
reflecting,1
publishing,1
thriller,1
rubber,1
though,1
seek,1
running,1
currently,1
among,1
ebay,1
service,1
determine,1
jane,1
deserve,1
upon,1
henry,1
careful,1
divide,1
eco,1
through,1
lately,1
backed,1
goals,1
tuesday,1
domestic,1
only,1
drink,1
charles,1
woods,1
statement,1
aimed,1
starting,1
rough,1
trumps,1
imperfect,1
venus,1
petition,1
radiation,1
christ,1
realm,1
submit,1
sydney,1
eclectic,1
accuse,1
complications,1
creepy,1
opposing,1
shoulder,1
gems,1
investor,1
fiber,1
mutual,1
after,1
within,1
pack,1
sides,1
bags,1
remains,1
overcome,1
ghost,1
silly,1
pattern,1
fortune,1
grateful,1
sued,1
angry,1
away,1
why,1
are,1
these,1
letter,1
lawn,1
categories,1
nonsense,1
corruption,1
headlines,1
observe,1
drives,1
dust,1
lying,1
cindy,1
alter,1
cleaning,1
accidentally,1
bites,1
mouse,1
victories,1
authority,1
flavor,1
mitch,1
advocate,1
dialogue,1
nyt,1
appointment,1
approve,1
costly,1
iii,1
lots,1
led,1
protest,1
walking,1
such,1
come,1
square,1
took,1
as,1
equal,1
raw,1
‚Äú,1
rather,1
faced,1
commerce,1
welcoming,1
devastated,1
charity,1
inn,1
spokesman,1
jungle,1
consuming,1
affect,1
joel,1
adorably,1
diary,1
protein,1
seventh,1
catches,1
misses,1
renowned,1
sanity,1
understood,1
endorsed,1
retailer,1
dismissed,1
scheme,1
evolve,1
metric,1
envy,1
rogue,1
u.n,1
hail,1
proven,1
long,1
stupid,1
zone,1
soft,1
brands,1
york,1
turned,1
blame,1
kong,1
eyes,1
is,1
sent,1
impossible,1
cute,1
funds,1
encourage,1
way,1
together,1
few,1
critics,1
we,1
made,1
win,1
happen,1
bin,1
de,1
practical,1
losing,1
cousin,1
census,1
vet,1
sadly,1
compassionate,1
eclipse,1
tan,1
grey,1
operating,1
materials,1
laden,1
junior,1
factor,1
juan,1
declare,1
reader,1
topped,1
tyson,1
set,1
passed,1
ski,1
no,1
those,1
saturday,1
juice,1
bacteria,1
important,1
politicians,1
failing,1
bottle,1
part,1
employees,1
british,1
third,1
their,1
manufacturing,1
loses,1
traveled,1
haunting,1
perform,1
monica,1
argentina,1
ownership,1
barry,1
learns,1
false,1
buffett,1
suffers,1
registered,1
illusion,1
altogether,1
annual,1
incredible,1
more,1
trick,1
piece,1
official,1
rolls,1
agreed,1
arms,1
us,1
involved,1
came,1
one,1
latest,1
well,1
toast,1
circuit,1
useful,1
riot,1
guy,1
trucks,1
signature,1
thrive,1
optimism,1
announcing,1
inevitably,1
genetic,1
equivalent,1
traits,1
victims,1
early,1
effective,1
press,1
reveals,1
moment,1
gear,1
confusing,1
little,1
on,1
real,1
epidemic,1
possible,1
months,1
size,1
richest,1
shocking,1
depth,1
physically,1
stated,1
peanut,1
bradley,1
completed,1
oz,1
exists,1
limiting,1
fought,1
showdown,1
abundance,1
sushi,1
designs,1
week,1
friday,1
powerful,1
leading,1
laughing,1
increases,1
resist,1
beats,1
midst,1
changes,1
attention,1
discover,1
following,1
‚Äôs,1
extremely,1
antonio,1
injuries,1
doc,1
cell,1
introduced,1
loyalty,1
reporting,1
yellow,1
transparent,1
routines,1
adventures,1
days,1
photographer,1
reasons,1
senior,1
bus,1
faster,1
defend,1
ticket,1
politics,1
enough,1
was,1
picture,1
airplane,1
begun,1
curious,1
earn,1
gratitude,1
having,1
foreign,1
nobody,1
although,1
amount,1
right,1
frequently,1
difficult,1
nate,1
requests,1
leonardo,1
mccartney,1
keith,1
unity,1
toy,1
jesus,1
historical,1
normally,1
mix,1
magnificent,1
struggled,1
referred,1
sentences,1
infectious,1
a,1
american,1
point,1
working,1
officer,1
simply,1
search,1
since,1
accept,1
lincoln,1
combination,1
productive,1
idea,1
jump,1
for,1
space,1
may,1
use,1
column,1
thai,1
walks,1
image,1
tis,1
scenario,1
stephanie,1
runs,1
assumed,1
simultaneously,1
modest,1
wildly,1
appealing,1
couch,1
element,1
efficient,1
hype,1
legalization,1
news,1
financial,1
ever,1
call,1
certain,1
magic,1
place,1
falling,1
trips,1
required,1
ridiculous,1
speaking,1
convention,1
turns,1
key,1
ruled,1
convinced,1
recall,1
take,1
looking,1
further,1
improve,1
new,1
rich,1
excellent,1
maria,1
bullies,1
watchdog,1
surviving,1
wise,1
glenn,1
roast,1
diplomatic,1
clutter,1
painted,1
printed,1
eaten,1
pile,1
expert,1
called,1
loved,1
biggest,1
greatest,1
helps,1
good,1
decision,1
eve,1
covered,1
maryland,1
dan,1
hurt,1
track,1
high,1
america,1
indiana,1
obvious,1
greece,1
let,1
directed,1
promised,1
mighty,1
frightening,1
device,1
fatal,1
kansas,1
mashup,1
medium,1
wealthy,1
stanford,1
genuine,1
evening,1
dubai,1
murdered,1
bound,1
screens,1
remained,1
contrary,1
preserve,1
household,1
someday,1
shining,1
m.,1
essentials,1
ivy,1
collecting,1
private,1
realize,1
first,1
every,1
tears,1
forget,1
lie,1
odds,1
protesters,1
too,1
obama,1
fewer,1
empty,1
to,1
dollars,1
entire,1
exceptional,1
paula,1
crises,1
uncertain,1
pepper,1
priest,1
lily,1
educators,1
fixing,1
psychologist,1
poised,1
sam,1
walk,1
help,1
number,1
connected,1
compassion,1
elections,1
ill,1
avoid,1
focused,1
thought,1
still,1
keep,1
incredibly,1
believes,1
sport,1
germany,1
brown,1
street,1
push,1
camp,1
affects,1
review,1
prospect,1
goldman,1
fare,1
charts,1
calif,1
campuses,1
staring,1
salon,1
customers,1
rating,1
luxurious,1
frustrating,1
faux,1
pretend,1
extremism,1
triumph,1
greatly,1
initiatives,1
classified,1
remembers,1
outlets,1
officially,1
even,1
terrible,1
participants,1
investigating,1
ceo,1
chapter,1
invited,1
at,1
prime,1
pulled,1
gotten,1
mostly,1
vision,1
lead,1
differences,1
slams,1
fred,1
primarily,1
robinson,1
mourn,1
mama,1
reflection,1
principle,1
flexibility,1
lowest,1
embraced,1
cooler,1
awake,1
particularly,1
served,1
places,1
just,1
became,1
published,1
quickly,1
mad,1
trust,1
health,1
tape,1
passes,1
minds,1
individuals,1
likes,1
raises,1
option,1
ahead,1
himself,1
face,1
alice,1
survey,1
infections,1
reduced,1
trouble,1
waiting,1
competing,1
jumped,1
craigslist,1
buddy,1
testify,1
deciding,1
embracing,1
drew,1
boomers,1
naomi,1
beloved,1
ripped,1
nelson,1
challenger,1
without,1
europe,1
designed,1
richard,1
folks,1
design,1
makes,1
failed,1
worth,1
begin,1
divided,1
entrepreneurs,1
vaccine,1
roger,1
perhaps,1
time,1
models,1
country,1
have,1
charges,1
doubt,1
tooth,1
session,1
rips,1
olds,1
interest,1
thrilled,1
bonus,1
section,1
heartwarming,1
unfortunate,1
disclosure,1
proving,1
focuses,1
powers,1
yorker,1
unconstitutional,1
car,1
goes,1
thinks,1
particular,1
releases,1
enter,1
elected,1
sen,1
eye,1
late,1
lived,1
confirms,1
stolen,1
gut,1
happens,1
pushing,1
definitely,1
it,1
increasingly,1
memorial,1
be,1
turn,1
treated,1
grown,1
sweden,1
sibling,1
basics,1
swiss,1
excessive,1
incorporate,1
quits,1
grocery,1
looming,1
irony,1
clarity,1
that,1
rights,1
probably,1
eu,1
adoption,1
before,1
understand,1
shame,1
border,1
updates,1
rhetoric,1
employer,1
disneyland,1
finest,1
barbie,1
madness,1
consideration,1
angels,1
fitting,1
gone,1
healthy,1
regarding,1
nicole,1
tired,1
leads,1
hot,1
mother,1
subject,1
sitting,1
nail,1
brothers,1
attacks,1
hiring,1
y,1
vow,1
cited,1
gon,1
penn,1
computers,1
patriotic,1
thoughtful,1
accessible,1
director,1
trying,1
gets,1
while,1
not,1
german,1
journal,1
clock,1
clearly,1
town,1
willing,1
sunday,1
francisco,1
felt,1
war,1
blown,1
backlash,1
enemies,1
recommended,1
ms,1
organizers,1
discovery,1
gentle,1
origin,1
verdict,1
application,1
rethink,1
create,1
blood,1
result,1
french,1
when,1
nothing,1
much,1
all,1
bad,1
celebrate,1
fancy,1
presents,1
living,1
babies,1
once,1
so,1
trial,1
related,1
home,1
's,1
representative,1
answers,1
received,1
prepares,1
excited,1
cole,1
welcomed,1
legendary,1
cupcakes,1
bryan,1
machine,1
transparency,1
offices,1
slice,1
celebrated,1
psa,1
depending,1
congratulations,1
can,1
pope,1
them,1
raised,1
crowd,1
offered,1
events,1
especially,1
terms,1
bag,1
break,1
got,1
resort,1
newly,1
dr,1
jersey,1
asian,1
which,1
matters,1
discuss,1
colleague,1
stunt,1
shape,1
delays,1
cam,1
lung,1
tone,1
underground,1
olive,1
institute,1
deficit,1
hike,1
defended,1
sums,1
bake,1
investigations,1
overcoming,1
voted,1
down,1
less,1
go,1
foundation,1
hard,1
beautiful,1
bizarre,1
develop,1
other,1
poses,1
susan,1
surgery,1
treating,1
personally,1
focusing,1
herself,1
many,1
lot,1
say,1
yesterday,1
able,1
journey,1
supposed,1
eyed,1
enemy,1
payments,1
departure,1
screaming,1
roasted,1
cartoon,1
objects,1
preparation,1
rounded,1
notorious,1
decided,1
members,1
fourth,1
signs,1
serving,1
voters,1
out,1
order,1
throughout,1
corner,1
court,1
king,1
influence,1
whatever,1
pass,1
learn,1
tied,1
scream,1
prosecutors,1
software,1
allows,1
texting,1
wheelchair,1
kissing,1
whiskey,1
wages,1
clark,1
knight,1
august,1
replace,1
awareness,1
lasting,1
founder,1
staff,1
they,1
unfortunately,1
wait,1
republican,1
telling,1
president,1
climb,1
stakes,1
gina,1
notice,1
explanation,1
ritual,1
provide,1
defeat,1
consumer,1
athletic,1
see,1
comes,1
brings,1
wall,1
fellow,1
uk,1
honored,1
starbucks,1
enforcement,1
mixed,1
phones,1
despite,1
spend,1
according,1
coverage,1
reuters,1
should,1
taken,1
note,1
‚Äô,1
roughly,1
nazis,1
nyc,1
closing,1
donor,1
freaking,1
spent,1
miserable,1
doll,1
compromise,1
shy,1
pleasure,1
monitor,1
artificial,1
paper,1
announcement,1
drop,1
draw,1
pose,1
work,1
exclusive,1
reportedly,1
seriously,1
again,1
denies,1
harris,1
stage,1
theory,1
bloom,1
rallies,1
selfie,1
packed,1
safely,1
various,1
formal,1
climbing,1
prepare,1
surprisingly,1
twins,1
buying,1
remembering,1
topic,1
him,1
entertainment,1
test,1
pair,1
debate,1
detained,1
glow,1
crash,1
ii,1
realistic,1
recognize,1
rodriguez,1
allergy,1
funded,1
shifting,1
bunch,1
trafficking,1
addresses,1
attitude,1
strengthen,1
eating,1
voting,1
democracy,1
response,1
impressive,1
chairman,1
changed,1
young,1
law,1
easier,1
doing,1
there,1
if,1
insurance,1
bigotry,1
survivors,1
receives,1
announces,1
count,1
slave,1
rental,1
berry,1
b,1
filling,1
shade,1
zombie,1
gifts,1
programs,1
finding,1
launched,1
reports,1
workers,1
worry,1
man,1
where,1
combined,1
founded,1
fundraising,1
roads,1
proof,1
suits,1
parking,1
barely,1
trained,1
unite,1
tag,1
offers,1
staying,1
hunger,1
his,1
back,1
life,1
americans,1
situation,1
diversity,1
popular,1
heart,1
bring,1
who,1
documentary,1
extraordinary,1
obviously,1
suggested,1
label,1
brilliant,1
giving,1
leave,1
posting,1
opponent,1
capital,1
worlds,1
loan,1
choices,1
complete,1
old,1
released,1
matter,1
explains,1
ranks,1
supremacists,1
dedicated,1
brazilian,1
return,1
stays,1
communicate,1
most,1
protests,1
ball,1
final,1
lawmakers,1
silence,1
sandy,1
naturally,1
tough,1
smile,1
calm,1
about,1
also,1
expecting,1
accomplish,1
simmons,1
broadcast,1
onto,1
crystal,1
brush,1
supporting,1
garland,1
commonly,1
despair,1
anticipated,1
recalled,1
viewed,1
blowing,1
playground,1
how,1
line,1
investigation,1
vs.,1
some,1
general,1
confused,1
communication,1
happened,1
stock,1
knowledge,1
david,1
officers,1
between,1
#,1
themes,1
vanity,1
julia,1
rainbow,1
typical,1
blocked,1
representation,1
unlike,1
retire,1
preview,1
radical,1
divorcing,1
shuts,1
minded,1
neil,1
loaded,1
initially,1
results,1
would,1
look,1
trend,1
viral,1
abuse,1
independence,1
familiar,1
criticism,1
display,1
lawmaker,1
light,1
does,1
grand,1
disgusting,1
followed,1
compares,1
ignorance,1
mere,1
banned,1
transform,1
often,1
thursday,1
measure,1
pick,1
being,1
carolina,1
turner,1
beast,1
struck,1
radar,1
fortunately,1
structure,1
behold,1
delegates,1
knife,1
delight,1
fairly,1
tracks,1
accomplished,1
apart,1
quiet,1
role,1
bar,1
never,1
like,1
show,1
luck,1
run,1
eventually,1
product,1
everything,1
fears,1
had,1
ken,1
scene,1
happiest,1
technique,1
challenged,1
discussing,1
signing,1
sophisticated,1
crying,1
denim,1
responded,1
introducing,1
crown,1
refreshing,1
jumping,1
making,1
focus,1
both,1
with,1
heads,1
weekend,1
family,1
cop,1
hampshire,1
colleagues,1
mid,1
brought,1
red,1
whole,1
garbage,1
guarantee,1
graham,1
reboot,1
suck,1
encouraged,1
examples,1
streaming,1
share,1
contest,1
denied,1
traveler,1
orlando,1
ruling,1
written,1
hearing,1
christmas,1
absolute,1
advocacy,1
dems,1
sound,1
noticed,1
anderson,1
approaching,1
includes,1
luckily,1
nuts,1
dumb,1
deal,1
meal,1
studies,1
j.,1
pregnant,1
spending,1
knew,1
sheriff,1
bare,1
hat,1
settlement,1
shortage,1
doug,1
panther,1
packing,1
went,1
site,1
exactly,1
suspected,1
colors,1
her,1
-,1
mistake,1
cash,1
guilty,1
very,1
learning,1
mary,1
casting,1
cure,1
finished,1
arguments,1
therefore,1
locations,1
followers,1
whether,1
board,1
appears,1
failure,1
controversy,1
kept,1
income,1
case,1
what,1
information,1
belong,1
agree,1
minority,1
trap,1
cheat,1
wrapped,1
organization,1
filming,1
enjoyed,1
looks,1
because,1
fix,1
st,1
better,1
acts,1
make,1
alan,1
confront,1
consistent,1
remaining,1
conflict,1
progressive,1
center,1
appreciate,1
beliefs,1
give,1
loving,1
status,1
positive,1
answered,1
wondering,1
nightmare,1
unclear,1
compared,1
wheel,1
millennials,1
identify,1
interested,1
revealing,1
grant,1
expect,1
setting,1
series,1
any,1
might,1
core,1
says,1
hopes,1
entirely,1
dip,1
figures,1
op,1
attempted,1
universities,1
patriots,1
charge,1
candy,1
author,1
seems,1
basic,1
gain,1
campaign,1
vote,1
money,1
totally,1
reason,1
mean,1
hacking,1
cliff,1
boston,1
sadness,1
participate,1
leslie,1
fever,1
crowds,1
involve,1
confirm,1
addressed,1
triple,1
others,1
tea,1
lessons,1
conversation,1
‚Äï,1
usual,1
variety,1
senate,1
joy,1
actually,1
mayor,1
firm,1
landing,1
plane,1
dispute,1
sauce,1
cuban,1
established,1
20th,1
constant,1
chinese,1
buzz,1
everyone,1
bet,1
developed,1
fired,1
view,1
n't,1
boycott,1
meme,1
armed,1
hackers,1
breathtaking,1
worries,1
introduce,1
fiscal,1
lean,1
hypocrisy,1
day,1
talks,1
during,1
committee,1
letting,1
however,1
seeking,1
george,1
featured,1
am,1
convince,1
bright,1
rip,1
computer,1
clips,1
anonymous,1
attractions,1
scare,1
regime,1
freak,1
think,1
reminds,1
social,1
secret,1
lifestyle,1
georgia,1
honor,1
raising,1
successful,1
users,1
immune,1
dining,1
tall,1
admits,1
kingdom,1
patience,1
color,1
debt,1
famous,1
included,1
rio,1
panel,1
cup,1
own,1
factors,1
findings,1
nasty,1
silver,1
tragedy,1
until,1
ate,1
sudden,1
mommy,1
cuba,1
sun,1
curiosity,1
rocket,1
find,1
disease,1
each,1
stay,1
truly,1
justice,1
appear,1
questions,1
wants,1
electoral,1
threw,1
restore,1
fox,1
warriors,1
binge,1
stone,1
striking,1
wisconsin,1
coming,1
‚Äôre,1
testing,1
absolutely,1
robert,1
happy,1
purple,1
remove,1
visiting,1
infant,1
silicon,1
appreciation,1
fill,1
beijing,1
tobacco,1
endorses,1
complaints,1
rolling,1
media,1
short,1
realized,1
true,1
primary,1
sweet,1
extra,1
faces,1
rates,1
gang,1
rate,1
anywhere,1
formula,1
electronic,1
holocaust,1
academic,1
retailers,1
simon,1
humanitarian,1
loose,1
assault,1
story,1
lower,1
awesome,1
usually,1
tomorrow,1
conversations,1
colleges,1
necessary,1
super,1
lucky,1
revenge,1
fruits,1
hoping,1
inspiring,1
basically,1
created,1
higher,1
orleans,1
voice,1
chill,1
portland,1
burgers,1
outdoors,1
success,1
study,1
boost,1
appeal,1
ugly,1
victoria,1
anything,1
believe,1
banana,1
acting,1
alongside,1
locked,1
insight,1
crackdown,1
invite,1
ones,1
painful,1
fully,1
chocolate,1
pretty,1
he,1
students,1
later,1
deadline,1
resolve,1
bigger,1
pen,1
bubble,1
greek,1
slavery,1
package,1
getting,1
mark,1
‚Äôve,1
know,1
steve,1
asking,1
lost,1
holding,1
disorder,1
instead,1
conservative,1
bush,1
hearts,1
notion,1
security,1
ann,1
process,1
overwhelmed,1
wash,1
steal,1
homeland,1
ask,1
remember,1
here,1
winning,1
n‚Äôt,1
treat,1
messages,1
ending,1
vegetable,1
treatment,1
constitutional,1
independent,1
navigate,1
quietly,1
context,1
hats,1
male,1
cruise,1
producer,1
asks,1
she,1
holmes,1
opposed,1
referendum,1
christopher,1
recalls,1
gains,1
web,1
startup,1
conducted,1
sandra,1
winner,1
pray,1
describes,1
sign,1
page,1
play,1
said,1
try,1
blogs,1
pulling,1
diagnosed,1
aware,1
mentally,1
lindsey,1
aspect,1
interviews,1
started,1
do,1
feature,1
second,1
worker,1
estate,1
mothers,1
benefits,1
bill,1
cooking,1
arrested,1
using,1
fatally,1
pennsylvania,1
dna,1
employee,1
judges,1
howard,1
linked,1
sexy,1
talk,1
swift,1
senator,1
network,1
saint,1
returns,1
conflicts,1
kentucky,1
trends,1
rival,1
agrees,1
elderly,1
professor,1
affairs,1
hatred,1
knee,1
hosting,1
a.m.,1
martin,1
glass,1
chicken,1
episode,1
anna,1
express,1
road,1
coffee,1
woman,1
editorial,1
mccarthy,1
khan,1
apologize,1
bible,1
stealing,1
aged,1
characters,1
carson,1
unique,1
editor,1
homemade,1
types,1
told,1
shopping,1
chances,1
ad,1
reaches,1
toilet,1
pursue,1
accusations,1
demanding,1
leaked,1
tastes,1
regional,1
full,1
choice,1
military,1
pace,1
theme,1
fairy,1
promoting,1
bond,1
considering,1
trek,1
crashes,1
conservatives,1
expectations,1
darkness,1
team,1
met,1
mystery,1
josh,1
engaged,1
elements,1
permanent,1
repeat,1
robot,1
invest,1
uncertainty,1
aisle,1
plea,1
outcome,1
trump,1
opening,1
up,1
meant,1
hands,1
roundup,1
remind,1
successfully,1
wondered,1
arrest,1
going,1
seem,1
planning,1
pictures,1
crush,1
donations,1
grows,1
beef,1
glasses,1
careers,1
labels,1
empowering,1
junk,1
patient,1
pay,1
thinking,1
reading,1
reaction,1
keeps,1
ads,1
stance,1
tries,1
perfection,1
spirit,1
tensions,1
anxious,1
plate,1
pr,1
drawing,1
vladimir,1
iron,1
via,1
anxiety,1
same,1
strategies,1
eat,1
wishes,1
skinny,1
messy,1
attending,1
arizona,1
headline,1
recognition,1
smartphone,1
proposals,1
prep,1
post,1
criminal,1
ourselves,1
learned,1
tour,1
store,1
teenagers,1
harsh,1
charming,1
fly,1
practice,1
tradition,1
otherwise,1
marks,1
hurts,1
material,1
common,1
buy,1
hardly,1
claiming,1
cnn,1
destination,1
insane,1
calendar,1
pushed,1
female,1
holidays,1
hand,1
did,1
easy,1
crack,1
hiding,1
wood,1
charlotte,1
teach,1
nationwide,1
diets,1
shooting,1
course,1
friends,1
re,1
start,1
manager,1
violent,1
evolution,1
proud,1
dropped,1
performing,1
investigate,1
amanda,1
riding,1
regularly,1
close,1
thing,1
stereotypes,1
jason,1
original,1
embarrassing,1
supported,1
purchase,1
inevitable,1
elementary,1
dinner,1
freedom,1
body,1
control,1
kick,1
dancing,1
educational,1
criticized,1
dick,1
training,1
butt,1
pitch,1
below,1
calls,1
inspire,1
stick,1
box,1
stands,1
boehner,1
budget,1
rachel,1
audience,1
tells,1
head,1
hold,1
similar,1
cdc,1
excitement,1
celebrating,1
cbs,1
honoring,1
files,1
cutest,1
middle,1
fair,1
plenty,1
period,1
minister,1
virgin,1
hardest,1
luxury,1
serves,1
beat,1
admitted,1
defined,1
democrat,1
catching,1
wanted,1
summer,1
keeping,1
pounds,1
then,1
chicago,1
tax,1
sparks,1
incident,1
promises,1
sneak,1
gathered,1
circle,1
doctors,1
belly,1
explores,1
campaigns,1
drawn,1
conway,1
joint,1
hours,1
executive,1
certainly,1
watching,1
attack,1
solidarity,1
mess,1
captain,1
gifs,1
disabilities,1
lover,1
advertising,1
hopefully,1
gained,1
granted,1
kicks,1
something,1
exciting,1
christie,1
scandal,1
choose,1
comment,1
entertaining,1
prices,1
stepping,1
lift,1
easily,1
continuing,1
added,1
cool,0
ended,0
peaceful,0
narrative,0
eats,0
race,0
want,0
children,0
've,0
ways,0
potato,0
deals,0
shine,0
stem,0
weigh,0
checking,0
ruin,0
capitol,0
class,0
fine,0
moms,0
tale,0
opinion,0
property,0
elite,0
politician,0
planned,0
explain,0
sit,0
fresh,0
proves,0
love,0
wearing,0
delivered,0
joining,0
debuts,0
families,0
retirement,0
celebrates,0
allegedly,0
golden,0
video,0
mtv,0
settle,0
innocent,0
citizen,0
ballot,0
district,0
person,0
different,0
union,0
plain,0
cabinet,0
active,0
dare,0
statements,0
stretch,0
involves,0
behaviors,0
expression,0
balance,0
magical,0
desk,0
picking,0
aide,0
holiday,0
helped,0
stroke,0
stops,0
stepped,0
bob,0
confidence,0
romantic,0
model,0
veteran,0
asked,0
schools,0
loss,0
game,0
debates,0
novel,0
get,0
answer,0
form,0
mail,0
bathroom,0
refuse,0
spice,0
lovely,0
houses,0
ignored,0
guys,0
ultimate,0
easter,0
morgan,0
joke,0
harder,0
trolls,0
trauma,0
empathy,0
lisa,0
assume,0
nice,0
cream,0
majority,0
party,0
birth,0
sleeping,0
brains,0
france,0
fall,0
tell,0
civil,0
becoming,0
exposure,0
ashley,0
athlete,0
damn,0
equally,0
terrorism,0
analysis,0
judge,0
john,0
clip,0
math,0
spin,0
presented,0
savings,0
visits,0
berlin,0
shop,0
michael,0
question,0
blocks,0
sorry,0
kennedy,0
passenger,0
agent,0
don,0
surprises,0
twice,0
position,0
maybe,0
saw,0
missed,0
shaped,0
uncomfortable,0
healthcare,0
smaller,0
surprising,0
quite,0
soul,0
memo,0
entrepreneur,0
aspects,0
tweets,0
broke,0
award,0
adventure,0
flynn,0
but,0
earned,0
pull,0
suggests,0
condition,0
accessories,0
peace,0
're,0
gap,0
missile,0
liberty,0
prefer,0
physical,0
twist,0
proper,0
daily,0
former,0
delicious,0
flat,0
photography,0
sisters,0
brooklyn,0
suspended,0
gala,0
experiencing,0
reflects,0
gift,0
murder,0
anymore,0
tools,0
somebody,0
emmy,0
lists,0
maintain,0
skin,0
themselves,0
kid,0
hilariously,0
contemporary,0
experiment,0
traditions,0
bed,0
tried,0
white,0
date,0
succeed,0
defense,0
hero,0
gaza,0
definition,0
strike,0
refused,0
links,0
swing,0
constitution,0
june,0
age,0
brexit,0
upcoming,0
highest,0
adds,0
jon,0
cases,0
internal,0
cleveland,0
urges,0
spanish,0
opened,0
include,0
office,0
prayers,0
fitness,0
reminded,0
impression,0
soldiers,0
argue,0
pro,0
content,0
specifically,0
burn,0
rid,0
spaces,0
night,0
culture,0
lack,0
sense,0
daddy,0
code,0
jail,0
congressman,0
top,0
confident,0
brief,0
iranian,0
flow,0
slowly,0
therapy,0
mind,0
diet,0
outbreak,0
hungry,0
carter,0
shower,0
things,0
modern,0
films,0
miss,0
panic,0
privilege,0
cuts,0
jared,0
fantastic,0
lunch,0
ability,0
someone,0
alex,0
ordinary,0
destinations,0
nude,0
youth,0
cancer,0
simple,0
la,0
everyday,0
exchange,0
hear,0
trip,0
picked,0
maintaining,0
dates,0
necessarily,0
always,0
donald,0
memory,0
gives,0
habits,0
van,0
location,0
humor,0
courtesy,0
removed,0
pre,0
paid,0
remarks,0
knowing,0
outrage,0
miranda,0
stewart,0
television,0
plays,0
interesting,0
argument,0
marc,0
shutdown,0
user,0
francis,0
typically,0
roles,0
words,0
personal,0
adults,0
valentine,0
starts,0
consider,0
season,0
festival,0
views,0
myself,0
allowing,0
bucket,0
excuse,0
r,0
intelligence,0
friend,0
available,0
abc,0
donors,0
evil,0
purpose,0
polls,0
bruce,0
halloween,0
seeks,0
decide,0
jr,0
highly,0
centers,0
featuring,0
reddit,0
times,0
grab,0
situations,0
shake,0
rarely,0
psychological,0
preparing,0
belief,0
follow,0
bid,0
name,0
wins,0
rally,0
afraid,0
religious,0
mars,0
singing,0
egypt,0
‚Äò,0
candidates,0
shades,0
apply,0
photo,0
editors,0
adding,0
features,0
negative,0
russell,0
racial,0
gold,0
single,0
table,0
average,0
loud,0
pain,0
london,0
exercise,0
podcast,0
text,0
european,0
manhattan,0
boy,0
barack,0
really,0
pakistan,0
flip,0
okay,0
host,0
wars,0
obesity,0
fear,0
golf,0
colorful,0
deeper,0
busy,0
dose,0
labor,0
embrace,0
keys,0
spotlight,0
held,0
me,0
police,0
kinds,0
tony,0
sanctions,0
best,0
nominee,0
ages,0
thanksgiving,0
professional,0
worked,0
turkey,0
inspired,0
seconds,0
i,0
hall,0
ireland,0
dnc,0
clients,0
basis,0
restaurants,0
hospital,0
differently,0
link,0
poll,0
cook,0
lady,0
habit,0
interview,0
you,0
feeling,0
catholic,0
vows,0
talking,0
flint,0
roots,0
your,0
map,0
ups,0
lose,0
thoughts,0
sounds,0
crucial,0
anti,0
bit,0
voter,0
larger,0
spring,0
fun,0
kerry,0
passengers,0
spiritual,0
acceptance,0
care,0
kitchen,0
describe,0
teams,0
vegetables,0
promise,0
options,0
soup,0
gown,0
base,0
couple,0
amazing,0
lesson,0
gorgeous,0
toddler,0
member,0
joins,0
fed,0
johnson,0
define,0
respect,0
figure,0
inner,0
anyone,0
baltimore,0
combat,0
kind,0
raise,0
dream,0
liberal,0
warren,0
book,0
discussion,0
winners,0
wisdom,0
ease,0
charged,0
players,0
specific,0
trans,0
fantasy,0
wine,0
type,0
kindness,0
heroes,0
relationship,0
update,0
heels,0
card,0
creativity,0
whom,0
bread,0
enjoy,0
ingredients,0
hour,0
apartment,0
minimum,0
details,0
serve,0
survivor,0
struggles,0
stories,0
inauguration,0
responds,0
else,0
frank,0
breakfast,0
relations,0
'm,0
online,0
afternoon,0
explained,0
inspiration,0
talent,0
toys,0
ring,0
launches,0
burger,0
jokes,0
chris,0
lawrence,0
parent,0
ideas,0
election,0
secrets,0
hide,0
house,0
except,0
special,0
childhood,0
eggs,0
wellness,0
experience,0
injury,0
experiences,0
sure,0
creates,0
smith,0
calories,0
kids,0
write,0
mom,0
article,0
visit,0
fame,0
chronic,0
pumpkin,0
dish,0
wears,0
diagnosis,0
symptoms,0
manage,0
spots,0
actor,0
stranger,0
moon,0
offer,0
ready,0
sometimes,0
competition,0
desire,0
republicans,0
suspect,0
favor,0
opens,0
welcome,0
williams,0
ed,0
katy,0
speaker,0
straight,0
respond,0
tests,0
virus,0
everybody,0
syndrome,0
my,0
score,0
myths,0
talked,0
matt,0
traveling,0
drinks,0
meals,0
butter,0
facebook,0
tricks,0
morning,0
kelly,0
worthy,0
healing,0
round,0
abroad,0
artist,0
floor,0
accused,0
anthony,0
bacon,0
brand,0
sell,0
mobile,0
listening,0
depression,0
aging,0
teens,0
actual,0
add,0
peter,0
broadway,0
behavior,0
somehow,0
school,0
fake,0
blogger,0
books,0
',0
journalist,0
feels,0
academy,0
travel,0
girl,0
job,0
affair,0
smoking,0
experienced,0
boss,0
photos,0
noah,0
dance,0
jackson,0
list,0
film,0
guess,0
league,0
israeli,0
flu,0
dreams,0
nomination,0
thank,0
birthday,0
gop,0
joe,0
black,0
mexican,0
speech,0
foods,0
attorney,0
men,0
scenes,0
refugee,0
universe,0
hill,0
read,0
breath,0
journalists,0
art,0
boys,0
education,0
chair,0
moments,0
release,0
sessions,0
ryan,0
church,0
religion,0
wrote,0
boyfriend,0
appearance,0
word,0
surprised,0
pants,0
awkward,0
tonight,0
perfect,0
relationships,0
wonder,0
touch,0
guest,0
eric,0
february,0
airline,0
feel,0
crazy,0
comedian,0
internet,0
comfort,0
drug,0
daughters,0
phone,0
aids,0
minutes,0
probe,0
driver,0
perfectly,0
allowed,0
flight,0
rose,0
suit,0
comments,0
jewish,0
cultural,0
italian,0
cruz,0
performance,0
celebration,0
website,0
gave,0
guests,0
ohio,0
russian,0
marketing,0
pizza,0
lee,0
played,0
movie,0
