leguizamo,195
abuela,195
dominicans,195
schlossberg,195
razz,195
unes,195
monicastyle,195
negra,195
breakell,195
calaveras,195
camil,195
conchas,195
tacro,195
chanclas,195
zuleyka,195
üáµ,195
citooo,195
maluma,195
chamillionaire,195
belaval,195
freeform,195
13-episode,195
reggaeton,195
foulest,195
jenpez,195
drippin,195
cristela,195
juanes,195
gasolina,195
motorsport,195
barrio,195
deseda,195
leptospirosis,195
rossell√≥,195
gente,195
zhan,195
boricua,195
dacamented,195
guevara,195
unidosus,195
roselyn,195
sebi,195
google.org,195
latinxs,195
patito,195
dissuasion,195
felices,195
dascha,195
polanco,195
selflovery,195
goddaughters,195
jacquez,195
‚õΩ,195
reggeaton,195
chantaje,195
t√∫,195
zona,195
embracethelatinx,195
latinxramadan,195
siga,195
problem$,195
fetishize,195
orgullosa,195
itat√≠,195
cantoral,195
soraya,195
faln,195
juntos,195
campa,195
najjar,195
snouts,195
pedo,195
balvin,195
reggaet√≥n,195
vaqueros,195
rizos,195
carrillo,195
un*bear*able,195
machista,195
me/,195
taina,195
asili,195
rebelde,195
u.s.-born,195
solis,195
rubidoux,195
toimmigrantswithlove,195
nopal,195
itics,195
üèæ,195
spatting,195
preciouussss,195
talles,195
faria,195
wepa,195
anti-2016,195
quincederubi,195
unlv,195
piloto,195
boliviano,195
parisien,195
elian,195
yakama,195
d√∫o,195
borinque√±a,195
bomba,195
est√©reo,195
coronate,195
boullosa,195
hinojosa,195
jarritos,195
tumbao,195
u.s.-mexican,195
laith,195
cisneros,195
ember√°,195
n√≠tido,195
fisting,195
candels,195
revocatory,195
tejano,195
evamoji,195
sistas,195
hayeks,195
caterine,195
ibarg√ºen,195
habla,195
vota,195
t√≠o,195
avocadon't,195
trevi√±o,195
brith,195
bayonets,195
norte√±o,195
repping,195
phillipa,195
electionvoices,195
juana,195
mispronounce,195
cholo,195
november‚Äã‚Äï‚Äãhere,195
ncisagent,195
racializes,195
chee,195
gran'pa,195
sigue,195
bailando,195
bachatero,195
iamlatinoinamerica,195
lazo,195
man√°,195
vives,195
rebbeca,195
naleo,195
egot,195
bidot,195
n'sync,195
bogliano,195
scherzo,195
diabolico,195
fuerzafest,195
gerardo,195
abuelitas,195
gozadera,195
rakas,195
maluca,195
trejo,195
desperado,195
bodyimagegoals,195
ocho,195
sentidos,195
mam√°,195
residente,195
turnignorancearound,195
rapuela,195
neighbourhood,195
zarca,195
bustiers,195
tungurahua,195
brownribboncampaign,195
edwing,195
malcriada,195
80-part,195
novela,195
pities,195
juli√°n,195
quincea√±eras,195
odyssean,195
missuniverse2015,195
bordertown,195
rocio,195
thanksgivingwithhispanics,195
lafourcade,195
jacinto,195
demi√°n,195
bichir,195
llosa,195
televisa,195
‚Äãremezcla,195
respeten,195
dejen,195
inventar,195
bobadas,195
estereo,195
lak6,195
uribe,195
columbuswasahero,195
urman,195
marr√≥n,195
amigo,195
s√°bado,195
sheroes,195
baser,195
hablas,195
trump√©alo,195
lidiane,195
leite,195
bom,195
jardim,195
menjivar,195
dilley,195
‚Äãposing,195
buenas,195
elsinore,195
abuelas,195
detainess,195
queridakellyosbourne,195
querida,195
amanecer,195
aguire,195
menocal,195
homenaje,195
mexicano,195
latinovators,195
as√≠,195
sucede,195
mam√°s,195
alg√∫n,195
momento,195
pap√°,195
generar,195
ingresos,195
quedarse,195
compromiso,195
pap√°s,195
disparos,195
rejtman,195
lotharios,195
aquiver,195
ilovemymamibecause,195
rcn,195
dapa,195
viacrucis,195
queretaro,195
frontera,195
lonestar,195
l√≠deres,195
sodomized,195
picketed,195
discombobulation,195
corriente,195
do√±a,195
gajardo,195
mujica,195
√±,195
telecasts,195
mayavsaz,195
mayra,195
80-plus,195
ankore,195
chespirito,195
flama,195
browner,195
rightward,195
hispandering,195
balv√≠n,195
english-,195
spanish-,195
spanglish,195
matanzas,195
merino,195
emigrated,195
loudmouths,195
hondurans,195
cartgate,195
lps,195
zelaya,195
enee,195
sboe,195
bussi,195
bachelet,195
latam,195
f√∫t,195
loisaida,195
murrieta,195
invectives,195
busload,195
b*#@hes,195
futuro,195
maite,195
oronoz,195
whatlatinoslooklike,195
agbayani,195
manongs,195
latin@s,195
nuestra,195
palabra,195
mujer,195
latinas,180
junot,167
espa√±ol,156
latina,151
flor,146
horchata,146
bachata,146
telemundo,146
sof√≠a,146
voto,146
latinos,135
i√±√°rritu,130
g√≥mez,130
d√≠az,130
tps,130
ilia,130
calder√≥n,130
chicano,130
mami,130
bernal,130
villanueva,130
quincea√±era,130
gaspar,130
arce,130
pica,130
p√©rez,130
c√°ceres,130
ariadna,130
laborer,130
latino,124
latinx,119
illegality,117
calle,117
shakira,115
despacito,115
ferrera,112
estefan,108
garc√≠a,106
afro,100
n√∫√±ez,97
akon,97
amara,97
underrepresentation,97
bodak,97
ashanti,97
hemorrhage,97
narcos,97
quintanilla,97
pi√±a,97
uncounted,97
calculators,97
tinny,97
sidelining,97
bruin,97
nclr,97
selenis,97
leyva,97
madrigal,97
ammar,97
rightwing,97
banda,97
raffling,97
fierceness,97
gael,97
lotr,97
nieves,97
punishable,97
joselyn,97
raza,97
sarai,97
humanized,97
danell,97
√©dgar,97
ch√°vez,97
knifepoint,97
dur√°n,97
üòâ,97
bailon,97
üòÆ,97
abuelita,97
hamilton'-inspired,97
swoonworthy,97
adri√°n,97
alderman,97
twisters,97
vra,97
üëº,97
salas,97
bertha,97
berta,97
nava,97
yellowface,97
dga,97
celia,97
gregorio,97
rightsideofhistory,97
counterweight,97
grandfathered,97
¬ø,97
pickax,97
maslany,97
aminta,97
manzano,97
ohhh,97
folkloric,97
vindicates,97
propriety,97
vivan,97
muchas,97
enjoyably,97
rodner,97
romantically,97
enrage,97
letdowns,97
navidad,97
giancarlo,97
brandishes,97
second-,97
third-,97
heritages,97
introspectively,97
barra,97
lapa,97
cocina,97
hispanics,94
bilingual,90
valderrama,90
guerrero,90
alejandro,89
m√°rquez,87
huerta,84
rican,80
mariachi,78
julio,78
justina,78
iglesias,78
dustbin,78
superstore,78
que,75
longoria,74
cabello,73
enrolling,73
puig,73
mendez,71
hispanic,67
rodriguez,66
machado,65
roc,65
gonz√°lez,65
deportees,65
deferments,65
fangirls,65
salvadorans,65
afros,65
unkrich,65
giselle,65
infringing,65
coladas,65
sanctioning,65
rescinding,65
sacrilegious,65
escalante,65
overplayed,65
bookish,65
¬°,65
romanticizing,65
iowan,65
dehumanized,65
innately,65
troublemakers,65
pueblo,65
catcall,65
chapecoense,65
spiteful,65
alvarado,65
mu√±oz,65
acevedo,65
fern√°ndez,65
marcos,65
mobsters,65
flippin,65
macarena,65
zambrano,65
burbank,65
bartolo,65
undercounted,65
paulina,65
guerra,65
hs,65
magistrates,65
debacles,65
cnn)the,65
rivas,65
tyrannosaurus,65
serendipitous,65
sandiego,65
rojas,65
sus,65
plunked,65
minecraft,65
tryout,65
recites,65
kabc,65
chita,65
fusing,65
showstopper,65
postsecondary,65
deadpan,65
fidgety,65
remiss,65
first-,65
assemblywoman,65
palma,65
ayotzinapa,65
colorfully,65
esperanza,65
roams,65
muertos,65
deconstruct,65
hyphenated,65
caricature,65
allende,65
smokescreen,65
flexing,65
wilmer,62
rosario,61
colombian,59
illegals,58
gina,58
mexicans,57
como,56
soledad,56
jest,56
milian,56
fuentes,56
gutierrez,56
colombians,56
callers,56
chavez,52
murillo,49
nicky,49
üèΩ,49
blanca,49
salvadoran,49
romero,49
centralized,49
bodegas,49
bodega,49
discouragement,49
boogeyman,49
ni,49
espadrilles,49
reprised,49
qu√©,49
machismo,49
dictatorships,49
astrid,49
bullseye,49
strikers,49
arrogantly,49
oliveira,49
evo,49
squashes,49
uplifted,49
quintessentially,49
ringwald,49
ram√≠rez,49
lords,49
winked,49
soo,49
previewed,49
flavorwire,49
agua,49
emits,49
fluency,49
quan,49
üá∏,49
disregarded,49
reinstates,49
unflinching,49
stache,49
regalia,49
macho,49
laudato,49
encyclical,49
overconsumption,49
conflate,49
humanizes,49
beale,49
shoves,49
medellin,49
associating,49
clobber,49
gentrified,49
coalitions,49
mcfarland,49
stateless,49
c√©sar,49
moribund,49
bayside,49
othering,49
borges,49
robberies,49
flexed,49
padilla,49
camila,47
j.lo,46
puerto,46
latin,46
dominican,46
honduras,45
manuel,45
acclaim,45
cesar,45
oitnb,44
exiles,43
farmworker,43
rene,43
delano,43
rivera,43
eva,42
rico,42
xenophobic,42
hayek,40
nacional,39
wgn,39
epidemiologist,39
butchers,39
ms-13,39
naturalized,39
brainy,39
nabra,39
hassanen,39
commuted,39
overlords,39
puebla,39
nauseating,39
retold,39
dominic,39
newcomers,39
undertones,39
reprimanded,39
telenovela,39
eatery,39
christi,39
ren√©,39
narrator,39
popsugar,39
doral,39
yasiel,39
dispatcher,39
creole,39
halperin,39
mathematician,39
caa,39
demolishing,39
figueroa,39
escapades,39
ros,39
lehtinen,39
undemocratic,39
chevrolet,39
lin,38
sotomayor,37
mexican,37
dreamers,37
spanish,37
sonia,36
npr,36
gabriel,36
machete,35
honduran,35
tripled,35
tatiana,35
fema,35
moreno,34
jos√©,34
hernandez,34
sheila,34
electorate,33
laurie,33
fervor,32
hurl,32
elicited,32
alonzo,32
jayden,32
cannavale,32
pissing,32
demonized,32
üé∂,32
cameos,32
constituent,32
robotics,32
unmarked,32
dishonor,32
defaced,32
banged,32
pi√±ata,32
htgawm,32
mentorship,32
brenda,32
ardent,32
frontlines,32
wnyc,32
assigning,32
romeo,32
remixing,32
bluntly,32
subtitles,32
underworld,32
marx,32
attendee,32
emilio,32
escobar,32
cassette,32
gran,32
guaranteeing,32
stigmatization,32
pander,32
hanen,32
civics,32
disenchanted,32
veered,32
hagan,32
displeasure,32
sabotaged,32
neruda,32
assimilated,32
treasurer,32
undocumented,32
daca,32
salma,32
immigrant,31
juan,31
nieto,31
ricans,31
cha,31
u.s.-mexico,31
s√£o,31
salsa,30
masterfully,30
geraldo,30
haitians,30
velasquez,30
santos,30
guzman,30
dawson,30
luna,30
univision,30
cuban,29
pe√±a,29
whiteness,29
gonzalez,29
martinez,29
dreamer,28
salvador,28
ranted,28
universidad,28
finesse,28
interpreter,28
susana,28
overt,28
assuage,28
soto,28
metastatic,28
disciples,28
complexions,28
usps,28
deja,28
scarface,28
navarro,28
os,28
personified,28
tussauds,28
yvonne,28
demystify,28
poets,28
shhh,28
corpus,28
84th,28
angie,28
migrating,28
vargas,28
capitalizing,28
denigrating,28
converting,28
dodger,28
refrigerators,28
demolishes,28
adversely,28
tillis,28
modicum,28
mustered,28
retaining,28
devilish,28
elude,28
j,27
colombia,27
cardi,27
bam,26
guillermo,26
toro,26
jorge,26
voicing,26
dolores,26
strahan,26
rapists,26
enrique,25
dearly,25
immigrants,25
ana,25
bronx,25
pizzeria,24
blackface,24
catt,24
poe,24
yul√≠n,24
islanders,24
mistreatment,24
loaves,24
normalization,24
lennox,24
fulfills,24
andr√©s,24
daniela,24
lizzie,24
quito,24
apologists,24
souza,24
occupying,24
üò¢,24
microcephaly,24
ncis,24
perished,24
peruse,24
specified,24
proceeded,24
nbcuniversal,24
iffy,24
grate,24
alfredo,24
loomed,24
mislabeled,24
humanly,24
energize,24
unlearn,24
resorted,24
liabilities,24
raleigh,24
lupe,24
uruguay,24
lister,24
havana,23
deporting,23
injunction,23
gothic,23
lopez,23
saldana,22
deport,22
ramos,22
jauregui,22
dehumanizing,22
alvarez,22
pascal,22
hummingbird,22
swagger,22
underpaid,22
mi,22
tay,22
heirs,22
karla,22
implicitly,22
accelerator,22
ingrid,22
brigade,22
ideologies,22
91-year,22
fabio,22
tavis,22
enchilada,22
reprises,22
wiesel,22
marlins,22
epicenter,22
heightens,22
werk,22
scratched,22
damper,22
vanguard,22
jokingly,22
castillo,22
guti√©rrez,22
goddesses,22
endgame,22
whereabouts,22
cooke,22
jody,22
si,22
throats,22
folklore,22
broadcasters,22
negroes,22
financed,22
mujeres,22
bushwick,22
unafraid,22
waitresses,22
antiquities,22
guant√°namo,22
corrects,22
adjectives,22
adrift,22
fiduciary,22
authorize,22
rationing,22
queasy,22
virgin,22
pedro,21
fidel,21
raps,21
selena,21
intensifies,21
appoints,21
rightful,21
mango,20
chapo,20
ricky,20
castro,20
vergara,20
fiesta,19
cubans,19
boycotting,19
vlogger,19
zeta,19
gianni,19
stump,19
hen,19
afforded,19
marginalization,19
soles,19
tucson,19
envisioning,19
sledgehammer,19
ovaries,19
construct,19
disqualified,19
disqualify,19
endangering,19
anecdotes,19
intersectional,19
redford,19
84-year,19
g.o.p,19
reared,19
humanely,19
mired,19
dueling,19
shortlist,19
receipt,19
advancements,19
quota,19
magnified,19
evidenced,19
mis,19
withdrawals,19
adhering,19
detaining,19
wrangling,19
tri,19
imprisonment,19
neymar,19
jane,19
cantor,19
miranda,19
godmother,19
blasting,19
yankee,19
pronounce,19
portuguese,19
peruvian,19
entirety,19
pitching,19
representation,18
cinco,18
chilean,18
tore,18
blanco,18
sadler,18
repaired,18
persisted,18
professed,18
ricardo,18
toured,18
pronunciation,18
irreparable,18
ernie,18
mindlessly,18
lynda,18
eventful,18
misogynist,18
validated,18
zion,18
mute,18
gymnast,18
vida,18
bolder,18
combed,18
hardliners,18
dwts,18
29th,18
g.,18
housekeeping,18
ne,18
ignites,18
kahlo,18
collaborator,18
autobiographical,18
songstress,18
strides,18
cartel,18
paulo,18
dusk,18
outbursts,18
fluff,18
haitian,18
gutted,18
dismantled,18
detector,18
ethnicities,18
lovato,17
panthers,17
slang,17
gentrification,17
casa,17
glaad,17
enact,17
14-year,17
venezuela,16
vicente,16
buchanan,16
envious,16
criminalizing,16
gladly,16
semifinals,16
unify,16
redefines,16
skate,16
mingle,16
erasing,16
axed,16
paves,16
entourage,16
abandons,16
beachside,16
vii,16
trailblazer,16
biebs,16
volunteered,16
overzealous,16
unifying,16
quagmire,16
widen,16
goliath,16
pauses,16
alma,16
brazilians,16
overthrow,16
sinful,16
coco,16
deported,16
billboard,16
45th,16
crippling,16
deportation,15
el,15
hamilton,15
perez,15
luis,15
25-year,15
prohibition,15
newscast,15
üëë,15
animosity,15
silva,15
marchers,15
pioneered,15
dora,15
divides,15
inexcusable,15
whitewash,15
heartthrob,15
rockers,15
reinstated,15
virginity,15
stemming,15
massacres,15
smugglers,15
envisioned,15
amos,15
blm,15
u.s.-cuba,15
nautical,15
wishful,15
prominence,15
reassess,15
condescending,15
distressing,15
taco,15
isaac,15
carmen,14
tearful,14
federation,14
playwright,14
immigration,14
alpine,14
diaspora,14
detergent,14
flaky,14
winehouse,14
clone,14
pa,14
molested,14
translating,14
invests,14
streamed,14
anxiously,14
receipts,14
ethnicity,14
hellish,14
immortalized,14
unforgivable,14
referencing,14
lgbtq+,14
disproportionate,14
menacing,14
appointees,14
brokered,14
wrongfully,14
directive,14
characterize,14
ruffled,14
waiters,14
plaintiff,14
patrol,14
heritage,14
demi,14
diaz,14
poet,14
forefront,13
roberto,13
frida,13
smithsonian,13
nae,13
guatemala,13
diego,13
carlos,13
soy,13
insulted,13
barista,13
chopsticks,13
claps,13
institutionalized,13
na,13
crossover,13
referenced,13
longed,13
resonated,13
unfounded,13
merch,13
artisans,13
mouthwatering,13
ills,13
primetime,13
venezuelan,13
medina,13
settlers,13
austen,13
recite,13
chants,13
cows,13
gravitational,13
tile,13
unaccompanied,13
viii,13
infringement,13
flopped,13
wrought,13
patty,13
jailing,13
mobilizing,13
hotbed,13
isabel,13
smelled,13
yo,13
racists,13
containers,13
certificates,13
inaction,12
cecile,12
cheetos,12
pod,12
croissant,12
finn,12
speculate,12
praying,12
baffling,12
unruly,12
rousing,12
bane,12
mendoza,12
principled,12
tenacity,12
activate,12
sideline,12
proudest,12
frontline,12
untitled,12
descent,12
mustache,12
occupations,12
meanings,12
textbooks,12
restricted,12
heir,12
b√ºndchen,12
‚Äô,12
maria,12
unionize,12
pablo,12
oreos,12
citizenship,12
alba,12
e.,11
hanson,11
u2,11
reacts,11
remix,11
xenophobia,11
midler,11
gillespie,11
stats,11
dismissing,11
bots,11
norma,11
rappers,11
specializes,11
elmo,11
originals,11
bevy,11
royce,11
incest,11
ageism,11
harass,11
hilarity,11
damning,11
simplistic,11
underrepresented,11
perch,11
qualifications,11
indicators,11
uc,11
detention,11
sofia,11
solidarity,11
methane,11
vigil,11
deportations,11
dismal,11
slur,11
del,11
indigenous,11
contracted,11
disses,11
sensual,11
mince,11
sisterhood,11
schooler,11
foray,11
inflict,11
frappuccino,11
accomplishment,11
icing,11
validate,11
rsvp,11
chanted,11
pans,11
provoked,11
elie,11
1940s,11
trailblazers,11
trailblazing,11
anthology,11
madame,11
adrienne,11
dared,11
amplify,11
pandering,11
carmelo,11
gloriously,11
22nd,11
moviegoers,11
underscores,11
commemoration,11
revenant,11
natalia,11
birdman,11
seminal,11
humorous,11
horns,11
clicking,11
disingenuous,11
sequined,11
inhumane,11
championing,11
inception,11
sucking,11
licenses,11
mario,11
pussy,11
advisor,10
whitewashing,10
üíï,10
deepen,10
reinforced,10
discourage,10
af,10
hips,10
normalizing,10
confidently,10
infuriating,10
exxonmobil,10
taunt,10
nabbed,10
directorial,10
delightfully,10
herald,10
33-year,10
unconscionable,10
boulevard,10
sur,10
rockies,10
urgently,10
surges,10
wichita,10
firestorm,10
shamed,10
marginalized,10
pioneering,10
daisy,10
rita,10
rosie,10
systematic,10
nadal,10
booty,10
recipients,10
accordingly,10
explicitly,10
chanting,10
tearing,10
stoke,10
fart,10
rodeo,10
withhold,10
capitals,10
smiley,10
denouncing,10
mourns,10
definite,10
objectively,10
volatility,10
garcia,10
dab,10
deed,10
lovin',10
departed,10
covert,10
reprieve,10
pragmatic,10
forging,10
mexico,10
ethnic,10
hateful,10
limbo,10
begs,10
buses,10
tongue,10
sync,9
jesse,9
sotu,9
teasing,9
heartless,9
unrelated,9
intends,9
rescind,9
preach,9
wedge,9
khalifa,9
cropped,9
chant,9
louder,9
resounding,9
flipping,9
emboldened,9
wax,9
daredevil,9
neurosurgeon,9
detection,9
detains,9
uploaded,9
mainland,9
amnesty,9
fernando,9
unapologetic,9
scarcity,9
flores,9
blackout,9
cultures,9
applications,9
protester,9
shithole,9
undercover,9
touted,9
migration,9
balances,9
studded,9
pleas,9
risking,9
oppression,9
critiques,9
disdain,9
bromance,9
plank,9
sweeps,9
multicultural,9
hugo,9
ramirez,9
brushing,9
driveway,9
hardworking,9
hallway,9
municipal,9
jennie,9
minors,9
les,9
offbeat,9
prestigious,9
flyers,9
fades,9
haze,9
gitmo,9
sovereign,9
legislatures,9
travelling,9
ronaldo,9
grape,9
marc,9
arizona,9
usa,9
insists,9
mayo,9
flops,9
unarmed,9
hurdles,9
gloria,9
diversity,9
organizers,8
nods,8
portraying,8
collects,8
incarcerated,8
attest,8
ripple,8
hyped,8
broadcaster,8
obscene,8
denounce,8
betrayal,8
herrera,8
intersection,8
proximity,8
oak,8
erupts,8
neat,8
schooled,8
depicting,8
homo,8
eruption,8
dartmouth,8
probable,8
sylvia,8
whatsapp,8
smuggling,8
honorable,8
implied,8
impacting,8
esque,8
grove,8
interpretations,8
reparations,8
filipino,8
op,8
justified,8
latter,8
rubber,8
publishing,8
contradictory,8
individuality,8
postpones,8
byrne,8
rallied,8
sung,8
synonymous,8
disposable,8
sobbing,8
collector,8
poisonous,8
ignited,8
rapping,8
textbook,8
performers,8
spotlights,8
prizes,8
plead,8
napa,8
distinguished,8
contacted,8
factories,8
covergirl,8
la,8
honored,8
brazil,8
rio,8
anthony,8
emoji,8
tapped,8
bearing,8
dye,8
cuba,8
adorably,8
illegal,8
shout,8
torres,8
contractor,8
des,8
addresses,8
dedicates,8
bette,8
insufficient,8
discriminated,8
lieutenant,8
deferred,8
scathing,8
lure,8
detained,8
mixture,8
takei,8
bookstore,8
vetting,8
vandalism,8
dam,8
counterparts,8
humiliating,8
photographic,8
macfarlane,8
deletes,8
wakes,8
cater,8
shouted,8
mediocre,8
ventures,8
oftentimes,8
nominating,8
resembles,8
hijacked,8
gaultier,8
superintendent,8
represent,8
b,8
spoiler,8
asset,8
discriminatory,8
mvp,8
diane,8
represented,8
trucks,8
rhetoric,8
betty,7
ensuring,7
supper,7
sanchez,7
repression,7
depicted,7
credentials,7
kat,7
participated,7
denise,7
dealers,7
appearing,7
snapshot,7
legalizing,7
toilets,7
slap,7
hardships,7
en,7
mouthed,7
catalyst,7
rebirth,7
insecurities,7
adjustment,7
exempt,7
savior,7
midterms,7
hollow,7
40th,7
contempt,7
lenders,7
zoe,7
empowers,7
blackness,7
nominations,7
actress,7
forged,7
collaborations,7
colony,7
pronounced,7
relatives,7
arrivals,7
advisors,7
aubrey,7
fave,7
likens,7
disguised,7
reservations,7
boils,7
frustrations,7
maduro,7
lineup,7
üé§,7
colossal,7
understatement,7
tots,7
paste,7
encouragement,7
suppress,7
prescriptions,7
passionately,7
lanza,7
gomez,7
starred,7
systemic,7
dominant,7
flame,7
malia,7
migrant,7
vocal,7
adriana,7
mandy,7
harrowing,7
mentality,7
mayonnaise,7
thirst,7
piggy,7
m,7
guards,7
dope,7
translation,7
handcuffed,7
drags,7
depiction,7
advising,7
bridging,7
exile,7
tumultuous,7
gripping,7
protagonist,7
sovereignty,7
weaken,7
gdp,7
influx,7
border,7
outrage,7
deaf,7
grammy,7
trap,7
assassination,7
examined,7
evangelicals,7
pens,7
julian,7
ripping,7
rigorous,7
championships,7
cafeteria,7
grappling,7
galore,7
violently,7
belonging,7
remotely,7
dismissal,7
kfc,7
blasio,7
thanking,7
stall,7
rafael,7
aspiring,7
earnest,7
badass,7
documented,7
ny,7
topless,7
racism,7
infected,7
abandoning,6
üôå,6
nationals,6
alum,6
vu,6
pots,6
embodies,6
platinum,6
unpaid,6
lava,6
swearing,6
unjust,6
relies,6
arquette,6
polo,6
nc,6
securities,6
attributes,6
displaced,6
foodies,6
caption,6
ode,6
graduated,6
dividing,6
allegiance,6
lapd,6
tomb,6
pioneers,6
d.,6
flub,6
pressured,6
apologies,6
notions,6
noteworthy,6
libraries,6
u.s.a,6
silenced,6
indefinitely,6
curriculum,6
detected,6
flawed,6
cocaine,6
messing,6
versace,6
humanitarian,6
households,6
library,6
actors,6
migrants,6
speakers,6
correspondent,6
jaime,6
complicit,6
schoolers,6
aca,6
potent,6
unseen,6
defies,6
mannequin,6
tangible,6
chamber,6
unequal,6
frontman,6
presses,6
crackdown,6
supremacy,6
thread,6
insecure,6
minority,6
parade,6
grammys,6
scent,6
standout,6
closets,6
decency,6
lyft,6
justification,6
elena,6
grad,6
bffs,6
testament,6
patriarchy,6
explorer,6
grossing,6
gracefully,6
f**king,6
pontiff,6
boldly,6
undecided,6
unified,6
fleeting,6
16th,6
solitude,6
contribute,6
fiery,6
responding,6
bigotry,6
portion,6
distributed,6
wiz,6
proceeds,6
yell,6
bun,6
flare,6
lengths,6
becky,6
honorary,6
taunts,6
greeted,6
statistics,6
nobel,6
raping,6
accents,6
barrels,6
stresses,6
enrollment,6
decidedly,6
establishing,6
coulter,6
skinned,6
unstoppable,6
exodus,6
noir,6
winners,6
praises,6
barriers,6
spoken,6
turnout,6
avocado,6
accomplishments,6
kennedy,6
explains,6
‚Äò,6
viewers,6
entrepreneurs,6
salaries,6
awaits,6
‚ù§,6
Ô∏è,6
potus,6
woven,6
24-year,6
anticipated,6
disparity,6
paparazzi,6
sciences,6
serene,6
skilled,6
bulk,6
disappearance,6
unimaginable,6
bigots,6
graduate,6
writers,6
creators,5
tying,5
cancelled,5
reunites,5
shadows,5
drowned,5
mlb,5
curls,5
gibson,5
21-year,5
spoiled,5
mentors,5
medalist,5
powerfully,5
tributes,5
flips,5
pageant,5
triumphs,5
populations,5
hybrid,5
heartbreaking,5
responded,5
apologized,5
prejudice,5
formerly,5
claiming,5
refused,5
backlash,5
bio,5
debra,5
identities,5
ducks,5
relatable,5
nod,5
forthcoming,5
imprisoned,5
commerce,5
slogan,5
3rd,5
culturally,5
applicants,5
copies,5
11th,5
composer,5
philanthropist,5
collision,5
dianne,5
overdue,5
projected,5
misses,5
traded,5
rug,5
foolish,5
kristina,5
diary,5
slurs,5
religions,5
valley,5
hop,5
stereotypes,5
cousin,5
extension,5
spotify,5
promotes,5
16-year,5
delivering,5
award,5
casting,5
finished,5
cup,5
citizens,5
teddy,5
insulting,5
illegally,5
unleashed,5
nicolas,5
monica,5
fest,5
provider,5
kenny,5
winding,5
argentina,5
settled,5
insidious,5
darker,5
casually,5
melbourne,5
centered,5
riot,5
achievement,5
discussed,5
miami,5
urging,5
scrambling,5
recipient,5
clearer,5
pacs,5
observing,5
helm,5
grit,5
pundit,5
pathway,5
insensitive,5
restored,5
onstage,5
poured,5
pursuing,5
hurtful,5
murdering,5
columbus,5
dislike,5
pew,5
strongest,5
disproportionately,5
integrated,5
sail,5
rests,5
fulfilled,5
collusion,5
legislators,5
antonio,5
musicians,5
writes,5
breaks,5
roles,5
hypocrisy,5
steamy,5
miguel,5
borne,5
sesame,5
subjected,5
carpool,5
kaine,5
crusade,5
pregnancies,5
ash,5
possession,5
highlighting,5
feinstein,5
bittersweet,5
electing,5
e,5
criminals,5
toughest,5
wildly,5
miss,5
advocates,5
essay,5
classy,5
12th,5
lima,5
disregard,5
exploitation,5
foxx,5
scholarship,5
janeiro,5
consecutive,5
networks,5
sensation,5
audition,5
authentically,5
experiments,5
fiance,5
difficulties,5
sucks,5
adolescent,5
diplomatic,5
urine,5
communist,5
omar,5
doctrine,5
monopoly,5
mixing,5
urged,5
mashup,5
nationalist,5
preserve,5
empower,5
responds,5
language,5
superstar,5
unsettling,5
palsy,5
contributions,5
o'brien,5
tissues,5
caregiving,5
northwest,5
slamming,5
pleaded,5
broncos,5
scoring,5
journeys,5
blistering,5
ins,5
tracked,5
angst,5
aesthetic,5
confinement,5
setback,5
reclaiming,5
hurricane,5
communities,5
viral,5
campuses,5
urge,5
destructive,5
builds,5
medal,5
industries,5
dairy,5
selma,5
dollar,5
blueprint,5
uphold,5
jails,5
defying,5
prisons,5
dignity,5
touching,5
memes,5
drastically,5
analyzed,5
booming,5
awaited,5
reversal,5
earliest,5
languages,5
athens,5
describing,5
cemetery,5
rages,5
concerts,5
inequality,4
laughs,4
homophobia,4
boomers,4
speeches,4
flotus,4
tackles,4
salinas,4
dui,4
surrogate,4
theirs,4
purge,4
gore,4
knicks,4
colon,4
harmless,4
ariel,4
financially,4
concentration,4
impacted,4
shifted,4
polling,4
recognize,4
nyc,4
ideals,4
irma,4
interrupted,4
inducing,4
judged,4
reservation,4
reunion,4
affected,4
defender,4
obligations,4
graduating,4
cleared,4
attracting,4
settings,4
attire,4
roots,4
speaking,4
emmy,4
wrote,4
singer,4
harmony,4
halt,4
fighters,4
y,4
peers,4
defining,4
reform,4
awards,4
buzzfeed,4
chasing,4
spielberg,4
horrors,4
inadequate,4
bakery,4
disappearing,4
promo,4
rescues,4
literal,4
19-year,4
marched,4
gregory,4
sparkly,4
ecuador,4
ms,4
inability,4
ucla,4
tunnel,4
universe,4
broad,4
ed,4
cherry,4
representative,4
percentage,4
virtual,4
queens,4
rapper,4
advised,4
defended,4
70s,4
lauer,4
symbolic,4
raids,4
albert,4
bff,4
cowboys,4
molly,4
advancing,4
alton,4
marking,4
volunteers,4
dismisses,4
pity,4
bending,4
careers,4
summit,4
orlando,4
raped,4
prize,4
divide,4
tennis,4
voters,4
posts,4
poetry,4
graduation,4
burrito,4
feat,4
plunging,4
pixar,4
gubernatorial,4
endured,4
rod,4
neo,4
warrant,4
praised,4
delegate,4
discoveries,4
whipped,4
signal,4
bananas,4
preventive,4
barrier,4
captures,4
vote,4
starbucks,4
generations,4
viewing,4
confronts,4
cord,4
nazis,4
timing,4
heartfelt,4
cerebral,4
demise,4
papers,4
tacos,4
programming,4
valid,4
virtue,4
clarke,4
slams,4
tonight,4
english,4
oscar,4
remarks,4
supports,4
revolutionary,4
fierce,4
hip,4
supported,4
goddess,4
lyrics,4
tenure,4
intervention,4
curly,4
complexity,4
glee,4
clears,4
trafficking,4
killings,4
sculpture,4
scholars,4
dream,4
milestone,4
collapse,4
filling,4
daughters,4
existence,4
targets,4
actor,4
journalist,4
robbed,4
demographic,4
cbs,4
plaza,4
volkswagen,4
finishing,4
tribeca,4
honoring,4
guild,4
escaping,4
profiling,4
noble,4
eligible,4
spokesperson,4
uninsured,4
considerable,4
stripes,4
solely,4
leaving,4
ugly,4
southwest,4
denver,4
columbia,4
rubio,4
hears,4
supremacists,4
caps,4
pulitzer,4
cruel,4
sour,4
comprehensive,4
25th,4
feeds,4
frenzy,4
stronger,4
‚Äôm,4
granted,4
supporting,4
charlottesville,4
arrests,4
ears,4
dawn,4
filing,4
broadcast,4
ron,4
questioning,4
messages,4
earn,4
#,4
recognizes,4
renew,4
shuts,4
bruno,4
symbols,4
medals,4
elf,4
civic,4
elevator,4
aurora,4
curve,4
incumbent,4
drank,4
shouting,4
appointed,4
leukemia,4
fired,4
presidency,4
protest,4
opened,4
aaron,4
treated,4
olympian,4
tragedies,4
blessings,4
teaser,4
anchor,4
gaps,4
damages,4
candle,4
minimal,4
instructor,4
joining,4
albums,4
semi,4
redefining,4
dragged,4
aspen,4
plagued,4
darkest,4
criminal,4
citizen,4
openly,4
hollywood,4
behalf,4
globes,4
hanging,4
powerful,4
muse,4
slammed,4
rejoice,4
reboot,4
essentially,4
clergy,4
suspension,4
encouraged,4
peru,4
garbage,4
poorest,4
bass,4
ca,4
pilots,4
channels,4
verge,4
ignores,4
errors,4
promised,4
approaching,4
celebrations,4
tragic,3
star,3
ignored,3
leonard,3
panther,3
mainly,3
transforms,3
apologizing,3
bosses,3
shortage,3
necessity,3
volcano,3
farms,3
aguilera,3
nailed,3
greed,3
recreate,3
strategic,3
sentiment,3
representatives,3
prisoner,3
catholic,3
jennifer,3
trolls,3
maya,3
sings,3
authors,3
sons,3
proposed,3
rant,3
richards,3
reproductive,3
edible,3
filming,3
unaware,3
crucial,3
cared,3
hates,3
disputes,3
legally,3
hashtag,3
showcase,3
killers,3
gallup,3
outdated,3
solitary,3
rebels,3
muscle,3
newspapers,3
color,3
siblings,3
fund,3
native,3
reactions,3
status,3
song,3
unfortunately,3
unclear,3
wishing,3
a.,3
prom,3
sheeran,3
ya,3
liz,3
crushing,3
millennials,3
fury,3
unwanted,3
hammer,3
showcases,3
promoted,3
misunderstood,3
los,3
comedian,3
tribute,3
haters,3
jam,3
rex,3
obstacles,3
aid,3
music,3
honors,3
daylight,3
sin,3
zuckerberg,3
blogging,3
stamps,3
cuisine,3
reflected,3
coca,3
suitcase,3
branding,3
paints,3
rumor,3
creature,3
lacking,3
revive,3
s.,3
urgency,3
fever,3
boomer,3
golden,3
champion,3
mayor,3
established,3
delay,3
offensive,3
artists,3
professionals,3
belongs,3
needing,3
happily,3
refer,3
kinda,3
fiscal,3
santorum,3
fastest,3
feminists,3
freshman,3
incoming,3
restoring,3
influential,3
stairs,3
breakdown,3
throwing,3
receiving,3
angry,3
portraits,3
grande,3
millennial,3
segment,3
harvey,3
neighborhoods,3
slam,3
malaysia,3
exposes,3
pitcher,3
olympians,3
attendees,3
casts,3
substantial,3
s**t,3
directors,3
gods,3
cries,3
dances,3
referring,3
analyst,3
inspires,3
tall,3
teen,3
described,3
repeatedly,3
highest,3
community,3
tmz,3
stood,3
busted,3
citing,3
grader,3
urges,3
doubles,3
sounding,3
ordering,3
condemned,3
glance,3
threw,3
cheers,3
respected,3
requiring,3
kansas,3
cultural,3
struggles,3
students,3
struggle,3
voting,3
perfume,3
herself,3
cruz,3
relations,3
v,3
fingers,3
mogul,3
mar,3
outsider,3
clinic,3
cuteness,3
neglect,3
favors,3
weighed,3
willingness,3
generate,3
nyfw,3
contributed,3
hoping,3
performed,3
fruits,3
launches,3
proud,3
wants,3
mix,3
island,3
trophy,3
presidents,3
mesmerizing,3
offenders,3
mate,3
christina,3
cringe,3
hoax,3
clue,3
discriminate,3
sheep,3
exclusively,3
patricia,3
fantastic,3
protected,3
limited,3
lip,3
celebrates,3
wreck,3
portman,3
fundamentally,3
targeting,3
sweetest,3
participating,3
wanna,3
adjust,3
looms,3
slavery,3
shorter,3
pledged,3
kisses,3
frankly,3
mixed,3
deserves,3
graphic,3
chart,3
duo,3
notion,3
rebecca,3
default,3
degrees,3
sophie,3
scored,3
rocking,3
nonprofits,3
milan,3
outraged,3
appearances,3
msnbc,3
television,3
lesson,3
scheduled,3
recalls,3
startup,3
sandra,3
fame,3
offering,3
gains,3
intentions,3
hundreds,3
land,3
‚Äôs,3
message,3
slate,3
groundbreaking,3
chose,3
decade,3
applying,3
sustained,3
genre,3
highway,3
g,3
premieres,3
princesses,3
deleted,3
foul,3
aspect,3
implement,3
sang,3
letters,3
tremendous,3
judges,3
shots,3
ran,3
appearance,3
arrive,3
bros,3
protection,3
misconceptions,3
activism,3
hosting,3
kickstarter,3
titles,3
liquid,3
rival,3
sector,3
senses,3
pressing,3
congresswoman,3
adopting,3
racist,3
numbers,3
apologize,3
stealing,3
file,3
rebel,3
targeted,3
massacre,3
fifth,3
toll,3
newest,3
demanding,3
plight,3
jackie,3
understands,3
pursue,3
burden,3
odom,3
consumed,3
translate,3
arguing,3
outstanding,3
s,3
inaugural,3
acted,3
rally,3
dedicated,3
truck,3
position,3
donate,3
poverty,3
act,3
fan,3
experimental,3
shared,3
ships,3
owning,3
businesses,3
wilde,3
80s,3
pup,3
bro,3
homage,3
ought,3
hosted,3
discount,3
demonstrated,3
cracks,3
invasion,3
collections,3
justify,3
sober,3
governors,3
n‚Äôt,3
receive,3
deaths,3
diverse,3
billions,3
employment,3
san,3
loud,3
costume,3
lived,3
selling,3
families,3
lack,3
filmmakers,3
washing,3
hilton,3
empowering,3
blank,3
semitic,3
thriller,3
gifted,3
pittsburgh,3
avoided,3
ink,3
admission,3
endure,3
chile,3
gap,3
sanctuary,3
covering,3
texas,3
golf,3
colorful,3
creator,3
identity,3
goodbye,3
coalition,3
arpaio,3
talents,3
guys,3
aimed,3
islamophobia,3
dealt,3
trumps,3
criticizing,3
nbc,3
goodness,3
marked,3
austerity,3
realm,3
commentary,3
electricity,3
gisele,3
apparel,3
apology,3
sanctions,3
fortune,3
harsh,3
dancer,3
dame,3
gesture,3
spare,3
macy,3
beneficial,3
cancel,3
advocate,3
surreal,3
handy,3
vp,3
mourning,3
enduring,3
exhibition,3
songwriter,3
gays,3
vehicles,3
nonsense,3
observe,3
torn,3
appointment,3
won,3
snl,3
.,3
elect,3
dnc,3
ongoing,3
‚Äú,3
strike,3
passion,3
hiding,3
twin,3
hail,3
renowned,3
nationwide,3
exclusive,3
11-year,3
delightful,3
copyright,3
founding,3
nation,3
millions,3
entertainment,3
political,3
vet,3
districts,3
census,3
credits,3
portrait,3
lesbians,3
damon,3
condemns,3
rooted,3
broadway,3
trash,3
globe,3
male,3
politicians,3
ups,3
remake,3
jaw,3
ownership,3
vets,3
traveled,3
awarded,3
tropical,3
haunting,3
select,3
john,3
',3
program,3
teacher,3
album,3
academy,3
forgotten,3
council,3
trending,3
assaulting,3
lied,3
superhero,3
announce,3
jose,3
defined,3
nominated,3
hitler,3
blacks,3
accepted,3
confession,3
agents,3
smiles,3
investments,3
justice,3
identify,3
sparks,3
arts,3
silent,3
martin,3
crimes,2
logo,2
exhibit,2
explores,2
wintour,2
refuge,2
moving,2
dreams,2
owner,2
funding,2
deliver,2
trapped,2
gained,2
governments,2
american,2
behind,2
olympics,2
director,2
ending,2
variety,2
zika,2
yellow,2
evangelical,2
loyalty,2
decrease,2
sexism,2
olivia,2
filmed,2
doc,2
unacceptable,2
explosive,2
fulfill,2
importance,2
opens,2
version,2
speech,2
regardless,2
firm,2
anti,2
reflect,2
reverse,2
feminism,2
lands,2
asks,2
presence,2
celebrities,2
warns,2
winner,2
capitol,2
heights,2
requests,2
hosts,2
jesus,2
demonstrate,2
accidental,2
festival,2
reminder,2
speak,2
throws,2
investing,2
strength,2
grew,2
simultaneously,2
farmers,2
reminds,2
tracking,2
central,2
destiny,2
appealing,2
till,2
pledges,2
insult,2
equality,2
soda,2
affordable,2
innocent,2
returns,2
highly,2
father,2
candid,2
flames,2
institutions,2
abandon,2
painted,2
commit,2
cue,2
scotus,2
population,2
commencement,2
printed,2
fashionable,2
trendy,2
journalists,2
shares,2
comments,2
‚Äôre,2
singles,2
sing,2
contrary,2
frightening,2
someday,2
joyful,2
mock,2
pokemon,2
danny,2
murdered,2
lone,2
m.,2
superman,2
jailed,2
screens,2
achieve,2
wall,2
protests,2
odds,2
empty,2
direct,2
whose,2
student,2
catherine,2
wage,2
uncertain,2
educators,2
exceptional,2
disappointment,2
arrested,2
officers,2
official,2
basically,2
port,2
frustrating,2
greatly,2
gravity,2
resistance,2
remembers,2
institution,2
triumph,2
calif,2
nebraska,2
equity,2
country,2
honor,2
controversy,2
generation,2
candidate,2
growing,2
damn,2
analysis,2
voices,2
stigma,2
spectacular,2
üî•,2
spin,2
mourn,2
putting,2
cancels,2
witness,2
depend,2
mentioned,2
lock,2
signals,2
lowest,2
revenue,2
principle,2
participation,2
america,2
activist,2
announced,2
agent,2
born,2
drama,2
crisis,2
asking,2
send,2
cycle,2
ripped,2
fatherhood,2
logic,2
shaped,2
embracing,2
competing,2
resilient,2
monologue,2
wounds,2
challenger,2
facility,2
failures,2
series,2
culture,2
emotional,2
divided,2
entrepreneur,2
wanting,2
inspired,2
artist,2
rips,2
yorker,2
acknowledge,2
proving,2
predicted,2
repair,2
olds,2
smiling,2
ai,2
producing,2
unconstitutional,2
countless,2
monuments,2
thinks,2
cry,2
producer,2
approach,2
enter,2
elected,2
build,2
opportunities,2
questioned,2
spell,2
prefer,2
twist,2
currently,2
debbie,2
f**k,2
teenager,2
irony,2
shark,2
parenthood,2
feet,2
action,2
marco,2
election,2
understand,2
thank,2
tide,2
severe,2
lit,2
freezing,2
suspended,2
employer,2
examine,2
mainstream,2
regarding,2
fights,2
number,2
policy,2
traditions,2
patriotic,2
hilariously,2
alicia,2
alarming,2
tickets,2
penn,2
comparing,2
industrial,2
cameron,2
letter,2
georgia,2
characters,2
succeed,2
clearly,2
quarter,2
voter,2
celebrating,2
beatles,2
october,2
jeffrey,2
swing,2
rethink,2
wendy,2
empowerment,2
pops,2
bbc,2
divine,2
origin,2
midterm,2
adds,2
rap,2
fearless,2
considering,2
association,2
words,2
welcomed,2
word,2
crashed,2
laura,2
tipping,2
psa,2
lining,2
crossed,2
apologizes,2
venture,2
cotton,2
stable,2
visible,2
barcelona,2
hate,2
crowd,2
resources,2
paying,2
nominee,2
everybody,2
possibility,2
overcoming,2
bake,2
tone,2
crowded,2
pulse,2
ceos,2
dump,2
underground,2
ellen,2
board,2
built,2
celebration,2
spaces,2
critical,2
talked,2
members,2
titled,2
protections,2
prove,2
daddy,2
objects,2
roasted,2
abortions,2
departure,2
cartoon,2
stadium,2
fourth,2
inspiring,2
corner,2
revolution,2
activists,2
tackle,2
outbreak,2
b.,2
sentence,2
shall,2
farewell,2
champions,2
whip,2
wages,2
boost,2
victims,2
stories,2
prison,2
unlikely,2
staff,2
players,2
united,2
economic,2
power,2
exception,2
stakes,2
wednesday,2
punk,2
ordinary,2
athletic,2
camps,2
robin,2
witch,2
columnist,2
associate,2
youth,2
fighting,2
alaska,2
vulnerable,2
floor,2
attacked,2
legal,2
sorts,2
owe,2
roughly,2
freaking,2
floating,2
threatening,2
relative,2
asylum,2
played,2
pop,2
removed,2
draw,2
among,2
lighting,2
role,2
resident,2
knowing,2
seniors,2
philadelphia,2
prepared,2
sizes,2
concrete,2
fifa,2
dropped,2
remembering,2
francis,2
character,2
uses,2
vanessa,2
capture,2
achieved,2
o,2
conservation,2
protesting,2
shifting,2
strengthen,2
death,2
soccer,2
response,2
humanity,2
fans,2
republic,2
filed,2
pic,2
mariah,2
inspire,2
slave,2
organizations,2
receives,2
cuomo,2
blaming,2
books,2
stands,2
told,2
hole,2
aim,2
group,2
shirt,2
convention,2
hated,2
swimsuit,2
barely,2
seeks,2
roads,2
education,2
unite,2
neutrality,2
incidents,2
urgent,2
americans,2
hits,2
centers,2
featuring,2
dance,2
posting,2
situations,2
sights,2
wives,2
wet,2
insights,2
promises,2
childhood,2
statue,2
ranks,2
sits,2
mars,2
overlooked,2
alert,2
edward,2
brazilian,2
stays,2
congress,2
facing,2
hilarious,2
protesters,2
silence,2
watch,2
colorado,2
named,2
nostalgia,2
tournament,2
impressed,2
12-year,2
exploring,2
unnecessary,2
awe,2
reporter,2
gold,2
meant,2
duty,2
provides,2
senior,2
jessica,2
olympic,2
saying,2
cause,2
romance,2
nails,2
bow,2
heavily,2
blocked,2
factory,2
nobody,2
causes,2
mouth,2
actions,2
honest,2
governor,2
largest,2
flip,2
ignorance,2
deserve,2
absurd,2
dominated,2
disgusting,2
national,2
says,2
rumors,2
tourism,2
stressed,2
died,2
she,2
spoke,2
thursday,2
proves,2
carolina,2
leadership,2
delayed,2
fireworks,2
region,2
beast,2
behold,2
damaging,2
dry,2
accomplished,2
performance,2
‚Äôve,2
burning,2
fathers,2
overcome,2
states,2
california,2
union,2
scene,2
bobby,2
theaters,2
crop,2
excuses,2
invitation,2
bitter,2
alien,2
refreshing,2
jumping,2
must,2
virginia,2
gave,2
hell,2
customer,2
seconds,2
hampshire,2
doubt,2
relief,2
minute,2
brother,2
gallery,2
cheer,2
policies,2
examples,2
denied,2
becomes,2
romantic,2
private,2
ones,2
sound,2
advocacy,2
threats,2
tears,2
aims,2
rapidly,2
dc,2
milk,2
nuts,2
endorse,2
educated,2
fields,2
tactics,2
luckily,2
differently,2
dumb,2
lie,2
history,2
soft,2
sending,2
studies,2
quotes,2
mark,2
dollars,2
entire,2
blame,2
natalie,2
blamed,2
treasure,2
packing,2
cloud,2
integrity,2
impacts,2
organizing,2
release,2
elections,2
given,2
angeles,2
original,2
focused,2
mistake,2
white,2
therefore,2
pelosi,2
followers,2
dj,2
assistance,2
performances,2
idol,2
stole,2
handling,2
priorities,2
customers,2
90s,2
progress,2
failing,2
calls,2
reach,2
calling,2
begins,2
sitting,2
expressed,2
elegant,2
belong,2
strongly,2
alarm,2
reasonable,2
legacy,2
perform,2
wrapped,2
esteem,2
engaging,2
staffers,2
building,2
vision,2
mostly,2
call,2
clip,2
surprised,2
hit,2
dude,2
acceptance,2
spark,2
angel,2
consistent,2
towards,2
describe,2
center,2
pence,2
month,2
inclusion,2
celebs,2
grandparents,2
answered,2
tank,2
woke,2
motivated,2
sight,2
revealing,2
metal,2
against,2
non,2
film,2
college,2
responsibility,2
received,2
huge,2
because,2
ignoring,2
crazy,2
legend,2
palm,2
threatens,2
compete,2
engage,2
canceled,2
emotion,2
glory,2
supporter,2
dig,2
accountability,2
bbq,2
dip,2
turned,2
president,2
paint,2
figure,2
respect,2
tv,2
main,2
broken,2
duke,2
banning,2
graduates,2
participate,2
triple,2
sterling,2
leslie,2
declares,2
recognized,2
permission,2
ad,2
title,2
drops,2
standing,2
reporting,2
saturday,2
ceremony,2
taxes,2
politically,2
constant,2
stages,2
category,2
marie,2
mac,2
punch,2
worn,2
backing,2
tear,2
schools,2
raise,2
wealth,2
share,2
shame,2
brooklyn,2
regular,2
without,2
teens,2
toy,2
pursuit,2
discussion,2
bottles,2
november,2
lean,2
rely,2
separation,2
village,2
ask,2
york,2
show,2
demands,2
am,2
helping,2
instagram,2
documents,2
transformed,2
clips,2
explain,2
watson,2
spray,2
troubled,2
telling,2
endangered,2
sake,2
regime,2
reality,2
dramatic,2
specific,2
suffering,2
reveals,2
waiting,2
missing,2
type,2
required,2
neighborhood,2
windows,2
bureau,2
feels,2
grace,2
included,2
congressional,2
presidential,2
her,2
since,2
heels,2
panel,2
hero,2
driver,2
degeneres,2
animated,2
silver,2
poem,2
passionate,2
bully,2
minaj,2
proved,2
rent,2
ate,2
protecting,2
young,2
support,2
appear,2
allowed,2
whom,2
florida,2
restore,2
binge,2
answers,2
ashamed,2
surrounded,2
historic,2
attend,2
breaking,2
critics,2
rights,2
temporary,2
silicon,2
absence,2
resilience,2
executive,2
infant,2
itself,2
profits,2
existing,2
shot,2
realized,2
passed,2
demand,2
discuss,2
meet,2
faces,2
taken,2
tens,2
theft,2
achieving,2
academic,2
disappointed,2
retailers,2
reflections,2
talent,2
supporters,2
dealing,2
conversations,2
joe,2
spectrum,2
sparked,2
desperately,2
majority,2
asleep,2
penis,2
estimated,2
stomach,2
recession,2
leaders,2
tells,2
perspective,2
means,2
burger,2
trump,2
lawsuit,2
almost,2
glad,2
disaster,2
punishment,2
bipartisan,2
unexpected,2
tillerson,2
chill,2
resorts,2
modern,2
films,2
officer,2
victoria,2
pressure,2
wars,2
under,2
recovery,2
planned,2
committed,2
alongside,2
carey,2
invite,2
borders,2
locked,2
flower,2
commitment,2
construction,2
prior,2
addressing,2
became,2
taught,2
deeply,2
values,2
window,2
except,2
painful,2
donald,2
why,2
nowhere,1
flood,1
method,1
lazy,1
deadline,1
shirts,1
resolve,1
initial,1
package,1
steve,1
disney,1
pope,1
comic,1
beloved,1
flowers,1
channel,1
example,1
workers,1
hearts,1
cozy,1
pentagon,1
wash,1
nicki,1
gunman,1
fuels,1
ann,1
accountable,1
located,1
hillary,1
woman,1
groups,1
choose,1
rape,1
memoir,1
concept,1
quietly,1
confirmed,1
releases,1
write,1
sen,1
throw,1
disasters,1
opposed,1
definitely,1
referendum,1
gather,1
correct,1
annual,1
boy,1
athletes,1
many,1
survived,1
filled,1
ground,1
nov,1
significantly,1
changed,1
mothers,1
feature,1
discrimination,1
continues,1
parties,1
newborn,1
draft,1
bias,1
nevada,1
replacement,1
carried,1
fatally,1
spots,1
howard,1
entered,1
occasion,1
court,1
shows,1
pregnancy,1
fire,1
battle,1
street,1
living,1
thrown,1
delivers,1
a.m.,1
indeed,1
confusion,1
reducing,1
neither,1
protect,1
episode,1
nail,1
thoughts,1
leading,1
their,1
significant,1
beings,1
emily,1
depends,1
capable,1
arrived,1
due,1
felt,1
outside,1
son,1
band,1
accuses,1
garner,1
inclusive,1
filmmaker,1
nsfw,1
culinary,1
conversation,1
live,1
evening,1
housing,1
already,1
public,1
amid,1
himself,1
darkness,1
ally,1
executives,1
bond,1
rises,1
fairy,1
philippines,1
preventing,1
county,1
environment,1
team,1
ice,1
met,1
speaker,1
foot,1
connecticut,1
uncertainty,1
needed,1
championship,1
outcome,1
frequent,1
respond,1
error,1
permanent,1
plea,1
stop,1
story,1
during,1
moves,1
he,1
abortion,1
newly,1
routine,1
racial,1
names,1
mother,1
montana,1
recap,1
bull,1
coat,1
pledge,1
caitlyn,1
voted,1
retired,1
prominent,1
killed,1
finds,1
said,1
nearly,1
yesterday,1
teaches,1
pot,1
sept,1
emmys,1
reports,1
matt,1
takes,1
brad,1
lauren,1
warn,1
serving,1
jamie,1
tensions,1
imagined,1
iron,1
shadow,1
pr,1
volunteer,1
anxiety,1
dad,1
meals,1
video,1
pass,1
clean,1
allows,1
petition,1
deny,1
tied,1
horrific,1
attending,1
finally,1
gone,1
replace,1
family,1
came,1
grateful,1
sued,1
developing,1
teenagers,1
pattern,1
o'reilly,1
gates,1
were,1
side,1
school,1
fly,1
focus,1
politics,1
failed,1
remember,1
officials,1
revealed,1
forgive,1
otherwise,1
safer,1
accidentally,1
material,1
aggressive,1
dust,1
sweet,1
threat,1
coming,1
second,1
goes,1
conference,1
works,1
endorsement,1
‚Äî,1
calendar,1
owned,1
after,1
female,1
written,1
people,1
carpet,1
aftermath,1
defends,1
understood,1
proven,1
engagement,1
charlotte,1
soldier,1
having,1
leader,1
turn,1
re,1
results,1
police,1
again,1
-,1
violent,1
push,1
benefit,1
his,1
regularly,1
greater,1
riding,1
app,1
gathering,1
radio,1
improved,1
electric,1
classes,1
taste,1
report,1
museum,1
agency,1
de,1
embarrassing,1
motion,1
weak,1
inevitable,1
system,1
laws,1
pride,1
miles,1
times,1
seeing,1
thomas,1
quit,1
netflix,1
whole,1
criticized,1
bacteria,1
discusses,1
educational,1
walk,1
count,1
lose,1
announces,1
anyway,1
income,1
grief,1
intimate,1
marine,1
managing,1
conditions,1
first,1
audience,1
impact,1
movement,1
low,1
issues,1
host,1
wonders,1
hunger,1
concert,1
rolls,1
cdc,1
files,1
wolf,1
votes,1
king,1
boss,1
affair,1
oscars,1
guy,1
seat,1
rejected,1
serves,1
prosecutor,1
democrat,1
background,1
jean,1
useful,1
admitted,1
gets,1
lgbtq,1
chicago,1
gear,1
bottom,1
bear,1
worried,1
legislation,1
confusing,1
secure,1
emerging,1
violence,1
real,1
wins,1
hopes,1
exists,1
physically,1
drawn,1
joint,1
fought,1
social,1
candidates,1
nomination,1
face,1
bans,1
disabilities,1
resist,1
increases,1
beats,1
advertising,1
women,1
shoot,1
prince,1
fight,1
stepping,1
tops,1
disturbing,1
introduced,1
lift,1
bus,1
table,1
billy,1
camera,1
ended,1
meanwhile,1
pure,1
alternative,1
narrative,1
australia,1
begun,1
state,1
throughout,1
deadly,1
scenes,1
sign,1
speaks,1
unity,1
lipstick,1
historical,1
ensure,1
classroom,1
weigh,1
went,1
agenda,1
lifetime,1
natural,1
property,1
productive,1
infrastructure,1
seemingly,1
measure,1
concerned,1
fresh,1
exist,1
adam,1
stand,1
mike,1
issue,1
moved,1
delivered,1
address,1
apart,1
debuts,1
walks,1
q&a,1
image,1
column,1
occurred,1
financial,1
held,1
falling,1
running,1
senator,1
network,1
product,1
highlights,1
comedy,1
debt,1
tim,1
recall,1
princess,1
mtv,1
district,1
meaning,1
obama,1
statements,1
winning,1
unknown,1
4th,1
rick,1
drake,1
produced,1
single,1
for,1
biggest,1
balance,1
decision,1
route,1
supreme,1
picking,1
eve,1
about,1
controversial,1
love,1
case,1
wealthy,1
helped,1
steven,1
chair,1
destroy,1
device,1
friday,1
ruling,1
weapon,1
fatal,1
robert,1
absolutely,1
clear,1
government,1
has,1
in,1
debut,1
debates,1
waves,1
contract,1
homeless,1
massachusetts,1
fear,1
city,1
who,1
this,1
form,1
bite,1
journalism,1
statement,1
refuses,1
caring,1
houses,1
ultimate,1
insurance,1
working,1
designer,1
sessions,1
explore,1
harder,1
grandma,1
rnc,1
assume,1
made,1
not,1
him,1
increase,1
end,1
celebrate,1
brown,1
high,1
care,1
media,1
measures,1
hopeful,1
corden,1
attempts,1
detroit,1
match,1
human,1
equally,1
create,1
subway,1
priority,1
surrounding,1
ashley,1
chapter,1
investigating,1
remarkable,1
judge,1
rep,1
called,1
lead,1
strangers,1
math,1
skip,1
coolest,1
presented,1
rings,1
reflection,1
toddlers,1
on,1
black,1
surprises,1
passes,1
minds,1
%,1
issued,1
tape,1
shock,1
don,1
ford,1
stage,1
its,1
twice,1
season,1
quality,1
saw,1
today,1
only,1
claims,1
lawmakers,1
close,1
nancy,1
uncomfortable,1
drew,1
to,1
surprising,1
guest,1
folks,1
sort,1
richard,1
difference,1
nights,1
multi,1
tweet,1
tweets,1
broke,1
earned,1
but,1
powers,1
spears,1
basic,1
breathing,1
put,1
economy,1
giving,1
no,1
seen,1
efforts,1
gut,1
confirms,1
kicked,1
walls,1
accessories,1
happens,1
old,1
comey,1
massive,1
poll,1
light,1
liberty,1
visited,1
different,1
decades,1
biden,1
wake,1
federal,1
friendship,1
grade,1
islam,1
sisters,1
also,1
facts,1
although,1
book,1
amazon,1
chef,1
sue,1
hbo,1
brutal,1
reflects,1
comeback,1
overwhelming,1
letting,1
campaign,1
react,1
shocked,1
painting,1
just,1
store,1
give,1
movies,1
like,1
chicken,1
size,1
residents,1
intended,1
going,1
the,1
tried,1
where,1
users,1
teachers,1
melissa,1
declared,1
sean,1
streets,1
foster,1
constitution,1
discovery,1
walmart,1
june,1
loved,1
reason,1
presents,1
rural,1
once,1
related,1
administration,1
cops,1
is,1
front,1
sexist,1
internal,1
being,1
help,1
knows,1
beginning,1
interview,1
puts,1
impossible,1
raised,1
include,1
writing,1
part,1
terms,1
prayers,1
mysterious,1
site,1
now,1
half,1
shape,1
suffered,1
soldiers,1
stars,1
pro,1
local,1
fires,1
institute,1
reminded,1
beauty,1
go,1
foundation,1
record,1
pilot,1
burn,1
poses,1
treating,1
musical,1
specifically,1
makeover,1
pollution,1
personally,1
claim,1
environmental,1
birthday,1
general,1
journey,1
happened,1
cards,1
necessary,1
website,1
ivanka,1
knot,1
blast,1
code,1
utah,1
playlist,1
are,1
democrats,1
shooting,1
lucky,1
rising,1
limit,1
open,1
slowly,1
profound,1
rocks,1
britney,1
considered,1
brief,1
by,1
us,1
mean,1
carter,1
hungry,1
talks,1
african,1
still,1
privilege,1
yet,1
never,1
themed,1
year,1
at,1
recently,1
stay,1
choice,1
did,1
former,1
alex,1
provide,1
highlight,1
mission,1
defeat,1
fully,1
teaching,1
level,1
nothing,1
led,1
returning,1
repeal,1
enforcement,1
distance,1
marketing,1
empire,1
threatened,1
problem,1
air,1
note,1
closing,1
advance,1
reviews,1
dates,1
holding,1
as,1
challenge,1
gives,1
anyone,1
potentially,1
pose,1
humor,1
hard,1
stuck,1
samantha,1
selfie,1
accident,1
packed,1
denies,1
various,1
of,1
interesting,1
crew,1
initiative,1
tax,1
taking,1
our,1
valentine,1
model,1
thanks,1
starts,1
happening,1
expected,1
identified,1
expand,1
arab,1
larry,1
bunch,1
would,1
democracy,1
dead,1
children,1
ordered,1
impressive,1
reduce,1
chairman,1
will,1
trust,1
stopped,1
new,1
levels,1
orders,1
driven,1
using,1
let,1
menu,1
donors,1
an,1
begin,1
offers,1
upset,1
decide,1
take,1
kind,1
back,1
warning,1
ago,1
been,1
missouri,1
extraordinary,1
obviously,1
democratic,1
too,1
september,1
long,1
recent,1
other,1
regret,1
capital,1
patterns,1
jeans,1
solution,1
alleged,1
bid,1
whenever,1
authentic,1
showing,1
preparing,1
torture,1
was,1
big,1
ever,1
name,1
afraid,1
matter,1
studio,1
connect,1
eastern,1
innovation,1
post,1
short,1
shades,1
kylie,1
largely,1
serious,1
over,1
forced,1
dogs,1
chance,1
twitter,1
solo,1
reveal,1
services,1
vegan,1
universal,1
blind,1
west,1
investigation,1
features,1
negative,1
these,1
another,1
continue,1
sends,1
runner,1
poor,1
newspaper,1
confused,1
war,1
beach,1
kill,1
sharing,1
devastating,1
rainbow,1
society,1
average,1
radical,1
unlike,1
typical,1
costumes,1
endless,1
abandoned,1
got,1
doing,1
important,1
attorney,1
created,1
officially,1
lawmaker,1
pictures,1
manhattan,1
fall,1
muslim,1
office,1
songs,1
barack,1
seek,1
does,1
michelle,1
actually,1
looks,1
determine,1
coach,1
day,1
thing,1
anything,1
obesity,1
plans,1
terrifying,1
farm,1
deeper,1
banned,1
labor,1
domestic,1
know,1
bee,1
lines,1
spotlight,1
certain,1
however,1
ahead,1
fox,1
tony,1
luck,1
eventually,1
profile,1
century,1
remains,1
fears,1
republican,1
crying,1
worked,1
anthem,1
u.s,1
oliver,1
making,1
hair,1
cop,1
headlines,1
mid,1
brought,1
event,1
a,1
queer,1
accused,1
basis,1
square,1
intense,1
right,1
skills,1
cnn,1
killing,1
wind,1
contest,1
hand,1
link,1
noticed,1
charity,1
reporters,1
start,1
screen,1
fact,1
brands,1
mini,1
j.,1
passing,1
stupid,1
with,1
future,1
games,1
sheriff,1
trees,1
funds,1
settlement,1
before,1
test,1
here,1
platform,1
colors,1
vows,1
aside,1
teenage,1
factor,1
speed,1
parents,1
feel,1
jenner,1
talk,1
photo,1
wait,1
talking,1
ski,1
alone,1
bieber,1
conscious,1
green,1
always,1
bringing,1
problems,1
appears,1
point,1
able,1
there,1
civil,1
profit,1
loses,1
sounds,1
organization,1
corporate,1
career,1
town,1
be,1
every,1
had,1
acts,1
heal,1
than,1
safety,1
potential,1
see,1
we,1
all,1
kerry,1
opportunity,1
well,1
daughter,1
beat,1
party,1
wonder,1
should,1
promise,1
wondering,1
expect,1
options,1
list,1
compared,1
nightmare,1
trial,1
guard,1
monday,1
years,1
traditional,1
business,1
true,1
more,1
everywhere,1
eating,1
loss,1
together,1
work,1
so,1
joins,1
elizabeth,1
shootings,1
cosby,1
figures,1
closed,1
both,1
wrong,1
those,1
hands,1
it,1
effects,1
writer,1
red,1
attack,1
they,1
late,1
major,1
train,1
‚Äï,1
production,1
combat,1
injuries,1
extremely,1
pay,1
defend,1
caribbean,1
chinese,1
ticket,1
challenges,1
summer,1
playing,1
increasing,1
bet,1
forces,1
men,1
lives,1
edition,1
armed,1
victory,1
advantage,1
interests,1
fine,1
george,1
say,1
tool,1
ease,1
icon,1
opposition,1
mom,1
michael,1
founder,1
skin,1
jump,1
jerry,1
myth,1
released,1
friend,1
runs,1
raising,1
magic,1
toward,1
kindness,1
hear,1
harm,1
sat,1
wilson,1
cheese,1
heroes,1
shown,1
meaningful,1
come,1
adorable,1
genius,1
's,1
card,1
mommy,1
pool,1
tweeted,1
sun,1
scared,1
feelings,1
reportedly,1
wing,1
track,1
nature,1
loves,1
points,1
wisconsin,1
somewhere,1
shoes,1
way,1
hour,1
suffer,1
apartment,1
minimum,1
era,1
harassment,1
me,1
chaos,1
secretary,1
survivor,1
require,1
have,1
inauguration,1
headed,1
anywhere,1
market,1
washington,1
box,1
explained,1
afternoon,1
danger,1
lake,1
toys,1
sport,1
believes,1
kimmel,1
ring,1
changing,1
my,1
crime,1
longer,1
learn,1
tell,1
lawrence,1
orleans,1
jokes,1
world,1
small,1
term,1
bad,1
especially,1
gotten,1
pulled,1
drive,1
oil,1
magazine,1
cast,1
hide,1
acting,1
served,1
choices,1
lgbt,1
continued,1
practices,1
sexual,1
few,1
quickly,1
question,1
facebook,1
what,1
breast,1
bold,1
near,1
special,1
get,1
likes,1
porn,1
option,1
getting,1
experience,1
need,1
project,1
learned,1
sent,1
allies,1
survey,1
really,1
spent,1
watching,1
instead,1
money,1
conservative,1
do,1
tend,1
join,1
tuesday,1
experiences,1
injury,1
fell,1
treat,1
learning,1
emma,1
creates,1
smith,1
mitt,1
independent,1
i,1
beyond,1
n't,1
most,1
employees,1
concern,1
moment,1
transgender,1
spot,1
sees,1
investment,1
custody,1
rise,1
incredible,1
time,1
difficult,1
chronic,1
falls,1
better,1
forever,1
piece,1
leave,1
everyone,1
dish,1
kiss,1
such,1
refugees,1
joined,1
dressed,1
afford,1
likely,1
comes,1
worst,1
positive,1
employee,1
toxic,1
march,1
others,1
swift,1
frozen,1
stranger,1
sold,1
turns,1
data,1
halloween,1
kentucky,1
professor,1
strikes,1
oregon,1
suggest,1
brothers,1
traffic,1
blow,1
anna,1
park,1
eyes,1
earlier,1
law,1
each,1
little,1
percent,1
desire,1
motherhood,1
life,1
area,1
republicans,1
defense,1
restaurant,1
welcome,1
courage,1
williams,1
third,1
normal,1
machine,1
happier,1
celebrated,1
answer,1
straight,1
child,1
offered,1
mystery,1
last,1
smart,1
goal,1
garden,1
resort,1
from,1
matters,1
queen,1
david,1
rule,1
remind,1
score,1
surprise,1
beautiful,1
bizarre,1
develop,1
make,1
previous,1
place,1
needs,1
gop,1
reaction,1
thinking,1
daily,1
reached,1
spirit,1
tries,1
race,1
looked,1
through,1
out,1
mass,1
seth,1
direction,1
used,1
stuff,1
truly,1
starting,1
houston,1
success,1
helps,1
how,1
sides,1
pack,1
within,1
when,1
god,1
idea,1
safe,1
healing,1
management,1
reported,1
free,1
realize,1
bullying,1
damage,1
brings,1
wide,1
abroad,1
fellow,1
consequences,1
associated,1
according,1
university,1
that,1
sell,1
wardrobe,1
house,1
baby,1
trailer,1
rest,1
wrap,1
deal,1
months,1
seriously,1
could,1
mobile,1
manager,1
signed,1
path,1
heavy,1
listening,1
great,1
one,1
epa,1
choosing,1
sea,1
adults,1
news,1
depression,1
stores,1
actual,1
fruit,1
losing,1
thousands,1
away,1
kills,1
per,1
published,1
creating,1
rescue,1
kick,1
change,1
done,1
survivors,1
quiz,1
use,1
run,1
false,1
feminist,1
successful,1
launched,1
if,1
past,1
head,1
makes,1
down,1
hold,1
staying,1
girl,1
cities,1
dear,1
fair,1
army,1
popular,1
cars,1
period,1
health,1
around,1
apps,1
luxury,1
wanted,1
global,1
workplace,1
jackson,1
then,1
horror,1
several,1
kids,1
doctors,1
lights,1
league,1
baseball,1
caught,1
clinton,1
much,1
parks,1
set,1
looking,1
certainly,1
solutions,1
become,1
resolution,1
increased,1
mess,1
smile,1
exciting,1
onto,1
night,1
line,1
campus,1
easily,1
cell,1
ted,1
online,1
north,1
them,1
reasons,1
uber,1
knowledge,1
handle,1
added,1
very,1
picture,1
road,1
independence,1
familiar,1
criticism,1
dirty,1
emails,1
none,1
completely,1
fit,1
higher,1
deals,1
voice,1
worse,1
upon,1
man,1
're,1
'm,1
large,1
refugee,1
jeb,1
sets,1
seems,1
blood,1
same,1
including,1
ok,1
hope,1
wearing,1
military,1
april,1
into,1
either,1
debate,1
dozens,1
weeks,1
self,1
mindful,1
person,1
breath,1
own,1
rich,1
cut,1
heads,1
steps,1
greatest,1
magical,1
some,1
between,1
bank,1
confidence,1
hospital,1
medical,1
can,1
senators,1
veteran,1
includes,1
areas,1
course,1
admit,1
secret,1
days,1
seemed,1
evidence,1
even,1
across,1
mine,1
orange,1
individual,1
taylor,1
joke,1
cash,1
week,1
heard,1
lost,1
posted,1
mary,1
responsible,1
boyfriend,1
ready,1
below,1
block,1
questions,1
beyonc√©,1
becoming,1
coffee,1
ceo,1
maher,1
unique,1
launch,1
st,1
caused,1
may,1
pants,1
activity,1
roll,1
rather,1
mind,1
latest,1
sorry,1
cross,1
cheap,1
trouble,1
missed,1
setting,1
things,1
designed,1
soul,1
east,1
eric,1
candy,1
pieces,1
totally,1
particular,1
suggests,1
eye,1
drug,1
fraud,1
visit,1
anger,1
senate,1
joy,1
grown,1
vice,1
enough,1
cold,1
despite,1
home,1
whether,1
while,1
view,1
multiple,1
concerns,1
full,1
top,1
authorities,1
christmas,1
good,1
seeking,1
something,1
gift,1
leads,1
anymore,1
tired,1
injured,1
michigan,1
tour,1
bright,1
kid,1
trans,1
final,1
ladies,1
wine,1
epic,1
willing,1
relationship,1
risk,1
play,1
perfectly,1
water,1
meeting,1
faced,1
sale,1
tragedy,1
left,1
upcoming,1
affect,1
teach,1
strange,1
rose,1
flight,1
stone,1
suit,1
carry,1
excited,1
t,1
move,1
bag,1
asian,1
jersey,1
freedom,1
forget,1
space,1
amy,1
rates,1
sense,1
appeared,1
might,1
deep,1
want,1
supposed,1
congressman,1
influence,1
therapy,1
attempt,1
blog,1
took,1
friends,1
cuts,1
press,1
lunch,1
source,1
destinations,1
truth,1
any,1
ohio,1
company,1
coverage,0
trip,0
james,0
jimmy,0
lee,0
target,0
sex,0
often,0
gender,0
drag,0
co,0
countries,0
photographer,0
heat,0
cool,0
bars,0
prepare,0
plays,0
dark,0
information,0
amount,0
iowa,0
cost,0
page,0
crash,0
views,0
aware,0
accept,0
gay,0
double,0
programs,0
break,0
fallon,0
available,0
account,0
polls,0
total,0
you,0
jr,0
january,0
sports,0
expert,0
documentary,0
weekend,0
vegas,0
decisions,0
romney,0
sunday,0
bowl,0
order,0
complete,0
literally,0
follow,0
possible,0
royal,0
next,0
banks,0
ball,0
known,0
which,0
husband,0
rock,0
bodies,0
technology,0
gas,0
engaged,0
vs.,0
connected,0
up,0
clothing,0
pain,0
birth,0
camp,0
allegations,0
patient,0
terrible,0
ideas,0
showed,0
busy,0
particularly,0
embrace,0
soon,0
remain,0
along,0
changes,0
kanye,0
game,0
professional,0
security,0
clothes,0
club,0
charges,0
lies,0
expensive,0
hearing,0
bring,0
thought,0
youtube,0
adult,0
peace,0
asked,0
cook,0
perry,0
south,0
giant,0
syrian,0
travelers,0
heart,0
companies,0
guilty,0
control,0
department,0
themselves,0
look,0
lot,0
later,0
forward,0
finding,0
agree,0
similar,0
francisco,0
marijuana,0
plenty,0
fashion,0
conflict,0
result,0
think,0
tiny,0
minister,0
jeff,0
avoid,0
gorgeous,0
toddler,0
member,0
dies,0
johnson,0
sad,0
places,0
scandal,0
cover,0
though,0
win,0
plane,0
effect,0
christian,0
keep,0
class,0
committee,0
charged,0
believe,0
coast,0
sit,0
alive,0
split,0
read,0
medicine,0
everything,0
quick,0
africa,0
further,0
paper,0
drugs,0
lawyer,0
hurt,0
storm,0
development,0
details,0
warm,0
growth,0
jones,0
else,0
rate,0
lower,0
weird,0
ourselves,0
inspiration,0
super,0
nice,0
proposal,0
worry,0
married,0
situation,0
sugar,0
justin,0
secrets,0
collection,0
diy,0
easy,0
process,0
weekly,0
movie,0
sure,0
industry,0
internet,0
international,0
digital,0
costs,0
article,0
science,0
physical,0
middle,0
involved,0
advice,0
found,0
started,0
bill,0
bernie,0
cat,0
bar,0
sick,0
less,0
player,0
older,0
trends,0
sometimes,0
wife,0
weight,0
bed,0
trying,0
value,0
funny,0
attention,0
food,0
began,0
off,0
homes,0
images,0
cases,0
moms,0
friendly,0
workout,0
winter,0
best,0
stunning,0
reading,0
key,0
traveling,0
israel,0
car,0
beer,0
loving,0
morning,0
kelly,0
ability,0
trade,0
've,0
author,0
based,0
tech,0
vintage,0
plan,0
allow,0
paid,0
review,0
marriage,0
cute,0
room,0
fbi,0
add,0
far,0
training,0
easier,0
fake,0
gifts,0
maybe,0
job,0
doctor,0
current,0
step,0
least,0
pounds,0
inside,0
primary,0
anniversary,0
cake,0
effort,0
imagine,0
awesome,0
hotels,0
die,0
study,0
babies,0
bush,0
common,0
classic,0
holiday,0
sanders,0
boys,0
decided,0
your,0
signs,0
spending,0
pregnant,0
linked,0
gun,0
relationships,0
personal,0
couple,0
europe,0
football,0
pretty,0
above,0
phone,0
experts,0
return,0
animal,0
date,0
minutes,0
famous,0
french,0
enjoy,0
weddings,0
dangerous,0
wish,0
pick,0
huffpost,0
assault,0
patients,0
chris,0
obamacare,0
cancer,0
russian,0
simple,0
exactly,0
perhaps,0
eat,0
dress,0
force,0
consider,0
benefits,0
present,0
offer,0
travel,0
jobs,0
exercise,0
ex,0
fast,0
try,0
chief,0
thanksgiving,0
spend,0
simply,0
wedding,0
couples,0
strong,0
bit,0
happy,0
following,0
lessons,0
someone,0
