journos,85
tronc,85
cavuto,85
giordano,85
trustworthiness,85
courtiers,85
kasell,85
icm,85
slimfast,85
bludgeons,85
coors,85
steyn,85
lampoons,85
komo,85
arabi,85
clampdown,85
demotions,85
repressor,85
aileen,85
wuss,85
begala,85
brammar,85
haab,85
gothamist,85
dcist,85
laist,85
aman,85
sethi,85
underpaying,85
fauria,85
levinsohn,85
shiong,85
candappa,85
ruhle,85
mpr,85
scabs,85
wacko,85
crankier,85
susteren,85
blunderer,85
chaggaris,85
carrasquillo,85
newsonenow,85
hazen,85
dismissals,85
gutfeld,85
jere,85
frannie,85
ucciferri,85
lorin,85
facepalm,85
mojica,85
agonized,85
hovater,85
zinzi,85
clemmons,85
meat14,85
castrating,85
jarl,85
mohn,85
laurene,85
zeman,85
conspiracymongering,85
mcallester,85
overstatements,85
truculence,85
alliteration,85
gutenberg,85
masturbated,85
loons,85
pasquarella,85
skedaddles,85
iorio,85
sproul,85
censorious,85
f****n,85
sabaah,85
folayan,85
cbn,85
taplin,85
yashar,85
choire,85
sicha,85
diplomatique,85
dingbats,85
bremmer,85
snowflakeism,85
hanassholesolo,85
cohosts,85
karem,85
symons,85
fanboys,85
outgrowth,85
denn√≠k,85
zirin,85
heeling,85
princetonian,85
acuna,85
attribution,85
manhandled,85
trumpzilla,85
guilfoyle,85
blabbergate,85
mickaelle,85
modell,85
mrc,85
@climate,85
perino,85
ascribing,85
fahrenthold,85
roginsky,85
guernica,85
ijr,85
ifiwerewiretapped,85
baquet,85
whizz,85
buttner,85
nottheenemy,85
freepress,85
ricocheted,85
ratifies,85
upser,85
hentoff,85
remnick,85
graydon,85
bigshots,85
sessums,85
foer,85
sopan,85
birthisel,85
prewritten,85
h]e,85
martosko,85
outcries,85
salacious/,85
trump¬¥s,85
newspeople,85
kukla,85
pennsylvanian,85
debasing,85
obsolete?‚Äè,85
stossel,85
fascista,85
captin,85
m-113,85
clangorous,85
officeproblems,85
careerists,85
naji,85
cherukuri,85
budoff,85
syd,85
schanberg,85
arbitrate,85
bartholdi,85
nagourney,85
trumpatorium,85
cataloged,85
zainullah,85
stanekzai,85
schreckinger,85
janesville,85
squaring,85
spayd,85
typesetter,85
wingfield,85
mursi,85
relocates,85
nerdland,85
pornhub,85
landowner,85
czywczynski,85
ny1,85
vandehei,85
accidently,85
tillys,85
afk,85
cokie,85
puzzlers,85
presidentially,85
roughs,85
preemptions,85
emptions,85
caucused,85
roske,85
bskyb,85
terrorizations,85
kl√∂pping,85
alaoui,85
athwart,85
upday,85
newsmaker,85
longreads,85
lashings,85
fatemeh,85
ekhtesari,85
mousavi,85
hicham,85
mansouri,85
aspersions,85
topolsky,85
grantlanders,85
rutenberg,85
metered,85
paywall,85
barbey,85
loera,85
ramseger,85
reallocating,85
prothero,85
assiduously,85
gauthier,85
deneen,85
borelli,85
clarkin,85
kerplunked,85
beat.pregnancy,85
carebot,85
reshapes,85
washpo,85
filmbuff,85
caricaturist,85
ferzat,85
unrepentant,85
col¬≠lege,85
na¬≠tion¬≠al,85
al¬≠most,85
im¬≠me¬≠di¬≠ately,85
leola,85
alexandrani,85
kizinger,85
tertsakian,85
kaburahe,85
jautz,85
dayspring,85
turness,85
citizenjournalism,85
coulson,85
louati,85
securedrop,85
grose,85
gianluigi,85
emiliano,85
fittipaldi,85
motaz,85
kraif,85
copyeditors,85
trib,85
ngirachu,85
citylab,85
bahgat,85
mada,85
masr,85
guerrera,85
trumptroversy,85
philly.com‚Äôs,85
simers,85
blodget,85
lichtblau,85
atlantictoday,85
hoofprint,85
wrongest,85
unlaunched,85
anadolu,85
washroom,85
dyspeptic,85
daisuke,85
furuta,85
scahill,85
incolumbia,85
tyrangiel,85
isna,85
tnr,85
gannett,85
campanello,85
vulgarian,85
redstate,85
ajam,85
boycotter,85
bouillerie,85
emptively,85
pelley,85
matika,85
covergae,85
downsizings,85
landgraf,85
dogfight,85
stanch,85
sauerberg,85
myler,85
maska,85
nonevent,85
beutner,85
golin,85
bumiller,85
screwup,85
baher,85
zurawik,85
inadmissible,85
lapham,85
buzzfeeders,85
versary,85
repurchase,85
bimbos,85
disinviting,85
unrewarded,85
kummer,85
queefing,85
yingst,85
charnice,85
nikkei,85
injurie,85
theemptychair,85
virally,85
daulerio,85
aggregating,85
cuccinelli,85
juzwiak,85
craggs,85
delport,85
gotlieb,85
poooor,85
shingerview,85
dolezals,85
powwows,85
willams,85
skirball,85
cyberland,85
bullfinch,85
faneuil,85
hayne,85
bol,85
pynk,85
teads,85
outstream,85
axact,85
blanks,85
mouthpiece,85
amf2015,85
sisyphean,85
weneeddiverseanimation,85
hohman,85
utzschneider,85
dermot,85
doesthis,85
laventhol,85
byline,85
ambinder,85
hilltops,85
crosson,85
alphacat,85
hott,85
conflictinator,85
falklands,85
boatswain,85
harshing,85
scribes,85
namaz,85
wobbling,85
newsist,85
flacking,85
offsite,85
socolow,85
poorsattar,85
pieties,85
dreck,85
lobbed,85
satirists,85
baga,85
castree,85
mauritanian,85
jinn,85
realtime,85
atavist,85
alfarah,85
gabbai,85
vidra,85
farhad,85
manjoo,85
inducts,85
dispassionate,85
folksinger,85
suanne,85
doogie,85
certifiable,85
nuttiness,85
laurette,85
pourier,85
ume√•,85
ashsby,85
paperboy,85
papergirl,85
hounshell,85
camerman,85
blatantness,85
sheehy,85
jollies,85
adblocking,85
pagefair,85
roosevelts,85
berke,85
hopwood,85
crackpots,85
shortwave,85
testimonial,85
coorlim,85
sharyl,85
attkisson,85
corsi,85
mohyeldin,85
beckel,85
pii,85
lessin,85
outfoxing,85
liverail,85
journo,85
grammarly,85
audaciously,85
bellecourt,85
haney,85
placard,85
theskimm,85
blurbie,85
muckraker,85
gelb,85
newspapering,85
maelstroms,85
unring,85
betamax,85
falzone,85
polgreen,85
newsnight,85
alisyn,85
camerota,85
tur,85
wieseltier,85
sulzberger,85
heilemann,85
tantaros,85
murdochs,85
sedition,85
mort,85
aweigh,85
newsrooms,77
grantland,77
schieffer,76
photojournalist,75
thrush,73
jazeera,73
dnainfo,68
keillor,68
halperin,68
buyouts,68
gawker,67
rezaian,67
abramson,67
zucker,66
amanpour,64
kilmeade,64
shep,64
chyron,64
vieira,64
cjr,64
bradlee,64
bolling,61
toobin,57
cupp,57
newsman,57
hume,57
celebuzz,57
scottie,57
pillsbury,57
newseum,57
subscriptions,57
inquirer,57
rusbridger,57
shani,57
mashable,57
pried,57
redeye,57
hmong,57
blau,57
groupm,57
peretti,57
syndication,57
nosh,57
cronkite,57
videology,57
cornflakes,57
sotloff,57
crackpot,57
msnbc,54
mudd,53
newsroom,53
redstone,52
denton,52
bennet,51
garrison,51
ingraham,51
tribune,50
sinclair,50
maddow,50
drudge,49
springer,49
ailes,48
brokaw,47
o'reilly,46
bret,45
olbermann,45
carlson,45
journalism,45
advertisers,44
univision,44
murdoch,44
dishonors,43
hannity,43
pirro,43
avenatti,43
strivers,43
dobbs,43
beaton,43
alden,43
dethroned,43
splc,43
slammer,43
nastier,43
blitt,43
misrepresentations,43
jeffress,43
untruths,43
homepage,43
kalb,43
sympathized,43
newsweek,43
dayan,43
vaxxer,43
crosstalk,43
irritant,43
newsone,43
offensively,43
muzzling,43
loathsome,43
metzger,43
lizza,43
kcrw,43
dyk,43
ginni,43
rambles,43
impartiality,43
oreskes,43
nosedive,43
telephoned,43
carducci,43
earpiece,43
hurricaneirma,43
stridently,43
megaphone,43
temperamentally,43
emblems,43
inescapably,43
bleeping,43
expletives,43
monde,43
readied,43
petulance,43
destruct,43
calmest,43
politifact,43
comeys,43
duca,43
deford,43
wookiees,43
woolsey,43
poitras,43
bizet,43
unenlightened,43
fascistic,43
crediting,43
reassessing,43
macedonian,43
doggedly,43
circulates,43
sainsbury,43
rankled,43
newshour,43
unappreciative,43
materialized,43
jeers,43
foxhole,43
americano,43
moonlighting,43
palpably,43
truthdig,43
lachlan,43
chairmen,43
ibt,43
lashkar,43
reorganizing,43
cristo,43
morley,43
lakota,43
rushville,43
cooperated,43
tilly,43
moonves,43
spouted,43
pitts,43
mehdi,43
longform,43
commies,43
edgiest,43
joaqu√≠n,43
upworthy,43
staffs,43
api,43
bundys,43
clickbait,43
best-,43
zuckerman,43
codegirl,43
chilcott,43
washpost,43
zandt,43
tanzanians,43
implicates,43
riposte,43
phumzile,43
mlambo,43
ngcuka,43
retool,43
newsy,43
massey,43
cbsn,43
nuzzi,43
tripoli,43
ireport,43
mcluhan,43
gliniewicz,43
nominally,43
appendectomy,43
augur,43
workspaces,43
robocops,43
maricopa,43
robins,43
shrift,43
libeled,43
thrice,43
dictatorships,43
foamed,43
preplanned,43
corby,43
espinosa,43
havas,43
churlish,43
constrict,43
inured,43
contrite,43
honorably,43
hampering,43
taibbi,43
stephanopoulos,43
mallika,43
exemplars,43
newfront,43
programmatically,43
mccormick,43
quackery,43
smartwatches,43
wearables,43
norah,43
revile,43
fleischer,43
carville,43
inculcated,43
napster,43
sundry,43
rpg,43
ideologues,43
callow,43
uniformity,43
interrogating,43
signifiers,43
ablow,43
kctv,43
plaything,43
mercies,43
luncheons,43
howser,43
coincidental,43
ploys,43
traitors,43
addressable,43
ferber,43
aborigines,43
knockdowns,43
dodo,43
tether,43
alles,43
leif,43
glorify,43
redskin,43
wnd,43
ayman,43
venturebeat,43
mindshare,43
buk,43
m1,43
ven,43
wh,43
syndicated,43
stelter,43
anchoring,43
ifill,43
wpp,43
tapper,42
scarborough,41
geraldo,39
newscast,39
hogan,39
o‚Äôreilly,39
politico,38
hogg,38
wapo,38
baier,37
unionization,37
sympathizer,37
navarro,37
sumner,37
viacom,37
pitchfork,37
erick,37
programmatic,37
geist,37
unionize,36
breitbart,36
megyn,36
journalists,36
journalistic,35
ramos,35
cond√©,35
layoffs,35
anchors,34
mimicked,34
veritas,34
shuttering,34
columnists,34
coauthored,34
hoaxes,34
firecolbert,34
cesspool,34
infuriated,34
revisionism,34
roils,34
shakeup,34
dominguez,34
biweekly,34
disagreeing,34
rutherford,34
nyt,34
cnn,34
fox,33
blitzer,33
lauer,33
thiel,32
disparage,32
unionizing,32
hoda,32
kotb,32
crossword,32
thewrap,32
nbcuniversal,32
publisher,31
reporters,31
enquirer,31
behar,31
greenwald,31
hulk,31
moderators,30
newspapers,30
moderator,30
buzzfeed,30
jorge,28
stephens,28
stahl,28
lifer,28
napolitano,28
ghoul,28
mcinerney,28
schoolboys,28
newscaster,28
bolting,28
retaliating,28
byers,28
endometriosis,28
startle,28
erm,28
gaetz,28
ashleigh,28
banfield,28
moira,28
donegan,28
s**tty,28
pronouncement,28
severs,28
vox,28
pollak,28
revoking,28
inconsistencies,28
weaseling,28
milos,28
unenthusiastic,28
bronco,28
markey,28
bernardo,28
novick,28
nell,28
mcenany,28
newscasts,28
overpaid,28
kentuckians,28
prodigiously,28
evaded,28
sheath,28
thuggish,28
shakeups,28
despotic,28
scoops,28
theblaze,28
recanted,28
whca,28
tamarind,28
wil,28
langley,28
ou,28
personalization,28
motherf**kers,28
deferments,28
lewdness,28
depravity,28
osgood,28
blacklisting,28
defamatory,28
revises,28
auguste,28
unceremoniously,28
pegged,28
construed,28
reshuffle,28
murrow,28
armadillos,28
elle.com's,28
handwringing,28
fayetteville,28
mccormack,28
holtzclaw,28
iowan,28
maggots,28
aggregation,28
gw,28
guzm√°n,28
florian,28
nonlinear,28
transnational,28
businessweek,28
readership,28
dupont,28
hearst,28
bigwig,28
krav,28
grumble,28
confer,28
magistrates,28
gadfly,28
churned,28
dickerson,28
dershowitz,28
wasat,28
manufactures,28
axel,28
psi,28
spars,28
detentions,28
gird,28
junta,28
correspondence,28
rowe,28
appendage,28
stymie,28
wnyc,28
mcclatchy,28
pinochet,28
ruh,28
cillizza,28
subplot,28
peoria,28
forbids,28
allotted,28
misappropriated,28
wdbj,28
galloway,28
fends,28
roping,28
ungainly,28
courier,28
farah,28
liberally,28
exemplifying,28
unburdened,28
proliferated,28
defaming,28
flynt,28
steinbeck,28
adjourned,28
onlooker,28
hoist,28
interrogates,28
satirist,28
calmness,28
supplanted,28
ridiculing,28
deutsch,28
flack,28
catcall,28
exploitive,28
ensconced,28
eroded,28
masthead,28
immanuel,28
underreported,28
terroristic,28
complemented,28
brochures,28
sectarianism,28
sectioned,28
raine,28
huffpo,28
bringbackourgirls,28
robach,28
aereo,28
cablevision,28
newspaper,27
nast,27
editor,27
journalist,27
publishing,26
anchor,26
scheer,26
breslin,26
rupert,26
christiane,26
unjustified,26
erickson,26
correspondent,25
tucker,25
brzezinski,25
hires,25
editorial,25
staffers,25
mika,25
unionized,24
testy,24
gayer,24
televangelist,24
subordinate,24
lahren,24
expos√©,24
verified,24
bombshells,24
totaling,24
rambling,24
blacklist,24
ideologically,24
cutbacks,24
bristles,24
yanks,24
cartoonists,24
panelist,24
shortfall,24
foley,24
reigniting,24
berate,24
columnist,24
restructuring,24
gretchen,23
hln,23
ventura,23
shapiro,23
checker,23
rebekah,23
guardian,23
smacks,23
geller,23
reporter,23
limbaugh,23
npr,22
subscribers,22
outlets,22
peddle,21
songbird,21
scorches,21
riffing,21
jointly,21
ec,21
shirk,21
col,21
beto,21
factually,21
bess,21
kasparov,21
firings,21
bowels,21
stupidly,21
meteorologist,21
kgb,21
bakker,21
salvo,21
unseemly,21
keurig,21
cornerstones,21
manipulates,21
fireside,21
infantile,21
trumpeted,21
campos,21
incensed,21
pimping,21
whitesplaining,21
bleary,21
scavino,21
doings,21
cesca,21
sdgs,21
thoreau,21
doers,21
fleury,21
klobuchar,21
norquist,21
hybrids,21
organisations,21
disavows,21
indy,21
rots,21
equivalency,21
withheld,21
ch√°vez,21
tumbleweed,21
belatedly,21
raves,21
coauthor,21
masterminded,21
chronicled,21
saboteurs,21
swedes,21
haberman,21
bridgewater,21
wilkes,21
bewilderment,21
rile,21
moderating,21
fizzles,21
trespasser,21
graded,21
slander,21
piloted,21
laurels,21
recklessly,21
hypes,21
revolts,21
sentinel,21
reaffirm,21
electioneering,21
gazette,21
injects,21
module,21
sheridan,21
reportage,21
interrogated,21
quixote,21
megabus,21
rapped,21
kiely,21
ryot,21
plymouth,21
vultures,21
ismail,21
carina,21
researches,21
yasser,21
whistleblowing,21
overhauls,21
francesco,21
slumping,21
skits,21
wanes,21
hello,21
maxing,21
bureaus,21
reorganization,21
roh,21
conceivably,21
undercard,21
picayune,21
curricula,21
outpaces,21
johanna,21
waaay,21
unprovoked,21
bodegas,21
finalizes,21
mondale,21
conflating,21
combover,21
gestapo,21
correlates,21
hippocratic,21
banff,21
oversize,21
chomsky,21
aneurysm,21
encroach,21
ersatz,21
embellishing,21
suis,21
placards,21
cockroaches,21
lectured,21
engel,21
moxie,21
customization,21
nytimes,21
antichrist,21
waltzing,21
conspiratorial,21
endorphin,21
liberians,21
bonnet,21
discloses,21
preening,21
hasselbeck,21
barra,21
goatee,21
reverie,21
matthews,21
siriusxm,21
tomi,20
kristol,20
wallace,20
bloomberg,20
tabloid,20
behemoth,20
brian,20
unloads,19
publishers,19
broadcasting,19
wolff,19
cnbc,19
nbc,19
broadcasters,19
fabio,19
nunberg,19
impeaching,19
tavis,19
corrects,19
intercept,19
aslan,19
sanskrit,19
elk,19
ruffle,19
shepard,19
broadcaster,19
publication,18
lydia,18
bloopers,18
vargas,18
giggles,18
normalizing,18
uva,18
cbs,18
bids,18
glenn,18
ratings,18
commentator,17
outlet,17
reporting,17
jeanine,17
comebacks,17
org,17
overlords,17
retweets,17
trashes,17
omitted,17
flagrantly,17
editions,17
befriending,17
backtracked,17
vocally,17
pdf,17
bot,17
devotes,17
immaculate,17
testino,17
reprimand,17
roger,17
berates,17
ringo,17
managerial,17
panera,17
coaxed,17
mandalay,17
tamron,17
rampages,17
malfunctioning,17
devaluation,17
doves,17
cecilia,17
globalist,17
recounting,17
derided,17
fanciful,17
berserk,17
briefings,17
horowitz,17
slovakia,17
ism,17
primetime,17
broadcasts,17
toying,17
beeps,17
bam,17
stooge,17
consortium,17
minhaj,17
enmeshed,17
colluding,17
microwaves,17
breathlessly,17
patently,17
unverified,17
visualizations,17
splashy,17
unmatched,17
shtick,17
turd,17
retract,17
arianne,17
validating,17
immorality,17
intrusions,17
lundergan,17
ky,17
innuendo,17
creditor,17
gillette,17
gah,17
trumping,17
unaoil,17
tumult,17
swanky,17
fanned,17
airtime,17
janay,17
woodruff,17
vehement,17
ratchets,17
expansions,17
bolsters,17
greenblatt,17
balks,17
interface,17
relaunch,17
eritrea,17
foia,17
frenemies,17
nh,17
adherence,17
reformist,17
slaughtering,17
skipper,17
profitability,17
aroused,17
fresno,17
wolfgang,17
lunatics,17
scooped,17
malevolent,17
inane,17
explainer,17
electable,17
retracted,17
c.e.o,17
frustrates,17
comedienne,17
staked,17
inauthentic,17
duly,17
relaunches,17
astoundingly,17
technicians,17
incited,17
alissa,17
figueroa,17
optimization,17
assemblage,17
swaths,17
algeria,17
thermometer,17
jibe,17
circumstantial,17
profundity,17
generalized,17
muir,17
duplicated,17
expelling,17
derivative,17
kidnappers,17
prez,17
salivating,17
denominator,17
peppy,17
memberships,17
disrespects,17
walters,17
unlicensed,17
aolbuild,17
mixup,17
suffrage,17
wimpy,17
dvr,17
hughes,17
wsj,17
ana,17
jake,16
contributor,16
grills,16
podcasts,16
carr,16
takedown,16
adelson,16
shutter,16
investigative,16
censor,16
leaker,16
ny,16
corp,16
censored,16
specify,16
shahidi,16
gutted,16
skewered,16
fareed,16
villanova,16
reza,16
appease,16
awarding,16
distort,16
departures,16
reformer,16
pundit,15
nightly,15
cable,15
succession,15
lester,15
pbs,15
beck,15
hebdo,15
retires,15
pulitzer,15
sullivan,15
yorker,15
cooper,15
media,14
covering,14
news,14
flips,14
moronic,14
liaison,14
misnomer,14
ardent,14
intimidate,14
promos,14
harasser,14
bolts,14
optics,14
lecturing,14
messaged,14
groundswell,14
herzog,14
yara,14
criminalizing,14
uranium,14
equated,14
ck,14
masturbate,14
bartlett,14
moneyed,14
zakaria,14
alternatively,14
barons,14
watters,14
sniping,14
kayleigh,14
assailed,14
friggin,14
firepower,14
wingers,14
ether,14
telecom,14
behan,14
cavalier,14
x.,14
scrubbed,14
upend,14
hypnotized,14
sympathize,14
hawkish,14
benches,14
guaranteeing,14
vitriol,14
creationist,14
leakers,14
infamy,14
deems,14
backtracking,14
angling,14
dealings,14
holt,14
pauley,14
behaves,14
distancing,14
rocketed,14
vindication,14
substantive,14
fr√©d√©ric,14
clandestine,14
autocrat,14
astonishingly,14
soliciting,14
inflexible,14
anticipates,14
feisty,14
lopsided,14
wrongheaded,14
leila,14
distinctions,14
snowed,14
omits,14
yearlong,14
rededicate,14
weeknights,14
lapierre,14
faulkner,14
masterminds,14
gma,14
prejudicial,14
notify,14
fledgling,14
totalitarian,14
baggins,14
assassinate,14
fingered,14
soured,14
maniacal,14
withering,14
squabble,14
redress,14
hijacks,14
deadspin,14
laps,14
dispensing,14
faceless,14
abstraction,14
pamphlets,14
clings,14
islamists,14
originates,14
saxon,14
blip,14
ironies,14
turvy,14
governs,14
blower,14
excites,14
sighs,14
wallerstein,14
retracts,14
colonization,14
pissing,14
fragmentation,14
devalue,14
luring,14
assails,14
tilting,14
press,14
analyst,14
üî•,14
briefing,14
nickname,14
rails,13
undisclosed,13
indefensible,13
trustworthy,13
host,13
guild,13
conventions,13
racket,13
dogged,13
demonizing,13
firebrand,13
farrow,13
awash,13
eyewitness,13
traitor,13
guthrie,13
wolfe,13
broadcast,13
serial,13
commentators,13
ouster,13
edit,13
nabs,13
relocation,13
sean,13
freelance,13
coulter,13
accuser,12
censorship,12
discrepancies,12
preeminent,12
corrosive,12
riffs,12
shalt,12
termination,12
degraded,12
hypocritical,12
slots,12
euphemisms,12
ruthlessly,12
gracie,12
casket,12
impropriety,12
ruse,12
erroneous,12
lenny,12
tnt,12
imperiled,12
snark,12
bluster,12
livid,12
furthering,12
lewd,12
bertrand,12
antifa,12
annenberg,12
behest,12
restructure,12
swiping,12
cozied,12
lampoon,12
plagiarized,12
programmer,12
cowardly,12
libel,12
cramming,12
hyundai,12
deflect,12
friendlier,12
blacklisted,12
precedents,12
scolded,12
brazile,12
restriction,12
equivalence,12
buffoon,12
coughs,12
incubator,12
demagoguery,12
layout,12
janitor,12
ageist,12
disavow,12
kalamazoo,12
downplayed,12
masterclass,12
linear,12
tallied,12
imitates,12
assailants,12
monarchy,12
lowell,12
diminishes,12
screenshot,12
expendables,12
crackdowns,12
bruising,12
bullish,12
upheaval,12
bilbo,12
acquires,12
declassified,12
unchallenged,12
o'donnell,12
retaining,12
interruptions,12
equates,12
jonah,12
converting,12
valuation,12
duggars,12
misrepresenting,12
newsstand,12
desktop,12
stinging,12
ilk,12
anglo,12
mcmahon,12
dowd,12
cowardice,12
commemorating,12
moe,12
topsy,12
instantaneously,12
monopolies,12
steers,12
necks,12
bandwidth,12
shipments,12
demolishes,12
robo,12
blinders,12
evacuates,12
credibility,12
interim,12
chapo,12
viewers,12
lesley,12
foes,12
geopolitical,12
coverage,12
pathetic,12
anderson,12
probed,11
duel,11
fostered,11
relentlessly,11
jailing,11
deb,11
pta,11
nevertrump,11
prominently,11
vernon,11
sorely,11
sarcastic,11
quarterly,11
hewitt,11
greta,11
todd,11
jeffrey,11
schooled,11
bbc,11
columns,11
publications,11
judith,11
exec,11
ousted,11
plagiarism,11
katrina,11
dismisses,11
harassment,11
hacked,11
hosts,11
ballooning,11
bookends,11
sadiq,11
silences,11
ascend,11
eroding,11
pod,11
tinged,11
ronan,11
spreadsheet,11
disillusioned,11
deceive,11
gayle,11
sifting,11
apologists,11
telethon,11
purposely,11
infowars,11
incitement,11
trumpers,11
newsworthy,11
dishing,11
farage,11
normalized,11
corrupted,11
belittling,11
orwellian,11
spanning,11
ziegler,11
arbitration,11
bloodied,11
helsinki,11
opts,11
looser,11
inaccessible,11
disqualifying,11
eyesight,11
courted,11
syed,11
alibi,11
talker,11
pincus,11
hurling,11
restricts,11
matured,11
kappa,11
erdoƒüan,11
indicative,11
rakes,11
headlined,11
seriousness,11
downloads,11
mansplaining,11
fawning,11
bucking,11
hypocrite,11
adultery,11
revolutionizing,11
relaxes,11
cfo,11
dutifully,11
tampered,11
cyberspace,11
padres,11
resignations,11
taboos,11
erodes,11
machinery,11
obit,11
arduous,11
millenials,11
fabrication,11
cowed,11
atheism,11
sidelined,11
weirdo,11
brouhaha,11
sleeper,11
treaties,11
kenan,11
unmasked,11
knobs,11
proceeded,11
amazes,11
smug,11
incendiary,11
grenades,11
mementos,11
moynihan,11
craven,11
bulletin,11
cemented,11
rancor,11
gianforte,11
conway,10
stormy,10
smear,10
scoop,10
walsh,10
indians,10
lewandowski,10
subpoena,10
operatives,10
bashes,10
revenues,10
satirical,10
detained,10
observer,10
24-hour,10
keith,10
taunts,10
paypal,10
conceal,10
cartoonist,10
roland,10
counterterrorism,10
jaded,10
bigly,10
capitalist,10
colleen,10
fellowship,10
boarded,10
pretended,10
sharpton,10
breadth,10
maureen,10
gail,10
kellyanne,10
cautionary,10
indictment,10
ap,10
credentials,10
navajo,10
republic,10
editors,10
disruptive,10
irresponsible,10
vice,10
sponsors,9
obnoxious,9
unfolds,9
affiliate,9
lebanese,9
beirut,9
airs,9
incoherent,9
c'mon,9
combative,9
plugs,9
pandering,9
raj,9
shah,9
embezzlement,9
fumbles,9
disingenuous,9
discredit,9
distanced,9
ducking,9
politicize,9
dictatorship,9
presser,9
heightens,9
softened,9
pampered,9
horns,9
limelight,9
levity,9
meddled,9
grover,9
heady,9
conspiracies,9
favorably,9
vie,9
travesty,9
60-year,9
scolds,9
pedophilia,9
pluck,9
expletive,9
perverted,9
freezes,9
apex,9
unraveled,9
railing,9
preachers,9
punitive,9
conspiring,9
sever,9
owns,9
guac,9
iowans,9
revitalizing,9
propublica,9
depended,9
cartels,9
quartz,9
bends,9
graying,9
disrespectful,9
phi,9
softball,9
enamored,9
sexiness,9
unintentional,9
watcher,9
bittman,9
peacefulness,9
adnan,9
entertains,9
needlessly,9
quoting,9
purported,9
suburbia,9
wayward,9
nameless,9
warmly,9
continuity,9
decisively,9
dissenting,9
stepfather,9
seminar,9
malfeasance,9
miserably,9
persuasion,9
adobe,9
freelancers,9
jammed,9
scarred,9
treatable,9
swallows,9
carney,9
morales,9
verdict,9
jailed,9
paper,9
transparency,9
segment,9
strategist,9
paranoid,9
network,9
shreds,9
networks,9
espn,9
firestorm,9
appoints,9
afterward,9
acosta,9
chaffetz,9
internment,9
disclosures,9
printer,9
customized,9
sutton,9
depart,9
nabbed,9
fedex,9
conspiracy,9
pyeongchang,9
detailing,9
punches,9
barred,9
programming,9
assignment,9
rivera,9
magazine,9
defunct,9
prostitutes,9
counterparts,9
devout,9
nam,9
criticizes,9
paranoia,9
peters,9
punchline,9
gram,9
unintentionally,9
replies,9
rotating,9
timoth√©e,9
fantasizing,9
vlogger,9
smeared,9
zoey,9
smiley,9
scathing,9
improper,9
pornographic,9
cringeworthy,9
vetted,9
meredith,9
thankfulness,9
ultimatum,9
regulator,9
departed,9
blooper,9
ty,9
orwell,9
doozy,9
anarchy,9
interfered,9
coward,9
schoolhouse,9
incoming,9
sordid,9
mystical,9
tarnish,9
kahn,9
chronicling,9
tirade,9
bordering,9
defector,9
automation,9
kelli,9
coughing,9
disqualify,9
submission,9
swipes,9
fide,9
rebranding,9
sb,9
g.o.p,9
illegals,9
scrutinized,9
scrappy,9
outpost,9
nola,9
ejected,9
trespassing,9
reinvented,9
macdonald,9
booby,9
confrontational,9
retribution,9
commutes,9
jaunt,9
masturbation,9
ramped,9
prohibiting,9
analyses,9
roker,9
rt,9
handheld,9
fanatical,9
whoopi,9
intrinsically,9
redford,9
jabbar,9
shrunken,9
hiring,8
slams,8
digital,8
birther,8
bombshell,8
economist,8
lemon,8
satire,8
parting,8
seder,8
subscription,8
colleague,8
advertising,8
blistering,8
transcript,8
rescind,8
theorist,8
bushes,8
wiretap,8
underestimated,8
simmons,8
partnered,8
acknowledges,8
axe,8
wong,8
translates,8
departure,8
contempt,8
nears,8
complicit,8
bergdahl,8
eli,8
blacklivesmatter,8
jill,8
kelly,8
wing,8
revenue,8
melissa,8
propaganda,8
risen,8
don,8
print,8
cheney,8
huffington,8
laura,8
harris,8
defamation,8
dana,8
lays,8
irreparable,8
prophecy,8
mindlessly,8
cowards,8
harassers,8
incomplete,8
sob,8
mulling,8
backer,8
justifies,8
robertson,8
pronunciation,8
hanoi,8
quash,8
chalamet,8
hamper,8
bernice,8
backfiring,8
shuttered,8
outlawed,8
submissions,8
axis,8
casualty,8
shoutout,8
vega,8
barren,8
footballs,8
unnerving,8
grandmas,8
lied,8
comcast,8
hasan,8
dumber,8
provocateur,8
reimagining,8
lashing,8
circulating,8
typo,8
operative,8
gambit,8
detector,8
grimes,8
hedges,8
scorn,8
softening,8
distortion,8
candor,8
meticulously,8
haze,8
recuse,8
translator,8
bezos,8
warring,8
tabloids,8
cicadas,8
bowed,8
sass,8
symposium,8
centering,8
stewardship,8
lewinsky,8
cartel,8
500th,8
2000s,8
dashcam,8
forecasters,8
bizarrely,8
demented,8
notifications,8
massages,8
pc,8
metaphors,8
outlining,8
analyzes,8
pollock,8
persisted,8
plummets,8
milton,8
barbershop,8
marlene,8
breathed,8
baz,8
leibovitz,8
42nd,8
dyson,8
endemic,8
curbed,8
puddle,8
replay,8
piracy,8
abundantly,8
prophetic,8
fellas,8
censors,8
theorists,8
koenig,8
weatherman,8
collaborator,8
mistrust,8
untimely,8
mascots,8
whcd,8
gingrich,8
charlie,8
site,8
damning,8
televised,8
profitable,8
exodus,8
radio,7
staff,7
accusations,7
goldberg,7
snarky,7
enables,7
descended,7
broadly,7
adhere,7
implied,7
juggernaut,7
barring,7
conservatism,7
sheldon,7
burundi,7
eyeing,7
cartoons,7
gregory,7
column,7
hernandez,7
mocks,7
delete,7
liberia,7
bogus,7
investigations,7
piers,7
hacking,7
medium,7
heated,7
extortion,7
nehisi,7
preet,7
apron,7
axed,7
phew,7
scripted,7
colton,7
funerals,7
columbine,7
yee,7
conception,7
allred,7
acquired,7
kochs,7
pedophile,7
desist,7
undercuts,7
mccoy,7
escalator,7
lancet,7
overjoyed,7
rang,7
hawks,7
unstable,7
assassinated,7
reliably,7
injected,7
theo,7
covfefe,7
singled,7
malicious,7
at&t,7
raining,7
hoo,7
londoners,7
storytellers,7
schuster,7
brenda,7
bookings,7
fallacy,7
devoting,7
noor,7
quell,7
doubting,7
evocative,7
monte,7
renegade,7
summoned,7
hammers,7
retained,7
copying,7
woodward,7
taunting,7
believable,7
ammon,7
digits,7
debunks,7
multimedia,7
serenade,7
chronicle,7
abrupt,7
risqu√©,7
scooby,7
succeeding,7
representations,7
fx,7
spew,7
ruben,7
leveling,7
regrettable,7
buzzword,7
masquerading,7
ostensibly,7
output,7
gangs,7
lionsgate,7
matrix,7
consequently,7
storyteller,7
gigs,7
sidekick,7
thugs,7
globalized,7
jesuit,7
quarantined,7
gladly,7
esquire,7
ingenuity,7
gushing,7
malaysian,7
airliner,7
mcdermott,7
backfired,7
leak,7
times,7
blasts,7
nazi,7
conservative,7
snowden,7
brooks,7
biased,7
bureau,7
refusal,7
streaming,7
insiders,7
insults,7
airing,7
yiannopoulos,7
forthcoming,7
bundy,7
philanthropist,7
misconduct,7
apologizes,7
vain,7
deletes,7
brit,7
backfires,7
cambodia,7
morally,7
nominating,7
format,7
fires,7
egyptian,7
mogul,7
platforms,7
staffer,7
managing,7
outing,7
spokesperson,7
correspondents,7
dean,7
resigns,7
amid,7
daniels,7
inappropriate,7
williams,7
merry,7
insensitive,7
retaliation,7
botched,7
unfit,7
leon,7
sensational,7
scrambling,7
helm,7
placement,7
inspection,7
ballpark,7
taunted,7
walkouts,7
wiley,7
clarence,7
unworthy,7
haitians,7
clapper,7
courtship,7
starr,7
victimized,7
infiltrate,7
fixer,7
repression,7
agitated,7
knowingly,7
divert,7
panelists,7
ids,7
pacifier,7
gq,7
democracies,7
filmmaking,7
administrations,7
operator,7
envelopes,7
specializing,7
uss,7
spoils,7
cuddly,7
blm,7
jimi,7
nodding,7
unsubstantiated,7
pitted,7
resigning,7
caller,7
redux,7
yoda,7
distribute,7
parisians,7
pioneered,7
snubs,7
franchises,7
newsletter,7
consolidate,7
osama,7
merida,7
slowdown,7
convicts,7
reins,7
preserves,7
machinations,7
colonel,7
secures,7
nimble,7
inextricably,7
whitewash,7
sprawl,7
ebola,7
bondage,7
takeaway,7
discouraging,7
pats,7
proliferation,7
prejudices,7
overturns,7
uncontrollable,7
esteemed,7
deficiencies,7
pondered,7
reilly,7
pranked,7
hammered,7
monitored,7
kareem,7
journal,7
van,6
rolling,6
revelations,6
tape,6
allegations,6
fiery,6
slate,6
debate,6
fake,6
reckoning,6
cease,6
bolster,6
harassing,6
wrongly,6
nigel,6
arthur,6
bigot,6
tribes,6
ridge,6
contests,6
qatari,6
wildly,6
poland,6
abc,6
fcc,6
formally,6
newt,6
debunked,6
page,6
chief,6
investigated,6
yahoo,6
sources,6
contract,6
slamming,6
swinging,6
bharara,6
bosses,6
compromised,6
plaintiff,6
fared,6
backers,6
hellish,6
noticeable,6
handwriting,6
disturbed,6
suspend,6
frightened,6
lbj,6
tumultuous,6
usc,6
devoid,6
gerard,6
thesis,6
brilliance,6
verify,6
similarity,6
sorta,6
salutes,6
mater,6
embedded,6
mockery,6
absurdly,6
opinionated,6
stairway,6
bona,6
subsequently,6
booster,6
circulation,6
deceased,6
expels,6
shutting,6
nemesis,6
wagging,6
offending,6
slashes,6
creeping,6
commanders,6
invokes,6
flagship,6
laquan,6
disproportionate,6
infancy,6
whistleblowers,6
respecting,6
shane,6
heavyweight,6
harnessing,6
bounced,6
roam,6
ariz,6
rebukes,6
calais,6
declarations,6
scripture,6
weirder,6
currents,6
trinidad,6
foggy,6
innocuous,6
recurrent,6
mickelson,6
drifted,6
beaming,6
geography,6
anxiously,6
invests,6
bridgegate,6
evils,6
beheaded,6
relocated,6
cheerleading,6
introspection,6
unregulated,6
faults,6
discredited,6
separatists,6
bernardino,6
rant,6
disputes,6
articles,6
sexist,6
insider,6
lord,6
theories,6
touts,6
mic,6
criticizing,6
cuomo,6
parkland,6
criticism,6
investigates,6
ripping,6
commodity,6
deception,6
inflicted,6
griffin,6
demonstrating,6
rigged,6
rapist,6
varying,6
hash,6
developer,6
blasio,6
appalling,6
nonsense,6
cohen,6
homophobic,6
mag,6
surrogate,6
shattered,6
owned,6
partly,6
andrea,6
storytelling,6
fusion,6
founding,6
blames,6
marketers,6
reservation,6
coates,6
titan,6
airwaves,6
boycotting,6
stations,6
preacher,6
recite,6
trumpian,6
garry,6
limp,6
praising,6
rampant,6
qualifies,6
enviable,6
claps,6
shaquille,6
discern,6
belated,6
fateful,6
excerpts,6
spun,6
rift,6
testifying,6
presenters,6
considerably,6
despise,6
orchestrated,6
overrun,6
snowflake,6
hunted,6
servant,6
stances,6
pathological,6
corps,6
condone,6
cages,6
seismic,6
yuge,6
fascist,6
crater,6
troublesome,6
wrestler,6
unfounded,6
persona,6
suppressed,6
gripped,6
confuses,6
appealed,6
burgeoning,6
additions,6
ethically,6
ire,6
stoking,6
ticked,6
unquestionably,6
recep,6
pedal,6
permitted,6
rapists,6
speculating,6
embargo,6
gel,6
flopped,6
dubose,6
gratifying,6
dolezal,6
institutionalized,6
shinzo,6
wedded,6
ari,6
retrial,6
validity,6
untold,6
mascot,6
tia,6
exhaustive,6
cliven,6
banter,6
spicer,6
firing,6
vanity,6
tv,6
corey,6
meltdown,6
denies,6
ethics,6
accusing,6
review,6
roseanne,6
rejecting,6
erotic,6
alison,6
apology,6
fraudulent,6
doubles,6
publish,6
indefinitely,6
probing,6
skipped,6
arrogance,6
flub,6
doubling,6
venture,6
hayes,6
dynasty,6
jab,6
longtime,5
defends,5
oz,5
post,5
interviewing,5
despicable,5
kkk,5
playbook,5
shameful,5
grim,5
description,5
explosive,5
lawsuit,5
supercut,5
oversaw,5
xanax,5
overblown,5
grapple,5
milo,5
gendered,5
criticisms,5
wray,5
endorsements,5
spins,5
assange,5
principled,5
grotesque,5
exploits,5
shaken,5
restricted,5
resurfaced,5
skeletons,5
insisting,5
pierson,5
gaffes,5
warms,5
downhill,5
mines,5
coasts,5
rhetorical,5
tongues,5
preceded,5
wikipedia,5
parted,5
oscarssowhite,5
respectively,5
bowe,5
holdings,5
whoa,5
sacks,5
cheetos,5
accelerated,5
seamlessly,5
scrambled,5
radicals,5
reforming,5
confesses,5
fran,5
wilbur,5
mena,5
americas,5
lest,5
deleting,5
blogosphere,5
sideline,5
felonies,5
clan,5
crosshairs,5
carole,5
fertile,5
hal,5
nonsensical,5
reuniting,5
beheading,5
sawyer,5
bane,5
forums,5
persuade,5
muppets,5
tori,5
confrontation,5
rachel,5
weinstein,5
gossip,5
la,5
doom,5
flames,5
decency,5
ideology,5
hostility,5
booted,5
longstanding,5
inadvertently,5
standout,5
pages,5
linger,5
frederick,5
integrate,5
leaks,5
guest,5
jason,5
survivor,5
mocking,5
op,5
pee,5
interviews,5
scaramucci,5
matt,5
cover,5
whoops,5
eliminates,5
considerable,5
williamson,5
watergate,5
hardware,5
raided,5
et,5
thou,5
moreno,5
criticize,5
pressuring,5
punishes,5
schwartz,5
wield,5
segments,5
sourcing,5
cambodian,5
measurable,5
draped,5
beleaguered,5
overheard,5
offset,5
vulgar,5
lynching,5
spectator,5
steeped,5
watchdogs,5
nat,5
dives,5
extensively,5
rounds,5
swastika,5
producers,5
chased,5
sculptor,5
exert,5
skinned,5
invincible,5
willie,5
injunction,5
loathing,5
tidy,5
suspicions,5
undergone,5
facelift,5
altercation,5
ante,5
perch,5
bombed,5
trumped,5
partnering,5
brags,5
jihadists,5
dummies,5
ayatollah,5
wesley,5
prowess,5
fetched,5
hairspray,5
redesign,5
idiots,5
nielsen,5
giggle,5
wholesale,5
indicators,5
proclaim,5
friedman,5
boyhood,5
collateral,5
thereof,5
twisting,5
afghans,5
douglass,5
impulses,5
builder,5
smith,5
claims,5
burns,5
carson,5
massacre,5
declined,5
correction,5
mocked,5
iranian,5
transforming,5
vatican,5
bashing,5
couric,5
pundits,5
liberals,5
illustrate,5
questioning,5
dodge,5
baron,5
dubbed,5
teaming,5
inbox,5
moses,5
contributes,5
unnamed,5
chuck,5
rips,5
joe,5
bannon,5
wikileaks,5
loop,5
l.,5
shouting,5
fired,5
peter,5
stone,5
sting,5
podcast,5
quits,5
slide,5
outrage,5
messaging,5
hostage,5
onion,5
complained,5
ta,5
harassed,5
accuse,5
vividly,5
compile,5
burnett,5
jess,5
stoneman,5
shooters,5
weirdly,5
laments,5
turbulence,5
spat,5
logan,5
knitting,5
denials,5
archive,5
perpetrators,5
wendell,5
jemele,5
dubious,5
underscores,5
trumps,5
soared,5
zeitgeist,5
portions,5
peterson,5
alexandria,5
outlines,5
clarification,5
crib,5
conveniently,5
fixture,5
ark,5
hailing,5
gwen,5
shatner,5
numbered,5
oust,5
propel,5
savannah,5
hendrix,5
beltway,5
sympathetic,5
morphed,5
widens,5
obituary,5
repeats,5
traction,5
bureaucracy,5
doo,5
tayyip,5
broaden,5
jacqueline,5
gears,5
relevance,5
greener,5
lice,5
27th,5
butts,5
primed,5
dominique,5
inflict,5
ancestry,5
units,5
unchecked,5
cling,5
squarely,5
fragility,5
demographics,5
centennial,5
boosted,5
responsive,5
copied,5
nudge,5
york,5
billionaire,5
ken,5
cited,5
bangladesh,5
apologized,5
dan,5
expands,5
channels,5
protective,5
taps,5
topics,5
literary,5
17-year,5
imprisoned,5
mixes,5
patriot,5
narcissist,5
merits,5
freeman,5
owen,5
arianna,5
rudy,5
launching,5
channel,5
tapes,5
spinning,5
reader,5
promotes,5
writer,5
defended,5
unprecedented,5
exit,5
atlantic,5
employees,5
producer,5
executive,5
opposed,4
false,4
abruptly,4
darker,4
gushes,4
unapologetically,4
blocking,4
settlements,4
shameless,4
embarrass,4
kenny,4
speedy,4
civility,4
ambiguous,4
alumni,4
disputed,4
rounding,4
banner,4
angered,4
listeners,4
ramifications,4
insulting,4
dossier,4
deepen,4
branded,4
severed,4
drafted,4
junkies,4
stamina,4
geared,4
directorial,4
blindsided,4
complicity,4
uneasy,4
lauded,4
whiz,4
herald,4
reopened,4
edged,4
printing,4
exxonmobil,4
bunk,4
inconsistent,4
u.s.-mexico,4
executing,4
auditions,4
barr,4
disclosed,4
commemorates,4
fundamentalist,4
insurer,4
poking,4
simplified,4
nj,4
lang,4
hugged,4
magazines,4
brutality,4
hitler,4
disappeared,4
spelling,4
fines,4
alex,4
associate,4
collusion,4
philip,4
stumble,4
profession,4
manual,4
co.,4
steep,4
spectacle,4
conflicting,4
portrayed,4
poems,4
owner,4
veteran,4
‚Äô,4
papers,4
nazis,4
timing,4
snapchat,4
sexual,4
extends,4
reunited,4
blogging,4
chris,4
freed,4
scrutiny,4
remarks,4
content,4
posts,4
naming,4
disgraced,4
stinks,4
finishes,4
priscilla,4
cooperating,4
influencers,4
overrated,4
contributors,4
skating,4
wrongdoing,4
reset,4
wynn,4
casino,4
uncovering,4
tehran,4
documentaries,4
workplaces,4
barkley,4
vietnam,4
cobb,4
docuseries,4
bern,4
denouncing,4
erupted,4
yellen,4
arab,4
dept,4
blatant,4
tout,4
baseless,4
electing,4
miniseries,4
chopping,4
cracking,4
fla,4
leash,4
trolled,4
props,4
warsaw,4
peanuts,4
prized,4
maga,4
stoke,4
kool,4
unidentified,4
undergoes,4
nonexistent,4
kippur,4
arbitrary,4
convict,4
steamed,4
bargaining,4
bout,4
heinous,4
150th,4
shovel,4
explicitly,4
paving,4
whack,4
imposes,4
covert,4
brat,4
horrendous,4
pastime,4
promptly,4
organizations,4
string,4
ben,4
insult,4
merger,4
spokeswoman,4
wired,4
article,4
henry,4
roy,4
y',4
rank,4
a.k.a,4
whistleblower,4
allegation,4
begs,4
circus,4
classy,4
slated,4
8th,4
braces,4
elisabeth,4
sensation,4
headline,4
denver,4
aide,4
bloggers,4
nunes,4
tmz,4
respected,4
pearl,4
draws,4
agencies,4
slain,4
mock,4
websites,4
iraq,4
restrictions,4
jones,4
derails,4
norton,4
impersonation,4
liar,4
mail,4
o'neal,4
cheeseburger,4
unhinged,4
o'brien,4
boggling,4
kardashians,4
ubiquitous,4
giddy,4
‚Äù,4
skype,4
uncovered,4
resting,4
outsourcing,4
aloud,4
bodily,4
provoke,4
intends,4
hub,4
birthplace,4
ethiopia,4
choked,4
tentative,4
amnesty,4
unorthodox,4
detains,4
garrett,4
coordinating,4
libyan,4
ropes,4
31st,4
yom,4
l.a,4
unto,4
undermined,4
escorted,4
blackout,4
concludes,4
espionage,4
yak,4
rodham,4
afloat,4
transactions,4
aol,4
impeccable,4
applauded,4
sanford,4
immerse,4
missteps,4
fig,4
culprits,4
statehouse,4
pronounce,4
interview,4
trolls,4
giuliani,4
salon,4
violate,4
hoax,4
discourse,4
occupation,4
buyers,4
plates,4
compares,4
launch,4
nationalism,4
louisville,4
memes,4
enjoys,4
privately,4
skewers,4
fanning,4
jim,4
critique,4
unveils,4
timothy,4
debating,4
bennett,4
gig,4
stein,4
marshall,4
investigation,4
ann,4
wolf,4
tweet,4
moore,4
kneeling,4
horrifying,4
haspel,4
pleading,4
fled,4
ministry,4
independent,4
weber,4
denounces,4
publicized,4
rife,4
rightly,4
niger,4
merit,4
disdain,4
dictator,4
minors,4
marty,4
haitian,4
align,4
specialist,4
grips,4
bitterness,4
shifted,4
postponed,4
doomsday,4
disarray,4
frontrunner,4
registering,4
visuals,4
graphics,4
tweaks,4
ledger,4
coveted,4
liners,4
shaun,4
rightfully,4
unprepared,4
bracing,4
transmission,4
stunts,4
considerations,4
multicultural,4
temper,4
hardworking,4
distribution,4
priests,4
mongering,4
balances,4
intersex,4
oppression,4
horribly,4
feathered,4
slaps,4
dumping,4
manhood,4
bob,4
sparks,4
admits,4
comey,4
melania,4
checks,4
questioned,4
walter,4
chairman,4
deleted,4
stake,4
blamed,4
integrity,4
suspended,4
altered,4
inaccurate,4
cassidy,4
cairo,4
lawyer,4
turkish,4
dozen,4
kickstarter,4
acknowledged,4
knee,4
reacts,4
morocco,4
claim,4
shifts,4
vegas,4
mobile,4
speaks,4
balls,4
mlk,4
unbelievable,4
populist,4
erupts,4
gillibrand,4
andersen,4
nye,4
imply,4
19-year,4
opioids,4
bragged,4
portraying,4
intersection,4
steer,4
montage,4
collects,4
lash,4
obstruction,4
perpetuate,4
jabs,4
escalates,4
glitz,4
hyped,4
echoes,4
freaked,4
horrors,4
crusader,4
piercing,4
kirk,4
comparisons,4
pointless,4
thrust,4
finalists,4
surrogates,4
unfolding,4
dominance,4
renews,4
brakes,4
neat,4
khamenei,4
unveiling,4
spared,4
brainer,4
ankara,4
als,4
invade,4
insert,4
fray,4
innovations,4
dealer,4
glaring,4
slot,4
prohibit,4
leaps,4
mentions,4
incompetent,4
remission,4
bidding,4
sacrificed,4
villains,4
stroll,4
wallets,4
psyche,4
baring,4
daily,4
lies,4
ed,4
urges,4
prepares,4
company,4
citizen,4
charlottesville,4
wrestling,4
kathy,4
lifted,4
josh,4
canceled,4
dig,4
resign,4
blasted,4
accurately,4
fairness,4
puzzle,4
bothered,4
crow,4
symbolic,4
ceo,4
detailed,4
figured,4
hilton,4
semitic,4
capacity,4
judicial,4
dylan,4
cartoon,4
buys,4
tears,4
dispute,4
davidson,4
vile,4
praise,4
peeing,4
prizes,4
reactive,4
invites,4
portray,4
hire,4
resigned,4
abuser,4
accent,4
motivations,4
hailed,4
u.k,4
divest,4
delusional,4
farewell,4
natasha,4
giffords,4
bryce,4
catalog,4
blitz,4
saga,4
avatar,4
uptick,4
hostile,4
bares,4
postpones,4
catering,4
booth,4
alma,4
ditches,4
stubborn,4
mattress,4
beam,4
native,4
garnered,4
mitigate,4
contacted,4
calculated,4
reinventing,4
nominate,4
p,4
trolling,4
docs,4
kenyan,4
mysteriously,4
noon,4
wrist,4
scalise,4
sioux,4
conforming,4
lifesaving,4
relish,4
jerome,4
textbook,4
homosexual,4
knox,4
bill,4
widely,4
founder,4
inc,4
anonymous,4
troubling,4
palin,4
colleagues,4
shut,3
analysis,3
described,3
congrats,3
demise,3
claiming,3
groping,3
remedies,3
closure,3
1990s,3
‚Äî,3
tapped,3
redskins,3
bully,3
washington,3
aims,3
personalities,3
copyright,3
sony,3
misses,3
opinion,3
bloom,3
crew,3
memo,3
factor,3
silicon,3
distrust,3
stink,3
hometown,3
crippling,3
script,3
ominous,3
clooney,3
revered,3
exploited,3
inflammatory,3
snowboarding,3
wakes,3
profiles,3
u.s.-backed,3
unsolicited,3
manly,3
revisit,3
deeds,3
inspector,3
interviewed,3
hooked,3
abnormal,3
dismantling,3
seize,3
mitchell,3
prosecute,3
distinctly,3
45th,3
philly,3
apprentice,3
rosemary,3
roadmap,3
titans,3
predecessor,3
pyongyang,3
speeds,3
tug,3
des,3
slight,3
fend,3
scarier,3
showtime,3
r.i.p,3
humiliating,3
superficial,3
arresting,3
vetting,3
lara,3
stretched,3
laden,3
nets,3
portfolio,3
rove,3
debacle,3
upward,3
favorable,3
feathers,3
pakistani,3
apt,3
frees,3
sprint,3
sisi,3
parallels,3
teachings,3
freedom,3
station,3
accused,3
calls,3
writers,3
former,3
website,3
loses,3
register,3
launches,3
savage,3
devin,3
incidents,3
brooke,3
reign,3
files,3
contenders,3
erdogan,3
cellphone,3
facts,3
suggested,3
background,3
disastrous,3
announcing,3
source,3
suggesting,3
ethical,3
reads,3
columbia,3
discussed,3
ties,3
somebody,3
ad,3
conference,3
joins,3
scandals,3
showdown,3
campaigns,3
remembered,3
deck,3
slaughter,3
steele,3
grammar,3
toilets,3
anguish,3
cain,3
raucous,3
mimic,3
jesse,3
workday,3
satan,3
champ,3
distorted,3
clarifies,3
duties,3
appearing,3
stiff,3
sphere,3
sanchez,3
undercut,3
mouthed,3
40th,3
presumptive,3
pine,3
cancellation,3
clocks,3
predictably,3
correlation,3
valued,3
egypt,3
godfather,3
pineapple,3
sincerely,3
trove,3
hairdresser,3
rouhani,3
touting,3
membership,3
amal,3
walkout,3
breakthroughs,3
lowered,3
contradicts,3
pam,3
deadlines,3
oath,3
mounted,3
enacted,3
endlessly,3
jihadist,3
childish,3
guarantees,3
pun,3
boarding,3
prevalent,3
rapid,3
deepens,3
unbelievably,3
speechless,3
cleaned,3
‚Äò,3
ferguson,3
candidate,3
union,3
kicks,3
perry,3
wounded,3
donald,3
haley,3
disturbing,3
dirt,3
unacceptable,3
antonio,3
blocked,3
credible,3
renew,3
grabbed,3
1980s,3
slur,3
cameras,3
comments,3
internal,3
warns,3
emails,3
accounts,3
forum,3
report,3
edition,3
stunned,3
jesus,3
disgusting,3
dominated,3
partisan,3
allen,3
entry,3
lay,3
andrew,3
voluntarily,3
bias,3
paste,3
lt,3
forged,3
expects,3
evacuation,3
boils,3
knife,3
packaged,3
shaw,3
constructed,3
sole,3
deliberately,3
reel,3
wealthiest,3
unfolded,3
sickened,3
flurry,3
forgiven,3
denier,3
escort,3
ramen,3
reacting,3
employed,3
embattled,3
mr,3
damages,3
fianc√©e,3
tuned,3
moroccan,3
jihad,3
o'malley,3
brushes,3
promotional,3
yearly,3
miraculous,3
omg,3
advisors,3
bankrupt,3
preservation,3
restrictive,3
scarce,3
suppress,3
manson,3
forbidden,3
burial,3
uproar,3
rhimes,3
captivity,3
absorbed,3
amused,3
rubble,3
stephanie,3
joining,3
losses,3
lethal,3
legalization,3
profile,3
story,3
enemy,3
agrees,3
landed,3
co,3
tweeted,3
decides,3
pile,3
tongue,3
file,3
sentenced,3
slammed,3
hired,3
representing,3
admire,3
defines,3
verge,3
idiot,3
misguided,3
bader,3
alleged,3
reaches,3
stands,3
nick,3
flee,3
expose,3
trusted,3
audience,3
dumb,3
insists,3
barbara,3
broad,3
says,3
mueller,3
trump,3
plaintiffs,3
conflicted,3
reversed,3
diminished,3
apologizing,3
fostering,3
frat,3
bravely,3
janice,3
hippie,3
unwilling,3
expresses,3
natalie,3
batteries,3
selective,3
summary,3
accusation,3
drags,3
advisor,3
impeach,3
gripping,3
depicts,3
incorrect,3
stumbles,3
outright,3
garfield,3
dominates,3
hazardous,3
acquisition,3
setbacks,3
sided,3
caucuses,3
poets,3
comply,3
sgt,3
transitioning,3
militants,3
clintons,3
virtual,3
athletics,3
punishing,3
islamist,3
misuse,3
lofty,3
caves,3
diaspora,3
exile,3
max,3
nonviolent,3
streamed,3
castles,3
iman,3
tube,3
storied,3
wiser,3
philosopher,3
restricting,3
til,3
stared,3
withdraws,3
purely,3
entails,3
polarized,3
eulogy,3
pondering,3
iran,3
talent,3
matters,3
joke,3
prominent,3
handling,3
philadelphia,3
bizarre,3
chilling,3
rocky,3
institution,3
worldwide,3
laid,3
unaware,3
tactic,3
watches,3
julian,3
intel,3
mistaken,3
turmoil,3
killers,3
ads,3
pulled,3
nikki,3
mentioned,3
spin,3
roll,3
racist,3
moderate,3
hook,3
indian,3
sued,3
suzanne,3
promoted,3
ripped,3
jerk,3
strictly,3
evokes,3
unwanted,3
vortex,3
testify,3
watchers,3
silencing,3
dodging,3
hid,3
hails,3
brazen,3
shkreli,3
canceling,3
backwards,3
schiff,3
wiretapping,3
persist,3
rafael,3
phony,3
cheated,3
closes,3
tablets,3
ahmed,3
belongings,3
ar-15,3
fueled,3
thanking,3
leaking,3
provocative,3
offs,3
gardner,3
grappling,3
yields,3
pending,3
declining,3
waging,3
reinforce,3
underserved,3
kfc,3
ingenious,3
nicer,3
gruesome,3
tyranny,3
condemnation,3
tunisia,3
functions,3
scholar,3
provoking,3
awry,3
earnest,3
dispatch,3
salvation,3
envelope,3
eric,3
follows,3
instant,3
uk,3
attacks,3
pushes,3
cosby,3
lawsuits,3
section,3
producing,3
baker,3
tackles,3
reid,3
endorsement,3
timeline,3
erin,3
revive,3
readers,3
elaborate,3
clown,3
addressed,3
lacking,3
rumor,3
web,3
torture,3
rush,3
innovation,3
defend,3
joined,3
hbo,3
positions,3
reputation,3
suspends,3
resumes,3
anchorman,3
boycott,3
hypocrisy,3
disgraceful,3
turks,3
yearbook,3
ambush,3
coordinated,3
schmidt,3
islamophobic,3
yearn,3
marketplace,3
prolific,3
cpac,3
napkins,3
immoral,3
quoted,3
snub,3
haunts,3
abandoning,3
worries,3
respectful,3
bachmann,3
achievements,3
strings,3
tighter,3
tsunami,3
unusually,3
accounting,3
beacon,3
moines,3
experimenting,3
assembled,3
sprawling,3
africans,3
racially,3
decreasing,3
invaluable,3
negatively,3
apocalyptic,3
graders,3
outreach,3
mecca,3
messenger,3
rethinking,3
jindal,3
momentous,3
depict,3
whistle,3
associations,3
insulted,3
jeter,3
pictured,3
fade,3
glossy,3
exploiting,3
skyscraper,3
reopen,3
rahm,3
demands,3
behavior,3
mainstream,3
globe,3
dick,3
criticized,3
butt,3
david,3
millennial,3
cia,3
shooting,3
penn,3
organize,3
fighters,3
slam,3
covers,3
unrest,3
registry,3
businessman,3
malaysia,3
gross,3
panel,3
gaza,3
empowerment,3
wendy,3
boss,3
21st,3
nasty,3
admitted,3
spotlight,3
michael,3
jeff,3
trial,3
reports,3
mccain,3
confessed,3
intimidation,3
sounding,3
shit,3
fonda,3
replaces,3
addictions,3
misunderstanding,3
predatory,3
spacey,3
perfected,3
favored,3
noteworthy,3
redditor,3
d.,3
chaotic,3
pressured,3
stumped,3
battered,3
recruitment,3
stacey,3
u.s.a,3
billie,3
ham,3
tipping,3
summed,3
enterprise,3
detected,3
controversies,3
futuristic,3
petersburg,3
matched,3
brennan,3
caption,3
pearson,3
quaint,3
biases,3
strengthens,3
apologies,3
fined,3
crossed,3
albeit,3
dime,3
tidal,3
missions,3
volumes,3
cantor,3
classmate,3
controversy,3
joint,3
complaints,3
surveillance,3
stories,3
assaulted,3
sums,3
ambitious,3
shooter,3
contributed,3
haven,3
purchased,3
permanently,3
slaves,3
outsider,3
benghazi,3
troubles,3
scandal,3
appeared,3
blast,3
objects,3
senior,3
critic,3
revenge,3
james,3
information,3
clinton,3
ace,3
leaning,3
ditching,3
tillerson,3
jaime,3
hypertension,3
feud,3
rescuers,3
intend,3
fearful,3
tracker,3
openness,3
miners,3
recordings,3
lavender,3
forbes,3
deceptive,3
bearer,3
paperwork,3
mustache,3
presses,3
billboards,3
assert,3
unthinkable,3
secretive,3
deborah,3
scramble,3
uprising,3
chilean,3
descent,3
forth,3
duggar,3
centerpiece,3
iranians,3
downfall,3
proclamation,3
cheek,3
grail,3
camel,3
atrocities,3
amendment,3
platform,3
cuts,3
management,3
continued,3
protected,3
jack,3
division,3
thompson,3
walks,3
bench,3
reince,3
carrier,3
portman,3
overhaul,3
briefly,3
frankly,3
colbert,3
tweeting,3
strategy,3
accountable,3
statements,3
heads,3
claimed,3
chelsea,3
manager,3
rankings,3
credited,3
unified,3
incorrectly,3
porter,3
sensitive,3
quietly,3
context,3
predictable,3
egregious,3
alt,3
ecosystem,3
suing,3
unintended,3
rants,3
infamous,3
perspectives,3
embarrassment,3
publishes,3
footprint,3
normalize,3
tin,3
dinosaurs,3
rallies,3
shady,3
heel,3
tempting,3
rated,3
prompting,3
newark,3
narrowly,3
stewart,3
tragically,3
mobilize,3
margin,3
prefers,3
conferences,3
jurors,3
pricing,3
endeavor,3
precautions,3
breakers,3
sellers,3
communicating,3
vocabulary,3
names,3
write,3
argument,3
remembering,3
front,3
destroy,3
describes,3
correct,3
adopted,3
startup,3
era,3
pointed,3
renewed,3
shifting,3
capture,3
killings,3
presidential,3
figures,3
intentionally,3
priceless,3
continually,3
filed,3
20-year,3
obtained,3
eliminate,3
billionaires,3
tougher,3
disappointing,3
nov,3
interactive,3
corrupt,3
sale,3
war,3
campaign,3
deliver,3
afghanistan,3
ignored,3
refuses,3
attorney,3
jon,3
rejects,3
mass,3
rnc,3
evil,3
standards,3
sold,3
predicts,3
chan,3
returns,3
xenophobia,3
database,3
speech,3
mornings,3
firm,3
offensive,3
a.m.,3
bruce,3
salute,3
shaking,3
subject,3
neutrality,3
kimberly,3
believer,3
confidential,3
hatred,3
severely,3
norms,3
dragging,3
temporarily,3
khizr,3
bankruptcy,3
accents,3
skier,3
trained,3
voluntary,3
bribery,3
expansive,3
scratching,3
statistics,3
dudes,3
surgeries,3
freddie,3
frequency,3
uphill,3
hospice,3
hulu,3
lengths,3
irrelevant,3
chatter,3
medically,3
distributed,3
miniature,3
alcoholism,3
‚Äú,3
apologize,2
detention,2
expanding,2
sells,2
blame,2
differences,2
apparently,2
acted,2
priebus,2
flexible,2
ginsburg,2
broader,2
documents,2
agent,2
supremacists,2
gordon,2
tells,2
position,2
leaves,2
koch,2
candidates,2
drew,2
local,2
cracks,2
blunt,2
hosted,2
adrian,2
greg,2
enact,2
consensus,2
bottled,2
impressed,2
bigots,2
vacationing,2
arrests,2
sought,2
confess,2
owning,2
refusing,2
breach,2
goodman,2
merely,2
t.,2
litigation,2
bruni,2
margaret,2
itunes,2
mizzou,2
fraught,2
fills,2
powerhouse,2
mohamed,2
justify,2
vigil,2
viable,2
awaits,2
einstein,2
salvador,2
coupled,2
levitt,2
interpretation,2
invasive,2
newly,2
runner,2
flynn,2
rape,2
tune,2
nails,2
warner,2
minded,2
loaded,2
spreading,2
japan,2
filmmakers,2
indicate,2
burst,2
peyton,2
monthly,2
admission,2
lebanon,2
washing,2
consume,2
harbor,2
indigenous,2
announced,2
operations,2
absurd,2
ear,2
piece,2
putin,2
pr,2
rumors,2
wrote,2
islam,2
backed,2
political,2
rhetoric,2
brutal,2
goodbye,2
turner,2
accomplished,2
predator,2
complications,2
sparking,2
mutual,2
medalist,2
sections,2
shaming,2
narratives,2
firsthand,2
jfk,2
wishes,2
aligned,2
spoiled,2
ditched,2
triumphs,2
unanimously,2
fischer,2
christ,2
deny,2
choking,2
execs,2
damned,2
eliminated,2
dealt,2
outbreaks,2
cancelled,2
penalties,2
talents,2
clint,2
observation,2
commentary,2
earnings,2
sydney,2
drowned,2
bigoted,2
economically,2
flock,2
regarded,2
gibson,2
pneumonia,2
fixes,2
abe,2
tsarnaev,2
chatting,2
copenhagen,2
societies,2
prostitution,2
shonda,2
radically,2
fair,2
breaks,2
television,2
response,2
pattern,2
nominee,2
properly,2
politics,2
joan,2
hurts,2
waited,2
skipping,2
safer,2
surreal,2
lawrence,2
dnc,2
conduct,2
encouraged,2
garbage,2
pushed,2
dunham,2
p.m.,2
backlash,2
defenders,2
produce,2
examination,2
lou,2
settles,2
moody,2
stricter,2
thru,2
slurs,2
ansari,2
entitlement,2
scheme,2
joel,2
newlywed,2
rogue,2
powell,2
sanity,2
cinema,2
relatable,2
40-year,2
yates,2
bowling,2
declines,2
lifestyles,2
culturally,2
debra,2
undermine,2
slapped,2
fields,2
crowdfunding,2
brent,2
traded,2
threaten,2
avery,2
slay,2
recurring,2
unveil,2
mattered,2
laptop,2
forge,2
distinguish,2
brag,2
overturn,2
slogan,2
applicants,2
religions,2
copies,2
collapses,2
annually,2
arabs,2
labour,2
straw,2
slut,2
airstrike,2
danced,2
witty,2
rose,2
theory,2
warning,2
diversity,2
access,2
gathering,2
organizing,2
grave,2
helicopter,2
named,2
fbi,2
carl,2
asian,2
condemns,2
juan,2
spotify,2
compassionate,2
focused,2
mistake,2
tone,2
voice,2
operation,2
promising,2
audiences,2
announces,2
draining,2
burned,2
silence,2
expanded,2
hates,2
complaint,2
battleground,2
engaging,2
organization,2
interfere,2
onslaught,2
diminish,2
blink,2
enhanced,2
swag,2
dolphin,2
misinformation,2
chosen,2
gaffe,2
arrangement,2
judgment,2
gabriel,2
investment,2
andrews,2
disgrace,2
aggressively,2
helpless,2
robbery,2
delhi,2
breakout,2
kidnapped,2
nicolas,2
hugging,2
mobility,2
residency,2
passive,2
observers,2
astonishing,2
webster,2
budgets,2
elders,2
societal,2
robots,2
winding,2
millennium,2
leno,2
analyze,2
index,2
haired,2
belle,2
abdul,2
lupita,2
kevin,2
controversial,2
partners,2
larger,2
its,2
agreed,2
activist,2
bush,2
wright,2
prosecutor,2
rejected,2
deserved,2
notable,2
communications,2
tinder,2
assaulting,2
circuit,2
jose,2
walt,2
complaining,2
headquarters,2
investments,2
motivated,2
beneath,2
involving,2
grandparents,2
hamilton,2
rand,2
wednesday,2
fulfilled,2
disparities,2
threatens,2
exchange,2
rex,2
nra,2
fed,2
existed,2
shamed,2
nationalists,2
pursuing,2
czech,2
avid,2
psychology,2
gabby,2
duck,2
victor,2
collective,2
punching,2
dependence,2
empire,2
perez,2
marginalized,2
supporter,2
urging,2
searched,2
awaiting,2
wintour,2
motive,2
greet,2
hack,2
bash,2
dislike,2
boast,2
chops,2
historian,2
revolt,2
thieves,2
atheist,2
pacs,2
clearer,2
finalized,2
morris,2
cookbooks,2
pioneering,2
orbit,2
immense,2
financing,2
emerald,2
bolton,2
nuns,2
inch,2
splits,2
fooled,2
rebuilding,2
internet,2
author,2
bans,2
transition,2
selling,2
zuckerberg,2
sunday,2
confirm,2
acceptable,2
sterling,2
following,2
memorial,2
evangelical,2
ted,2
transparent,2
evolved,2
disclose,2
thick,2
speculation,2
deadliest,2
latest,2
white,2
worked,2
biden,2
politically,2
manchester,2
prize,2
prison,2
narrative,2
show,2
jury,2
foreign,2
view,2
huckabee,2
cybersecurity,2
donated,2
meme,2
pastor,2
impeachment,2
highlighting,2
aziz,2
kurt,2
pursuit,2
deliberate,2
relying,2
gradually,2
village,2
skeptical,2
subjected,2
mistakenly,2
pals,2
crusade,2
bragging,2
hispanic,2
obsession,2
influential,2
picasso,2
sesame,2
import,2
slaying,2
marissa,2
sentences,2
halts,2
whopping,2
spicy,2
boats,2
ridiculously,2
brawl,2
secular,2
objective,2
determining,2
unpleasant,2
akin,2
inherent,2
torch,2
bs,2
questions,2
angeles,2
female,2
audio,2
throws,2
voted,2
frustrated,2
transformed,2
boom,2
morning,2
driven,2
republican,2
tweeters,2
pledges,2
appealing,2
thai,2
criminals,2
comedians,2
ran,2
chase,2
sues,2
reuters,2
president,2
mention,2
online,2
jr,2
sponsor,2
watchdog,2
wise,2
quinn,2
trio,2
exploitation,2
applause,2
plain,2
documentary,2
resonate,2
myers,2
nsa,2
explodes,2
handing,2
relive,2
precedent,2
knock,2
selecting,2
communist,2
compensation,2
existential,2
martinez,2
primaries,2
produces,2
authentically,2
warnings,2
limbo,2
edgy,2
infinite,2
balloons,2
trey,2
hacker,2
continuous,2
lacks,2
classmates,2
partially,2
vendors,2
educator,2
appear,2
terror,2
shake,2
encounter,2
presidency,2
binge,2
singapore,2
poison,2
chair,2
nationalist,2
utterly,2
complain,2
dubai,2
frightening,2
preserve,2
critics,2
hillary,2
dedicated,2
los,2
illegal,2
disagree,2
luther,2
chips,2
tradition,2
debates,2
reality,2
associated,2
bought,2
forced,2
whose,2
episode,2
biblical,2
predators,2
blind,2
unsettling,2
decades,2
holocaust,2
preferred,2
drunken,2
harming,2
varied,2
simon,2
fingers,2
peas,2
crafting,2
pepsi,2
admitting,2
lows,2
scoring,2
murderer,2
goodwill,2
eighth,2
admired,2
recruiting,2
fond,2
flipping,2
harness,2
span,2
crushes,2
mundane,2
governing,2
staged,2
wrenching,2
n‚Äôt,2
election,2
sell,2
watched,2
racial,2
diverse,2
managed,2
said,2
desperately,2
penis,2
believes,2
estimated,2
gone,2
metoo,2
deaf,2
campuses,2
texts,2
classified,2
sally,2
greatly,2
extremism,2
affecting,2
port,2
dropped,2
harvey,2
honor,2
created,2
ditch,2
punishment,2
switch,2
gets,2
entertainment,2
terrorism,2
chapter,2
standard,2
boston,2
wyoming,2
reversal,2
painfully,2
shithole,2
randy,2
defying,2
fueling,2
touted,2
documenting,2
switching,2
reflection,2
morality,2
rewrite,2
delights,2
primarily,2
panels,2
implies,2
contacts,2
migration,2
wig,2
describing,2
booming,2
classical,2
nonetheless,2
dysfunction,2
snapped,2
blueprint,2
shakes,2
criteria,2
orthodox,2
caf√©,2
uphold,2
bets,2
rays,2
banned,2
over,2
gop,2
writing,2
charles,2
progressive,2
blogger,2
targeting,2
slavery,2
saying,2
‚Äôs,2
steve,2
problem,2
supermarket,2
nelson,2
holding,2
launched,2
months,2
homeland,2
steal,2
drop,2
adviser,2
charged,2
charge,2
called,2
against,2
gun,2
telling,2
elect,2
embassy,2
obscure,2
interest,2
enabled,2
willis,2
responders,2
authoritarian,2
grabs,2
gore,2
punched,2
represent,2
timely,2
purge,2
unfortunate,2
counselor,2
heartwarming,2
libya,2
tanzania,2
damaged,2
tense,2
integration,2
wandering,2
carlos,2
taboo,2
impacted,2
apocalypse,2
concentration,2
attack,2
chicago,2
incident,2
cruz,2
f**k,2
shark,2
irony,2
bat,2
sweden,2
debbie,2
democracy,2
pulling,2
ross,2
concerns,2
record,2
intelligence,2
sue,2
useless,2
christie,2
pencil,2
tide,2
nassar,2
brutally,2
bounty,2
analysts,2
irma,2
spine,2
legitimate,2
feedback,2
lit,2
contender,2
crude,2
prompted,2
savor,2
pros,2
scope,2
telephone,2
rivals,2
fiorina,2
suspicion,2
chiefs,2
inducing,2
digest,2
clarify,2
sensitivity,2
casualties,2
f,2
shockingly,2
nerd,2
wtf,2
stun,2
abuses,2
continues,2
howard,2
employee,2
replacement,2
watch,2
account,2
muslims,2
seeking,2
convention,2
ali,2
shocked,2
‚Äôre,2
mexican,2
sarah,2
delivers,2
oregon,2
conflicts,2
rival,2
robert,2
stephen,2
appears,2
terrorist,2
details,2
devoted,2
julie,2
janet,2
patriotic,2
traditions,2
balanced,2
accessible,2
khan,2
unable,2
russian,2
probe,2
mark,2
leaving,2
accuses,2
regional,2
consumption,2
extremists,2
swipe,2
defiance,2
cleaner,2
indianapolis,2
verbal,2
ucla,2
assaults,2
dangerously,2
fringe,2
guts,2
disappearing,2
induced,2
fidel,2
ward,2
adapted,2
hospitalized,2
lungs,2
denounce,2
illustrates,2
wilderness,2
faculty,2
stirring,2
marched,2
latte,2
halftime,2
shelton,2
meeting,2
spoke,2
concerned,2
teams,2
forgotten,2
event,2
public,2
horrible,2
carrying,2
giants,2
pace,2
conservatives,2
executives,2
trek,2
held,2
base,2
county,2
monday,2
‚Äôve,2
offices,2
fleeing,2
machine,2
representative,2
condemn,2
percentage,2
russia,2
truth,2
plea,2
error,2
mystery,2
invest,2
wall,2
shootings,2
isis,2
chain,2
demand,2
retired,2
thin,2
screams,2
ish,2
deputy,2
impulse,2
latter,2
deniers,2
ing,2
montana,2
advancing,2
reconsider,2
substitute,2
pledge,2
miller,2
declaring,2
pervasive,2
cardboard,2
kabul,2
prevented,2
resisting,2
joking,2
suffered,2
linking,2
hugh,2
tent,2
marking,2
executions,2
extend,2
versatile,2
caitlyn,2
assumptions,2
overly,2
presenting,2
reportedly,2
curry,2
democratic,2
drops,2
‚Äï,2
standing,2
combat,2
frame,2
ours,2
eyed,2
vast,2
storms,2
arrives,2
reaction,2
tough,2
business,2
directly,2
ticket,2
today,2
phil,2
vladimir,2
swimming,2
kushner,2
careful,2
admit,2
limit,2
liberal,2
gave,2
breaking,2
discussion,2
wary,2
bananas,2
dorsey,2
neo,2
probes,2
phillips,2
asians,2
prosecutors,2
loretta,2
footage,2
assess,2
guacamole,2
knight,2
yikes,2
populism,2
ironically,2
imminent,2
visions,2
ruth,2
upside,2
vs,2
mortality,2
atop,2
symptom,2
emanuel,2
male,2
unlikely,2
disability,2
rivers,2
effort,2
he,2
responsible,2
released,2
famed,2
weirdest,2
highlight,2
camps,2
economics,2
thailand,2
forcing,2
exception,2
failed,2
fantasy,2
field,2
pac,2
final,2
scientist,2
aggressive,2
charleston,2
new,2
exposed,2
threatened,2
maher,2
likelihood,2
purse,2
kirsten,2
unfair,2
valid,2
mashed,2
demanded,2
emoji,2
owe,2
clarke,2
freaking,2
premature,2
thriving,2
exclusion,2
scottish,2
echo,2
advance,2
prosecution,2
virtue,2
spying,2
jew,2
dakota,2
closing,2
expertise,2
difficulty,2
captive,2
confronts,2
gunmen,2
cord,2
misery,2
extremist,2
reconciliation,2
freely,2
contentious,2
grasp,2
vastly,2
freaks,2
gives,2
pool,2
group,2
hearing,2
racism,2
humor,2
location,2
tuesday,2
spokesman,2
role,2
paid,2
berkeley,2
weighs,2
valley,2
wherever,2
martin,2
giant,2
leave,2
app,2
pat,2
thursday,2
asks,2
user,2
initiative,2
mike,2
winner,2
agency,2
secretary,2
wave,2
fill,2
shout,2
stern,2
1st,2
placed,2
tablet,2
interference,2
dated,2
o,2
grandpa,2
embarrassing,2
spends,2
positively,2
concerning,2
containing,2
sink,2
spurs,2
yourselves,2
remark,2
tenure,2
bells,2
funded,2
owes,2
recommends,2
restoration,2
scholars,2
generated,2
successor,2
consistently,2
invention,2
intervention,2
knees,2
slash,2
blizzard,2
packages,2
century,2
crazy,2
thomas,2
sam,2
frank,2
assault,2
discrimination,2
letters,2
compare,2
milestone,2
responding,2
daniel,2
blaming,2
supporters,2
twitter,2
increasingly,2
shots,2
incredibly,2
wants,2
francisco,2
hedge,2
defy,2
fatigue,2
rolls,2
asset,2
meghan,2
hood,2
noble,2
genuinely,2
unite,2
instances,2
hated,2
stripped,2
lasted,2
appetite,2
donna,2
eligible,2
references,2
lucas,2
palmer,2
upset,2
leverage,2
blockbuster,2
introduction,2
passions,2
uncover,2
undoubtedly,2
twisted,2
measuring,2
robbed,2
brock,2
air,2
jokes,2
pro,2
accepted,2
announce,2
rep,2
gotten,2
thinks,2
director,2
workplace,2
dutch,2
regret,2
targeted,2
posting,2
el,2
attract,2
after,2
evidence,2
promises,2
afraid,2
raises,2
admissions,2
slap,2
firmly,2
fold,2
'd,2
outs,2
sincere,2
vanilla,2
ensuring,2
emerged,2
statue,2
caps,2
en,2
loyal,2
consultant,2
successes,2
edward,2
psychologists,2
confronted,2
ambitions,2
indication,2
towel,2
philosophy,2
proposing,2
feeds,2
riots,2
1950s,2
intern,2
brewing,2
zip,2
legalize,2
hours,2
moving,2
comic,2
pruitt,2
backs,2
solidarity,2
governments,2
calling,2
decision,2
supporting,2
viewed,2
filing,2
selfies,2
boxes,2
landmark,2
elsewhere,2
despair,2
moves,2
sexism,2
introduced,2
award,2
sends,2
communication,2
him,2
elected,2
ended,2
chloe,2
shuts,2
intentional,2
balloon,2
alternative,2
curve,2
loud,2
digging,2
snyder,2
elevator,2
recovered,2
undocumented,2
succinct,2
radical,2
appointed,2
implementing,2
conquer,2
chopra,2
lifts,2
cultures,2
bullets,2
log,2
relentless,2
house,2
suit,2
usa,2
sees,2
lawmaker,2
unity,2
previously,2
committee,2
anybody,2
addition,2
tale,2
regulation,2
linda,2
detail,2
jeb,2
seemingly,2
planned,2
golf,2
feature,2
ignore,2
estate,2
adam,2
seriously,2
structure,2
politicians,2
creator,2
begging,2
withdraw,2
prey,2
unpopular,2
approaches,2
distract,2
controls,2
seasoned,2
fairly,2
countdown,2
load,2
homecoming,2
nominations,2
removes,2
plagued,2
crave,2
container,2
candle,2
roommate,2
clearing,2
occurred,2
awful,2
control,2
personality,2
convinced,2
professor,2
rising,2
program,2
challenged,2
responded,2
signing,2
turkey,2
express,2
blow,2
official,2
minnesota,2
institutions,2
expression,2
social,2
hell,2
headlines,2
hampshire,2
trevor,2
tweets,2
charges,2
suicide,2
blog,2
covered,2
boost,2
suck,2
ca,2
dumped,2
ignores,2
marches,2
chess,2
destroyed,2
loser,2
examples,2
suspension,2
hints,2
swedish,2
tampa,2
enforce,2
minneapolis,2
maximum,2
joked,2
tendency,2
popped,2
evident,2
monitoring,2
systemic,2
offended,2
flame,2
dominant,2
sane,2
resulted,2
his,2
goes,2
defense,2
points,2
favor,2
denied,2
uses,2
contribute,2
weapon,2
scale,2
absolutely,2
dc,2
alliance,2
advocacy,2
russians,2
jews,2
mcdonald,2
absolute,2
lie,2
australian,2
j.,2
stupid,2
soft,2
beginning,2
replacing,2
swamp,2
offered,2
refuse,2
statement,2
bite,2
lena,2
settlement,2
tumor,2
patriotism,2
lengthy,2
accord,2
reaching,2
nanny,2
businesses,2
listened,2
inviting,2
christianity,2
pressed,2
panama,2
searches,2
representatives,2
fraternity,2
sigh,2
shell,2
leonard,2
greed,2
m,2
protects,2
convenient,2
shrinking,2
darling,2
attitudes,2
reliable,2
necessity,2
founders,2
vows,2
run,2
morgan,2
lisa,2
empathy,2
jonathan,2
arguments,2
followers,2
stole,2
drought,2
coup,2
finished,2
detroit,2
attempts,2
board,2
ups,2
failing,2
culture,2
lack,2
pot,2
buying,1
later,1
outdated,1
investigating,1
reckless,1
enjoyed,1
teases,1
reasonable,1
gag,1
physician,1
spreads,1
remarkable,1
pens,1
strongly,1
cared,1
eagle,1
profit,1
participants,1
icy,1
disruption,1
packs,1
flaws,1
relieve,1
clashes,1
tornado,1
recognize,1
mostly,1
tries,1
japanese,1
rather,1
job,1
diana,1
awkward,1
jacobs,1
alan,1
remaining,1
desperate,1
sorry,1
explains,1
sides,1
twice,1
drama,1
cut,1
facing,1
longoria,1
ya,1
alcoholic,1
represents,1
instructions,1
liz,1
revelation,1
attacking,1
gabrielle,1
nancy,1
busting,1
hammer,1
gearing,1
lame,1
lane,1
sharp,1
aspiring,1
dinners,1
forefront,1
strive,1
sabotage,1
citizenship,1
conversion,1
splash,1
battle,1
received,1
damage,1
focus,1
publicly,1
corporations,1
dies,1
otherwise,1
highly,1
since,1
shocking,1
patriots,1
crimes,1
compete,1
emotion,1
informed,1
comedian,1
threat,1
earned,1
powers,1
delivery,1
street,1
14-year,1
interactions,1
triple,1
precisely,1
daylight,1
dependent,1
sentencing,1
darn,1
2nd,1
rifle,1
duke,1
fever,1
insisted,1
schedules,1
strict,1
coca,1
topless,1
suppose,1
determination,1
smoked,1
branding,1
critical,1
major,1
left,1
fuel,1
leader,1
evening,1
allow,1
liberty,1
illinois,1
dead,1
events,1
cuban,1
versus,1
delay,1
charter,1
20th,1
question,1
coming,1
sandy,1
increasing,1
presence,1
has,1
multiple,1
book,1
request,1
sikh,1
belongs,1
interests,1
conventional,1
liked,1
defending,1
testimony,1
selected,1
divisive,1
maggie,1
archives,1
prediction,1
grabbing,1
judy,1
fiscal,1
needing,1
listings,1
punished,1
formed,1
lobbyists,1
finals,1
peoples,1
rely,1
annie,1
springsteen,1
k,1
sick,1
nation,1
legal,1
react,1
holy,1
fights,1
emmy,1
leads,1
name,1
jump,1
myth,1
convince,1
function,1
martha,1
troubled,1
team,1
gon,1
return,1
trail,1
nominees,1
solve,1
runs,1
dramatic,1
fact,1
actions,1
toward,1
funny,1
hurricane,1
arm,1
declared,1
‚Äôm,1
clock,1
quarter,1
austin,1
attendees,1
mounting,1
quote,1
ridiculous,1
substantial,1
boosts,1
courts,1
legends,1
patience,1
dem,1
extensive,1
norman,1
referring,1
dances,1
google,1
gods,1
tall,1
exposes,1
limitations,1
external,1
va,1
minutes,1
comedy,1
national,1
deal,1
foster,1
refused,1
constitution,1
american,1
repeatedly,1
handful,1
noah,1
upcoming,1
strange,1
heritage,1
adds,1
changes,1
identity,1
overwhelmingly,1
assistant,1
misogyny,1
pm,1
accusers,1
fallout,1
restore,1
busted,1
indiana,1
opinions,1
yelling,1
regard,1
surrounded,1
spanish,1
contained,1
requiring,1
cleveland,1
qaeda,1
hop,1
insanely,1
drowning,1
bother,1
underlying,1
triggers,1
raised,1
puts,1
israeli,1
hour,1
lawyers,1
attend,1
building,1
prayers,1
virginia,1
clear,1
chaos,1
purple,1
resilience,1
hit,1
soldiers,1
argue,1
partnership,1
primary,1
hall,1
responds,1
immigrants,1
issues,1
focusing,1
tasting,1
rid,1
preach,1
concluded,1
realization,1
villain,1
makers,1
venue,1
opponents,1
disappointed,1
makeover,1
booked,1
households,1
favors,1
nathan,1
generate,1
loose,1
poorly,1
chooses,1
gang,1
strip,1
hobby,1
courageous,1
relevant,1
improvements,1
jacob,1
confronting,1
willingness,1
depressing,1
videos,1
wrong,1
comment,1
ivanka,1
happened,1
san,1
convicted,1
flow,1
conversation,1
king,1
hits,1
glad,1
lobby,1
none,1
denying,1
chill,1
19th,1
clue,1
cincinnati,1
offenders,1
chamber,1
speakers,1
donates,1
phrases,1
kyle,1
terribly,1
orleans,1
oxygen,1
cringe,1
10th,1
intellectual,1
branch,1
dismiss,1
occasionally,1
contributing,1
executed,1
-,1
hate,1
talks,1
agenda,1
ugly,1
large,1
right,1
landscape,1
privilege,1
lasting,1
jared,1
contact,1
letter,1
sets,1
acting,1
borders,1
committed,1
prior,1
crackdown,1
minorities,1
alongside,1
practicing,1
including,1
chance,1
obsessed,1
deeply,1
weather,1
address,1
citizens,1
led,1
wreck,1
inequality,1
advocates,1
regrets,1
lazy,1
las,1
initial,1
blows,1
blanket,1
pharma,1
bend,1
pen,1
approached,1
looms,1
buyer,1
defeated,1
embarrassed,1
entrance,1
powered,1
fundamentally,1
homosexuality,1
volume,1
interact,1
smells,1
whites,1
headaches,1
providing,1
returning,1
enforcement,1
corporate,1
cycle,1
picked,1
watching,1
necessarily,1
graphic,1
pentagon,1
notion,1
overwhelmed,1
qatar,1
obama,1
reveals,1
join,1
weekly,1
removed,1
perhaps,1
latino,1
ending,1
conflict,1
florida,1
beat,1
seat,1
supports,1
writes,1
appearances,1
definitive,1
capitalism,1
outraged,1
f**king,1
default,1
dash,1
identifying,1
displays,1
butler,1
advisers,1
policing,1
tends,1
studded,1
dire,1
sniper,1
grants,1
operate,1
live,1
meet,1
sanders,1
approach,1
topic,1
helped,1
traditional,1
talking,1
violence,1
decided,1
iowa,1
apparent,1
scheduled,1
gains,1
pushing,1
christopher,1
inmates,1
intentions,1
series,1
includes,1
threats,1
senators,1
larry,1
bunch,1
expand,1
views,1
sexually,1
scores,1
allowing,1
britain,1
gymnastics,1
contain,1
lindsey,1
published,1
g,1
daring,1
occasional,1
lesser,1
promotion,1
mentally,1
duchess,1
acclaimed,1
mayer,1
p.,1
dish,1
sang,1
chose,1
declaration,1
grip,1
carol,1
wake,1
release,1
double,1
approved,1
elections,1
case,1
pennsylvania,1
leadership,1
suddenly,1
noise,1
nevada,1
manning,1
hong,1
draft,1
harder,1
anti,1
talk,1
biggest,1
buy,1
dangerous,1
appearance,1
huge,1
ruining,1
reference,1
activism,1
gloria,1
stopping,1
supposedly,1
mentor,1
literacy,1
pour,1
seeks,1
indeed,1
r.,1
rocked,1
total,1
pause,1
hung,1
rude,1
senses,1
cola,1
blend,1
unpredictable,1
titles,1
voters,1
proposed,1
brothers,1
sports,1
obviously,1
missouri,1
earlier,1
voices,1
activists,1
died,1
stealing,1
commercial,1
claire,1
mccarthy,1
drone,1
beings,1
deadly,1
caused,1
value,1
came,1
olympics,1
wildfire,1
vodka,1
demanding,1
wildfires,1
mad,1
glowing,1
deep,1
inclusive,1
filmmaker,1
raging,1
accomplishments,1
boo,1
mason,1
studied,1
understands,1
feeding,1
turnout,1
contribution,1
mount,1
firms,1
inaugural,1
pursue,1
hating,1
outstanding,1
retiring,1
consumed,1
darren,1
preparing,1
bid,1
whenever,1
off,1
sit,1
commission,1
truck,1
himself,1
pence,1
itself,1
movement,1
bond,1
expectations,1
association,1
rises,1
missed,1
katy,1
speaker,1
sort,1
language,1
on,1
hollywood,1
term,1
difference,1
wound,1
stir,1
dallas,1
weapons,1
bro,1
proudly,1
exploring,1
repeat,1
resources,1
governors,1
oct,1
invasion,1
southeast,1
honesty,1
demonstrated,1
battles,1
discount,1
ought,1
distant,1
functioning,1
ghosts,1
took,1
victims,1
further,1
broke,1
working,1
continue,1
pull,1
veterans,1
unlike,1
arrest,1
ellen,1
task,1
viral,1
grows,1
ralph,1
jong,1
neglected,1
creators,1
demonstrators,1
fragile,1
labels,1
avoided,1
merrick,1
cabin,1
endure,1
shortly,1
surrender,1
pamela,1
sheet,1
globally,1
text,1
officially,1
pictures,1
honest,1
mouth,1
ago,1
terrible,1
among,1
determine,1
flip,1
jane,1
followed,1
pakistan,1
told,1
stance,1
jamie,1
tensions,1
plans,1
sheer,1
deeper,1
seth,1
revolution,1
corner,1
memories,1
sxsw,1
marked,1
avoiding,1
opposing,1
tied,1
starting,1
submit,1
semitism,1
selfish,1
commander,1
neutral,1
ton,1
investor,1
chairs,1
islamophobia,1
goodness,1
arpaio,1
norm,1
messy,1
populations,1
shadows,1
enters,1
doubts,1
recognition,1
eyebrows,1
austerity,1
derek,1
about,1
phone,1
going,1
george,1
sky,1
speak,1
tony,1
eventually,1
tom,1
heartbreaking,1
closely,1
pulls,1
harsh,1
angry,1
reported,1
crying,1
u.s,1
revealed,1
sex,1
winning,1
powerful,1
marks,1
lying,1
accidentally,1
counsel,1
iii,1
commercials,1
material,1
corruption,1
lynn,1
sustainable,1
lawn,1
cancel,1
approve,1
button,1
carnival,1
prompts,1
songwriter,1
bites,1
contrast,1
governance,1
won,1
changed,1
willing,1
users,1
.,1
square,1
limits,1
intense,1
insane,1
hero,1
known,1
announcement,1
tragedy,1
huffpost,1
tech,1
stop,1
highest,1
rob,1
retailer,1
indie,1
nationwide,1
youtube,1
installment,1
seinfeld,1
hail,1
dismissed,1
evolve,1
renowned,1
suggestion,1
endorsed,1
11-year,1
forms,1
welcoming,1
continent,1
u.n,1
boutique,1
decline,1
guru,1
identities,1
consent,1
soldier,1
senator,1
data,1
asked,1
cook,1
violent,1
administration,1
brands,1
asking,1
takes,1
parenthood,1
regularly,1
investigate,1
improved,1
parker,1
dangers,1
kong,1
asia,1
cultural,1
given,1
junior,1
damon,1
eclipse,1
purchase,1
shiny,1
declare,1
stability,1
suspected,1
grey,1
locks,1
candidacy,1
arguably,1
nerve,1
sadly,1
ponder,1
cage,1
bin,1
districts,1
anticipation,1
layers,1
boko,1
haram,1
desires,1
16-year,1
guilty,1
industry,1
jobs,1
trash,1
supply,1
themselves,1
herself,1
bringing,1
running,1
sounds,1
intimate,1
barry,1
fundamental,1
settled,1
distracted,1
monica,1
illegally,1
properties,1
tasks,1
fascinating,1
awarded,1
minority,1
assembly,1
pleasant,1
ranked,1
ownership,1
existence,1
targets,1
provider,1
deportation,1
suffers,1
salmon,1
photograph,1
renewable,1
zones,1
career,1
been,1
largest,1
into,1
government,1
head,1
potential,1
votes,1
neck,1
joseph,1
wonders,1
similar,1
changing,1
net,1
not,1
despite,1
affair,1
experienced,1
period,1
service,1
history,1
attempt,1
second,1
stage,1
smiles,1
guy,1
doj,1
defined,1
sticking,1
current,1
signature,1
serves,1
agents,1
array,1
elusive,1
riot,1
represented,1
trending,1
seekers,1
airbnb,1
tommy,1
devil,1
paths,1
shot,1
brown,1
early,1
guests,1
compared,1
millennials,1
guard,1
wondering,1
nightmare,1
recently,1
legislation,1
grilled,1
bottom,1
gathered,1
emerging,1
muslim,1
prevent,1
values,1
back,1
un,1
epidemic,1
baseball,1
wins,1
fully,1
prints,1
strongest,1
aboard,1
franken,1
hopes,1
engage,1
entirely,1
marketing,1
depth,1
fought,1
stated,1
stressing,1
ambassador,1
physically,1
aug,1
evolving,1
dive,1
stuns,1
both,1
was,1
project,1
open,1
comes,1
define,1
facebook,1
soon,1
suggests,1
trapped,1
hopefully,1
denial,1
gifs,1
captain,1
next,1
longer,1
is,1
broken,1
privacy,1
behind,1
shoot,1
gender,1
variety,1
easily,1
continuing,1
yellow,1
bomb,1
becomes,1
cigarette,1
entertaining,1
loyalty,1
lift,1
supremacist,1
pardon,1
movements,1
musicians,1
joy,1
mayor,1
did,1
heat,1
photographer,1
handle,1
added,1
challenges,1
jerusalem,1
escape,1
kill,1
#,1
begun,1
collaboration,1
independence,1
familiar,1
rolled,1
historical,1
popping,1
capitol,1
accidental,1
include,1
cyber,1
escaped,1
checking,1
winners,1
militant,1
migrants,1
civilians,1
requests,1
traditionally,1
disabled,1
nate,1
addict,1
worse,1
fine,1
free,1
struggling,1
tool,1
wars,1
decade,1
the,1
smell,1
combination,1
politician,1
infrastructure,1
seems,1
explain,1
ok,1
issue,1
specific,1
hateful,1
delivered,1
moved,1
tis,1
noted,1
debuts,1
tracking,1
ian,1
toughest,1
indoor,1
modest,1
hype,1
farmers,1
attached,1
outrageous,1
studios,1
scenario,1
element,1
simultaneously,1
another,1
financial,1
april,1
international,1
available,1
dozens,1
celebrates,1
missing,1
weeks,1
shown,1
brazil,1
reading,1
settle,1
ruled,1
works,1
will,1
security,1
companies,1
challenge,1
expert,1
rich,1
photographers,1
solid,1
thankful,1
maria,1
dare,1
punish,1
diplomatic,1
widow,1
commit,1
silver,1
orientation,1
adams,1
boasts,1
processed,1
predictions,1
sucks,1
periods,1
raid,1
combine,1
painted,1
shoulders,1
too,1
trying,1
closer,1
decisions,1
brought,1
groups,1
whom,1
tight,1
desk,1
accurate,1
historic,1
abuse,1
obvious,1
projects,1
month,1
also,1
killing,1
age,1
originally,1
violated,1
murdered,1
plot,1
device,1
bound,1
closest,1
promised,1
apartment,1
shining,1
exxon,1
inmate,1
clerk,1
exhausted,1
toss,1
nepal,1
hip,1
letterman,1
danny,1
yale,1
had,1
matter,1
move,1
syria,1
very,1
louis,1
serve,1
remove,1
years,1
message,1
novel,1
headed,1
inauguration,1
does,1
pay,1
an,1
opportunity,1
under,1
guys,1
relations,1
brave,1
center,1
smoke,1
poised,1
disappointment,1
tattoos,1
copy,1
microsoft,1
fixing,1
eddie,1
services,1
underway,1
fee,1
lifting,1
contributions,1
swear,1
boot,1
uncertain,1
oversight,1
based,1
negative,1
policy,1
sessions,1
as,1
colleges,1
conversations,1
afternoon,1
bills,1
arrested,1
trauma,1
americans,1
attention,1
sport,1
kimmel,1
several,1
killed,1
push,1
let,1
impact,1
she,1
stocks,1
overdose,1
pork,1
faux,1
fare,1
urge,1
block,1
conclusion,1
builds,1
nebraska,1
equity,1
charts,1
alike,1
hopeful,1
rating,1
industries,1
pretend,1
by,1
crime,1
situation,1
top,1
barack,1
than,1
agreement,1
invited,1
damn,1
andy,1
equally,1
big,1
keeps,1
climate,1
losing,1
unless,1
st,1
showed,1
real,1
drive,1
misleading,1
haiti,1
flash,1
pleads,1
depend,1
shapes,1
resource,1
fred,1
cancels,1
principle,1
selection,1
applied,1
isolated,1
lowest,1
remain,1
creating,1
trust,1
feed,1
except,1
believed,1
ex,1
victim,1
made,1
done,1
issued,1
blocks,1
connection,1
porn,1
fighting,1
sites,1
less,1
british,1
face,1
stand,1
deserves,1
sent,1
lawmakers,1
meets,1
beloved,1
uncomfortable,1
monologue,1
challenger,1
supportive,1
bullet,1
reduced,1
deciding,1
mice,1
alice,1
competing,1
wounds,1
jumped,1
removing,1
laughs,1
spent,1
successful,1
with,1
nearly,1
february,1
entrepreneur,1
entrepreneurs,1
core,1
relatively,1
messages,1
where,1
legend,1
candy,1
deaths,1
policies,1
brother,1
basic,1
pieces,1
disappear,1
financially,1
disclosure,1
sharks,1
unconstitutional,1
michele,1
badass,1
hands,1
argues,1
thrilled,1
creates,1
legislative,1
acknowledge,1
proving,1
no,1
video,1
sen,1
releases,1
court,1
eye,1
act,1
polling,1
stolen,1
kicked,1
happen,1
offering,1
anger,1
title,1
at,1
massive,1
person,1
caught,1
spell,1
falls,1
missile,1
franklin,1
notes,1
encourages,1
swap,1
twist,1
swiss,1
doors,1
clarity,1
abusive,1
looking,1
first,1
regular,1
bernie,1
comeback,1
leap,1
amazon,1
strong,1
experiencing,1
fortunate,1
consideration,1
madness,1
slightly,1
reflects,1
updates,1
professionals,1
fitting,1
sooner,1
freezing,1
finest,1
ask,1
line,1
letting,1
for,1
fire,1
moon,1
experts,1
turns,1
tired,1
department,1
lists,1
rage,1
painting,1
helping,1
idea,1
suggest,1
furious,1
tickets,1
hilariously,1
alicia,1
vow,1
defining,1
alarming,1
thoughtful,1
facial,1
comparing,1
civilian,1
to,1
doing,1
die,1
german,1
characters,1
completely,1
epic,1
clearly,1
alexander,1
succeed,1
become,1
republicans,1
included,1
equal,1
friends,1
due,1
ryan,1
woody,1
mario,1
optimistic,1
narrow,1
rethink,1
application,1
pops,1
origin,1
realities,1
historically,1
comics,1
links,1
distraction,1
ms,1
bad,1
allowed,1
baldwin,1
brexit,1
affect,1
effective,1
who,1
considering,1
call,1
third,1
read,1
allegedly,1
mob,1
psa,1
word,1
answers,1
nightclub,1
bryan,1
stable,1
depending,1
teamed,1
legendary,1
cole,1
cotton,1
physicians,1
forgot,1
fashioned,1
lining,1
qualified,1
straight,1
judge,1
paying,1
out,1
mysterious,1
plan,1
elizabeth,1
tribute,1
syndrome,1
dr,1
america,1
phoenix,1
flawed,1
recording,1
dump,1
discuss,1
pulse,1
ceos,1
stunt,1
v.,1
volunteers,1
attorneys,1
releasing,1
depressed,1
oprah,1
impression,1
surprise,1
respect,1
amy,1
foundation,1
snl,1
london,1
develop,1
poses,1
would,1
email,1
others,1
reach,1
previous,1
talked,1
jay,1
needs,1
general,1
state,1
of,1
flags,1
delta,1
private,1
quest,1
sir,1
titled,1
spencer,1
outcomes,1
trayvon,1
screaming,1
hope,1
turn,1
heading,1
dying,1
confident,1
oldest,1
entire,1
used,1
stuff,1
fund,1
manafort,1
houston,1
texting,1
carter,1
cambridge,1
equipment,1
b.,1
software,1
expansion,1
fits,1
instantly,1
clark,1
presidents,1
sentence,1
execution,1
musician,1
outbreak,1
temple,1
signal,1
death,1
modern,1
finally,1
country,1
turning,1
replace,1
part,1
ahead,1
rare,1
searching,1
legs,1
panic,1
recovery,1
unfortunately,1
comfortable,1
fly,1
gina,1
eva,1
replaced,1
witch,1
believing,1
punk,1
supremacy,1
stakes,1
illustrated,1
actually,1
youth,1
image,1
fellow,1
now,1
being,1
provided,1
phones,1
generations,1
started,1
making,1
a,1
makes,1
film,1
it,1
attacked,1
example,1
flies,1
threatening,1
sorts,1
compromise,1
viewing,1
anthony,1
heartfelt,1
mode,1
reviews,1
floating,1
castro,1
donor,1
asylum,1
monitor,1
unit,1
roughly,1
pig,1
ouch,1
played,1
's,1
brand,1
exactly,1
still,1
anyone,1
potentially,1
draw,1
finish,1
ray,1
complicated,1
pre,1
stuck,1
balance,1
signed,1
climbing,1
fails,1
finance,1
sweeping,1
returned,1
lighting,1
connecting,1
fifa,1
devices,1
educate,1
during,1
n't,1
prepare,1
plays,1
up,1
mistakes,1
roles,1
words,1
marc,1
epa,1
thanks,1
hundreds,1
expected,1
shows,1
thankfully,1
addresses,1
difficult,1
identified,1
actual,1
goods,1
ii,1
tolerance,1
schedule,1
vanessa,1
achieved,1
strengthen,1
crash,1
smarter,1
rodriguez,1
really,1
paris,1
fear,1
quit,1
from,1
excuse,1
ordered,1
impressive,1
bucket,1
boring,1
time,1
future,1
police,1
law,1
totally,1
orders,1
revival,1
pic,1
katie,1
survivors,1
receives,1
melt,1
ethnic,1
chest,1
collapse,1
rental,1
shade,1
zimmerman,1
davis,1
poet,1
zombie,1
affleck,1
forward,1
crisis,1
patrick,1
jordan,1
donors,1
grow,1
speaking,1
much,1
believe,1
went,1
hold,1
payment,1
india,1
fundraising,1
founded,1
conviction,1
barely,1
campbell,1
suits,1
raise,1
france,1
fight,1
turned,1
playing,1
extraordinary,1
doctor,1
featuring,1
eyes,1
growing,1
got,1
self,1
global,1
recent,1
everything,1
capital,1
alcohol,1
flooding,1
drove,1
praises,1
wives,1
buffalo,1
insights,1
grab,1
enthusiasm,1
laughter,1
auto,1
then,1
nothing,1
partner,1
never,1
one,1
worried,1
women,1
quickly,1
nfl,1
across,1
newest,1
showing,1
ever,1
tip,1
saturday,1
possible,1
rally,1
in,1
immigration,1
flu,1
leaders,1
lab,1
cruel,1
alert,1
whitney,1
stays,1
istanbul,1
sits,1
connect,1
protests,1
end,1
tried,1
western,1
even,1
apply,1
shades,1
environment,1
largely,1
increased,1
go,1
come,1
answer,1
point,1
could,1
adding,1
unnecessary,1
generally,1
reveal,1
solo,1
ears,1
garland,1
pan,1
nostalgia,1
cheaper,1
brush,1
crystal,1
spike,1
ban,1
features,1
cell,1
campus,1
french,1
russell,1
bridge,1
provides,1
stock,1
uber,1
star,1
neil,1
initially,1
themes,1
bow,1
cape,1
preview,1
workforce,1
cares,1
factory,1
dramatically,1
promote,1
glorious,1
representation,1
rainbow,1
far,1
nobody,1
display,1
mix,1
fit,1
scenes,1
deals,1
because,1
office,1
wish,1
investigators,1
mere,1
reminder,1
dementia,1
christians,1
troll,1
systems,1
venezuela,1
secretly,1
ignorance,1
rides,1
ultra,1
number,1
filled,1
via,1
meyers,1
terrifying,1
ukraine,1
paul,1
get,1
refugees,1
proves,1
domestic,1
why,1
military,1
should,1
muscles,1
beast,1
along,1
tracks,1
bee,1
ariana,1
unveiled,1
jeremy,1
fireworks,1
reserve,1
relate,1
radar,1
castle,1
damaging,1
lot,1
criminal,1
falling,1
hard,1
remains,1
carrie,1
burning,1
murder,1
room,1
immediately,1
true,1
highlights,1
fears,1
anthem,1
least,1
kaepernick,1
alien,1
introducing,1
oliver,1
ages,1
technique,1
professional,1
creatures,1
saves,1
crop,1
discussing,1
officials,1
remember,1
active,1
moment,1
though,1
percent,1
amounts,1
basis,1
graham,1
guarantee,1
reboot,1
cheer,1
essentially,1
oppose,1
perception,1
scouts,1
race,1
probably,1
wild,1
between,1
simply,1
united,1
warming,1
contest,1
have,1
orlando,1
became,1
world,1
written,1
already,1
mayo,1
advances,1
differently,1
dems,1
tactics,1
injustice,1
endorse,1
wayne,1
mindset,1
rapidly,1
those,1
signs,1
down,1
that,1
debut,1
related,1
secret,1
south,1
appropriate,1
sending,1
quotes,1
tragic,1
seemed,1
feet,1
form,1
wage,1
sheriff,1
impacts,1
gray,1
bare,1
strategic,1
attempting,1
unarmed,1
packing,1
cloud,1
ceiling,1
wanted,1
justice,1
likely,1
compassion,1
friendly,1
smart,1
pacific,1
troops,1
past,1
cash,1
linked,1
rule,1
everyone,1
religion,1
maya,1
posted,1
supplies,1
stayed,1
pelosi,1
authors,1
lynch,1
resignation,1
casting,1
priorities,1
locations,1
confessions,1
possibilities,1
palestinians,1
visual,1
other,1
netflix,1
match,1
creative,1
failure,1
congress,1
beyonc√©,1
begins,1
human,1
legally,1
squad,1
expressed,1
muscle,1
homelessness,1
elegant,1
methods,1
discipline,1
hashtag,1
john,1
fix,1
vision,1
acts,1
how,1
looked,1
surprised,1
kerry,1
potatoes,1
recognizing,1
canada,1
intention,1
recovering,1
widespread,1
overseas,1
mega,1
helps,1
december,1
%,1
individuals,1
beliefs,1
african,1
own,1
days,1
unclear,1
muhammad,1
poverty,1
expect,1
entitled,1
spy,1
woke,1
boards,1
interested,1
revealing,1
carly,1
answered,1
avoid,1
non,1
scott,1
last,1
illness,1
designed,1
folks,1
round,1
provide,1
holds,1
east,1
member,1
silent,1
anything,1
glory,1
length,1
harper,1
universities,1
karl,1
attempted,1
closed,1
jam,1
almost,1
nations,1
say,1
what,1
drug,1
overall,1
sad,1
banning,1
declares,1
participate,1
champagne,1
consciousness,1
tales,1
crowds,1
nigeria,1
involve,1
rules,1
night,1
iconic,1
vogue,1
opportunities,1
korean,1
zika,1
this,1
currently,1
taxes,1
were,1
prove,1
reform,1
pretty,1
shift,1
version,1
essence,1
skill,1
stages,1
backing,1
trigger,1
plane,1
marie,1
propose,1
kind,1
enough,1
if,1
long,1
effect,1
unusual,1
bet,1
range,1
developed,1
serious,1
share,1
generation,1
they,1
shame,1
technology,1
men,1
full,1
thing,1
add,1
needed,1
getty,1
hackers,1
armed,1
introduce,1
meetings,1
reward,1
breathtaking,1
july,1
her,1
christmas,1
laws,1
wisdom,1
high,1
seeing,1
icon,1
any,1
players,1
someone,1
guns,1
grande,1
battling,1
regime,1
occur,1
sunny,1
scare,1
lost,1
society,1
kid,1
books,1
central,1
break,1
lifestyle,1
raising,1
waiting,1
found,1
date,1
harm,1
hear,1
essay,1
windows,1
directors,1
sat,1
'em,1
brussels,1
type,1
neighborhoods,1
wilson,1
bombs,1
immune,1
there,1
update,1
streets,1
congressional,1
offers,1
genius,1
shared,1
quick,1
meaning,1
rio,1
heels,1
ship,1
different,1
october,1
strike,1
africa,1
scared,1
factors,1
protecting,1
proved,1
faced,1
passionate,1
encouraging,1
rocket,1
sudden,1
loved,1
support,1
english,1
bread,1
be,1
many,1
are,1
flight,1
list,1
hurt,1
people,1
nature,1
implications,1
alabama,1
slip,1
storm,1
warriors,1
entering,1
ashamed,1
dave,1
recommend,1
principles,1
striking,1
bachelorette,1
electoral,1
yet,1
which,1
knows,1
take,1
year,1
governor,1
minimum,1
suffer,1
testing,1
jewish,1
religious,1
existing,1
emotional,1
absence,1
spoof,1
spirits,1
struggles,1
parliament,1
profits,1
temporary,1
netanyahu,1
appreciation,1
conan,1
dreaming,1
certainly,1
struggle,1
voting,1
shape,1
only,1
while,1
direct,1
fans,1
growth,1
laugh,1
anniversary,1
taken,1
knew,1
their,1
confirmation,1
kim,1
reflections,1
electronic,1
humanitarian,1
library,1
academic,1
realizing,1
centuries,1
hockey,1
lottery,1
nypd,1
able,1
just,1
danger,1
happens,1
poor,1
states,1
so,1
supposed,1
understanding,1
hiv,1
black,1
peace,1
ass,1
congressman,1
majority,1
bloody,1
polish,1
jail,1
sparked,1
fourth,1
innovative,1
suggestions,1
more,1
give,1
power,1
considered,1
ultimately,1
influence,1
chat,1
bipartisan,1
dec,1
mate,1
enormous,1
diane,1
michelle,1
august,1
pressure,1
appeal,1
china,1
dinner,1
thousands,1
dignity,1
invite,1
hide,1
served,1
elephants,1
labor,1
action,1
mission,1
reason,1
walked,1
rice,1
win,1
problems,1
special,1
flood,1
option,1
package,1
method,1
greek,1
bubble,1
shirts,1
getting,1
hidden,1
quality,1
university,1
jimmy,1
competitive,1
duo,1
gunman,1
fuels,1
fault,1
talented,1
clever,1
look,1
movie,1
experiences,1
fell,1
popular,1
greatest,1
all,1
them,1
importance,1
adopt,1
recover,1
knowing,1
degrees,1
exotic,1
bars,1
sales,1
interesting,1
find,1
costs,1
cry,1
force,1
confirmed,1
blue,1
happening,1
spot,1
root,1
starring,1
recalls,1
exact,1
definitely,1
handed,1
disasters,1
holmes,1
gather,1
bring,1
incredible,1
sign,1
consider,1
play,1
system,1
again,1
parts,1
celebrity,1
set,1
survived,1
ground,1
imagination,1
accept,1
involved,1
middle,1
reduce,1
significantly,1
aware,1
blogs,1
old,1
strength,1
stopped,1
worker,1
care,1
spots,1
parties,1
newborn,1
dna,1
manage,1
bar,1
sexy,1
player,1
stranger,1
polls,1
once,1
affairs,1
confusion,1
strikes,1
neither,1
seasons,1
proof,1
elderly,1
arrive,1
reducing,1
besides,1
well,1
glass,1
anna,1
competition,1
tell,1
week,1
civil,1
becoming,1
woman,1
bible,1
glimpse,1
significant,1
desire,1
remote,1
nervous,1
without,1
giving,1
teachers,1
minute,1
possibly,1
safety,1
outside,1
began,1
order,1
spoken,1
seats,1
leaked,1
roberts,1
garner,1
nsfw,1
counts,1
complete,1
band,1
inside,1
having,1
some,1
june,1
choice,1
prevention,1
opens,1
airport,1
honestly,1
philippines,1
donate,1
document,1
courage,1
explosion,1
wonder,1
darkness,1
crashes,1
promoting,1
paltrow,1
like,1
often,1
short,1
rock,1
mean,1
moral,1
met,1
celebrated,1
plant,1
learn,1
europe,1
research,1
teen,1
unions,1
vehicle,1
kasich,1
permanent,1
surely,1
uncertainty,1
before,1
vs.,1
connected,1
opening,1
search,1
peak,1
bull,1
employment,1
extended,1
billions,1
vote,1
lives,1
sharing,1
average,1
camp,1
families,1
careers,1
seem,1
myths,1
glasses,1
yesterday,1
crush,1
sept,1
beef,1
donations,1
teaches,1
emmys,1
senate,1
seek,1
members,1
stunning,1
medical,1
deserve,1
prime,1
grand,1
reached,1
shadow,1
lauren,1
anxious,1
brad,1
divide,1
plate,1
israel,1
boundaries,1
drawing,1
random,1
volunteer,1
although,1
whatever,1
keep,1
truly,1
man,1
lines,1
horrific,1
aimed,1
smartphone,1
coalition,1
rough,1
con,1
creepy,1
poetry,1
pack,1
kanye,1
learned,1
worthy,1
ingredient,1
wonderful,1
establishment,1
credit,1
here,1
brings,1
abroad,1
drives,1
cop,1
dust,1
forgive,1
gays,1
dialogue,1
protest,1
sweet,1
doubt,1
floor,1
price,1
shoots,1
raw,1
gwyneth,1
earthquake,1
most,1
good,1
hiding,1
exclusive,1
understood,1
charlotte,1
heroin,1
sometimes,1
benefit,1
evolution,1
screen,1
greater,1
heavy,1
fierce,1
riding,1
terrorists,1
effectively,1
weekend,1
millions,1
taking,1
son,1
border,1
california,1
worst,1
funeral,1
portrait,1
original,1
elementary,1
inevitable,1
supported,1
weak,1
until,1
away,1
kills,1
something,1
somehow,1
kick,1
rescue,1
william,1
city,1
listen,1
progress,1
anyway,1
inspire,1
count,1
place,1
sitting,1
same,1
weed,1
marine,1
drivers,1
agree,1
legacy,1
traveled,1
super,1
mental,1
town,1
records,1
way,1
low,1
celebrating,1
awards,1
cdc,1
honoring,1
marijuana,1
us,1
dear,1
airlines,1
may,1
students,1
understand,1
we,1
superhero,1
spread,1
tested,1
nominated,1
brilliant,1
luxury,1
mall,1
useful,1
younger,1
promise,1
build,1
personal,1
guess,1
confusing,1
travels,1
bear,1
lesson,1
gear,1
ones,1
want,1
lights,1
league,1
explores,1
exists,1
counting,1
buildings,1
happy,1
nomination,1
seen,1
figure,1
solutions,1
calm,1
mess,1
laughing,1
bird,1
gained,1
disabilities,1
beats,1
nose,1
thank,1
faces,1
late,1
exciting,1
train,1
every,1
try,1
olivia,1
tops,1
knowledge,1
table,1
bus,1
i,1
meanwhile,1
earn,1
camera,1
odd,1
airplane,1
lands,1
peaceful,1
feminism,1
pure,1
phrase,1
gratitude,1
dark,1
according,1
weigh,1
frequently,1
stem,1
classroom,1
diego,1
class,1
officer,1
lifetime,1
day,1
do,1
investing,1
property,1
productive,1
around,1
me,1
flag,1
exist,1
measure,1
present,1
alive,1
carolina,1
positive,1
q&a,1
apart,1
quiet,1
region,1
golden,1
district,1
innocent,1
product,1
mtv,1
disney,1
tim,1
recall,1
regulations,1
openly,1
breath,1
cup,1
stretch,1
unknown,1
produced,1
surviving,1
additional,1
population,1
involves,1
behaviors,1
steps,1
route,1
supreme,1
eve,1
maryland,1
lewis,1
fossil,1
school,1
shares,1
loves,1
whether,1
dressing,1
friday,1
wealthy,1
challenging,1
stops,1
stepped,1
directed,1
fatal,1
c,1
course,1
schools,1
waves,1
surface,1
massachusetts,1
colin,1
homeless,1
lady,1
houses,1
hospitals,1
bathroom,1
lower,1
'm,1
might,1
mine,1
weird,1
door,1
truths,1
grandma,1
guidelines,1
screening,1
when,1
heard,1
nice,1
fish,1
germany,1
worry,1
ring,1
means,1
ready,1
corden,1
matthew,1
horse,1
measures,1
rights,1
young,1
emergency,0
hitting,0
know,0
lead,0
touching,0
clip,0
rings,0
witness,0
skip,0
savings,0
improving,0
stigma,0
putting,0
cast,0
tonight,0
kennedy,0
cross,0
passes,0
towards,0
investors,0
surprises,0
beating,0
reactions,0
minds,0
fate,0
shock,0
cheap,0
status,0
requires,0
friend,0
using,0
fast,0
maybe,0
saw,0
trouble,0
blues,0
smaller,0
embracing,0
thanksgiving,0
miracle,0
divided,0
multi,0
west,0
each,0
session,0
potter,0
zoo,0
fallen,0
opioid,0
honors,0
breathe,0
beyond,0
southern,0
particular,0
efforts,0
main,0
styles,0
condition,0
lived,0
trend,0
walls,0
gut,0
work,0
rise,0
annual,0
poll,0
physical,0
proper,0
champion,0
forever,0
flat,0
grade,0
marco,0
forgiveness,0
eu,0
such,0
attended,0
overwhelming,0
tower,0
authorities,0
gala,0
precious,0
march,0
art,0
older,0
tennessee,0
visitors,0
injured,0
constantly,0
trends,0
scene,0
lose,0
student,0
contemporary,0
suffering,0
diseases,0
workers,0
nba,0
need,0
perfectly,0
hawaii,0
discovery,0
homes,0
must,0
single,0
sound,0
penalty,0
fancy,0
bike,0
presents,0
rap,0
louisiana,0
ideal,0
start,0
emotions,0
normal,0
stood,0
cannes,0
opened,0
instead,0
together,0
terms,0
goal,0
change,0
jersey,0
queen,0
confederate,0
realized,0
possibility,0
think,0
market,0
burn,0
susan,0
spaces,0
celebration,0
specifically,0
tie,0
personally,0
meat,0
pilot,0
circumstances,0
treating,0
sense,0
am,0
cards,0
daddy,0
necessary,0
numerous,0
utah,0
protections,0
code,0
thinking,0
looks,0
spirit,0
irish,0
slowly,0
profound,0
mind,0
pass,0
korea,0
disaster,0
shower,0
lunch,0
ability,0
god,0
trade,0
economic,0
defeat,0
rain,0
ordinary,0
harvard,0
robin,0
see,0
mixed,0
starbucks,0
honored,0
alaska,0
important,0
funding,0
lets,0
hottest,0
parade,0
maintaining,0
target,0
memory,0
pop,0
make,0
courtesy,0
anne,0
determined,0
essential,0
treatment,0
various,0
nonprofit,0
accident,0
packed,0
healthier,0
things,0
puppy,0
grammy,0
typically,0
degree,0
francis,0
model,0
amount,0
throw,0
teens,0
land,0
islamic,0
else,0
nuclear,0
easier,0
our,0
r,0
levels,0
use,0
aim,0
hole,0
valuable,0
sister,0
decide,0
blake,0
apple,0
protect,0
january,0
reddit,0
aid,0
carbon,0
opposite,0
can,0
keeping,0
romney,0
planet,0
psychological,0
save,0
solution,0
felt,0
authentic,0
fifth,0
causing,0
studio,0
eastern,0
help,0
close,0
fat,0
strain,0
memorable,0
worth,0
imagine,0
universal,0
favorite,0
these,0
awesome,0
better,0
duty,0
meant,0
bombing,0
spotted,0
put,0
hot,0
party,0
typical,0
d,0
endless,0
tsa,0
spain,0
manhattan,0
science,0
oklahoma,0
upon,0
ideas,0
advice,0
texas,0
busy,0
particularly,0
lately,0
farm,0
transform,0
dose,0
wearing,0
yemen,0
divorced,0
earth,0
within,0
bags,0
sanctions,0
kinds,0
pope,0
safe,0
palestinian,0
hair,0
models,0
mitch,0
seconds,0
advocate,0
artist,0
expensive,0
small,0
classic,0
ireland,0
clients,0
addiction,0
skills,0
hand,0
engagement,0
democrats,0
link,0
noticed,0
through,0
extreme,0
mini,0
habit,0
zone,0
actors,0
passing,0
proud,0
great,0
games,0
spending,0
funds,0
test,0
feeling,0
teenage,0
speed,0
colors,0
pays,0
bell,0
half,0
church,0
slow,0
jenner,0
stars,0
north,0
separate,0
roots,0
living,0
always,0
reasons,0
90s,0
solar,0
sons,0
income,0
key,0
crucial,0
bit,0
unique,0
voter,0
canadian,0
plenty,0
perfect,0
result,0
bachelor,0
salt,0
appreciate,0
describe,0
identify,0
celebs,0
side,0
responsibility,0
you,0
fan,0
rubio,0
loss,0
economy,0
red,0
edge,0
few,0
extremely,0
football,0
baltimore,0
usual,0
summit,0
autism,0
constant,0
pets,0
pipeline,0
community,0
chinese,0
throughout,0
warren,0
wealth,0
christian,0
numbers,0
advantage,0
victory,0
november,0
featured,0
opposition,0
ease,0
game,0
whole,0
jerry,0
grew,0
baby,0
reminds,0
split,0
dining,0
required,0
neighborhood,0
kindness,0
're,0
water,0
father,0
creativity,0
sun,0
teach,0
drugs,0
development,0
wisconsin,0
basketball,0
shoes,0
character,0
schumer,0
seattle,0
visiting,0
require,0
forget,0
've,0
husband,0
empty,0
bay,0
walk,0
rate,0
performance,0
anywhere,0
ultimate,0
dealing,0
ourselves,0
tomorrow,0
ill,0
thought,0
communities,0
hoping,0
celebrate,0
resistance,0
basically,0
burger,0
dollar,0
parent,0
miss,0
drunk,0
secrets,0
shop,0
practices,0
limited,0
taught,0
obamacare,0
window,0
painful,0
near,0
level,0
simple,0
plastic,0
eggs,0
wellness,0
scientific,0
likes,0
season,0
allies,0
hilarious,0
surprising,0
process,0
fabulous,0
common,0
countries,0
mitt,0
markets,0
concept,0
visit,0
custody,0
fame,0
photo,0
light,0
chronic,0
mcconnell,0
treated,0
walker,0
england,0
diagnosed,0
symptoms,0
cocktails,0
benefits,0
afford,0
toxic,0
cat,0
swift,0
master,0
offer,0
protection,0
kentucky,0
size,0
globes,0
leading,0
area,0
salad,0
arrived,0
images,0
housing,0
cases,0
tax,0
ice,0
foot,0
respond,0
virus,0
abortion,0
river,0
everybody,0
heart,0
coal,0
remind,0
score,0
cause,0
space,0
holiday,0
equality,0
best,0
ebay,0
traveling,0
tricks,0
allows,0
waste,0
my,0
healing,0
amazing,0
realize,0
notice,0
bullying,0
consumer,0
wide,0
consequences,0
spend,0
vulnerable,0
relationship,0
risk,0
destination,0
alzheimer,0
trailer,0
wrap,0
listening,0
choosing,0
sea,0
create,0
fruit,0
aging,0
body,0
humanity,0
per,0
alone,0
green,0
quiz,0
finding,0
grief,0
feminist,0
immigrant,0
',0
feels,0
staying,0
concert,0
begin,0
arms,0
travel,0
army,0
cars,0
health,0
step,0
dance,0
lgbtq,0
jackson,0
college,0
vacation,0
music,0
home,0
smile,0
consumers,0
discover,0
ancient,0
gold,0
australia,0
reflect,0
dirty,0
higher,0
mountain,0
mexico,0
wore,0
blood,0
scientists,0
drink,0
universe,0
hill,0
either,0
color,0
mindful,0
cyrus,0
rick,0
sure,0
relief,0
life,0
education,0
boys,0
ruling,0
areas,0
moments,0
dollars,0
pregnant,0
money,0
easter,0
individual,0
awareness,0
taylor,0
explore,0
mary,0
stay,0
iphone,0
customers,0
boyfriend,0
saved,0
kept,0
thoughts,0
little,0
especially,0
pants,0
lgbt,0
fun,0
family,0
easy,0
kitchen,0
flying,0
premiere,0
setting,0
touch,0
couple,0
richard,0
soul,0
picks,0
airline,0
feel,0
gain,0
adventure,0
ends,0
comfort,0
hotel,0
risks,0
boy,0
grown,0
ceremony,0
gap,0
cold,0
style,0
clean,0
chef,0
however,0
aids,0
tools,0
tour,0
store,0
skin,0
mother,0
bright,0
brain,0
wife,0
residents,0
georgia,0
love,0
wine,0
grace,0
driver,0
passion,0
disease,0
results,0
carry,0
t,0
excited,0
impossible,0
crowd,0
scary,0
passed,0
surgery,0
built,0
rates,0
humans,0
environmental,0
box,0
budget,0
lucky,0
car,0
trick,0
perspective,0
unexpected,0
films,0
ohio,0
teaching,0
everyday,0
bigger,0
lee,0
fashion,0
starts,0
kardashian,0
athletes,0
soccer,0
myself,0
items,0
instagram,0
programs,0
fallon,0
actor,0
kids,0
affordable,0
purpose,0
check,0
dating,0
september,0
dresses,0
literally,0
royal,0
banks,0
welcome,0
ball,0
saving,0
protesters,0
gas,0
receive,0
officers,0
jessica,0
discovered,0
clothing,0
pain,0
exercise,0
european,0
