maximizers,94
gox,94
pulawski,94
by-40,94
aldi,94
cheapism,94
wildcat,94
gobankingrates,94
fdcpa,94
ensnared,94
flecks,94
prospectus,94
deducted,94
cpa,94
carpentry,94
drifters,94
hsa,94
affirmatively,94
atherton,94
nco,94
pauperization,94
stiffs,94
spouse-,94
daughter-,94
son-3,94
dad-3,94
law-,94
niece-,94
nephew-,94
teacher-,94
blemished,94
afbf,94
perpetuation,94
forking,94
flug,94
veloster,94
magdon,94
samasko,94
genealogical,94
adipsing,94
vonage,94
kopi,94
luwak,94
euromonitor,94
supassing,94
crl,94
to-10-year,94
gilliland,94
unasked,94
horvitz,94
etfs,94
mid-2013,94
bookkeeping,94
regifter,94
creditdonkey,94
refile,94
hautop,94
een,94
discounter,94
bfads.net,94
gavazzi,94
chessell,94
kosta,94
pocalypse,94
chocodiles,94
goebel,94
defaulter,94
hatchbacks,94
schoolfield,94
sposato,94
dohner,94
tjx,94
kelleys,94
abbe,94
skariachan,94
flightfox,94
jalonta,94
akers,94
koster,94
moneytalksnews,94
raptly,94
kerviel,94
societe,94
generale,94
metzner,94
taxmageddon,94
silby,94
berland,94
vomitorium,94
hartsburg,94
janaagraha,94
fica,94
lemoyne,94
outselling,94
socap,94
bronchiolitis,94
obliterans,94
leisa,94
mauch,94
lunsford,94
tothe,94
duncombe,94
tufano,94
stockbrokers,94
croon,94
sud,94
ouest,94
ceri,94
schwinge,94
monetization,94
manzi,94
uprade,94
hiawatha,94
kcrg,94
gracias,94
longview,94
birkenfeld,94
dunning,94
concours,94
you.the,94
indivisibility,94
layouts,94
storewide,94
crefideal,94
gotchas,94
leppanen,94
suntrust,94
lancia,94
aurelia,94
futureadvisor,94
coeur,94
d'alene,94
widowers,94
frew,94
qinghou,94
bladimir,94
agnite,94
azzem,94
weitzer,94
sexologist,94
milrod,94
selch,94
iconoclastic,94
scrimp,94
yers,94
underearners,94
houseful,94
250k,94
huanghuali,94
yokeback,94
prostitute’—or,94
retailed,94
nonbank,94
keoni,94
keo,94
supermini,94
ruggiero,94
aldred,94
informercial,94
issuers,94
beauts,94
issuer,94
iin,94
redistributing,94
banknote,94
dalziel,94
prozer,94
gordillo,94
boggan,94
finessing,94
waylon,94
noerr,94
tuitions,94
amancio,94
overtaking,94
inditex,94
alston,94
rapfix,94
glade,94
azature,94
reward$,94
careering,94
employeed,94
fmcsa,94
winfall,94
selbee,94
moonlighted,94
celie,94
niehaus,94
unawares,94
wamu,94
pimco,94
suniti,94
supriti,94
soni,94
customarily,94
profitting,94
slowe,94
skimmers,94
heraldnet,94
under-18,94
deyoub,94
westpac,94
yumminess,94
aqueveque,94
refinanced,94
amiko,94
readability,94
statman,94
yevgeniy,94
lyudmila,94
smirnov,94
smirnovs,94
frombach,94
hennemen,94
rigiero,94
ktvl,94
flashier,94
matyas,94
smartmoney,94
crockett,94
dishpal,94
23-carat,94
corelogic,94
mcelvoy,94
domeen,94
jacynthia,94
hansch,94
stub,94
belgrave,94
ipswich,94
tacano,94
kramden,94
hermenegildo,94
cuello,94
goodwood,94
fleecing,94
moneychangers,94
miccheckwallst,94
miccosukee,94
benihana,94
budd,94
kirit,94
harriger,94
zabarenko,94
fano,94
tiaa,94
yourgage,94
haggler,94
spammer,94
bailiwick,94
baumol,94
vitner,94
balmer,94
ord,94
eldorado,94
finegan,94
heidemarie,94
schwermer,94
moneyless,94
jacynta,94
domestics,94
--replacing,94
lenddo,94
experian,94
underbanked,94
carpoolers,94
carpooler,94
leonor,94
millichap,94
underpriced,94
middleborough,94
thrifts,94
hamp,94
generalities,94
bankroller,94
shoplifted,94
interactivity,94
hagman,94
investable,94
gruenberg,94
basile,94
carsabi,94
durov,94
vkontakte,94
deshawn,94
whipsaw,94
crybabies,94
saveup,94
wherewithal,94
underwriters,94
cattaraugus,94
trulia,94
crowdsources,94
wachovia,94
temkin,94
rezlescu,94
coauthors,94
luebke,94
ritholtz,94
milliman,94
twixt,94
mazzarella,94
financers,94
ungrammatical,94
pasquarosa,94
universum,94
edvard,94
haagen,94
kempkin,94
salveson,94
overdrafts,94
ferko,94
roadsters,94
conair,94
mislabels,94
madhavilatha,94
ravuri,94
abc30,94
reordering,94
chexsystems,94
bryski,94
unbanking,94
pci,94
vampirized,94
waived,94
archers,94
soothsaying,94
grouches,94
conservator,94
mcducks,94
conoco,94
o'halloran,94
covina,94
gaeckle,94
copaxone,94
typified,94
bergquist,94
mirlande,94
caiping,94
taxkilla,94
buddemeyer,94
incomm,94
mrd,94
carpooling,94
kittle,94
koalazymonkey,94
converter,94
americo,94
paycento,94
repossessions,94
berle,94
bunce,94
differentiators,94
kritzman,94
soule,94
rappaport,94
sorkowitz,94
unoccupied,94
marketriders,94
kingsbury,94
ibank,94
silkworms,94
hsh,94
amazonlocal,94
ignominy,94
farsighted,94
functionary,94
couprecoup,94
dealsgoround,94
resell,94
whsmith,94
getaround,94
relayrides,94
cullins,94
honan,94
lockboxes,94
bellyaching,94
mantione,94
crestor,94
thriftiest,94
lowball,94
movenbank,94
lincome,94
schemers,94
prepaid,82
fha,79
overdraft,79
surcharge,75
annuity,75
diversified,71
refinance,71
overspend,71
filers,71
cardholders,71
unbanked,71
foreclosures,66
iras,63
annuities,63
overspending,63
siphoning,63
runaround,63
incur,63
defaulters,63
pinder,63
indebtedness,63
saddling,63
diversification,63
zong,63
darrel,63
grimmer,63
fite,63
tcf,63
preparers,63
chellie,63
oecd,63
munch,63
chatzky,63
romneys,63
upwardly,63
ripoff,61
adjustable,57
frugality,57
pnc,57
deduct,57
shiller,57
creditor,57
severance,57
equities,54
robo,54
refunds,51
atm,51
borrower,51
fico,51
coupons,50
reining,47
procrastinated,47
homebuyer,47
phishing,47
ify,47
transacted,47
401k,47
leery,47
calculators,47
solidifies,47
maslow,47
stubs,47
heretics,47
depressions,47
unscrupulous,47
nhtsa,47
arlene,47
certify,47
eca,47
blitzkrieg,47
noblest,47
deleveraging,47
rothacker,47
transcription,47
electrician,47
escapade,47
kalb,47
scion,47
comptroller,47
dhanya,47
merchandising,47
reload,47
latif,47
omidyar,47
sandeep,47
eton,47
diacetyl,47
coupon,47
boucher,47
notepads,47
wahba,47
quadrillion,47
thermometers,47
valuer,47
monetized,47
rubino,47
winnings,47
cabrera,47
muchas,47
depositors,47
multiplatinum,47
frivolously,47
haphazardly,47
fram,47
ashutosh,47
pandey,47
indecipherable,47
leeann,47
clipping,47
outlays,47
bookmarking,47
picard,47
borg,47
mendelson,47
servicer,47
third-,47
perm,47
petered,47
fob,47
nominal,47
audited,47
20-percent,47
chinky,47
learnvest,47
mid-2012,47
insidiously,47
salaried,47
hallandale,47
orman,47
rebates,47
rvers,47
kiplinger,47
monopolized,47
superstores,47
lavoie,47
ftf,47
affidavit,47
whitening,47
implements,47
whirring,47
let's,47
abilene,47
tivo,47
sapping,47
lundberg,47
wiper,47
insures,47
mcmansions,47
laundromats,47
pavel,47
appraiser,47
headstone,47
ticketmaster,47
purchaser,47
swindled,47
misprinted,47
ocala,47
discharging,47
silo,47
whdh,47
turbotax,47
utilization,47
ipods,47
frugally,47
hagglers,47
login,47
margarine,47
hoekstra,47
obliterating,47
locates,47
wirelessly,47
outearn,47
acadian,47
mankiw,47
foment,47
groupons,47
lipka,47
reselling,47
fuggetaboutit,47
broach,47
gazillions,47
graveyards,47
taxable,47
velshi,47
deductions,47
deposit,45
transaction,43
lottery,43
credit,43
ira,43
lotto,42
jackpot,41
wager,40
sapp,40
refund,40
fdic,40
collectors,39
irs,38
savings,38
indulged,38
regifting,38
tenet,38
stashing,38
lodi,38
billing,38
flooring,38
earners,38
servicers,38
bellingham,38
appraisal,38
stevenson,38
fios,38
octomom,38
merle,38
lender,36
deductible,35
frugal,35
mortgage,34
finances,34
powerball,34
mortgages,33
debit,33
expenses,33
scams,33
foreclosed,31
adopters,31
overconfident,31
manilla,31
drizzle,31
raindrops,31
yank,31
twiddling,31
realty,31
accomplishes,31
eyeglasses,31
freelancers,31
advantaged,31
irritate,31
fsa,31
budgeting,31
layaway,31
inefficient,31
capitalization,31
fetches,31
truisms,31
accomodate,31
marshalls,31
commiserate,31
pandemonium,31
dongs,31
darnell,31
mastercard,31
squatters,31
contrasted,31
networked,31
mismatch,31
anthropological,31
squatter,31
juiciest,31
8),31
wellspring,31
shopaholic,31
showrooming,31
exploratory,31
substation,31
scrawling,31
credential,31
arithmetic,31
armchairs,31
composite,31
affidavits,31
bookies,31
alistair,31
cheapo,31
barbeques,31
retirements,31
jordans,31
chucking,31
flippers,31
indices,31
gobbler,31
leased,31
caftans,31
stempel,31
chesney,31
windowless,31
rogaine,31
outsourced,31
lug,31
rybolovlev,31
renounces,31
hernia,31
bonhams,31
embezzling,31
delinquencies,31
earner,31
graze,31
convertibles,31
imparting,31
gnashing,31
freakonomics,31
dubner,31
fining,31
dealerships,31
realtors,31
bartz,31
rothstein,31
fhfa,31
hound,31
impartial,31
allocate,31
mcalister,31
leniency,31
meshing,31
ingested,31
colgate,31
wexler,31
imprecise,31
unclaimed,31
workaholism,31
hull,31
amex,31
zane,31
ridesharing,31
catalytic,31
nerdwallet,31
betterment,31
lotteries,31
foreseen,31
tarnishing,31
dangled,31
byob,31
tossup,31
tippers,31
intuit,31
swindle,31
hauls,31
untie,31
debts,30
pensions,30
scammers,29
insured,29
deposits,29
wealthier,29
foreclosure,29
homeowners,29
loan,28
widows,28
borrow,28
payday,27
bullish,27
homebuyers,27
accountants,27
fluctuate,27
spenders,27
counseled,27
rents,27
ortega,27
suze,27
inquiring,27
evaporated,27
farmville,27
dazs,27
yada,27
transactions,27
renting,27
fee,27
portfolio,26
debt,26
merchant,26
snowball,26
indebted,26
brackets,26
investor,25
ftc,24
retirement,24
borrowers,24
evading,24
bureaus,24
addicting,24
kroger,24
bitcoins,24
owing,24
cobwebs,24
groupon,24
jointly,24
monetize,24
payout,24
thirties,24
earmarked,24
deposited,24
restitution,24
millenials,24
inheritance,24
rabbinic,24
familiarize,24
armrest,24
transmissions,24
expenditure,24
fiscally,24
enzymes,24
processors,24
allowance,24
surpasses,24
discrepancy,24
entrants,24
doorbuster,24
rappelling,24
underutilized,24
embellish,24
crowdsourcing,24
refunded,24
palates,24
totaled,24
hickory,24
careening,24
fieldwork,24
cashed,24
undervalued,24
clare,24
valuables,24
mcpherson,24
woodland,24
gratuity,24
jp,24
citibank,24
obstructionism,24
rinehart,24
conceivably,24
painlessly,24
funnel,24
sprang,24
heretofore,24
nottingham,24
alonso,24
jobless,24
barrington,24
customizing,24
optimistically,24
indexes,24
workhorse,24
likelier,24
vaulting,24
gamblers,24
outpaced,24
excise,24
wastes,24
disinterested,24
polyamory,24
geographies,24
sallie,24
inebriated,24
progressively,24
shivers,24
breadwinners,24
borrowing,24
misidentified,24
bankruptcies,24
preening,24
dissing,24
reg,24
ballooning,24
integrates,24
zynga,24
portfolios,24
researches,24
undetectable,24
hine,24
reductions,24
fraudsters,24
vroom,24
safes,24
advertises,24
nadya,24
underemployed,24
invoice,24
llp,24
pitfall,24
graded,24
ez,24
analogous,24
misstated,24
helpfully,24
responsiveness,24
extraneous,24
financial,23
lenders,23
bitcoin,23
fees,22
paycheck,22
counterfeit,22
paypal,22
rewards,22
thieves,22
loans,21
fraudulent,21
wallet,21
score,21
theft,21
debatable,21
households,21
joblessness,21
scammed,21
fiduciary,21
filings,21
servicing,21
hourly,21
underpaid,21
jokingly,21
edwin,21
fantasized,21
boomerang,21
embezzlement,21
somethings,21
paperwork,21
card,21
banking,20
receipts,20
circulation,20
calculator,20
taxes,20
cards,20
cfpb,20
filing,19
lien,19
reinvigorate,19
satc,19
salesperson,19
fester,19
pronto,19
awning,19
wallop,19
anecdotes,19
distributing,19
profitability,19
groceries,19
rebounded,19
passivity,19
indulgences,19
tenant,19
wringing,19
falter,19
distributions,19
retirees,19
confine,19
quantitative,19
hoaxes,19
recluse,19
donne,19
michaela,19
deduction,19
84-year,19
debtors,19
pennies,19
gasoline,19
averaged,19
edelman,19
calculations,19
thermometer,19
dorset,19
panamanian,19
resale,19
quaker,19
transfers,19
expiring,19
shucked,19
jugs,19
fumbling,19
excrement,19
speculative,19
greenblatt,19
lyin,19
manuals,19
sociology,19
pinching,19
nixing,19
tumbled,19
66-year,19
grievance,19
hookups,19
rv,19
lacquer,19
constitutionality,19
upc,19
rapacious,19
unlawfully,19
optimized,19
optimizing,19
clunky,19
subprime,19
macro,19
dispensaries,19
lehtinen,19
julio,19
orbitz,19
rebate,19
expedite,19
recessions,19
15-month,19
stamping,19
uninspiring,19
automotive,19
pawn,19
pornographic,19
balking,19
pester,19
sotheby,19
fannie,19
suleman,19
thoroughbred,19
calculating,19
hairdressers,19
shuttering,19
gram,19
upswing,19
honed,19
figueroa,19
bulging,19
directv,19
blackhawk,19
guideline,19
costanza,19
hoarded,19
burnham,19
gambled,19
peddles,19
levers,19
allocation,19
investing,19
monthly,19
shoppers,18
prices,18
mega,18
consumer,18
shoplifting,18
brokers,18
banks,18
payment,18
payroll,17
waitress,17
opaque,17
crippled,17
fahrenheit,17
comcast,17
seasonally,17
automated,17
sleepaway,17
shoddy,17
feldman,17
barometer,17
checking,17
consumers,17
tax,17
advisor,17
royce,17
gallon,16
salary,16
recession,16
audit,16
buffett,16
rent,16
file,16
employer,16
ticking,16
median,16
costco,16
slacker,16
ballgame,16
volcker,16
hopelessness,16
merchants,16
marketplaces,16
broker,16
maven,16
breather,16
irresponsibility,16
stifled,16
gloomy,16
solicited,16
impersonate,16
grandchild,16
expenditures,16
impediments,16
citigroup,16
obituaries,16
commanded,16
bonaparte,16
emblematic,16
rattlesnake,16
yunus,16
contractual,16
td,16
leveraged,16
foote,16
outperform,16
linden,16
utilized,16
zeros,16
mileage,16
enshrined,16
lehman,16
assimilated,16
notify,16
amputation,16
flannel,16
cashiers,16
burlington,16
townsend,16
matchmaker,16
pricier,16
renters,16
buchanan,16
fanboy,16
unmanageable,16
contrarian,16
wallowing,16
misdeeds,16
hidalgo,16
harbingers,16
prudential,16
telegram,16
overpaid,16
carat,16
marginalize,16
preen,16
mead,16
incentivize,16
archibald,16
capri,16
autographed,16
slacking,16
savers,16
scraping,16
rosetta,16
currencies,16
häagen,16
?,16
notifying,16
philosophies,16
headshot,16
redress,16
lawless,16
lopes,16
focaccia,16
sofas,16
overseen,16
sentimentality,16
takers,16
accounts,15
purchases,15
shopper,15
financially,15
cents,15
insurer,15
simplified,15
tuition,15
disclosures,15
exemption,15
automobile,15
cash,15
mae,15
irreversible,14
muck,14
minimalism,14
fafsa,14
diligent,14
spandex,14
jumbo,14
convoluted,14
santas,14
withholding,14
promotions,14
smugglers,14
ballpark,14
banker,14
untapped,14
finance,14
bonuses,14
discounts,14
ipo,14
earn,14
investors,14
incomes,14
repay,14
ample,14
receipt,14
cobb,14
inflation,14
advisors,14
payments,14
schwab,13
esoteric,13
verify,13
securely,13
summarized,13
greenery,13
pocketbook,13
relational,13
fossilized,13
pounded,13
conspicuous,13
playstation,13
spoiling,13
hyundai,13
plaintiff,13
fretting,13
semantics,13
rollers,13
walgreens,13
dangles,13
elude,13
lowell,13
mailman,13
programme,13
afflict,13
instill,13
auctioned,13
consignment,13
cbc,13
bangalore,13
yorkshire,13
graph,13
valuing,13
rained,13
adjusted,13
ponzi,13
neglecting,13
signers,13
recommit,13
janitor,13
casket,13
muppet,13
skimming,13
shortchanged,13
upended,13
detergent,13
windfall,13
freebies,13
spits,13
memorably,13
termination,13
consults,13
forgives,13
demarco,13
meteorite,13
screenshot,13
sprouted,13
cnnmoney,13
cascade,13
consultancy,13
distinguishing,13
soto,13
cashing,13
finder,13
sloan,13
cohorts,13
frowned,13
punxsutawney,13
unions,13
paychecks,13
investments,13
money,13
bank,13
walmart,13
gen,13
earnings,13
income,13
deadline,13
homeowner,13
landlord,13
bankruptcy,13
taxpayers,13
wells,13
separately,13
lump,13
lending,13
projected,13
millionaire,13
maverick,13
newbies,13
jitters,13
toning,13
permitted,13
joneses,13
owe,12
index,12
bureau,12
account,12
lousy,12
collects,12
wallets,12
dime,12
adequate,12
mercedes,12
retailers,12
insurance,12
revert,12
merchandise,12
filler,12
qualification,12
variable,12
amazes,12
cancellations,12
heeding,12
consolidating,12
occupies,12
ingrained,12
squared,12
givers,12
dashing,12
haiyan,12
bureaucrats,12
purchasing,12
strauss,12
substantially,12
rakes,12
rosario,12
mcdonalds,12
twinkies,12
commissions,12
fingerprints,12
recruiter,12
electronically,12
taxation,12
atlas,12
enrollees,12
pertaining,12
mistreatment,12
motivator,12
technician,12
netted,12
holdings,12
carelessly,12
reno,12
desensitized,12
digit,12
wad,12
reelected,12
astray,12
skyrocketed,12
paperless,12
flicker,12
benchmark,12
exemptions,12
retaliate,12
malaise,12
55-year,12
sneaker,12
retiree,12
federally,12
overstuffed,12
kline,12
contacting,12
commonsense,12
convertible,12
collector,12
ratios,12
revisions,12
shudder,12
passersby,12
dropouts,12
optic,12
workload,12
schoolchildren,12
accomplices,12
gripes,12
gosselin,12
deceive,12
elation,12
diversions,12
timers,12
dangle,12
convinces,12
sherrod,12
entail,12
surcharges,12
resorted,12
don't,12
jpmorgan,12
fargo,11
lowering,11
cursing,11
owes,11
coins,11
poorer,11
auction,11
customer,11
stocks,11
napoleon,11
literacy,11
simplistic,11
uninsured,11
consulted,11
prosperous,11
amend,11
malls,11
discounted,11
wholesale,11
necessities,11
boon,11
gail,11
wealth,11
unpaid,11
cheapest,11
bonds,11
canadians,11
owning,11
bankers,11
millionaires,11
freelance,10
simplify,10
hardship,10
fetch,10
premiums,10
whimsy,10
distributes,10
bundles,10
spousal,10
obligatory,10
crooks,10
therein,10
averaging,10
heartstrings,10
regift,10
pampered,10
twinkie,10
colo,10
thomson,10
adobe,10
lulled,10
peterson,10
prenups,10
mechanic,10
dictating,10
perfecting,10
counselors,10
carney,10
untangling,10
buccaneers,10
holt,10
trot,10
shah,10
coincide,10
facilitating,10
peregrine,10
quantities,10
crest,10
looted,10
overstated,10
71-year,10
oligarch,10
dmitry,10
cypress,10
implore,10
outlive,10
waldorf,10
astoria,10
dalton,10
unintentional,10
magnifying,10
modifications,10
installs,10
winemaking,10
olson,10
adjectives,10
bailed,10
mergers,10
downturn,10
finely,10
exhibiting,10
qualifying,10
mandates,10
surveying,10
tempt,10
authorize,10
uncool,10
arcane,10
residences,10
bills,10
customers,10
fiscal,10
housing,10
lease,10
chunk,10
ethical,10
deals,10
tenants,10
attic,10
pilgrims,10
recommending,10
budgets,10
branded,10
supermarkets,10
thug,10
evasion,10
lends,10
subscribers,10
penny,10
cheaper,10
bargain,10
ripping,10
lifeline,10
qualify,10
financing,10
premium,10
lend,10
costs,10
charitable,10
investment,10
scam,10
buy,10
invest,9
accomplishing,9
statistic,9
yolo,9
repurposed,9
imposes,9
unjustified,9
amended,9
charities,9
donating,9
securities,9
lagarde,9
kahn,9
wits,9
stinks,9
holders,9
applebee,9
absorption,9
bunker,9
heaping,9
nev,9
salespeople,9
daddies,9
underscore,9
jaunt,9
municipalities,9
accumulated,9
fb,9
rockstar,9
magnified,9
pantries,9
despised,9
equitable,9
mathews,9
compensated,9
prohibiting,9
flubs,9
cullen,9
toaster,9
pacing,9
encrypted,9
proverb,9
refuel,9
withdrawals,9
inspectors,9
affluent,9
inquiries,9
anthrax,9
clashing,9
repent,9
paragraph,9
springing,9
neutralize,9
per,9
scores,9
average,9
chase,9
traps,9
costing,9
auto,9
spending,9
indication,9
dollars,9
31st,9
scarcity,9
culprits,9
creditors,9
kay,9
lawson,9
overtime,9
norton,9
rates,9
currency,9
unemployed,9
nest,9
maximize,9
buyers,9
provisions,9
extension,9
cliff,9
torpedo,9
forecasters,9
vulnerabilities,9
alerts,9
tilted,9
racking,9
applicant,9
gump,9
persevere,9
eventful,9
tenth,9
ipads,9
toyota,9
barker,9
disclosure,9
doubtful,9
newer,9
2000s,9
temp,9
legions,9
revolves,9
busters,9
casinos,9
withdrawn,9
hath,9
fondness,9
fertilizer,9
devour,9
lesley,9
undisputed,9
tailgate,9
trapping,9
goldilocks,9
sandwiched,9
lurk,9
flyers,9
piracy,9
changers,9
advertise,9
fakes,9
zeal,9
unnerving,9
procrastinating,9
pasadena,9
gambler,9
milton,9
roth,9
plummets,9
birthed,9
comparable,9
analyzes,9
twister,9
catastrophes,9
beige,9
identity,9
greed,8
sentiment,8
cost,8
enrollment,8
paying,8
correction,8
incentive,8
penney,8
imported,8
eyeing,8
stimulate,8
purchase,8
automatic,8
discount,8
salaries,8
rainy,8
offshore,8
pay,8
ticket,8
penalties,8
output,8
calculated,8
digits,8
shopped,8
arranging,8
uncertainties,8
legit,8
doable,8
highs,8
clarifying,8
quandary,8
recorder,8
vouchers,8
lags,8
representations,8
o'clock,8
kmart,8
revise,8
uptick,8
woodward,8
cassandra,8
consolation,8
coffin,8
sizable,8
oats,8
expire,8
mutual,8
cashier,8
checkout,8
disclosing,8
trimming,8
scanning,8
streamlined,8
reopening,8
otto,8
ethanol,8
volunteered,8
americorps,8
vista,8
resentful,8
sexes,8
taming,8
kindle,8
blinking,8
carton,8
rented,8
disobedience,8
renegade,8
perpetrated,8
manuscript,8
thefts,8
raining,8
trumpet,8
cushions,8
handedly,8
regressive,8
clumsy,8
brenda,8
cubicle,8
imperfection,8
kessler,8
incremental,8
meager,8
rudest,8
reignite,8
perpetrator,8
lorenzo,8
romney,8
spare,8
transfer,8
saving,8
lowest,8
mechanism,8
thumb,8
euro,8
attracts,8
hazard,8
checks,8
seniors,8
property,8
buying,8
plunges,8
stimulus,8
cheats,8
sprint,8
rentals,8
weave,8
hijacked,8
felix,8
bonus,7
managing,7
passive,7
subsequent,7
alumni,7
survey,7
asset,7
overlook,7
forbes,7
fed,7
invested,7
richest,7
vigilant,7
considers,7
preliminary,7
negotiable,7
dodd,7
gargantuan,7
err,7
hammered,7
membership,7
derailing,7
cooperative,7
dow,7
monetary,7
consolidate,7
helpers,7
disgruntled,7
planners,7
hostess,7
ding,7
mishaps,7
marginal,7
lullaby,7
slowdown,7
93-year,7
wi,7
leann,7
roofs,7
benefiting,7
deli,7
galactic,7
spaceship,7
unsubstantiated,7
sanchez,7
hallmarks,7
sprawl,7
distribute,7
cd,7
muted,7
gambling,7
telltale,7
denise,7
luxembourg,7
collaborated,7
dealers,7
stemming,7
nutshell,7
devised,7
transferring,7
borrowed,7
rutgers,7
ids,7
subsidy,7
colonel,7
hunk,7
trepidation,7
discouraging,7
downloaded,7
aspirational,7
graduates,7
economists,7
earns,7
miguel,7
rely,7
taxpayer,7
employed,7
liability,7
poker,7
mastering,7
sins,7
roommate,7
bankrupt,7
gas,7
returns,7
principal,7
additional,7
tornadoes,7
whistleblower,7
consecutive,7
market,7
amounts,7
bucks,7
collecting,7
massachusetts,7
compromised,7
summary,7
hordes,7
valuation,7
plugging,7
nearing,7
unlocked,7
legitimately,7
reds,7
overpriced,7
manageable,7
consumerism,7
walton,7
mayan,7
porcelain,7
spoonful,7
gdp,7
withdrew,7
racked,7
ore,7
nightmarish,7
willful,7
slashes,7
unsuccessful,7
tribulations,7
prostitute,7
biking,7
excessively,7
lew,7
alfonso,7
roam,7
gerald,7
frivolous,7
deteriorating,7
generously,7
favoring,7
ratio,7
repairing,7
celtic,7
reviewers,7
diligence,7
indict,7
harnessing,7
abuzz,7
exceeded,7
subsequently,7
burt,7
procrastinate,7
90-year,7
unkind,7
flipping,7
mundane,7
resume,7
employment,7
institution,7
compiled,7
goods,7
switching,7
basement,7
stock,7
rental,7
stash,6
owed,6
hash,6
willow,6
thirds,6
compact,6
coworkers,6
exceed,6
commodity,6
craigslist,6
costly,6
mitt,6
pension,6
soar,6
p.m.,6
convenience,6
retailer,6
sec,6
assets,6
comparison,6
graduating,6
hesitant,6
expense,6
fodder,6
swollen,6
refinancing,6
skewed,6
airwaves,6
xbox,6
terminology,6
hooray,6
rig,6
informative,6
digestive,6
28th,6
escalated,6
outlandish,6
plummet,6
overrun,6
looting,6
wracking,6
slumber,6
charging,6
weakening,6
sniff,6
theodore,6
nuances,6
newfound,6
rotting,6
compensate,6
ills,6
broadband,6
dangling,6
fridays,6
licensed,6
plunged,6
hamburgers,6
wobbly,6
minding,6
discern,6
dexter,6
deb,6
considerably,6
responsibly,6
mechanics,6
minted,6
suppressed,6
nicest,6
impart,6
micah,6
coworker,6
framing,6
confuses,6
employee,6
household,6
ownership,6
sales,6
cable,6
swipe,6
jose,6
predatory,6
prospects,6
slower,6
negotiating,6
containers,6
hefty,6
headphones,6
yelp,6
hayes,6
signing,6
ing,6
inquiry,6
increases,6
applies,6
troubles,6
machines,6
price,6
prohibits,6
footing,6
standpoint,6
flaw,6
seriousness,6
phenomena,6
assess,6
maxim,6
ethos,6
applications,6
sleeper,6
exiting,6
crunch,6
fooling,6
gurus,6
tenacity,6
heir,6
privileges,6
deceptive,6
rundown,6
openings,6
wal,6
olivier,6
professions,6
governmental,6
oversee,6
insecurity,6
edison,6
lowdown,6
taboos,6
revel,6
sneaking,6
barrett,6
hal,6
levin,6
perpetually,6
advertised,6
occupations,6
papa,6
presley,6
burdened,6
robbing,6
sewage,6
flailing,6
unnatural,6
capability,6
agreeing,6
flashy,6
answering,6
widowed,6
implemented,6
repairs,6
fertile,6
unlawful,6
earned,6
student,6
ipad,6
grocery,6
vary,6
slim,6
sheets,6
corp,6
testament,6
default,6
resident,6
nascar,6
egregious,6
pricing,6
benz,6
suited,6
inexpensive,6
complexity,6
billionaires,6
rate,6
shopping,6
misconceptions,6
prowess,6
feasible,6
20-somethings,6
impose,6
leverage,6
forgo,6
quickest,6
smarts,6
extensively,6
trim,6
aversion,6
recalling,6
specials,6
succession,6
snatched,6
fellowship,6
boiling,6
willie,6
segments,6
impulses,6
picket,6
identification,6
palmer,6
controllers,6
chasm,6
jennings,6
scorned,6
indicators,6
softly,6
scuba,6
ferrari,6
breadth,6
voluntary,6
profitable,6
javier,6
partnering,6
unlucky,6
enriching,6
peril,6
boxed,6
purposefully,6
pretended,6
redesign,6
sourcing,6
lagging,6
quarters,6
sitter,6
maximizing,6
traders,6
deter,6
piled,6
shareholder,6
retail,5
fastest,5
revenue,5
settlement,5
estimates,5
flexible,5
ranks,5
contributor,5
frenzy,5
websites,5
eliminating,5
liquor,5
metropolitan,5
boomers,5
mobile,5
percent,5
insurers,5
joaquin,5
cracks,5
advises,5
anchors,5
dismal,5
expensive,5
retire,5
workforce,5
mold,5
medals,5
bust,5
millions,5
car,5
delayed,5
sole,5
unlimited,5
withdraw,5
surefire,5
inescapable,5
horns,5
breaches,5
dominique,5
adjustments,5
centennial,5
resemblance,5
ancestry,5
underscores,5
wendell,5
oft,5
tacky,5
quadruple,5
moons,5
schemes,5
topping,5
perpetual,5
interfering,5
psychiatrists,5
lifespan,5
numbered,5
mercer,5
fischer,5
divers,5
provoked,5
closures,5
discriminating,5
greener,5
grievances,5
turbulence,5
prematurely,5
defrauded,5
braids,5
quicker,5
clarification,5
withdrawing,5
mindless,5
inferior,5
inc,5
protection,5
interest,5
save,5
filed,5
dollar,5
wealthy,5
distinguish,5
client,5
copies,5
charity,5
settles,5
procrastination,5
overdue,5
posh,5
heightened,5
scan,5
combating,5
straw,5
floors,5
traded,5
method,5
store,5
percentage,5
developments,5
bosses,5
smoker,5
affordability,5
cohabitation,5
mailbox,5
digitally,5
ramifications,5
hugged,5
blindsided,5
handbag,5
rightful,5
surges,5
herman,5
belle,5
schneiderman,5
implicit,5
rewarded,5
edged,5
barr,5
identifies,5
predicament,5
johns,5
monitors,5
henderson,5
spontaneously,5
donovan,5
secondhand,5
scaling,5
cynicism,5
deserts,5
windshield,5
originated,5
ordinance,5
trenches,5
initiate,5
jacques,5
cristina,5
rewriting,5
merge,5
lifetimes,5
scrooge,5
tripping,5
reinforced,5
loaf,5
locking,5
draper,5
unused,5
clam,5
reopened,5
trustworthy,5
complaint,5
ronald,5
caution,5
spend,5
nov,5
scream,5
entitled,5
smaller,5
sold,5
higher,5
disproportionately,5
iphones,5
volatile,5
clearer,5
linkedin,5
lent,5
bought,5
economy,5
closing,5
negotiate,5
fraud,5
unemployment,5
rich,5
stores,5
liking,5
volatility,5
derail,5
ruin,5
safeguards,5
determining,5
marketplace,5
yellen,5
highlighted,5
paving,5
unpleasant,5
chandler,5
deed,5
uncertainty,5
frequent,5
stoke,5
mailing,5
hinges,5
cracking,5
lavish,5
peanuts,5
70th,5
figuratively,5
improper,5
waikiki,5
droves,5
segregated,5
sketches,5
descendants,5
optimize,5
recipients,5
abigail,5
devote,5
structured,5
awfully,5
grossly,5
tier,5
piling,5
antiques,5
whack,5
backpacking,5
toothpaste,5
mystical,5
projecting,5
unwelcome,5
curtains,5
suckers,5
remorse,5
vaguely,5
emergency,5
boom,5
avoid,5
zombie,5
tickets,5
statistics,5
drawing,5
continuous,5
enabling,5
handing,5
advantages,5
vendors,5
implications,5
ordering,5
busted,5
afford,5
mistakes,5
clerk,5
agencies,5
selling,5
americans,4
oversight,4
wedge,4
mail,4
shuffle,4
rollout,4
finite,4
civilized,4
pillars,4
daunting,4
widening,4
warehouse,4
angst,4
ins,4
dreading,4
repayment,4
uncanny,4
pleaded,4
unwittingly,4
sleepover,4
tipped,4
havens,4
scoring,4
auctions,4
concludes,4
goodwill,4
metrics,4
commonplace,4
crafty,4
attain,4
deceased,4
ritz,4
unraveling,4
lounges,4
platforms,4
friday,4
mistake,4
suggestions,4
calif,4
port,4
weak,4
declined,4
uphold,4
steadily,4
superior,4
reserve,4
wisely,4
participating,4
cheap,4
increasing,4
deciding,4
target,4
relief,4
assumes,4
tempting,4
slaps,4
managers,4
interconnected,4
enormously,4
forrest,4
risking,4
analyzing,4
accompanying,4
appearances,4
lessen,4
sellers,4
tosses,4
doomsday,4
prospective,4
merit,4
shipping,4
bernanke,4
circular,4
stunts,4
ramirez,4
advisers,4
inherit,4
tore,4
cursed,4
pump,4
perennial,4
allergic,4
balances,4
develops,4
roaming,4
teller,4
mumbai,4
aarp,4
elliot,4
climbs,4
postponed,4
spade,4
cushion,4
municipal,4
typo,4
intellectually,4
dresser,4
gains,4
looming,4
applying,4
implement,4
occupy,4
shortage,4
estate,4
advertising,4
leap,4
clarify,4
obligations,4
recycling,4
marketers,4
heating,4
cent,4
duncan,4
cons,4
manage,4
hunting,4
assistance,4
hangover,4
methods,4
articles,4
depends,4
readiness,4
breeze,4
enables,4
thrust,4
abide,4
riddled,4
aisles,4
mandate,4
sluggish,4
riff,4
grandparent,4
pitfalls,4
regulated,4
operates,4
outrageously,4
psy,4
paralysis,4
bidding,4
latte,4
determines,4
smuggling,4
connectivity,4
capitalize,4
waistline,4
brakes,4
flier,4
outline,4
faulty,4
earning,4
slows,4
haircuts,4
prohibit,4
dealer,4
publications,4
cookout,4
framed,4
hunters,4
cite,4
upwards,4
weighing,4
moreover,4
slot,4
hopkins,4
steer,4
comparisons,4
obscene,4
inhabit,4
fliers,4
nun,4
burdens,4
oak,4
comfortably,4
discerning,4
impacting,4
reconstruction,4
grove,4
%,4
affect,4
depending,4
transparency,4
tipping,4
collections,4
frustration,4
pad,4
bogus,4
puzzle,4
impulse,4
naughty,4
interviewing,4
pond,4
pervasive,4
attorneys,4
bothered,4
advised,4
graduate,4
myths,4
pin,4
pittsburgh,4
items,4
flags,4
determine,4
jan,4
extra,4
shirley,4
stating,4
reversing,4
software,4
alluring,4
aca,4
hierarchy,4
juggling,4
epiphany,4
donation,4
fiasco,4
individually,4
bids,4
frances,4
burrito,4
anticipating,4
ambulance,4
jerome,4
forehead,4
singh,4
mattress,4
chronicle,4
combinations,4
mishap,4
patrons,4
handwritten,4
flows,4
lackluster,4
reactive,4
nestle,4
showcasing,4
contacted,4
associates,4
ordeal,4
rebound,4
intensely,4
restraint,4
bouncing,4
contradictory,4
abolish,4
strife,4
morgan,4
bloomberg,4
aggressive,4
cancel,4
personal,4
clients,4
roughly,4
relative,4
grasp,4
strips,4
timing,4
sale,4
envy,4
wasting,4
forms,4
minimum,4
arguably,4
rewarding,4
entrepreneurs,4
corrections,4
15th,4
spends,4
obsessing,4
rode,4
fend,4
doma,4
tug,4
susceptible,4
deferred,4
bailout,4
expat,4
refined,4
flown,4
nay,4
commissioned,4
scarier,4
tablet,4
minimize,4
stardom,4
titans,4
buff,4
shocks,4
debacle,4
utilities,4
ramsey,4
upgrades,4
hiatus,4
congratulate,4
mediocre,4
soho,4
unsolicited,4
possessions,4
riches,4
cone,4
shouted,4
histories,4
greedy,4
fret,4
piles,4
deletes,4
bookstore,4
nets,4
college,4
tens,4
receives,4
lower,4
stolen,4
select,4
toys,4
tag,4
noble,4
references,4
eligible,4
hood,4
defy,4
job,4
smart,4
switch,4
reduction,4
employers,4
attract,4
millennials,4
paid,4
according,4
fifth,4
stated,4
successes,4
return,4
comprehensive,4
stiff,4
pun,4
trivial,4
calmly,4
proposing,4
deck,4
disgusted,4
sears,4
outs,4
expiration,4
vying,4
prenup,4
offline,4
millie,4
extremes,4
lowered,4
antique,4
foreigners,4
fold,4
robs,4
hassle,4
depicted,4
doubled,4
ipod,4
troy,4
hardships,4
micro,4
placement,4
cautionary,4
cancellation,4
objectives,4
crumble,4
catalyst,4
squirrel,4
osama,4
harms,4
intentioned,4
paradigm,4
hairdresser,4
inundated,4
barber,4
breakthroughs,4
apply,4
quarter,4
fund,4
penalty,4
prioritize,4
dramatically,4
odd,4
employees,4
grabbed,4
beverage,4
heats,4
winner,4
root,4
offering,4
conducted,4
numbers,4
listed,4
casino,4
advantage,4
winners,4
regulation,4
arises,3
load,3
radar,3
phantom,3
equipped,3
collapsed,3
eggnog,3
wrapping,3
updating,3
reminders,3
residence,3
seasoned,3
yearly,3
autopilot,3
detrimental,3
federation,3
stabbing,3
scarce,3
relates,3
translated,3
intrigue,3
ridden,3
courthouse,3
faa,3
ridge,3
escort,3
prey,3
wrongful,3
wealthiest,3
pharmaceutical,3
contests,3
disciplined,3
32-year,3
accessing,3
overboard,3
wrinkle,3
forgiven,3
sonia,3
affiliate,3
broadcasting,3
entities,3
reservations,3
kors,3
counseling,3
modest,3
basic,3
shop,3
regulations,3
confusion,3
options,3
stretch,3
predictions,3
tables,3
steady,3
factors,3
decisions,3
stealing,3
errors,3
busiest,3
tricky,3
simpler,3
courses,3
misguided,3
resulted,3
readers,3
m.,3
dough,3
disturbed,3
concentrate,3
purely,3
explicit,3
sheen,3
professionally,3
slashing,3
manufacturer,3
protects,3
pondering,3
upheld,3
maxine,3
pep,3
sgt,3
lieu,3
vineyards,3
synthetic,3
stumbles,3
outright,3
carriers,3
installed,3
bait,3
richer,3
contributions,3
copy,3
pays,3
potentially,3
deputy,3
billions,3
april,3
followers,3
priorities,3
promising,3
frustrating,3
apples,3
degree,3
profit,3
tactic,3
hikes,3
haunt,3
loses,3
leftover,3
electronics,3
disputes,3
expressed,3
service,3
standard,3
savvy,3
intuitive,3
canceling,3
misunderstood,3
underserved,3
nightmare,3
beginners,3
galore,3
lame,3
unwanted,3
dedicate,3
hoarding,3
notably,3
violently,3
barn,3
nirvana,3
detailing,3
remotely,3
motivated,3
hid,3
compulsive,3
visa,3
nicer,3
dim,3
unfairly,3
brazen,3
watchers,3
needy,3
declining,3
extensions,3
27-year,3
mania,3
emergencies,3
yields,3
unfortunately,3
nelson,3
failures,3
rising,3
markets,3
predicted,3
baker,3
planning,3
owned,3
calendar,3
reflected,3
startups,3
suppose,3
determination,3
rivera,3
silk,3
reporting,3
basics,3
causing,3
economic,3
consideration,3
legitimate,3
tide,3
reward,3
threshold,3
slick,3
protocol,3
mechanisms,3
glover,3
booker,3
services,3
haunts,3
motor,3
cows,3
hurdle,3
roadside,3
tighter,3
mascot,3
tsunami,3
advisory,3
fiesta,3
respondents,3
tighten,3
puff,3
sergeant,3
prevail,3
nationally,3
magically,3
counted,3
engines,3
perfectionism,3
glitch,3
snub,3
cautious,3
flickr,3
graders,3
punished,3
conundrum,3
milk,3
cited,3
express,3
y,3
budget,3
boosts,3
substantial,3
refusal,3
distinct,3
indicates,3
olympians,3
merger,3
minute,3
reuters,3
cbs,3
rolls,3
asking,3
application,3
cars,3
nasty,3
mall,3
rose,3
secure,3
glance,3
maturity,3
fulfillment,3
organized,3
domino,3
noteworthy,3
underlying,3
matched,3
offices,3
kelley,3
vienna,3
chambers,3
40s,3
clearance,3
intimidated,3
maintenance,3
antics,3
fined,3
soaked,3
libraries,3
foodies,3
peggy,3
diss,3
tmz,3
d.,3
enable,3
engine,3
certificates,3
petersburg,3
strapped,3
pearls,3
easing,3
bonding,3
publishers,3
u.s.a,3
complaints,3
sums,3
growth,3
fewer,3
december,3
purchased,3
requirements,3
worship,3
haven,3
concluded,3
poor,3
risky,3
code,3
buys,3
fcc,3
mcdonald,3
increase,3
jobs,3
independence,3
tip,3
frequently,3
wikipedia,3
clue,3
minimalist,3
beware,3
albuquerque,3
intend,3
schoolers,3
agricultural,3
surrounds,3
marital,3
branches,3
styled,3
branson,3
publicist,3
paramount,3
pricey,3
knocks,3
deborah,3
proportion,3
patricia,3
buddies,3
yelled,3
apartments,3
camel,3
constructive,3
supplement,3
ditching,3
secretive,3
benefits,3
dozen,3
economics,3
resolve,3
frankly,3
volume,3
juicy,3
bubble,3
buyer,3
bigger,3
raise,3
necessarily,3
purse,3
graphic,3
phone,3
statements,3
involves,3
complicated,3
precautions,3
credited,3
smartest,3
prevents,3
accurate,3
lucrative,3
gravy,3
longstanding,3
capitalism,3
fraction,3
bustle,3
seals,3
accelerate,3
unavoidable,3
tags,3
scrutiny,3
soars,3
artisan,3
plunge,3
closets,3
indians,3
plains,3
embarrassment,3
budding,3
stacked,3
consulting,3
utility,3
prolonged,3
casey,3
30-year,3
grad,3
culprit,3
butler,3
boil,3
compared,3
topic,3
generation,3
amount,3
shifting,3
largest,3
abraham,3
lesser,3
significantly,3
carol,3
sustained,3
mansion,3
security,3
compare,3
yorkers,3
pocket,3
overall,3
valuable,3
foolproof,3
milestones,3
dragging,3
irrelevant,3
strangely,3
zombies,3
frequency,3
metaphor,3
severely,3
owners,3
extending,3
combined,3
husbands,3
northwestern,3
pumping,3
bribery,3
eugene,3
liquid,3
persistence,3
scissors,3
zara,3
exodus,3
straightforward,3
database,3
r.,3
hazards,3
tossing,3
wireless,3
greeted,3
niece,3
17th,3
resolving,3
uphill,3
warren,3
analysis,3
unable,3
sells,3
tool,3
due,3
retiring,3
midwest,3
contribution,3
regulators,3
broader,3
huffington,3
philosophy,3
pace,3
trouble,3
worth,3
contributes,3
withdrawal,3
uncle,3
despair,3
suspicious,3
breach,3
unnecessary,3
illustrate,3
tweens,3
typhoon,3
holes,3
businesses,3
faded,3
garage,3
error,3
relatively,3
entrepreneur,3
t.,3
scarborough,3
annoyed,3
skilled,3
publicity,3
hawk,3
downs,3
levitt,3
europeans,3
erupt,3
jewels,3
itunes,3
environmentally,3
disparity,3
fraught,3
usage,3
24-year,3
effortlessly,3
overwhelm,3
disconnected,3
recovery,3
strategy,3
low,3
report,3
warner,3
figured,3
donations,3
junk,3
pamela,3
collected,3
sting,3
rubber,3
plan,3
ebay,3
ultra,3
middle,3
plans,3
convert,3
fixed,3
exchanges,3
aligned,3
portions,3
chocolates,3
destroys,3
regain,3
approximately,3
observation,3
economically,3
airfare,3
meantime,3
verizon,3
inclined,3
diners,3
postcard,3
chairs,3
relevance,3
radically,3
norm,3
drastic,3
jaws,3
sticker,3
chatting,3
sharon,3
submit,3
logan,3
kathleen,3
malaysian,3
prostitution,3
however,3
management,3
fortune,3
sophisticated,3
tips,3
hiring,3
earlier,3
otherwise,3
skipping,3
handy,3
situation,3
conduct,3
slammed,3
streaming,3
insane,3
effect,3
practices,3
ruling,3
class,3
advice,3
bracket,3
approaching,3
ducks,3
metric,3
tactics,3
rug,3
annually,3
lifestyles,3
freeman,3
alleviate,3
newlywed,3
forthcoming,3
buffet,3
identities,3
stricter,3
diamond,3
declines,3
slapped,3
hawking,3
overturn,3
oriented,3
nicely,3
yacht,3
brits,3
blooming,3
charged,3
option,3
facing,3
spent,3
shell,3
strategic,3
aside,3
stability,3
reader,3
structures,3
anticipation,3
placed,3
credits,3
fell,3
responsible,3
arguments,3
therefore,3
possibilities,3
stole,3
quick,2
resolutions,2
steps,2
thanksgiving,2
rules,2
confuse,2
spur,2
vulnerability,2
aspirations,2
distracted,2
monaco,2
accuracy,2
settlements,2
gabriel,2
provider,2
ringing,2
leno,2
gaffe,2
postal,2
register,2
elders,2
bundle,2
imagining,2
dull,2
npr,2
sexier,2
salmon,2
suburbs,2
andrews,2
webster,2
insulting,2
casually,2
diminish,2
overturned,2
societal,2
legally,2
discipline,2
hates,2
hurt,2
workers,2
products,2
agreed,2
receive,2
cities,2
alan,2
popularity,2
period,2
defined,2
elusive,2
equivalent,2
seekers,2
spouse,2
wondering,2
tank,2
unclear,2
robin,2
subject,2
recent,2
urging,2
scrambling,2
knocking,2
anticipate,2
manual,2
expired,2
bradley,2
reap,2
convincing,2
logo,2
motive,2
stumbled,2
tribune,2
scrap,2
avid,2
inch,2
pursuing,2
nowadays,2
compelled,2
pushes,2
stressing,2
searched,2
fountain,2
angle,2
dorm,2
reps,2
botched,2
bbq,2
spectacle,2
solstice,2
usda,2
fooled,2
indicated,2
awaiting,2
sail,2
organizational,2
reduces,2
contraception,2
occasions,2
exchange,2
charge,2
starbucks,2
providing,2
coverage,2
federal,2
figure,2
zuckerberg,2
free,2
easily,2
decrease,2
destroying,2
burnout,2
disclose,2
transparent,2
reports,2
homes,2
reform,2
knowing,2
review,2
firm,2
considering,2
quickly,2
typically,2
charges,2
spiral,2
cart,2
normally,2
debilitating,2
certified,2
ensure,2
spirited,2
equals,2
borne,2
pouring,2
altering,2
cyber,2
temptation,2
establish,2
estimate,2
locally,2
acute,2
disgraced,2
rolled,2
meredith,2
akin,2
safest,2
competitors,2
fla,2
gadget,2
insulin,2
perks,2
retain,2
mistakenly,2
secrecy,2
july,2
subjected,2
spree,2
lingering,2
aired,2
bragging,2
towers,2
blatant,2
relying,2
exploding,2
ash,2
sunlight,2
underestimate,2
search,2
e,2
ordered,2
impact,2
half,2
seemingly,2
elite,2
scare,2
attractive,2
ways,2
simultaneously,2
till,2
awful,2
outrageous,2
lapse,2
appealing,2
criminals,2
relatives,2
anchor,2
tracking,2
ran,2
number,2
tap,2
product,2
recall,2
total,2
october,2
improve,2
companies,2
strategies,2
solid,2
abby,2
warnings,2
selecting,2
population,2
stocking,2
geek,2
opposite,2
shelf,2
lacks,2
monopoly,2
recharge,2
scholarship,2
pins,2
myers,2
circumstance,2
skepticism,2
widow,2
collaborative,2
quinn,2
difficulties,2
limbo,2
amateur,2
processed,2
certificate,2
surveyed,2
instincts,2
experiments,2
12th,2
begs,2
taxing,2
8th,2
pesky,2
produces,2
flyer,2
compensation,2
proactive,2
highest,2
starting,2
sentenced,2
maryland,2
entering,2
preparing,2
toll,2
remained,2
apartment,2
contribute,2
steven,2
yahoo,2
damage,2
achieve,2
details,2
jersey,2
consequences,2
gift,2
third,2
contract,2
odds,2
islands,2
info,2
reaching,2
codes,2
broncos,2
enjoyment,2
wage,2
fixing,2
waits,2
unofficial,2
petraeus,2
masks,2
hub,2
admitting,2
backers,2
modified,2
governing,2
wax,2
lightly,2
routes,2
100th,2
persistent,2
harness,2
shortages,2
drunken,2
varied,2
amnesty,2
eighth,2
tracked,2
lows,2
bartender,2
generic,2
preferred,2
library,2
nearly,2
consider,2
individual,2
sell,2
explained,2
continue,2
website,2
holiday,2
truths,2
received,2
egg,2
estimated,2
advanced,2
infographic,2
ring,2
manager,2
industries,2
dropping,2
affects,2
sum,2
dairy,2
alike,2
popcorn,2
sally,2
equity,2
chilling,2
enormous,2
dec,2
offer,2
related,2
large,2
splurge,2
math,2
doomed,2
processing,2
jubilee,2
booming,2
insider,2
shakes,2
bobbi,2
addicts,2
improving,2
cleavage,2
futures,2
differences,2
stereotype,2
louisville,2
economies,2
crappy,2
cynical,2
reversal,2
bets,2
bennett,2
greene,2
describing,2
reserved,2
privately,2
debating,2
napping,2
victim,2
shock,2
issued,2
allegedly,2
initial,2
less,2
year,2
likely,2
healthcare,2
horizon,2
jumped,2
u.s,2
steal,2
miracle,2
headlines,2
thief,2
engineers,2
repair,2
generous,2
damaged,2
taboo,2
shifted,2
reviewing,2
routinely,2
harmless,2
basis,2
timely,2
elvis,2
irresponsible,2
tense,2
décor,2
sidewalk,2
vinegar,2
theirs,2
fallen,2
prompt,2
distribution,2
schultz,2
trader,2
align,2
displayed,2
keeping,2
scheduled,2
christopher,2
excessive,2
swiss,2
entry,2
eliminate,2
stake,2
funds,2
resolution,2
colorado,2
levels,2
balance,2
judged,2
madness,2
telephone,2
professionals,2
sooner,2
fortunate,2
useless,2
inaccurate,2
amazon,2
implementation,2
nonpartisan,2
fi,2
hostage,2
30th,2
pros,2
interrupted,2
henson,2
abundant,2
sue,2
maintained,2
attracting,2
myriad,2
crude,2
shrink,2
hurdles,2
undergoing,2
reservation,2
frontier,2
platform,2
online,2
affordable,2
tools,2
senior,2
a.m.,2
thrown,2
elderly,2
common,2
habits,2
alternative,2
january,2
20s,2
suggest,2
crisp,2
comparing,2
goals,2
gary,2
remote,2
value,2
declared,2
capital,2
pet,2
equation,2
standardized,2
burden,2
unfamiliar,2
lindsay,2
h,2
guts,2
net,2
ward,2
yield,2
coaching,2
assigned,2
ecuador,2
innovations,2
pedro,2
optimistic,2
bakery,2
stirring,2
tunes,2
kirk,2
ucla,2
cleaner,2
buck,2
rethink,2
teach,2
horrible,2
carrying,2
rises,2
your,2
internal,2
stable,2
launching,2
forgot,2
booze,2
resources,2
prescription,2
terms,2
furniture,2
information,2
bake,2
justified,2
latter,2
overly,2
ceos,2
emerges,2
lung,2
prevented,2
grades,2
volunteers,2
marking,2
robust,2
crushed,2
extend,2
lauer,2
pity,2
manufacturers,2
headache,2
advancing,2
provision,2
flawed,2
sharply,2
declaring,2
reconsider,2
retired,2
wondered,2
billionaire,2
begin,2
circumstances,2
specifically,2
focusing,2
teaches,2
current,2
thousands,2
tackling,2
frame,2
scroll,2
social,2
areas,2
build,2
careful,2
vs,2
avoiding,2
nbc,2
signal,2
simpson,2
feat,2
assumption,2
saga,2
plead,2
sworn,2
wary,2
whiskey,2
rite,2
ellison,2
synonymous,2
u.k,2
symptom,2
acquired,2
swallow,2
hailed,2
formation,2
equipment,2
yikes,2
slew,2
booth,2
term,2
closely,2
trade,2
recently,2
professional,2
notice,2
comfortable,2
highlight,2
laundry,2
crisis,2
wall,2
drives,2
safer,2
authority,2
hidden,2
marketing,2
required,2
vulnerable,2
confronts,2
tweeting,2
claiming,2
simplest,2
steel,2
seized,2
sorts,2
pig,2
pushed,2
retreats,2
sacramento,2
jetblue,2
expertise,2
unfair,2
drawings,2
enthusiasts,2
judd,2
demise,2
defensive,2
difficulty,2
likelihood,2
danish,2
drop,2
canada,2
worse,2
vacations,2
hiding,2
pre,2
yours,2
accident,2
educate,2
requires,2
status,2
position,2
twice,2
points,2
prepare,2
month,2
expect,2
initiative,2
adults,2
lessons,2
february,2
eric,2
wave,2
positions,2
practical,2
smarter,2
tolerance,2
plug,2
slight,2
eager,2
rendition,2
educating,2
flesh,2
authored,2
unhappy,2
breed,2
sink,2
blair,2
profiles,2
scholars,2
lure,2
distress,2
redemption,2
aware,2
company,2
pitch,2
frank,2
collapse,2
stream,2
portion,2
gifts,2
tomorrow,2
dealing,2
programs,2
fundamental,2
drivers,2
patrick,2
menu,2
few,2
nice,2
beginning,2
gap,2
anytime,2
solely,2
philanthropy,2
parking,2
ranking,2
shave,2
nicholas,2
fools,2
genuinely,2
rhode,2
cellphone,2
intact,2
jefferson,2
technically,2
lucas,2
robbed,2
judging,2
economist,2
campbell,2
grid,2
sufficient,2
escaping,2
finishing,2
chorus,2
instances,2
ahead,2
files,2
joseph,2
airlines,2
boss,2
taking,2
missouri,2
apps,2
catching,2
serves,2
shoe,2
march,2
helpful,2
younger,2
southwest,2
denver,2
flooding,2
franchise,2
wives,2
putting,2
limited,2
collection,2
form,2
confusing,2
able,2
simple,2
communicate,2
zip,2
residents,2
commission,2
pumpkins,2
caps,2
loyal,2
slap,2
psychologists,2
madeleine,2
valued,2
stays,2
consultant,2
utter,2
guardian,2
diesel,2
flop,2
absent,2
airways,2
leggings,2
you,2
cycle,2
stuff,2
users,2
immediate,2
granted,2
gained,2
trapped,2
tend,2
viewed,2
midnight,2
blind,2
lohan,2
spike,2
commonly,2
accomplish,2
wang,2
driver,2
introduced,2
conquer,2
approach,2
concern,2
cause,2
handled,2
implementing,2
amongst,2
credible,2
cares,2
curve,2
intentional,2
entrepreneurial,2
brick,2
corporation,2
debris,2
sharing,2
mud,2
1980s,2
elevator,2
recovered,2
bands,2
profoundly,2
alleges,2
digging,2
probably,2
t,2
web,2
if,2
cutting,2
problems,2
addition,2
linda,2
cox,2
mere,2
struggling,2
combination,2
lincoln,2
bad,2
may,2
labor,2
semi,2
clearing,2
crave,2
redefining,2
cheryl,2
behave,2
accomplished,2
controls,2
hawaiian,2
obstacle,2
dedication,2
unpopular,2
reviewed,2
plagued,2
complained,2
kristin,2
aspen,2
wider,2
catastrophe,2
whoever,2
u,2
craze,2
farmers,2
maine,2
debuts,2
certain,2
season,2
eventually,2
fathers,2
thinking,2
key,2
settle,2
properly,2
dilemma,2
crown,2
saves,2
paper,2
means,2
commit,2
institutions,2
4th,2
minnesota,2
mid,2
lies,2
months,2
trust,2
than,2
pilots,2
evident,2
covered,2
hired,2
examples,2
monsters,2
coin,2
encouraged,2
rebuild,2
poorest,2
tampa,2
verge,2
representing,2
underwater,2
systemic,2
showers,2
twilight,2
debunked,2
dysfunctional,2
favor,2
local,2
private,2
industry,2
educated,2
teaching,2
offers,2
appropriate,2
benefit,2
app,2
greater,2
many,2
spinning,2
impress,2
kicking,2
grads,2
searches,2
mainly,2
necessity,2
courtney,2
hat,2
grave,2
lengthy,2
command,2
mouths,2
treasures,2
replacing,2
tube,2
vuitton,2
pressed,2
stretching,2
respond,2
example,2
caring,2
houses,2
rise,2
opening,2
affected,2
harder,2
widely,2
assume,2
grandma,2
rule,2
essential,2
cigarettes,2
locations,2
drought,2
finished,2
operation,2
authors,2
finds,2
care,2
measures,2
detroit,2
breaks,2
television,2
iowa,2
examined,2
trap,2
hitting,2
lurking,2
turmoil,2
drill,2
hustle,2
vera,2
reasonable,2
spreads,2
transportation,2
guessing,2
outdated,2
christine,2
priority,2
surveys,2
pens,2
rant,2
classics,2
reclaim,2
edible,2
gallup,2
grain,2
wrapped,2
matches,2
improves,2
measured,2
satellite,2
reckless,2
mistaken,2
start,2
results,2
especially,2
secrets,2
canadian,2
imagine,2
can,2
skip,2
choices,2
recovering,2
widespread,2
gold,2
without,2
result,2
individuals,2
agent,2
making,2
prom,2
instructions,2
wishing,2
grandparents,2
inclusion,2
closes,2
citizenship,2
represents,2
wheat,2
extinction,2
fines,2
woke,2
fury,2
cooks,2
welfare,2
promoted,2
hernandez,2
stanley,2
provocative,2
alcoholic,2
follows,2
cleaning,2
warning,2
ignoring,2
jam,2
threatens,2
dip,2
compete,2
accountability,2
duck,2
informed,2
palm,2
psychology,2
aid,2
pieces,2
section,2
taken,2
street,2
alternatives,2
grandchildren,2
confirm,2
quitting,2
lacking,2
reunited,2
interactions,2
triple,2
schedules,2
rifle,2
violating,2
prone,2
stamps,2
topless,2
partly,2
bishop,2
suite,2
sin,2
dependent,2
5th,2
2nd,2
daylight,2
often,2
increasingly,2
drops,2
extremely,2
use,2
teenager,2
prefer,2
doors,2
signed,2
directly,2
faster,2
dispute,2
bath,2
category,2
20th,2
skill,2
shops,2
winning,2
flat,2
families,2
whether,2
unusual,2
road,2
regular,2
comeback,2
losing,2
reluctant,2
collect,2
november,2
actual,2
prediction,2
worries,2
peoples,2
separation,2
rabbit,2
bottles,2
hackers,2
bits,2
stations,2
sparkling,2
moves,2
last,2
anymore,2
regarding,2
throwing,2
announced,2
themselves,2
function,2
battling,2
frustrated,2
anonymous,2
longest,2
perhaps,2
get,2
fact,2
waiting,2
sponsored,2
clock,2
seek,2
grow,2
willing,2
guardians,2
beard,2
imperative,2
avenue,2
spokeswoman,2
unrest,2
autumn,2
joys,2
va,2
businessman,2
exposes,2
referring,2
wilson,2
weakness,2
biased,2
pitcher,2
help,2
discovery,2
particularly,2
until,2
passionate,2
cut,2
protecting,2
findings,2
networks,2
used,2
luxury,2
bike,2
how,2
things,2
away,2
carry,2
principles,2
remains,2
bottom,2
nurture,2
cory,2
singapore,2
drowning,2
regard,2
hurting,2
ruins,2
infidelity,2
graduated,2
submitted,2
marcus,2
triggers,2
ham,2
opinions,2
fallout,2
puts,2
lawyers,2
early,2
site,2
goal,2
existing,2
absence,2
illegal,2
silicon,2
require,2
somewhat,2
infant,2
reminded,2
direct,2
're,2
record,1
research,1
skills,1
discover,1
cnn,1
restaurants,1
intimidating,1
isolation,1
realizing,1
makers,1
expressing,1
grandfather,1
seasonal,1
creation,1
grim,1
academic,1
courageous,1
generate,1
booked,1
neglect,1
improvements,1
ratings,1
depressing,1
yard,1
caregiver,1
description,1
venue,1
willingness,1
nathan,1
seed,1
perfume,1
lack,1
reach,1
are,1
catch,1
bomb,1
cell,1
colleges,1
usually,1
also,1
numerous,1
reading,1
handle,1
adult,1
some,1
sparked,1
hoping,1
home,1
program,1
slowly,1
confident,1
off,1
hungry,1
sentence,1
violate,1
attempt,1
disaster,1
cincinnati,1
carefully,1
smash,1
terribly,1
outdoors,1
portland,1
branch,1
resorts,1
executed,1
innocence,1
discriminate,1
correspondent,1
boost,1
pulled,1
panic,1
unlikely,1
guilty,1
answer,1
protected,1
curb,1
casual,1
medicare,1
maker,1
lonely,1
including,1
concerned,1
ordinary,1
which,1
win,1
much,1
questions,1
near,1
up,1
their,1
targeting,1
plastic,1
marshall,1
inequality,1
looms,1
flood,1
debuted,1
powered,1
shorter,1
carrier,1
headaches,1
generations,1
getting,1
young,1
career,1
holding,1
reviews,1
tough,1
surprising,1
chart,1
accountable,1
talented,1
wash,1
overwhelmed,1
ann,1
ask,1
similar,1
francisco,1
here,1
comes,1
draw,1
bill,1
hard,1
might,1
concept,1
adopt,1
perspectives,1
generosity,1
poop,1
belgium,1
controlling,1
figuring,1
scoop,1
recover,1
nike,1
scored,1
grants,1
discomfort,1
exit,1
tends,1
bees,1
predictable,1
brandon,1
porter,1
promise,1
argument,1
user,1
confidence,1
responsibility,1
lesson,1
traditional,1
apparent,1
disasters,1
do,1
attitude,1
risk,1
notes,1
study,1
lead,1
having,1
monkey,1
occasional,1
aspect,1
allowing,1
technical,1
mentally,1
insist,1
motivate,1
groundbreaking,1
fence,1
mormon,1
decent,1
obese,1
disappointing,1
fort,1
paradise,1
tougher,1
priceless,1
promotion,1
automatically,1
whose,1
worker,1
time,1
question,1
carried,1
available,1
black,1
intelligent,1
enjoyable,1
barely,1
unpredictable,1
selves,1
predicts,1
devastation,1
swept,1
temporarily,1
supposedly,1
reunite,1
ruining,1
criticize,1
brace,1
c.,1
acknowledged,1
agrees,1
nashville,1
craziest,1
worrying,1
gloria,1
adopting,1
blow,1
traffic,1
freedom,1
hours,1
parents,1
significant,1
expanding,1
situations,1
targeted,1
hating,1
smokers,1
chances,1
seahawks,1
consumption,1
understands,1
turnout,1
screw,1
inaugural,1
pursue,1
outlet,1
reaches,1
firms,1
translate,1
sara,1
outstanding,1
run,1
wins,1
june,1
sound,1
donate,1
neighbor,1
expectations,1
association,1
executives,1
broad,1
should,1
poverty,1
department,1
normal,1
sandy,1
rooms,1
type,1
designed,1
folks,1
forced,1
difference,1
motivation,1
distant,1
outlook,1
exploring,1
vehicle,1
oct,1
offered,1
syrup,1
margaret,1
mystery,1
ought,1
justify,1
adding,1
josh,1
demonstrated,1
lifted,1
staggering,1
engineering,1
bit,1
newly,1
even,1
students,1
gain,1
high,1
peak,1
extended,1
tell,1
obamacare,1
discovered,1
picture,1
typical,1
track,1
task,1
develop,1
main,1
become,1
lot,1
seem,1
lunches,1
spite,1
avoided,1
sickness,1
claus,1
claim,1
previous,1
consume,1
sept,1
indicate,1
lobbying,1
ruined,1
quo,1
ralph,1
grooms,1
jedi,1
sheet,1
glasses,1
clues,1
blank,1
washing,1
peyton,1
barack,1
weather,1
medical,1
ads,1
issues,1
followed,1
upon,1
fix,1
using,1
own,1
phil,1
work,1
lately,1
farm,1
backed,1
share,1
corner,1
thursday,1
learning,1
choose,1
future,1
biggest,1
struck,1
extent,1
tricks,1
hostile,1
allows,1
austerity,1
talents,1
ton,1
proposals,1
gems,1
commitments,1
dealt,1
diving,1
annoying,1
fiber,1
harassed,1
populations,1
freeze,1
news,1
decision,1
kinds,1
bags,1
yet,1
leads,1
michigan,1
harsh,1
pulls,1
realize,1
revealed,1
put,1
more,1
tradition,1
adviser,1
beneficial,1
bites,1
observe,1
categories,1
snake,1
waited,1
cereal,1
macy,1
clubs,1
stranded,1
accidentally,1
vehicles,1
prompts,1
forgive,1
literature,1
contrast,1
lawn,1
brooks,1
pleased,1
longer,1
end,1
such,1
yourself,1
find,1
policies,1
limits,1
ongoing,1
works,1
hardly,1
drive,1
simply,1
most,1
denied,1
watched,1
have,1
holidays,1
while,1
good,1
differently,1
aftermath,1
miracles,1
catches,1
evolve,1
kremlin,1
sanity,1
consuming,1
17-year,1
nationwide,1
wings,1
scheme,1
installment,1
joel,1
brighter,1
seinfeld,1
suggestion,1
founding,1
chanel,1
commerce,1
data,1
signs,1
allow,1
fall,1
huge,1
valley,1
passing,1
brands,1
sending,1
couples,1
quality,1
access,1
effectively,1
blame,1
regularly,1
classes,1
dangers,1
electric,1
investigate,1
sent,1
interview,1
trying,1
sheriff,1
gray,1
major,1
best,1
business,1
choosing,1
pair,1
give,1
scary,1
travelers,1
expected,1
hundreds,1
though,1
curse,1
inevitable,1
operating,1
grey,1
pit,1
nerve,1
layers,1
juan,1
original,1
pairs,1
materials,1
census,1
compassionate,1
feds,1
funeral,1
declare,1
come,1
separate,1
age,1
know,1
important,1
performance,1
appears,1
bottle,1
citizens,1
years,1
done,1
health,1
stick,1
count,1
lose,1
fake,1
trend,1
becoming,1
meltdown,1
legislature,1
registered,1
heather,1
tasks,1
conditions,1
awarded,1
properties,1
zones,1
baggage,1
stamp,1
significance,1
barry,1
haunting,1
emotionally,1
make,1
partners,1
government,1
dying,1
next,1
gross,1
fair,1
leaving,1
experienced,1
unexpected,1
sticking,1
forgotten,1
useful,1
devil,1
virgin,1
represented,1
tested,1
editing,1
fridge,1
jean,1
headquarters,1
deserved,1
explaining,1
traits,1
posed,1
told,1
effective,1
gym,1
workplace,1
identify,1
circle,1
guess,1
emerging,1
item,1
promises,1
ones,1
wednesday,1
baseball,1
fully,1
sometimes,1
possible,1
level,1
between,1
warmer,1
rowling,1
joint,1
dive,1
entirely,1
closed,1
aug,1
campaigns,1
horses,1
perez,1
limiting,1
oven,1
depth,1
strongest,1
completed,1
prints,1
terry,1
everyday,1
need,1
problem,1
owner,1
looking,1
take,1
writer,1
when,1
primary,1
hurricane,1
could,1
increased,1
tattoo,1
corn,1
changes,1
now,1
leave,1
an,1
onto,1
for,1
rush,1
tops,1
custom,1
dirt,1
continuing,1
antonio,1
thick,1
bored,1
floods,1
spirituality,1
crawford,1
finger,1
matching,1
be,1
pretty,1
pets,1
regardless,1
interesting,1
any,1
escape,1
dream,1
phrase,1
begun,1
want,1
control,1
range,1
bet,1
today,1
perceived,1
traditionally,1
crash,1
magnificent,1
requests,1
weigh,1
skeptical,1
cult,1
manner,1
summertime,1
questionable,1
losers,1
temperature,1
simone,1
before,1
better,1
turning,1
angeles,1
stressful,1
rare,1
experts,1
under,1
anything,1
decade,1
throws,1
helping,1
least,1
grew,1
jump,1
rest,1
learn,1
double,1
moved,1
address,1
upgrade,1
tis,1
efficient,1
argued,1
losses,1
runs,1
assumed,1
delivered,1
wildly,1
column,1
occurred,1
stephanie,1
break,1
toward,1
falling,1
weeks,1
date,1
one,1
network,1
immediately,1
innocent,1
convinced,1
citizen,1
down,1
not,1
only,1
still,1
events,1
ago,1
's,1
plain,1
printed,1
aka,1
beverly,1
pile,1
clutter,1
repeated,1
abandon,1
sucks,1
step,1
september,1
giving,1
that,1
english,1
picking,1
lewis,1
alleged,1
despite,1
obvious,1
easy,1
clueless,1
hour,1
reported,1
expose,1
medium,1
nepal,1
kansas,1
massage,1
violated,1
testing,1
genuine,1
originally,1
contrary,1
teeth,1
ivy,1
intent,1
ikea,1
someday,1
toss,1
complain,1
jealous,1
n't,1
provide,1
bring,1
what,1
los,1
late,1
rolling,1
seattle,1
hold,1
surface,1
back,1
american,1
headed,1
empty,1
survival,1
serious,1
by,1
reveal,1
uncertain,1
bite,1
shines,1
grandmother,1
tattoos,1
underway,1
liar,1
exceptional,1
pound,1
refuse,1
crises,1
educators,1
vocal,1
grass,1
heated,1
sam,1
bay,1
stress,1
line,1
mine,1
out,1
then,1
anyone,1
focused,1
managed,1
guidelines,1
thought,1
summer,1
believes,1
majority,1
veterans,1
married,1
living,1
proposal,1
going,1
saved,1
balancing,1
conclusion,1
path,1
wrote,1
nebraska,1
prospect,1
camp,1
attempts,1
fare,1
builds,1
satisfaction,1
reforms,1
destructive,1
campuses,1
smartphones,1
charts,1
staring,1
european,1
controversy,1
calling,1
idea,1
small,1
survive,1
damn,1
exposure,1
surrounding,1
building,1
they,1
gotten,1
unless,1
a,1
theories,1
following,1
signals,1
adulthood,1
participation,1
mourn,1
continued,1
resource,1
touching,1
treasury,1
strangers,1
birds,1
pole,1
pleads,1
unveils,1
surprised,1
rings,1
principle,1
misleading,1
applied,1
derby,1
fred,1
same,1
remain,1
soon,1
creating,1
window,1
feed,1
easier,1
fate,1
towards,1
passenger,1
desperate,1
beating,1
sites,1
greek,1
case,1
mark,1
them,1
too,1
send,1
setting,1
buddy,1
competing,1
rigged,1
ripped,1
challenger,1
approval,1
marilyn,1
laughs,1
logic,1
entrepreneurship,1
stylist,1
removing,1
doing,1
issue,1
worked,1
richard,1
feels,1
other,1
right,1
virginia,1
join,1
airline,1
it,1
tuesday,1
broke,1
office,1
countries,1
someone,1
those,1
blessing,1
hands,1
apocalypse,1
instance,1
lawsuits,1
creates,1
digital,1
smith,1
countless,1
tooth,1
unfortunate,1
qualities,1
michele,1
olds,1
argues,1
reasons,1
long,1
particular,1
ends,1
write,1
will,1
list,1
education,1
article,1
would,1
pushing,1
opportunities,1
difficult,1
bat,1
checked,1
walter,1
twist,1
quits,1
shark,1
parody,1
slide,1
swap,1
irony,1
networking,1
spell,1
illinois,1
encourages,1
proper,1
around,1
different,1
check,1
set,1
why,1
started,1
wake,1
grade,1
ignore,1
on,1
although,1
concerns,1
effort,1
dogs,1
given,1
florida,1
reputation,1
prompted,1
updates,1
precious,1
severe,1
|,1
separated,1
guaranteed,1
suddenly,1
there,1
sick,1
miles,1
slow,1
seeking,1
non,1
master,1
about,1
turns,1
open,1
prevent,1
maintain,1
lists,1
painting,1
receiving,1
ali,1
based,1
indeed,1
angry,1
failure,1
clear,1
san,1
point,1
thing,1
protect,1
forward,1
traditions,1
intended,1
stark,1
balanced,1
size,1
organize,1
manuel,1
devoted,1
trail,1
scout,1
masters,1
experiment,1
facial,1
cap,1
agree,1
organization,1
lots,1
else,1
to,1
washington,1
equal,1
since,1
definition,1
gentle,1
narrow,1
blown,1
planner,1
empowerment,1
print,1
create,1
scale,1
allowed,1
presents,1
rural,1
schools,1
keep,1
couple,1
congratulations,1
qualified,1
lining,1
venture,1
cleveland,1
answers,1
slice,1
medications,1
representative,1
cupcakes,1
bryan,1
compelling,1
happier,1
spouses,1
everything,1
member,1
click,1
impossible,1
opened,1
raised,1
tests,1
hopes,1
everybody,1
post,1
passed,1
suffered,1
impression,1
nurses,1
demand,1
miller,1
delays,1
don'ts,1
institute,1
deficit,1
dump,1
olive,1
phoenix,1
ambitious,1
effects,1
days,1
because,1
built,1
spaces,1
politicians,1
treating,1
wanted,1
claims,1
vital,1
supposed,1
titled,1
roasted,1
spencer,1
sir,1
preparation,1
protections,1
notorious,1
arrives,1
eyed,1
prove,1
as,1
people,1
version,1
process,1
turn,1
asked,1
top,1
reached,1
considered,1
flow,1
britney,1
heading,1
of,1
throughout,1
facebook,1
ride,1
internet,1
real,1
northern,1
island,1
helps,1
ruth,1
solving,1
clark,1
shall,1
flights,1
temple,1
60s,1
knight,1
wages,1
wisdom,1
august,1
waste,1
worst,1
fast,1
cuts,1
searching,1
contact,1
lunch,1
ability,1
players,1
developing,1
wait,1
is,1
does,1
coast,1
values,1
navigating,1
associate,1
ritual,1
division,1
punk,1
barrier,1
storage,1
dos,1
stakes,1
forcing,1
buried,1
camps,1
thompson,1
intimacy,1
columnist,1
karen,1
climb,1
said,1
nation,1
these,1
happen,1
won,1
phones,1
enough,1
enjoying,1
coffee,1
accused,1
from,1
no,1
floating,1
mode,1
watching,1
lets,1
shy,1
monitor,1
unique,1
kindergarten,1
chains,1
threatening,1
miserable,1
solved,1
viewing,1
gardens,1
papers,1
discussions,1
’,1
lifelong,1
castro,1
brand,1
big,1
happens,1
finish,1
among,1
co,1
importance,1
sizes,1
infamous,1
revolutionary,1
downtown,1
homework,1
berkeley,1
quirky,1
safely,1
sweeping,1
working,1
've,1
surprisingly,1
marc,1
reason,1
marathon,1
era,1
page,1
holder,1
script,1
sign,1
consistently,1
larry,1
lyrics,1
expand,1
witnessed,1
schedule,1
recommendations,1
achieved,1
vanessa,1
intervention,1
really,1
system,1
athletes,1
new,1
alone,1
behavior,1
reduce,1
jewelry,1
kick,1
rescue,1
statement,1
reality,1
daniel,1
preschool,1
driven,1
milestone,1
friendships,1
string,1
later,1
door,1
the,1
false,1
understanding,1
mind,1
like,1
abc,1
sandwich,1
think,1
launched,1
successful,1
worry,1
faith,1
past,1
where,1
breakup,1
proof,1
producers,1
founded,1
trained,1
crossing,1
fundraising,1
hated,1
bruce,1
freddie,1
urgent,1
fatigue,1
lin,1
staying,1
apple,1
mean,1
hits,1
great,1
popular,1
go,1
each,1
parent,1
book,1
posting,1
dutch,1
hug,1
lego,1
buffalo,1
psychological,1
suggesting,1
worried,1
taught,1
complete,1
showing,1
shelter,1
several,1
name,1
israeli,1
released,1
already,1
emerged,1
connect,1
brazilian,1
overlooked,1
edward,1
cruel,1
sits,1
york,1
in,1
final,1
largely,1
below,1
solutions,1
mess,1
meet,1
runners,1
exercising,1
selfies,1
ears,1
blowing,1
refusing,1
elsewhere,1
boxes,1
needed,1
roman,1
brush,1
shed,1
merely,1
fabric,1
dawn,1
nostalgia,1
generally,1
ron,1
way,1
always,1
during,1
confused,1
duty,1
sends,1
bridge,1
single,1
knowledge,1
added,1
beyond,1
hit,1
lost,1
part,1
unlike,1
endless,1
costumes,1
heavily,1
trials,1
cultures,1
blocked,1
minded,1
tsa,1
loaded,1
episodes,1
far,1
warns,1
causes,1
spot,1
attorney,1
honest,1
actions,1
annual,1
fit,1
dangerous,1
members,1
okay,1
newtown,1
jill,1
10-year,1
olympian,1
attraction,1
license,1
lifetime,1
forever,1
man,1
involved,1
fear,1
times,1
coming,1
stressed,1
sheer,1
deeper,1
21st,1
over,1
who,1
along,1
fortunately,1
keys,1
structure,1
virtually,1
approaches,1
nominations,1
damaging,1
tracks,1
maps,1
relate,1
fairly,1
jeremy,1
with,1
dozens,1
advocates,1
deep,1
at,1
overcome,1
luck,1
district,1
mindful,1
so,1
america,1
fears,1
california,1
quite,1
improvement,1
proposes,1
behalf,1
responded,1
discussing,1
another,1
kid,1
remember,1
failed,1
rick,1
wrong,1
family,1
models,1
lying,1
nothing,1
doubt,1
channels,1
perception,1
destroyed,1
guarantee,1
happiness,1
been,1
suspect,1
country,1
act,1
mirror,1
maybe,1
restaurant,1
hearing,1
matter,1
dumb,1
reporters,1
mindset,1
link,1
dems,1
noticed,1
russians,1
sandwiches,1
aims,1
alliance,1
churches,1
deal,1
into,1
lie,1
admit,1
cases,1
stupid,1
moving,1
feet,1
sacrifice,1
impacts,1
asia,1
bare,1
doug,1
techniques,1
treasure,1
organizing,1
attempting,1
blamed,1
writing,1
just,1
exactly,1
factor,1
matters,1
old,1
handling,1
iphone,1
stayed,1
mask,1
visual,1
confessions,1
cure,1
jonathan,1
supplies,1
suspects,1
practice,1
ready,1
board,1
ups,1
failing,1
needs,1
proposed,1
stories,1
growing,1
esteem,1
rebels,1
agreement,1
strongly,1
ceo,1
enjoyed,1
shut,1
cheat,1
caused,1
launch,1
spirit,1
larger,1
acts,1
anxiety,1
through,1
potential,1
activity,1
pants,1
rather,1
self,1
plenty,1
consistent,1
beans,1
unhealthy,1
claimed,1
stuffed,1
confront,1
remaining,1
jacobs,1
magazines,1
tonight,1
behind,1
first,1
hacks,1
achievement,1
involving,1
metal,1
sight,1
answered,1
close,1
makes,1
truth,1
un,1
brings,1
something,1
guidance,1
shocking,1
op,1
figures,1
led,1
reagan,1
canceled,1
glory,1
joins,1
obstacles,1
planes,1
harmful,1
emotion,1
dig,1
candy,1
both,1
almost,1
johnson,1
all,1
little,1
charlie,1
chain,1
note,1
southern,1
pull,1
eye,1
called,1
privacy,1
acceptable,1
crowds,1
involve,1
edge,1
sterling,1
passage,1
collins,1
nigeria,1
duke,1
permission,1
addressed,1
feb,1
gets,1
felt,1
others,1
has,1
combat,1
life,1
this,1
learned,1
grown,1
currently,1
mayor,1
push,1
instead,1
decades,1
shift,1
vice,1
stages,1
punch,1
delay,1
prize,1
buzz,1
worn,1
landing,1
politically,1
mac,1
talk,1
developed,1
understand,1
law,1
pursuit,1
interests,1
sweat,1
spa,1
add,1
conventional,1
edition,1
meetings,1
fine,1
letting,1
ease,1
freak,1
documents,1
nursing,1
sit,1
occur,1
addicted,1
infection,1
computer,1
sake,1
convince,1
millennial,1
choice,1
society,1
driving,1
friend,1
andrew,1
reminds,1
guide,1
georgia,1
lifestyle,1
honor,1
reveals,1
neighborhood,1
shown,1
admits,1
slam,1
inspires,1
cheese,1
windows,1
trips,1
medicine,1
ridiculous,1
dining,1
kingdom,1
subtle,1
attention,1
across,1
person,1
got,1
former,1
meaning,1
ate,1
handful,1
lemon,1
proved,1
doctor,1
silver,1
encouraging,1
barbecue,1
pool,1
repeatedly,1
left,1
stay,1
appear,1
bread,1
drugs,1
cookie,1
history,1
lawyer,1
chicago,1
enjoy,1
ashamed,1
dave,1
slip,1
threw,1
striking,1
binge,1
assistant,1
shoes,1
safe,1
uses,1
sing,1
suffer,1
caught,1
wish,1
bag,1
focus,1
look,1
well,1
fill,1
remove,1
temporary,1
chips,1
survivor,1
struggles,1
dreaming,1
surveillance,1
profits,1
roof,1
disagree,1
dreams,1
spring,1
known,1
shape,1
sure,1
school,1
true,1
fat,1
laugh,1
were,1
actually,1
us,1
relevant,1
clinic,1
electronic,1
relations,1
anywhere,1
fingers,1
holocaust,1
opponents,1
mogul,1
disappointed,1
sense,1
box,1
danger,1
stop,1
heard,1
lucky,1
innovative,1
ass,1
mile,1
polish,1
mosque,1
performed,1
desperately,1
asleep,1
stomach,1
every,1
perspective,1
trick,1
once,1
basically,1
tv,1
influence,1
lawsuit,1
found,1
die,1
being,1
ditch,1
denying,1
betsy,1
arkansas,1
glad,1
lobby,1
films,1
blog,1
seen,1
took,1
pressure,1
china,1
source,1
election,1
oil,1
seems,1
hide,1
prior,1
committed,1
bump,1
addressing,1
invite,1
locked,1
minorities,1
became,1
say,1
deeply,1
very,1
believed,1
painful,1
except,1
made,1
read,1
likes,1
eggs,1
heidi,1
porn,1
pen,1
raises,1
lazy,1
nowhere,1
regrets,1
pizza,1
funding,1
did,1
animals,1
union,1
policy,1
pie,1
notion,1
fault,1
reject,1
located,1
allergies,1
christmas,1
treat,1
brought,1
greatest,1
ending,1
opportunity,1
independent,1
context,1
treatment,1
classic,1
degrees,1
navigate,1
live,1
bars,1
healthier,1
efforts,1
asks,1
throw,1
starts,1
decided,1
usa,1
holmes,1
describes,1
handed,1
opposed,1
exact,1
ever,1
walker,1
previously,1
pumpkin,1
piece,1
fail,1
dish,1
pulling,1
ross,1
survived,1
allen,1
contain,1
texas,1
dna,1
sized,1
tremendous,1
hong,1
judges,1
billboard,1
manning,1
let,1
standards,1
stranger,1
battle,1
speaking,1
conflicts,1
sister,1
reducing,1
professor,1
neither,1
vermont,1
seasons,1
affairs,1
arrive,1
stopping,1
sector,1
therapist,1
move,1
saying,1
highly,1
brothers,1
nail,1
commercial,1
beings,1
area,1
types,1
transition,1
arrived,1
friends,1
solution,1
began,1
order,1
counts,1
barriers,1
jackie,1
ad,1
station,1
toilet,1
accusations,1
olympics,1
dreamers,1
roberts,1
guides,1
tastes,1
becomes,1
afraid,1
honestly,1
philippines,1
trek,1
courage,1
crashes,1
barbara,1
ally,1
explosion,1
giants,1
call,1
kids,1
machine,1
virtual,1
plus,1
weapons,1
hosted,1
queens,1
elements,1
repeat,1
permanent,1
negative,1
vs.,1
features,1
obama,1
routine,1
tune,1
successfully,1
prominent,1
brady,1
pledge,1
pill,1
bull,1
importantly,1
surprise,1
bizarre,1
after,1
viral,1
labels,1
fisher,1
laid,1
grows,1
curry,1
honey,1
productivity,1
winter,1
states,1
reaction,1
deserve,1
plate,1
vladimir,1
imagined,1
volunteer,1
tensions,1
lauren,1
jamie,1
divide,1
swimming,1
challenges,1
via,1
showed,1
looked,1
playing,1
direction,1
seth,1
whatever,1
above,1
lines,1
hire,1
rough,1
tied,1
attending,1
wishes,1
con,1
marked,1
smartphone,1
gone,1
george,1
me,1
ingredient,1
ghost,1
gates,1
silly,1
sued,1
bullying,1
clothes,1
dead,1
wide,1
material,1
marks,1
hurts,1
dialogue,1
dust,1
tried,1
word,1
we,1
missing,1
floor,1
author,1
brother,1
face,1
goes,1
conference,1
bacon,1
state,1
day,1
never,1
spokesman,1
proven,1
diets,1
crack,1
twin,1
understood,1
healthy,1
food,1
flight,1
prepared,1
giant,1
believe,1
dropped,1
heavy,1
performing,1
proud,1
kong,1
improved,1
parker,1
pat,1
my,1
test,1
political,1
full,1
motion,1
agency,1
elementary,1
supported,1
thomas,1
quit,1
myself,1
michael,1
had,1
whole,1
supply,1
butt,1
criticized,1
trash,1
educational,1
bacteria,1
walk,1
progress,1
bringing,1
change,1
survivors,1
hotel,1
british,1
judgment,1
tropical,1
existence,1
chosen,1
targets,1
finding,1
corporate,1
super,1
records,1
wants,1
see,1
hang,1
celebrating,1
opera,1
excitement,1
fun,1
shows,1
smoking,1
'm,1
tiny,1
background,1
guy,1
communications,1
admitted,1
accepting,1
signature,1
toast,1
hardest,1
agents,1
miss,1
bear,1
sparks,1
legislation,1
discussed,1
incident,1
sneak,1
hamilton,1
everywhere,1
vacation,1
doctors,1
looks,1
hack,1
peanut,1
exists,1
buildings,1
belly,1
our,1
itself,1
candidate,1
bird,1
nose,1
laughing,1
anniversary,1
captain,1
kicks,1
backs,1
denial,1
thank,1
broken,1
boston,1
i,1
critical,1
story,1
cover,1
feel,1
general,1
standing,1
birthday,1
table,1
public,1
mother,1
olympic,1
meanwhile,1
pure,1
peaceful,1
camera,1
billy,1
curious,1
reverse,1
force,1
fired,1
dirty,1
complex,1
thanks,1
foods,1
obsession,1
mountain,1
completely,1
stem,1
lipstick,1
capitol,1
talks,1
national,1
sets,1
lay,1
politician,1
smell,1
founder,1
telling,1
second,1
talking,1
spoke,1
measure,1
fresh,1
exist,1
joining,1
central,1
walks,1
honeymoon,1
couch,1
held,1
-,1
place,1
debate,1
hear,1
highlights,1
openly,1
ballot,1
ruled,1
blames,1
mtv,1
breath,1
further,1
sports,1
turned,1
maria,1
active,1
hanging,1
unknown,1
produced,1
expression,1
thankful,1
latino,1
suicide,1
everyone,1
children,1
tight,1
dan,1
encounter,1
desk,1
chelsea,1
historic,1
follow,1
mom,1
conversation,1
fatal,1
helped,1
destroy,1
stops,1
saturday,1
challenging,1
plot,1
c,1
world,1
includes,1
welcome,1
serve,1
course,1
loss,1
game,1
struggle,1
homeless,1
waves,1
arianna,1
secret,1
seemed,1
technology,1
evidence,1
journalism,1
spice,1
ignored,1
favorites,1
refuses,1
elections,1
its,1
awareness,1
empathy,1
gulf,1
lisa,1
explore,1
men,1
posted,1
was,1
role,1
birth,1
brains,1
block,1
warned,1
urge,1
video,1
thoughts,1
equally,1
andy,1
athlete,1
voices,1
investigating,1
leg,1
remarkable,1
mostly,1
vision,1
toddlers,1
roll,1
visits,1
mad,1
latest,1
minds,1
surprises,1
ford,1
blocks,1
kennedy,1
passes,1
reactions,1
don,1
kitchen,1
says,1
try,1
wonder,1
saw,1
snacks,1
scott,1
europe,1
sort,1
woman,1
multi,1
divided,1
viewers,1
wanting,1
experiences,1
international,1
adventure,1
spears,1
session,1
delivery,1
represent,1
cohen,1
powers,1
comfort,1
confirms,1
risks,1
polling,1
lived,1
hand,1
her,1
title,1
elephant,1
forgiveness,1
sisters,1
husband,1
facts,1
shame,1
hope,1
brutal,1
suspended,1
slightly,1
request,1
experiencing,1
strong,1
cat,1
group,1
player,1
react,1
neighbors,1
tennessee,1
mainstream,1
nicole,1
somebody,1
fights,1
tom,1
energy,1
wife,1
gon,1
blasts,1
theater,1
leading,1
suffering,1
arm,1
clearly,1
succeed,1
alexander,1
latinos,1
minutes,1
play,1
refused,1
links,1
constitution,1
passion,1
tragedy,1
loved,1
must,1
center,1
ideal,1
adds,1
airport,1
community,1
emotions,1
special,1
cops,1
legendary,1
suit,1
excited,1
apologizes,1
hop,1
stood,1
stone,1
knows,1
came,1
crowd,1
include,1
fitness,1
feeling,1
forget,1
partnership,1
realized,1
discuss,1
possibility,1
stand,0
foundation,0
pick,0
musical,0
personally,0
surgery,0
pilot,0
susan,0
poses,0
human,0
running,0
vast,0
necessary,0
quest,0
playlist,0
knot,0
“,0
tells,0
movement,0
limit,0
brief,0
mass,0
pass,0
presidents,0
prosecutors,0
victims,0
legs,0
landscape,0
fantastic,0
side,0
action,0
mission,0
rain,0
exposed,0
alaska,0
fighting,0
distance,0
returning,0
provided,0
threat,0
color,0
university,0
air,0
legal,0
attacked,0
picked,0
maintaining,0
hottest,0
dates,0
played,0
memory,0
house,0
determined,0
location,0
removed,0
humor,0
ray,0
stuck,0
selfie,0
nonprofit,0
philadelphia,0
stewart,0
bikini,0
returned,0
harris,0
devices,0
he,0
francis,0
roles,0
words,0
happening,0
teens,0
land,0
identified,0
recognize,0
bedroom,0
capture,0
eating,0
natural,0
bucket,0
impressive,0
jet,0
chairman,0
britain,0
republic,0
boring,0
changed,0
strength,0
stopped,0
r,0
orders,0
hook,0
katie,0
letters,0
experience,0
intelligence,0
night,0
week,0
aim,0
evil,0
teacher,0
daily,0
decide,0
halloween,0
mention,0
blake,0
updated,0
seeks,0
kind,0
am,0
glass,0
weight,0
dating,0
obviously,0
lovers,0
label,0
suggested,0
closer,0
again,0
grab,0
rarely,0
belief,0
literally,0
newest,0
whenever,0
evening,0
breaking,0
together,0
truck,0
dedicated,0
email,0
ball,0
certainly,0
environment,0
naturally,0
language,0
photo,0
faces,0
presidential,0
chance,0
universal,0
expecting,0
dallas,0
spotted,0
russell,0
meant,0
provides,0
newspaper,0
hot,0
kill,0
nails,0
promote,0
spain,0
devastating,0
romance,0
foreign,0
created,0
manhattan,0
terrible,0
keeps,0
prime,0
flip,0
coach,0
systems,0
tourism,0
planned,0
embrace,0
drink,0
dry,0
hill,0
connection,0
within,0
burning,0
’ve,0
apology,0
century,0
chief,0
brain,0
oliver,0
head,0
flavor,0
club,0
hell,0
seconds,0
advocate,0
mitch,0
support,0
women,0
groups,0
sweet,0
researchers,0
child,0
addiction,0
dnc,0
united,0
blue,0
contest,0
wind,0
traveler,0
youtube,0
engagement,0
meal,0
lady,0
mini,0
screen,0
soft,0
studies,0
habit,0
australian,0
j.,0
quotes,0
zone,0
entire,0
games,0
encourage,0
son,0
went,0
release,0
colors,0
teenage,0
arrested,0
pacific,0
speed,0
power,0
creative,0
worldwide,0
solar,0
culture,0
perform,0
minority,0
journal,0
outdoor,0
safety,0
describe,0
bachelor,0
salt,0
council,0
base,0
illness,0
slideshow,0
holds,0
silent,0
crazy,0
deliver,0
paint,0
totally,0
respect,0
treats,0
sources,0
his,0
variety,0
usual,0
fuel,0
marry,0
production,0
happened,0
media,0
chinese,0
pipeline,0
plane,0
marriage,0
room,0
tourists,0
jury,0
presence,0
view,0
clean,0
victory,0
discussion,0
armed,0
speak,0
demands,0
n’t,0
military,0
split,0
dramatic,0
leaves,0
specific,0
solve,0
raising,0
sat,0
heroes,0
harm,0
covers,0
relationship,0
genius,0
kristen,0
shared,0
ship,0
panel,0
scared,0
sun,0
father,0
feelings,0
reportedly,0
wing,0
indiana,0
storm,0
wisconsin,0
ingredients,0
comments,0
somewhere,0
misconduct,0
fight,0
republican,0
atlanta,0
character,0
nick,0
hip,0
chaos,0
visiting,0
short,0
breakfast,0
brave,0
cheating,0
ultimate,0
conversations,0
ourselves,0
afternoon,0
talent,0
incredibly,0
sport,0
ultimately,0
gave,0
official,0
launches,0
court,0
crime,0
president,0
gaga,0
victoria,0
cats,0
press,0
sugar,0
commitment,0
apparently,0
partner,0
served,0
diy,0
acting,0
bold,0
walked,0
russian,0
wellness,0
explains,0
indian,0
steve,0
comic,0
deserves,0
beloved,0
channel,0
flowers,0
stronger,0
named,0
west,0
messages,0
gender,0
enter,0
she,0
fame,0
sees,0
mental,0
massive,0
lives,0
light,0
physical,0
treated,0
falls,0
album,0
field,0
filled,0
england,0
mothers,0
symptoms,0
feature,0
joined,0
present,0
toxic,0
spots,0
bar,0
row,0
frozen,0
older,0
strikes,0
kentucky,0
anna,0
attacks,0
weekend,0
eyes,0
bed,0
characters,0
republicans,0
against,0
prevention,0
amid,0
fearless,0
bond,0
moral,0
ice,0
foot,0
plant,0
moms,0
sex,0
garden,0
resort,0
stylish,0
friendly,0
remind,0
coal,0
roundup,0
beach,0
space,0
cookies,0
arrest,0
art,0
exercise,0
jay,0
videos,0
brides,0
talked,0
matt,0
traveling,0
serving,0
dad,0
butter,0
meals,0
success,0
houston,0
arizona,0
outfit,0
beer,0
city,0
sky,0
loving,0
pack,0
sides,0
replace,0
fox,0
god,0
worthy,0
amazing,0
fly,0
politics,0
youth,0
inspired,0
fellow,0
abroad,0
protest,0
watch,0
associated,0
twitter,0
destination,0
stephen,0
announcement,0
perfect,0
baby,0
director,0
exclusive,0
wrap,0
poll,0
seriously,0
fails,0
radio,0
listening,0
valentine,0
entertainment,0
jason,0
aging,0
laws,0
humanity,0
peter,0
seeing,0
kills,0
urban,0
globe,0
announces,0
organizations,0
quiz,0
blogger,0
inspire,0
books,0
stands,0
grief,0
journalist,0
shirt,0
divorce,0
design,0
hunger,0
hair,0
dear,0
army,0
noah,0
global,0
alcohol,0
front,0
moment,0
lights,0
league,0
happy,0
congress,0
executive,0
music,0
candidates,0
western,0
smile,0
exciting,0
supporting,0
awesome,0
campus,0
comment,0
party,0
ended,0
australia,0
reflect,0
nobody,0
familiar,0
emails,0
scenes,0
opinion,0
tale,0
outside,0
rumors,0
ok,0
universe,0
apart,0
golden,0
either,0
kate,0
challenge,0
dr,0
eve,0
magical,0
shares,0
greece,0
killing,0
chair,0
bob,0
model,0
democrats,0
ocean,0
veteran,0
louis,0
tears,0
message,0
italy,0
debut,0
south,0
fans,0
campaign,0
bathroom,0
huffpost,0
prison,0
church,0
joke,0
beauty,0
match,0
calls,0
beyoncé,0
begins,0
judge,0
takes,0
st,0
activist,0
awkward,0
relationships,0
sorry,0
stage,0
himself,0
missed,0
premiere,0
monday,0
guest,0
suggests,0
nations,0
condition,0
memorial,0
tea,0
science,0
ceremony,0
multiple,0
tree,0
finally,0
fire,0
show,0
injured,0
tired,0
ladies,0
epic,0
’m,0
wine,0
included,0
nba,0
perfectly,0
french,0
meeting,0
faced,0
daughter,0
upcoming,0
strange,0
administration,0
nature,0
presidency,0
critics,0
asian,0
heart,0
him,0
song,0
died,0
amy,0
herself,0
celebration,0
meat,0
environmental,0
fourth,0
changing,0
therapy,0
supreme,0
guests,0
magazine,0
destinations,0
repeal,0
project,0
lee,0
paul,0
heat,0
plays,0
death,0
parts,0
soccer,0
views,0
accept,0
police,0
discrimination,0
positive,0
parties,0
polls,0
convention,0
purpose,0
india,0
travel,0
jr,0
park,0
documentary,0
red,0
bowl,0
band,0
royal,0
rally,0
‘,0
rock,0
met,0
pink,0
bodies,0
engaged,0
recipe,0
connected,0
officers,0
london,0
obesity,0
truly,0
ex,0
criminal,0
divorced,0
’s,0
morning,0
wonderful,0
officials,0
emotional,0
dog,0
artist,0
event,0
snow,0
racism,0
written,0
cook,0
re,0
extreme,0
border,0
dinner,0
response,0
netflix,0
sounds,0
legacy,0
town,0
voter,0
marijuana,0
beat,0
seat,0
putin,0
trial,0
team,0
dies,0
tribute,0
vote,0
