navdeep,85
bains,85
hybels,85
persico,85
apostles,85
headwear,85
amrik,85
bhalla,85
gurjeet,85
valarie,85
moriau,85
shitholes,85
nathanael,85
monson,85
salam,85
laxity,85
abrahamic,85
secularization,85
potomac,85
theologian,85
theologians,85
undergirded,85
aleksandra,85
cybulska,85
heresy,85
feher,85
lucash,85
serisha,85
iyar,85
rector,85
kjv,85
salsabel,85
arshia,85
lagrange,85
pucks,85
ostracizes,85
aitcheson,85
eternities,85
principalities,85
jewishness,85
supremacism,85
whitesupremacy,85
revolutionarylove,85
misinterpretation,85
repentence,85
lugh,85
clergywomen,85
irf,85
lapsia,85
venerates,85
psalm,85
neverthelessshepersisted,85
reiteration,85
stipulates,85
hijabista,85
vincennes,85
erecting,85
zolten,85
aymann,85
taraweeh,85
shekhina,85
hanukah,85
souce,85
pelting,85
apocalypticism,85
ilgin,85
beygo,85
yorulmaz,85
rudayna,85
aksh,85
qasim,85
begam,85
baha‚Äôi,85
ce,85
shaykhi,85
mulla,85
enjoinder,85
oliveto,85
x‚Äôers,85
vestments,85
liturgical,85
wuerl,85
hemmings,85
bukhari,85
rizvi,85
ver√≥nica,85
gim√©nez,85
b√©liveau,85
unchristian,85
conjurer,85
zakir,85
ignatians,85
jesuits,85
cocks,85
argos,85
panoptƒìs,85
rededication,85
end≈ç,85
sh≈´saku,85
unbelief,85
bhangra,85
primrose,85
aleyah,85
chavie,85
bhikkunis,85
bhikkhunis,85
sportswomanship,85
sacntuaries,85
navka,85
mirabal,85
jewess,85
numbed,85
islamophobiaatpolls,85
suspcious,85
muslimsreportstuff,85
tahira,85
ayub,85
manwar,85
caritas,85
consciences,85
eustache,85
intervarsity,85
islamo,85
tazzy,85
chaudary,85
binnie,85
precare,85
eck,85
horseshoes,85
pagodas,85
ruqaiya,85
haris,85
maulama,85
akonjee,85
thara,85
uddin,85
paganism,85
disillusions,85
ahmadiyya,85
aleikum,85
lahaye,85
perl,85
edicts,85
landaverde,85
shariah,85
headscarfs,85
elanor,85
sharpston,85
ultraconservatives,85
pontificate,85
pastorally,85
literalists,85
forgery,85
sabar,85
generalize,85
hesselblad,85
agnostics,85
cabrini,85
amoris,85
jwt,85
hamacher,85
polygamous,85
gardu√±o,85
imbolc,85
mchargue,85
gungor,85
liturgists,85
bonking,85
faithfullylgbt,85
islamicity,85
figurine,85
nittel,85
talmudists,85
peakyourmind,85
programing,85
spraypaint,85
1500s,85
muslimsarenotterrorist,85
goretti,85
klitzman,85
koans,85
triggs,85
aetate,85
spittin,85
rabbinical,85
neccesary,85
miroslav,85
volf,85
kick-,85
mohler,85
bolz,85
excised,85
catechism,85
serra,85
canonized,85
fromhold,85
laud,85
sts,85
hodey,85
jun√≠pero,85
beekeepers,85
inderjit,85
mukker,85
modder,85
kaaba,85
erisman,85
connellsville,85
archbishops,85
amna,85
farooqi,85
hanuman,85
vosper,85
bachelder,85
kahlil,85
myrick,85
cupich,85
maccabi,85
rns,85
rietow,85
deptford,85
cremates,85
restland,85
helipad,85
ugaaso,85
abukar,85
boocow,85
cumorah,85
hancey,85
pittsford,85
yassir,85
yosri,85
banado,85
rosaries,85
asuncion,85
sacraments,85
summerskill,85
palmasola,85
bolivians,85
blackmuslimramadan,85
ordain,85
guayaquil,85
reciters,85
flinched,85
reenter,85
sreyreath,85
kuy,85
sreyram,85
na√Øvet√©,85
waldensians,85
crucifying,85
interspiritual,85
forthrightly,85
impertinence,85
litha,85
surat,85
rebbe,85
lubavitcher,85
bonna,85
ytheater,85
humbleness,85
tribunals,85
ecumenical,85
halki,85
peacebuilder,85
vinya,85
ariyaratne,85
sarvodaya,85
shramadana,85
sangamaya,85
ecopeace,85
unself,85
condemnatory,85
judger,85
liturgist,85
overpopulated,85
gramm,85
rudman,85
hollings,85
vanier,85
schmirgin,85
mcneal,85
monotheistic,85
nunnery,85
oldish,85
horgan,85
raushenbush,85
rauschenbusch,85
islamberg,85
canonizes,85
badiner,85
nalandabodhi,85
secularizing,85
jogyesa,85
persectued,85
vaisakhi,85
hashoah,85
taxpayerpride,85
wacker,85
ahliya,85
rfra,85
carmelized,85
ffeu,85
martyred,85
druzish,85
zipporah,85
encamped,85
easters,85
alcabes,85
oberammergau,85
shfokh,85
hamatkha,85
intercede,85
biro,85
scifi,85
gravitated,85
epistle,85
peacemakers,85
fatalism,85
guised,85
keb,85
gongs,85
penitence,85
untiring,85
metaphysicist,85
profanes,85
inasmuch,85
transhumanism,85
int'l,85
universalism,85
kellyonmymind,85
arrendale,85
soundless,85
corrode,85
usis,85
wicca,85
hijrah,85
truthoholic,85
prayerful,85
parshat,85
terumah,85
enunciation,85
congregationalist,85
salha,85
mishpatim,85
enumeration,85
landless,85
theist,85
haidt,85
dolorosa,85
cuneiform,85
judean,85
baillie,85
balthasar,85
berdyaev,85
brunner,85
bultmann,85
soundscapes,85
adhan,85
cordileone,85
vaccineswork,85
intermarriage,85
hermeneutics,85
congregational,85
nisaa,85
cruciform,85
corinthians,85
pastored,85
avi,85
unknowable,85
kaddish,85
transcendentalists,85
vivekananda,85
nonintervention,85
killallmuslims,85
800th,85
open-,85
whimpers,85
vulgate,85
terrae,85
umbilicus,85
acolyte,85
orthopraxy,85
inviolable,85
aweism,85
inari,85
taisha,85
santeria,85
besotted,85
bergson,85
lovebombed,85
vayechi,85
bareheaded,85
yarmulkes,85
philosophic,85
rabbinate,85
sufis,85
tonights,85
madrassa,85
existentially,85
shitpile,85
rubbles,85
whitefield,85
equalize,85
enclosing,85
confining,85
historicizing,85
balsam,85
postmarked,85
qanta,85
bulling,85
bhagavad,85
rss,85
hedgewar,85
exclusivist,85
brahmagiri,85
triambakeshwar,85
godavari,85
glubb,85
cypriots,85
thankaspiritualmentor,85
scrolls,85
womanists,85
wearisome,85
ptolemy,85
indubitable,85
particularism,85
toldot,85
esav,85
universe(s,85
cohesiveness,85
derecognition,85
nanak,85
shalva,85
wannbe,85
yogananda,85
pertained,85
rbc,85
mikvah,85
irreligious,85
avraham,85
piqu√©,85
ordains,85
spangle,85
tartars,85
mishra,85
fictiveness,85
ashura,85
reicher,85
deeps,85
sandbars,85
oberman,85
sbc,85
hekate,85
hag,85
patroness,85
pharisees,85
renaissances,85
theism,85
detaches,85
zusha,85
muslims4ferguson,85
relatio,85
parini,85
hillsong,85
siddur,85
yarmulke,85
purer,85
80-minute,85
simchat,85
comport,85
dispelled,85
adha,85
barash,85
vicar,85
dunkle,85
shmitta,85
lectionary,85
philippians,85
shinnyo,85
navratri,85
chairperson,85
hineni,85
discipleship,85
coalescing,85
sant'egidio,85
pastafarians,85
shobi,85
dioceses,85
didache,85
jains,85
emulated,85
deuteronomy,85
fallow,85
elul,85
spirituals,85
petzinger,85
ingersoll,85
mystfied,85
assemblies,85
heretical,85
affectional,85
mohels,85
apostacon,85
trungpa,85
souled,85
pluribus,85
unum,85
devarim,85
abbotsford,85
reb,85
zalman,85
kittel,85
atone,85
meriam,85
iamcr,85
hinduphobic,85
storehouse,85
genghis,85
falsify,85
delineations,85
immolated,85
gumshoe,85
bedevils,85
fatalistic,85
hauerwas,85
baha'is,85
badi,85
vahid,85
inerrancy,85
instrinsic,85
ecodharmic,85
dharmic,85
firat,85
demarcating,85
envisage,85
pinchas,85
zimri,85
midianite,85
cozbi,85
jainism,85
thouands,85
trinitarian,85
marylu,85
watteville,85
balak,85
bilam,85
khateebs,85
congruent,85
eyalgiladnaftalimuhammed,85
khdeir,85
qiyaam,85
balaam,85
back2quran,85
fatiha,85
infinities,85
excommunicates,85
mafiosi,85
sangha,85
colachos,85
shamarpa,85
spu,85
recollect,85
jungians,85
thumpers,85
vim,85
umc,85
permissibility,85
shavuot,85
madang,85
sicarii,85
essenes,85
qumran,85
hippolytus,85
josephus,85
zareena,85
grewal,85
tuvia,85
ruebner,85
gfu,85
shmitah,85
avenging,85
seminarian,85
tithers,85
canonizations,85
mandalas,85
meb,85
gregorios,85
yohanna,85
boulos,85
yazigi,85
metropolitans,85
paschal,85
baptizes,85
crucifixions,85
harrowed,85
humanists,85
nones,85
denominations,85
sinned,85
lughnasadh,85
sermons,85
qur'an,85
synod,85
annulments,85
evangelize,85
bonhoeffer,85
excommunication,85
pulpits,85
interreligious,85
israelites,85
shermer,85
gita,85
trottie,85
schachter,85
shalomi,85
purnima,85
theological,80
bishops,79
iftar,74
crucifixion,72
idolatry,70
sainthood,70
ordination,70
pastoral,70
canonization,68
shabbat,68
pharaoh,68
gissendaner,68
pluralism,68
archbishop,66
torah,66
matzah,66
quran,63
diocese,63
pews,63
congregants,63
islamophobes,63
pagans,63
anglican,63
golem,63
merton,63
junipero,63
barakat,63
lds,63
adventists,63
baha'i,63
gospels,63
psychedelics,63
protestants,63
yusor,63
creationism,63
wwjd,63
presbyterians,63
holi,60
scripture,60
imams,60
deacons,60
tabernacle,60
deah,60
hinduism,60
interfaith,56
barros,56
faiths,56
buddhists,56
episcopal,56
samhain,56
bab,56
husayn,56
welby,56
freethinkers,56
bergoglio,56
homily,56
sosa,56
religiosity,56
excommunicated,56
worshipers,56
8),56
devora,56
utoya,56
worldviews,56
hh,56
karmapa,56
papacy,56
squabble,56
norwegians,56
wajahat,56
deans,56
calvary,56
ismaili,56
ul,56
shadi,56
blasphemous,56
multiverse,56
multilingual,56
catholics,54
priests,54
hindus,54
patriarch,53
mainline,53
eid,52
christianity,51
humanist,51
exorcists,51
archdiocese,51
oppress,51
bartholomew,51
shroud,51
razan,51
sinner,51
hashana,51
ramadan,49
judaism,49
resurrection,49
pontiff,49
zionism,48
rabbis,48
presbyterian,48
synagogue,48
aslan,47
hindu,46
mormons,46
francis,46
seminary,46
buddhism,46
synagogues,46
protestant,46
pope,45
prayers,45
clergy,45
theology,44
evangelicals,43
bishop,43
fragment,42
laypeople,42
retellings,42
slander,42
gossiping,42
guerrillas,42
dastardly,42
hisham,42
yasin,42
redeemer,42
obelisk,42
babylon,42
lutheran,42
100s,42
brownface,42
enshrines,42
transgenderism,42
hussain,42
sodomites,42
gomorrah,42
osteen,42
lgbt+,42
antichrist,42
jeffress,42
fruitfully,42
sikhs,42
phonograph,42
brinkmanship,42
zeno,42
migrates,42
mahatma,42
uniformity,42
crook,42
consecration,42
lenten,42
reincarnation,42
flowery,42
stratagem,42
montanans,42
hymn,42
judeo,42
ilhan,42
niqabs,42
disintegrating,42
phe,42
hamel,42
rosary,42
importing,42
lutherans,42
listless,42
presumptively,42
canterbury,42
replenish,42
treatise,42
laetitia,42
disapproves,42
brandishes,42
brigid,42
clerics,42
discerned,42
cloistered,42
100k,42
storey,42
drumbeat,42
stapp,42
berklee,42
excoriating,42
nostra,42
confino,42
monsignor,42
curran,42
borromeo,42
psychoactive,42
fistful,42
cmdr,42
godparent,42
aylan,42
flattens,42
translations,42
deity,42
reema,42
memorialized,42
blase,42
cruces,42
minnetonka,42
hyderabad,42
leftward,42
paraguay,42
thundered,42
natures,42
dogmas,42
blithely,42
machetes,42
rebuttals,42
a.m.e,42
itinerant,42
latif,42
unopened,42
emigration,42
harmonium,42
camino,42
seton,42
rightist,42
clearheaded,42
zag,42
defrocked,42
pensive,42
sardonic,42
bayou,42
nusantara,42
enshrining,42
removals,42
broadest,42
vero,42
popemobile,42
jeffs,42
canonical,42
farris,42
templeton,42
unimpeachable,42
unitarian,42
landau,42
pathos,42
sarajevo,42
ordained,42
voicelessness,42
penitent,42
soldiering,42
salvatore,42
illusive,42
rouser,42
belsen,42
godparenting,42
vedic,42
atheism,42
embers,42
theists,42
wails,42
replicates,42
linguistically,42
finitude,42
reinvigorating,42
raga,42
verdicts,42
ringers,42
fundamentalism,42
redemptive,42
bounteous,42
tackiest,42
mandala,42
discernment,42
alms,42
sikhism,42
tolerates,42
tatars,42
pankaj,42
weft,42
shoah,42
dissipating,42
nkotb,42
wristband,42
seminarians,42
parishes,42
godlessness,42
phenomenons,42
nonhuman,42
raptured,42
brantly,42
hesitations,42
missionaries,42
patriarchs,42
liveliest,42
aflame,42
tangibility,42
liturgy,42
apolitical,42
greenbelt,42
eucharist,42
literalism,42
superorganism,42
propulsive,42
peacemaking,42
transgress,42
palpably,42
seva,42
breakdancing,42
hirsi,42
strove,42
agression,42
unpleasantness,42
jesuit,42
magdalene,42
defaced,42
asserting,42
passages,42
pluralistic,42
barth,42
fundamentalists,42
diffused,42
cardinal,41
christians,40
catholic,40
pastors,40
nuns,39
atheist,39
communion,39
monks,39
vatican,38
prophet,38
buddhist,38
worship,38
congregations,38
celibacy,38
priest,37
nun,37
sikh,37
islamophobia,36
evangelical,36
prophets,36
divinity,36
congruence,36
religion,36
meditations,36
rabbi,35
christ,35
sect,35
hajj,35
preaching,35
maintaining,34
jesus,34
papal,34
descendant,34
faustian,34
nabra,34
hassanen,34
allah,34
catholicism,34
warmonger,34
deplore,34
atheists,34
blesses,34
crucified,34
nineteenth,34
scriptures,34
denomination,34
judas,34
tarot,34
islamophobe,34
multitudes,34
orthodox,33
rosh,33
church,32
righteousness,32
pagan,32
ye,32
driscoll,32
moses,31
reza,31
faithfully,31
chaplains,31
orthodoxy,31
mormon,30
headscarf,30
reformation,30
religions,30
bible,29
jews,29
murfreesboro,28
genuflect,28
victimizing,28
doctrines,28
nazareth,28
liberalization,28
prayer,28
sobibor,28
worshippers,28
allahu,28
denominational,28
yad,28
vashem,28
postmortem,28
ur,28
benham,28
obeying,28
girlhood,28
sodom,28
hippy,28
lamentable,28
burqa,28
amoral,28
demoralization,28
fatherless,28
destitute,28
hyphenated,28
resonances,28
preachers,28
rida,28
koran,28
cloisters,28
democratizing,28
collin,28
sarsour,28
ascribed,28
turbans,28
renounces,28
huang,28
sacrament,28
jakes,28
bombardments,28
reiterate,28
warmongering,28
readmitted,28
zainab,28
gutters,28
imploring,28
murrow,28
multiculturalism,28
competently,28
papyrus,28
intertwine,28
apostolic,28
unnerved,28
alexia,28
kirill,28
indices,28
nacht,28
urn,28
dreidels,28
farcical,28
piecemeal,28
missionary,28
ayahuasca,28
annulment,28
parishioners,28
gretta,28
margie,28
conversions,28
bentz,28
watchmen,28
baptized,28
norte,28
jehovah,28
chided,28
spaniard,28
heschel,28
brethren,28
primacy,28
idealize,28
gaffigan,28
emptier,28
adventist,28
sacrilegious,28
lagniappe,28
subtitle,28
carte,28
entwined,28
mists,28
betterment,28
rejoiced,28
glories,28
congregation,28
abstractions,28
grating,28
marginalizing,28
hanif,28
rabble,28
propagate,28
francophile,28
modules,28
unwrapping,28
rededicating,28
menorahs,28
outcast,28
ascertain,28
zamperini,28
conclave,28
melrose,28
pricks,28
restlessness,28
sociocultural,28
cajoled,28
churned,28
accomplishes,28
demographers,28
elisabetta,28
shmuley,28
boteach,28
crimean,28
discredits,28
riverboat,28
cackling,28
undergraduates,28
sufferings,28
brookings,28
babylonian,28
meteoric,28
schwerner,28
dehumanized,28
bated,28
characteristically,28
celibate,28
smugly,28
weaponize,28
assuredly,28
ibrahim,28
resided,28
heartbreaker,28
pushers,28
probabilities,28
allegiances,28
taoist,28
proselytizing,28
jester,28
conformist,28
dass,28
apologist,28
jayce,28
unlearning,28
antisemitism,28
flapping,28
popes,28
paintball,28
whitacre,28
discreetly,28
priesthood,28
hells,28
faith,28
christian,27
chaplain,27
baptist,27
gospel,27
religious,27
god,27
methodist,26
hashanah,26
turban,26
spiritual,26
repent,25
dawkins,25
preached,25
apostle,25
cathedral,25
churches,24
megachurch,24
yom,24
blaine,24
equivalence,24
tedx,24
gibran,24
shalom,24
baptism,24
reclamation,24
hamid,24
vocation,24
proofing,24
sincerity,24
islam,24
teachings,24
mitzvah,23
mosques,23
fasting,23
pastor,23
secular,23
stewardship,23
sabbath,23
monastery,23
nonviolence,23
xvi,23
affliction,23
preacher,23
spirituality,22
pilgrims,22
biblical,22
lama,22
muslims,22
jewish,22
mindful,21
emeritus,21
trenton,21
stitched,21
summoning,21
kaur,21
lourdes,21
venn,21
sendoff,21
perp,21
kippur,21
ku,21
cair,21
conform,21
bloodthirsty,21
ismail,21
intersectionality,21
recitation,21
hijabi,21
ledell,21
immigrating,21
banal,21
ersatz,21
irrationally,21
conniving,21
descends,21
ascendance,21
vector,21
alienates,21
burqas,21
covington,21
lakshmi,21
auschwitz,21
singling,21
proprietor,21
tierra,21
exhortation,21
bathwater,21
tartan,21
lonesome,21
juarez,21
binds,21
strongmen,21
descriptive,21
refrained,21
retell,21
venti,21
sanjay,21
brokenness,21
rocca,21
principally,21
onetime,21
reba,21
94-year,21
stabilizing,21
grieved,21
antagonize,21
ouija,21
vaudeville,21
corona,21
unblemished,21
persia,21
laudato,21
haberman,21
byzantine,21
creflo,21
sanitize,21
fallible,21
elasticity,21
doers,21
reorient,21
lakota,21
evangelism,21
forwarding,21
unsanctioned,21
birnbaum,21
toto,21
pathologically,21
spartans,21
euphemism,21
harmoniously,21
sociological,21
sacrificial,21
resurrected,21
coalitions,21
catered,21
transcendence,21
rabbinic,21
integrates,21
decompress,21
ethnically,21
nullified,21
genesis,21
robins,21
sufi,21
protestor,21
houseplant,21
campaigner,21
mannerisms,21
uplifted,21
gaudy,21
piety,21
weil,21
misreading,21
covenant,21
diminutive,21
radiated,21
paddling,21
unclean,21
immeasurably,21
glutton,21
suburbanites,21
rapture,21
unambiguous,21
tribulation,21
reclaims,21
endorphin,21
convicting,21
archeologists,21
bawdy,21
reinstates,21
fanaticism,21
timelines,21
blared,21
antagonistic,21
steinberg,21
manuscripts,21
omit,21
unexamined,21
othering,21
ganges,21
forties,21
leasing,21
godly,21
getter,21
necessitate,21
exaggerate,21
troublemaker,21
disobedience,21
faithful,21
fallacy,21
desmond,21
imam,21
coexist,21
lancet,21
hebrew,21
almighty,21
deeds,20
transcript,20
sin,20
pilgrimage,20
hijab,20
contemplation,20
evangelist,20
pulpit,20
callous,20
vandals,20
rejoicing,20
dismissive,20
sermon,19
jew,19
jihad,19
misrepresented,19
burrell,19
convert,19
installs,19
dismayed,19
unbridled,19
administered,19
atrocity,19
martyrs,19
corpses,19
commandment,19
beams,19
preaches,19
obligatory,19
apathetic,19
respectability,19
mosque,19
muslim,18
dolan,18
reverend,18
blasphemy,18
evils,18
dalai,18
nativity,18
unapologetically,18
religiously,18
semitism,18
praying,18
lent,17
niqab,17
bernadette,17
vandalize,17
vocally,17
akbar,17
jdate,17
earnestly,17
gerson,17
microcosm,17
fatima,17
‚Äì,17
wringing,17
auburn,17
flocks,17
mustafa,17
rashid,17
maniac,17
thermometer,17
islamophobic,17
üôè,17
dissipate,17
laker,17
comma,17
neurologist,17
trimmings,17
alluded,17
revitalized,17
calcutta,17
desolation,17
merciful,17
tibetan,17
metamorphosis,17
vlogger,17
dominion,17
omitted,17
bradbury,17
malevolent,17
shabaab,17
calligraphy,17
egregiously,17
rampages,17
deprives,17
parkway,17
scalpers,17
kurdi,17
jain,17
dade,17
stamping,17
cortes,17
flashlight,17
meditates,17
forgave,17
ecstasy,17
fosters,17
tenderness,17
devotional,17
receptionist,17
wimpy,17
comforter,17
bosnian,17
sanctimonious,17
unbalanced,17
gratefully,17
interdependent,17
fixe,17
aggravation,17
uncontroversial,17
rosebud,17
intersections,17
homeboy,17
anathema,17
narnia,17
pawns,17
modernizing,17
worships,17
stringent,17
sameness,17
devout,17
fruitful,17
nauseating,17
whiteboard,17
subside,17
deacon,17
prophecies,17
salaam,17
stardust,17
kwanzaa,17
sows,17
holiness,17
tormented,17
batches,17
backtracked,17
characterization,17
voyeuristic,17
crowdfunded,17
nostril,17
rudder,17
mobs,17
misperceptions,17
alleys,17
omnipotent,17
unlovable,17
inscription,17
firemen,17
gracing,17
chaney,17
hovered,17
donne,17
idf,17
traditionalist,17
excavation,17
converging,17
sutra,17
postmodern,17
perish,17
kaya,17
legitimizing,17
pertinent,17
kidnappers,17
quadrennial,17
christi,17
roomful,17
modifying,17
tepid,17
vacillating,17
godless,17
duplicate,17
livestreamed,17
signifies,17
saturdays,17
doctrine,16
rev,16
witches,16
parish,16
tutu,16
relics,16
sins,16
litany,15
affront,15
atonement,15
sideshow,15
wept,15
abiding,15
afflicted,15
thy,15
mongering,15
nadia,15
mubarak,15
stench,15
prophecy,15
genders,15
prejudiced,15
prophetic,15
cathedrals,15
mariota,15
redemption,15
temple,15
contemplative,15
circumcision,15
divestment,15
moderates,15
meditation,15
interpretations,15
bolivia,15
bae,15
salvation,15
mckinley,14
vandalizing,14
devotees,14
coverup,14
satanic,14
pedophile,14
hijacks,14
hypocrites,14
byu,14
veered,14
impotence,14
conceptions,14
cull,14
affirming,14
coalesce,14
profane,14
overshadows,14
trudy,14
composting,14
oriental,14
wreaths,14
shepherds,14
purim,14
parlor,14
mahershala,14
telegram,14
staunchest,14
colonization,14
unwrapped,14
youtuber,14
burkini,14
bangladeshi,14
artifact,14
mecca,14
convent,14
enlighten,14
representations,14
ibtihaj,14
displacing,14
priestly,14
uncharacteristically,14
alana,14
contreras,14
forsaken,14
sweeten,14
brant,14
sinful,14
socialize,14
watchman,14
imperialism,14
denunciation,14
invoking,14
persecute,14
contingent,14
disproven,14
multiracial,14
victimhood,14
invades,14
wrath,14
endangers,14
allan,14
phoned,14
espoused,14
88th,14
scrubbed,14
commends,14
restraints,14
follower,14
writings,14
intolerable,14
throwaway,14
delving,14
distill,14
humorist,14
introspective,14
compulsory,14
jug,14
query,14
selflessly,14
frighten,14
assassins,14
dignified,14
exclusivity,14
toil,14
hospitable,14
terrors,14
bloomington,14
pitting,14
rededicate,14
wwi,14
rectal,14
astute,14
tawdry,14
ethel,14
resolves,14
bespoke,14
tolstoy,14
infomercial,14
erasure,14
prejudicial,14
coals,14
omni,14
unmanageable,14
pamphlets,14
permissive,14
instruct,14
alienation,14
devolved,14
imitated,14
fledgling,14
ether,14
politicized,14
demonic,14
lsd,14
mortician,14
dietrich,14
consolation,14
abhorrent,14
modernity,14
pronoun,14
sorrentino,14
adherents,14
mclaren,14
thumping,14
congratulated,14
aristocracy,14
befriended,14
pray,14
passover,14
believers,14
seder,14
fundamentalist,13
messiah,13
benedict,13
chilean,13
muhammad,13
holy,13
nanjiani,13
intolerant,13
satan,13
holiest,13
ambiguity,13
marginal,13
prohibited,13
spiritually,13
savior,13
commandments,13
distribute,13
decry,13
traitor,13
amish,13
glimmer,13
impractical,13
chapel,13
chattanooga,13
medieval,13
intertwined,13
oppressed,13
sacred,13
daily,13
ministers,13
eternity,13
burial,13
exodus,12
altar,12
reflection,12
demoted,12
dilute,12
presided,12
radicalism,12
karolina,12
handcrafted,12
worshipped,12
shying,12
nailing,12
trifecta,12
romans,12
diwali,12
86-year,12
circuses,12
friendlier,12
retelling,12
flourished,12
socialists,12
devilish,12
whispering,12
boxers,12
vitally,12
veils,12
scapegoats,12
martyr,12
federico,12
lombardi,12
compassionately,12
entrusted,12
animator,12
langston,12
similarity,12
subset,12
obscured,12
token,12
bataclan,12
presiding,12
emory,12
methodically,12
concluding,12
unison,12
calais,12
excesses,12
slum,12
foreshadows,12
afflict,12
ame,12
abolition,12
magistrate,12
duggars,12
commenting,12
behooves,12
auspicious,12
mocktails,12
churchgoers,12
polarization,12
disciples,12
inquiring,12
ida,12
earthly,12
prologue,12
nimoy,12
nostrils,12
xlix,12
gratefulness,12
ezekiel,12
navel,12
ilk,12
erroneous,12
ideologically,12
inflame,12
quotation,12
trite,12
yearnings,12
handel,12
separatist,12
precedents,12
dilapidated,12
reactionary,12
mover,12
cohorts,12
berate,12
objectivity,12
wretched,12
ministries,12
deconstruction,12
wreaked,12
budge,12
pervert,12
dialogues,12
liberian,12
titus,12
graph,12
campers,12
expendable,12
unloved,12
hellish,12
unholy,12
staunchly,12
casket,12
clothed,12
pedophiles,12
idolized,12
muhammed,12
booklet,12
corpus,12
divesting,12
captives,12
renounce,12
mending,12
emergent,12
manicured,12
purged,12
emptied,12
preach,12
saints,12
mercy,12
scholar,12
denounces,12
stampede,12
intellectually,12
renewing,12
ministry,12
awakening,11
appropriation,11
servant,11
peoples,11
teresa,11
encompassing,11
geller,11
idealistic,11
verses,11
permitted,11
taiwanese,11
skewed,11
multiply,11
sabbatical,11
lord,11
bless,11
righteous,11
reconstruction,11
scorsese,11
symbolism,11
farther,11
tomb,11
biography,11
bigotry,11
semitic,11
patterson,11
gandhi,11
diagram,11
obit,11
greeting,11
schoolchildren,11
hashtags,11
subjugation,11
provocation,11
frailty,11
iffy,11
fervently,11
coercion,11
transcending,11
choir,11
concealing,11
harboring,11
commands,11
jointly,11
exorcist,11
otherworldly,11
reaffirm,11
oxytocin,11
keenly,11
compels,11
grenades,11
sanitation,11
augmented,11
unspeakable,11
outpouring,11
scapegoating,11
negligent,11
internalize,11
chews,11
lucifer,11
dissolves,11
decries,11
ciudad,11
railed,11
shined,11
legitimize,11
transpired,11
adoration,11
rebuked,11
rescinds,11
sacks,11
shaman,11
succumbed,11
conquest,11
aimee,11
encyclical,11
disarm,11
vilify,11
degradation,11
passersby,11
trance,11
sequester,11
flanders,11
compositions,11
hartford,11
sifting,11
jihadism,11
clutching,11
confrontations,11
unstuck,11
freedoms,11
lefty,11
grapple,11
retains,11
clauses,11
ewan,11
suis,11
romero,11
exemptions,11
defiantly,11
incredulous,11
hydration,11
yule,11
observance,11
dissidents,11
objectification,11
academia,11
gentler,11
regularity,11
deepened,11
hasidic,11
teeming,11
ramon,11
immortality,11
bulletin,11
fasts,11
intellectualism,11
instilling,11
mobilization,11
transgressions,11
complicates,11
brouhaha,11
concentrations,11
torturing,11
epiphany,11
extremist,10
reconciliation,10
awareness,10
oppression,10
burke,10
ahmed,10
vandalism,10
condemns,10
artifacts,10
divine,10
holocaust,10
murderer,10
brownback,10
respectfully,10
maligned,10
arabic,10
fellowship,10
identification,10
discharged,10
swastika,10
simplistic,10
weiss,10
yazidis,10
unending,10
intervene,10
bale,10
advent,10
arson,10
enact,10
souls,10
robertson,10
supremacy,10
graffiti,10
indigenous,10
appalled,9
forbidden,9
relates,9
staunch,9
enveloped,9
inflicting,9
brigham,9
hebdo,9
boisterous,9
freezes,9
palatable,9
mechanic,9
maneuvering,9
favorably,9
scarred,9
editorials,9
subvert,9
databases,9
filth,9
dispatched,9
australians,9
commemorative,9
rationalize,9
unrecognized,9
discriminating,9
narratives,9
mi,9
mazel,9
contraceptives,9
hereditary,9
councilwoman,9
rsvp,9
topple,9
wheelchairs,9
evoked,9
sanskrit,9
zionist,9
dyer,9
appoint,9
delicately,9
waded,9
unreliable,9
nix,9
si,9
ideologies,9
kindred,9
ark,9
protectors,9
ecology,9
overarching,9
paradoxes,9
criminalization,9
comforted,9
empathize,9
midwives,9
truism,9
turin,9
proceeding,9
oversees,9
mandates,9
dissenters,9
enamored,9
isaiah,9
uncomplicated,9
dehumanizing,9
christmastime,9
raj,9
possessed,9
confidentiality,9
hobby,9
saddam,9
untenable,9
buries,9
goddesses,9
unfazed,9
mosaics,9
politicize,9
monasteries,9
bereavement,9
sitters,9
ironman,9
dawned,9
customary,9
unification,9
wholeness,9
establishes,9
heartstrings,9
contexts,9
critiquing,9
umpires,9
hatred,9
saint,9
shepherd,9
nonviolent,9
translation,9
pondering,9
apartheid,9
philadelphia,9
texts,9
trumpism,9
inventory,9
improbable,9
impassioned,9
daydream,9
exemption,9
murderers,9
creeps,9
liu,9
biologist,9
emanuel,9
hopeless,9
pew,9
marginalized,9
practice,9
franklin,9
liberty,9
diversify,8
gram,8
sutherland,8
nots,8
klux,8
angels,8
schism,8
strewn,8
materialistic,8
intersectional,8
surname,8
unease,8
pigeons,8
winged,8
narrated,8
divisiveness,8
grieves,8
proclaims,8
jabbar,8
selects,8
revitalize,8
carefree,8
sustenance,8
weakest,8
bandits,8
exceedingly,8
illegitimate,8
prism,8
skeletal,8
terrace,8
10k,8
unfiltered,8
exorcism,8
raged,8
gathers,8
communal,8
trespassing,8
ridiculed,8
prayed,8
surrendering,8
khalid,8
optimization,8
ancestor,8
illegals,8
zig,8
virgins,8
regained,8
wherein,8
intellect,8
marginalization,8
rendered,8
picturing,8
voldemort,8
heighten,8
mafia,8
cloak,8
affords,8
mackenzie,8
repellent,8
purging,8
coptic,8
terrorizing,8
providence,8
newsrooms,8
enterprises,8
betray,8
stockings,8
cortez,8
officiating,8
strapping,8
braun,8
bravado,8
quartet,8
mcguire,8
clearest,8
endangerment,8
shallow,8
unearth,8
dickens,8
interfered,8
repurpose,8
subprime,8
thankfulness,8
sherlock,8
tao,8
envisioning,8
anchored,8
prays,8
rockstar,8
kidnappings,8
morally,8
tolerance,8
hateful,8
hanukkah,8
dominican,8
strengthens,8
missions,8
joyous,8
ecstatic,8
attributed,8
seeker,8
undermined,8
swirling,8
vest,8
pillars,8
assertion,8
beliefs,8
islamic,8
seventh,8
jerusalem,8
louisville,8
buddha,8
dignity,8
monument,8
easter,8
paige,8
vandalized,8
upholding,8
condemning,8
zeal,8
psyches,8
consolidation,8
hedges,8
displacement,8
universit√©,8
hallowed,8
bowed,8
memoriam,8
mistrust,8
tatiana,8
500th,8
cradle,8
pleading,8
haitian,8
outlawed,8
constellation,8
tagged,8
sheltered,8
drowns,8
kaleidoscope,8
exporting,8
felines,8
disapprove,8
encountering,8
customize,8
29th,8
malloy,8
weber,8
tickle,8
repaired,8
discretion,8
meticulously,8
busier,8
blessing,8
80-year,8
clamoring,8
trappings,8
spilling,8
boldly,8
gehry,8
presumption,8
brass,8
sightings,8
indebted,8
proclaiming,8
sweetly,8
reigned,8
instructive,8
woefully,8
skeptic,8
replay,8
unimportant,8
undertake,8
caged,8
pushback,8
frontiers,8
embodiment,8
gunning,8
carta,8
cowards,8
confines,8
overview,8
abundantly,8
wan,8
shrouded,8
sistine,8
distortion,8
warp,8
harsher,8
demolished,8
criminalize,8
unsee,8
argentinian,8
oblivious,8
revolves,8
presume,8
theorists,8
clicked,8
himalayan,8
trinity,8
e.g.,8
enriched,8
biennial,8
reimagining,8
technologically,8
commons,8
paolo,8
inciting,8
restart,8
solidarity,8
charleston,8
persecution,8
remembrance,7
believer,7
xenophobia,7
harmony,7
denounce,7
framed,7
cite,7
discerning,7
faculty,7
craziness,7
oppressive,7
indianapolis,7
oslo,7
wilderness,7
waning,7
moral,7
abu,7
dazzling,7
rome,7
forgiveness,7
dwight,7
stout,7
defenseless,7
singh,7
frankfurt,7
kumail,7
detectives,7
faction,7
kessler,7
shrunk,7
summoned,7
hoopla,7
katz,7
manuscript,7
mats,7
chanukah,7
rang,7
slaughterhouse,7
vile,7
rulers,7
schneider,7
disenfranchised,7
consisting,7
snagged,7
drifting,7
sherri,7
noor,7
thugs,7
throngs,7
regaining,7
infect,7
whomever,7
foundations,7
dichotomy,7
littlest,7
everlasting,7
reverence,7
voiceless,7
wartime,7
matrix,7
doubting,7
cleansing,7
companionship,7
purity,7
mourners,7
westboro,7
amendments,7
continuum,7
courageously,7
joplin,7
goldfish,7
mortals,7
yuletide,7
homosexual,7
feisty,7
connectedness,7
tapestry,7
stigmatize,7
rites,7
revoke,7
funerals,7
exhibited,7
liberalism,7
profanity,7
designate,7
underestimating,7
revise,7
rockin,7
inhabitants,7
finalizing,7
sighted,7
gods,7
devotion,7
guru,7
arabs,7
mankind,7
1st,7
cursing,7
corrections,7
disagreement,7
goddess,7
revered,7
wholly,7
vain,7
commissioned,7
scholars,7
giver,7
wannabe,7
evolutionary,7
occupation,7
israeli,7
decried,7
velasquez,7
contradicts,7
harms,7
csi,7
embodied,7
sustain,7
stemming,7
pell,7
dripping,7
fling,7
undiscovered,7
piss,7
simmering,7
rutgers,7
harshly,7
waged,7
diner,7
animosity,7
lullaby,7
kareem,7
mantra,7
exempt,7
amos,7
diligent,7
colonialism,7
knack,7
depicted,7
fiat,7
exemplified,7
replica,7
grenade,7
rebuilding,7
abysmal,7
helpers,7
cary,7
dharma,7
embarking,7
ranges,7
torched,7
humbly,7
parsley,7
intangible,7
pioneered,7
traced,7
sighting,7
bookshelf,7
ned,7
acclaim,7
prix,7
enslaved,7
egyptians,7
chapters,7
infiltrate,7
annoy,7
aunts,7
premarital,7
ids,7
inevitability,7
catalyst,7
magna,7
saddened,7
inspection,7
orgy,7
euphoria,7
summons,7
interpreting,7
countering,7
trustees,7
unfathomable,7
pondered,7
audacity,7
conducts,7
extraterrestrial,7
demagogues,7
astronomy,7
whitewash,7
durham,7
unabashedly,7
workaholic,7
souvenirs,7
hallelujah,7
erases,7
ideology,6
civic,6
tradition,6
podcast,6
pub,6
ash,6
hope,6
gunned,6
reserves,6
risen,6
blessings,6
peacefully,6
arises,6
bounds,6
ramos,6
completing,6
evil,6
exploitation,6
trusting,6
systemic,6
sisters,6
problematic,6
mlk,6
yale,6
murdered,6
migrant,6
ritual,6
relic,6
wrestle,6
consists,6
caffeinated,6
anomaly,6
termination,6
celtic,6
confinement,6
diploma,6
regretted,6
selfless,6
reclaiming,6
geography,6
maritime,6
valuing,6
jargon,6
absurdly,6
gerald,6
rebukes,6
consumerism,6
islamist,6
stained,6
patron,6
punishing,6
mater,6
innate,6
verse,6
erosion,6
paraphrase,6
unkind,6
exile,6
100th,6
sinai,6
redeem,6
visibly,6
balkans,6
faults,6
leelah,6
kai,6
favoring,6
amassed,6
precursor,6
grapples,6
unregulated,6
caveat,6
logs,6
kilometers,6
unbroken,6
summary,6
polarized,6
restriction,6
softer,6
retrospect,6
interpersonal,6
unlocked,6
stripe,6
beheaded,6
rhapsody,6
shunned,6
demolition,6
acutely,6
characterize,6
cricket,6
worldview,6
currents,6
herpes,6
shiite,6
capitalists,6
medics,6
granny,6
instructional,6
excessively,6
uniting,6
acknowledgement,6
ram,6
riverside,6
lawns,6
deteriorating,6
periodic,6
legitimately,6
ascent,6
radical,6
reflecting,6
lobby,6
protesting,6
critique,6
hospitality,6
morality,6
bennett,6
responding,6
ethnic,6
freedom,6
ethic,6
occurring,6
dorothy,6
grappling,6
breeds,6
guatemala,6
instrument,6
tyranny,6
belonging,6
dedicate,6
personal,6
gays,6
needless,6
reeling,6
welcoming,6
muses,6
womb,6
thurman,6
pendant,6
marin,6
forensic,6
chainsaw,6
ideals,6
consisted,6
autonomy,6
commemorate,6
apocalyptic,6
condone,6
partisanship,6
chord,6
abandonment,6
electors,6
brutally,6
swastikas,6
beastie,6
mobilizing,6
bulgaria,6
tightens,6
asserts,6
strut,6
michelangelo,6
jorge,6
realizes,6
yells,6
quarterly,6
derailed,6
impart,6
nook,6
ancestral,6
paddle,6
billing,6
grounding,6
mogadishu,6
methodology,6
appreciative,6
unwillingness,6
prevail,6
validity,6
deb,6
vivid,6
kathmandu,6
devils,6
garb,6
morals,6
invoke,6
informative,6
institutionalized,6
orchestrated,6
immoral,6
unquestionably,6
ransom,6
worldly,6
serbia,6
correcting,6
vigils,6
donny,6
toning,6
depriving,6
spikes,6
reinforces,6
conformity,6
creep,6
momentary,6
unfulfilled,6
untold,6
derogatory,6
hotly,6
intensifying,6
energies,6
piper,6
centre,6
seeming,6
benevolent,6
despise,6
unaccompanied,6
framing,6
crossover,6
triathlon,6
nantucket,6
pta,6
worthless,6
cultivate,6
humanity,6
traditions,6
fringe,6
betrayal,6
alternate,6
devil,5
envoy,5
allegiance,5
condemned,5
principles,5
unfold,5
subscription,5
rooting,5
bi,5
u.s.a,5
impulse,5
justified,5
placing,5
graham,5
ancient,5
confronting,5
slaves,5
blessed,5
sneaker,5
bernard,5
render,5
imperil,5
durbin,5
inter,5
gazing,5
hater,5
resurfaced,5
esther,5
plagues,5
overshadowed,5
grotesque,5
guam,5
rationale,5
publicist,5
millennia,5
kneel,5
momma,5
bystander,5
cleric,5
temptations,5
furor,5
losers,5
unthinkable,5
stunted,5
reviving,5
peeling,5
swung,5
preceded,5
elder,5
pt,5
engages,5
taboos,5
dzhokhar,5
dictated,5
transformational,5
tempted,5
foresight,5
finn,5
rattle,5
extradition,5
guise,5
veiled,5
beheading,5
discourse,5
vaccinate,5
flashy,5
unwavering,5
ribbon,5
principled,5
overblown,5
cal,5
powerlessness,5
lantern,5
transitions,5
interestingly,5
uninvited,5
revel,5
cheek,5
sunni,5
sewage,5
boundary,5
eradicated,5
cleanup,5
fanatics,5
bowe,5
photobombs,5
childless,5
activate,5
capability,5
vigilance,5
rite,5
mortality,5
followers,5
forgive,5
exclusion,5
virtue,5
privileged,5
reject,5
recovering,5
giveaway,5
hemisphere,5
testament,5
hurricanes,5
philly,5
profiles,5
restoration,5
lure,5
gaza,5
declaration,5
intolerance,5
rituals,5
abraham,5
welcomes,5
solemn,5
poignant,5
proclaim,5
treacherous,5
unite,5
sundays,5
twisting,5
persistence,5
denis,5
cemeteries,5
activism,5
assailant,5
humbled,5
refreshingly,5
heckler,5
pillar,5
urgent,5
robbins,5
wield,5
accompanied,5
bikers,5
splendor,5
baywatch,5
ave,5
soulful,5
doubted,5
boxed,5
extremism,5
kaufman,5
conceal,5
tolerated,5
wesley,5
elects,5
rosen,5
disparaging,5
canary,5
sculptor,5
cardiac,5
malls,5
tidy,5
turbulent,5
enriching,5
incest,5
restores,5
angers,5
defenses,5
insatiable,5
snatched,5
indirectly,5
osmond,5
mortal,5
aversion,5
bethlehem,5
frantic,5
socio,5
calendars,5
deporting,5
cliche,5
erode,5
agendas,5
hussein,5
willie,5
harvesting,5
immersive,5
shredded,5
dismissing,5
collegiate,5
affirm,5
upped,5
fetched,5
consulted,5
abstinence,5
stupidity,5
kaplan,5
softly,5
mourn,5
principle,5
embraced,5
conscience,5
darkness,5
mass,5
latin,5
terrorist,5
shook,5
confess,5
cardinals,5
bleak,5
merely,5
fraught,5
serene,5
deportations,5
salvador,5
mohamed,5
cecil,5
dylann,5
woven,5
24-year,5
fry,5
contempt,5
urged,5
teaches,5
neglected,5
ranging,5
unity,5
leaders,5
ravi,5
bigoted,5
designation,5
disrespectful,5
puzzled,5
klan,5
nuke,5
archaic,5
reflections,5
vitriol,5
affinity,5
soared,5
bearded,5
observation,5
subversive,5
goodness,5
inferior,5
icing,5
oust,5
radicalized,5
homosexuals,5
outlines,5
permit,5
pedophilia,5
striving,5
operated,5
counselors,5
relevance,5
bicycles,5
chanted,5
compass,5
flourishing,5
alcoholics,5
embarked,5
contentment,5
sucking,5
amaze,5
tsarnaev,5
existent,5
humbling,5
meatball,5
curing,5
thinly,5
halo,5
obligated,5
wiped,5
bergen,5
novelist,5
emerson,5
sisterhood,5
savannah,5
depictions,5
commemoration,5
closures,5
sectarian,5
reclaimed,5
dwindling,5
gears,5
weeping,5
objections,5
demons,5
championing,5
impoverished,5
fervor,5
heavens,5
restorative,5
articulate,5
neighbors,5
o'reilly,5
observe,5
prejudice,5
mourning,5
dialogue,5
oppose,5
gourmet,5
enemies,5
installation,5
identities,5
overturn,5
freeman,5
infused,5
pony,5
intricate,5
tribal,5
patriot,5
peace,5
injustice,5
serve,5
sentiment,5
arriving,5
forgetting,5
houses,5
rooted,5
stereotypes,5
palestinians,4
resignation,4
christmas,4
uttered,4
sorting,4
digitally,4
bracelets,4
sacrifices,4
hmmm,4
cynicism,4
originated,4
internment,4
jacques,4
listeners,4
xavier,4
printer,4
joanna,4
correctional,4
33-year,4
likened,4
headspace,4
petitions,4
lends,4
frugal,4
somalia,4
makeshift,4
tranquility,4
indulging,4
reinforced,4
debunk,4
intrigued,4
contemplating,4
significance,4
raymond,4
confidently,4
suburbs,4
mosaic,4
rave,4
outburst,4
commanding,4
herald,4
motto,4
maynard,4
instructed,4
deepen,4
intensifies,4
lingers,4
infuriating,4
servants,4
unconscionable,4
humiliation,4
marble,4
disputed,4
carroll,4
appoints,4
trustworthy,4
executing,4
implicit,4
spiraling,4
cristina,4
belong,4
clashes,4
practiced,4
israel,4
acts,4
witness,4
joseph,4
progressive,4
trending,4
seekers,4
privilege,4
wwii,4
embraces,4
pakistan,4
exposing,4
9th,4
opted,4
nightly,4
murdering,4
enlightened,4
explores,4
ashes,4
shamed,4
greet,4
converted,4
humility,4
soothing,4
vigilant,4
senseless,4
angle,4
anticipate,4
deepak,4
forgiving,4
imaginary,4
contraception,4
beings,4
abuse,4
insisted,4
strict,4
karma,4
neighbor,4
conservatives,4
mary,4
ouster,4
improper,4
naive,4
breyer,4
hesitate,4
thinker,4
statistical,4
denouncing,4
richness,4
deliberate,4
commentators,4
relying,4
rodeo,4
mortar,4
patiently,4
semester,4
shovel,4
paranoia,4
vent,4
awfully,4
seductive,4
rigid,4
binding,4
captivated,4
brat,4
erupted,4
damascus,4
awkwardness,4
spirited,4
transcends,4
coward,4
feminists,4
huckabee,4
visceral,4
lingering,4
devote,4
safest,4
stones,4
distinction,4
150th,4
droves,4
slippery,4
deed,4
imposes,4
arbitrary,4
explicitly,4
forging,4
forbid,4
afterwards,4
interaction,4
evidently,4
heinous,4
womanhood,4
repercussions,4
echoed,4
objectively,4
birthright,4
complement,4
tucson,4
portrays,4
baseless,4
statewide,4
miniseries,4
interpreted,4
ali,4
prominent,4
registry,4
extensive,4
founded,4
sanctuary,4
lennon,4
martinez,4
buses,4
abby,4
vader,4
ethical,4
statue,4
luther,4
western,4
appointments,4
handshake,4
lighthouse,4
imaginative,4
abusing,4
presumably,4
characterized,4
‚Äù,4
unmarried,4
isla,4
spells,4
issuing,4
frontal,4
recruiting,4
fearlessness,4
peeps,4
neurosurgeon,4
tattoos,4
sunsets,4
hypocritical,4
sailors,4
rehabilitation,4
shotgun,4
offenses,4
harmonious,4
civilized,4
transactions,4
rescind,4
remarried,4
applauded,4
strands,4
excruciating,4
indonesian,4
earthy,4
unorthodox,4
ecological,4
commonplace,4
relating,4
finite,4
resounding,4
blasting,4
inclusivity,4
caliphate,4
prevailing,4
dictates,4
sleepover,4
immerse,4
awe,4
elsewhere,4
creation,4
centuries,4
roman,4
description,4
despair,4
german,4
balancing,4
e.,4
gathering,4
executed,4
forth,4
leaning,4
nationalism,4
violates,4
rallying,4
cemetery,4
uphold,4
nonetheless,4
migration,4
footsteps,4
values,4
approaches,4
considers,4
pledged,4
wounds,4
palestinian,4
humor,4
behaving,4
taboo,4
ping,4
inform,4
sovereign,4
butler,4
mann,4
fled,4
outraged,4
foes,4
mythical,4
beards,4
concentration,4
absurdity,4
shui,4
circulating,4
snowball,4
eerily,4
hoodie,4
phyllis,4
doomsday,4
hoverboard,4
winters,4
explosives,4
grips,4
tibet,4
elvis,4
disdain,4
destined,4
manhood,4
fades,4
enormously,4
defect,4
premise,4
accompanying,4
considerations,4
horribly,4
unattainable,4
cosmos,4
inherit,4
registering,4
casualty,4
municipal,4
escalation,4
bows,4
fences,4
glazed,4
recreated,4
intersex,4
chilled,4
gather,4
celebrations,4
undermine,4
arab,4
irony,4
message,4
exhibit,4
acclaimed,4
continually,4
denial,4
attended,4
convictions,4
foremost,4
reservation,4
myriad,4
truce,4
obligations,4
clarify,4
norms,4
billy,4
scout,4
furious,4
depends,4
migrants,4
origins,4
nods,4
retires,4
shrine,4
judgments,4
bumper,4
thrust,4
columns,4
scrapping,4
degrasse,4
oak,4
billed,4
intention,4
incompetent,4
persecuted,4
spared,4
schooled,4
ceremonies,4
descended,4
flier,4
fliers,4
adhere,4
roasts,4
emphasize,4
verbal,4
germans,4
feng,4
depicting,4
echoes,4
fidel,4
sacrificed,4
riddled,4
ecuador,4
erotic,4
horrors,4
numb,4
committees,4
employing,4
imply,4
renewal,4
faulty,4
burdens,4
separates,4
enrolled,4
czar,4
disgust,4
perseverance,4
filipino,4
inhabit,4
drills,4
extremists,4
14th,4
persists,4
jessie,4
extraordinarily,4
obscene,4
mentions,4
whatsoever,4
operates,4
edinburgh,4
continuously,4
nyu,4
mounts,4
unites,4
renews,4
vitality,4
ukrainian,4
ferguson,4
resigns,4
urges,4
condemn,4
genocide,4
racism,4
cultural,4
guidance,4
tent,4
inaction,4
injection,4
screams,4
despicable,4
declaring,4
certainty,4
promote,4
acceptable,4
pamela,4
boundaries,4
petition,4
praised,4
stride,4
abuser,4
contradictory,4
cohn,4
portray,4
bargain,4
teachable,4
alluring,4
locker,4
conceive,4
ironically,4
distressed,4
hostile,4
coordinator,4
arch,4
similarities,4
motivations,4
generating,4
reaching,4
hassan,4
upsetting,4
filthy,4
evacuate,4
frances,4
pixar,4
pediatric,4
rallied,4
explanations,4
shirley,4
alma,4
formation,4
mitigate,4
naval,4
stumbling,4
reliance,4
assumption,4
elijah,4
uniquely,4
ethereal,4
bids,4
ahmad,4
jerome,4
strife,4
spiced,4
jingle,4
lackluster,4
impossibly,4
informal,4
lanes,4
poke,4
switched,4
combinations,4
drift,4
sung,4
affirmation,4
rapping,4
spotlights,4
garnered,4
stadiums,4
lust,4
uptick,4
healing,3
anonymous,3
believing,3
appointment,3
approve,3
grace,3
lend,3
ancestors,3
scottish,3
contentious,3
bearing,3
rational,3
malcolm,3
demanded,3
baghdad,3
grieving,3
draw,3
outrage,3
terrorists,3
remove,3
juan,3
predecessor,3
melanie,3
poorer,3
earthquakes,3
perplexed,3
compassionate,3
resentment,3
bunnies,3
vetting,3
takei,3
disagree,3
essays,3
distrust,3
meyer,3
interrupts,3
siege,3
discriminated,3
utilities,3
prosecuted,3
hijacked,3
creed,3
favorable,3
parallels,3
olives,3
mocking,3
bells,3
manly,3
curse,3
noisy,3
cooperate,3
eden,3
sobriety,3
injustices,3
superficial,3
ponder,3
worms,3
dismantling,3
pfizer,3
puppet,3
crippling,3
aliens,3
susceptible,3
planetary,3
burma,3
regards,3
resembles,3
legos,3
boko,3
haram,3
rejects,3
walls,3
judgment,3
doors,3
heal,3
advocating,3
antidote,3
finishing,3
spokesperson,3
chorus,3
introduction,3
discriminatory,3
intact,3
reign,3
sealed,3
jefferson,3
arkansas,3
extraordinary,3
background,3
confession,3
mall,3
palestine,3
array,3
council,3
forgotten,3
rhetoric,3
minorities,3
speak,3
belief,3
scientology,3
cattle,3
grammar,3
snapshot,3
walkout,3
folly,3
rebirth,3
unbelievably,3
victimized,3
anguish,3
decay,3
clap,3
placement,3
reins,3
deck,3
bonds,3
cane,3
herd,3
voiced,3
mounted,3
stereotypical,3
keynote,3
contradiction,3
evolving,3
hence,3
monetary,3
fishermen,3
repression,3
arise,3
globalization,3
stealth,3
barber,3
disrupting,3
firmly,3
divides,3
definitions,3
trivial,3
housewife,3
sphere,3
mutilation,3
micro,3
albright,3
dealers,3
preference,3
suffering,3
allies,3
charlie,3
accountable,3
universal,3
terrorism,3
movements,3
musicians,3
context,3
shouting,3
symbols,3
debris,3
brick,3
renew,3
inherently,3
dissent,3
amongst,3
themes,3
chopra,3
isis,3
kaine,3
ignorance,3
imagination,3
justice,3
community,3
discrimination,3
hate,3
sentiments,3
adidas,3
doe,3
tearful,3
tragedies,3
fares,3
generational,3
gaps,3
whoever,3
meaningless,3
courthouse,3
dismantle,3
reformers,3
traces,3
lunar,3
uproar,3
thrills,3
facilitate,3
lt,3
unesco,3
hut,3
abstract,3
seldom,3
vengeance,3
demonstration,3
reservations,3
maps,3
reasonably,3
umbrella,3
interpret,3
mcgregor,3
unconventional,3
candle,3
ridden,3
eternal,3
protested,3
forged,3
contests,3
weaker,3
encouragement,3
unfolded,3
musings,3
dedication,3
slowed,3
moroccan,3
passionately,3
wholesome,3
o'malley,3
insult,3
celebrating,3
quest,3
expression,3
institutions,3
painted,3
repeated,3
orientation,3
defines,3
rejoice,3
guided,3
bass,3
showers,3
misguided,3
float,3
dysfunctional,3
indiana,3
accusations,3
garner,3
grief,3
contrary,3
shining,3
complain,3
violated,3
genuine,3
frightening,3
joyful,3
threats,3
survivor,3
courage,3
document,3
collective,3
attacked,3
vocal,3
patriotism,3
refuse,3
advisor,3
mentality,3
kinky,3
rotten,3
handcuffed,3
disturbed,3
crosses,3
commuter,3
novels,3
poets,3
inviting,3
greed,3
swallowed,3
raps,3
diaspora,3
fascination,3
philosophical,3
embedded,3
italians,3
wiser,3
soil,3
respecting,3
arc,3
stirs,3
dramas,3
misuse,3
treasures,3
scientifically,3
offending,3
seizure,3
thirst,3
historians,3
installed,3
usc,3
diminished,3
viruses,3
darling,3
unfinished,3
uniqueness,3
foley,3
depicts,3
jailhouse,3
pep,3
adjusted,3
margins,3
monk,3
restricting,3
depiction,3
particles,3
respond,3
confessions,3
wisdom,3
destructive,3
initiatives,3
bernardino,3
institution,3
sunday,3
gallup,3
flooded,3
strongly,3
chapter,3
reckless,3
festivities,3
shield,3
pens,3
acknowledging,3
solitary,3
st,3
awake,3
spark,3
mega,3
madison,3
horrific,3
recognition,3
cross,3
recycled,3
misunderstood,3
yields,3
underneath,3
buenos,3
aires,3
undermining,3
ignorant,3
truthful,3
grant,3
inclusion,3
doughnuts,3
dvd,3
violently,3
alexandra,3
conversion,3
alcoholic,3
provoking,3
pending,3
demonstrating,3
storyline,3
persist,3
remotely,3
disservice,3
plotting,3
nirvana,3
evokes,3
appalling,3
judgmental,3
greeks,3
disrespect,3
belongings,3
tablets,3
marvelous,3
needy,3
correctness,3
strictly,3
poetic,3
renaissance,3
smashed,3
subscribe,3
thanking,3
ticks,3
revelation,3
rub,3
stanley,3
reflective,3
unfairly,3
canceling,3
thinkers,3
notably,3
homophobia,3
meets,3
celebration,3
none,3
hurts,3
universities,3
pushes,3
emotion,3
centers,3
egyptian,3
respect,3
enter,3
declares,3
s.,3
urgency,3
passage,3
reflected,3
addressed,3
cannabis,3
charitable,3
luke,3
imposed,3
storytelling,3
petty,3
advocates,3
arabia,3
versus,3
mission,3
communities,3
tree,3
anti,3
indifference,3
eve,3
manipulation,3
optional,3
lament,3
relies,3
fearing,3
hypocrisy,3
pretending,3
july,3
obligation,3
cautious,3
ironic,3
haunts,3
momentous,3
assembled,3
criticizes,3
badge,3
embodies,3
disgraceful,3
sinister,3
grounded,3
respectful,3
cubans,3
uganda,3
fade,3
prisoners,3
quoted,3
witnesses,3
jindal,3
bats,3
architect,3
permits,3
santiago,3
accounting,3
energized,3
paradox,3
platinum,3
evans,3
consideration,3
slope,3
weary,3
beginner,3
ambush,3
refer,3
nationally,3
brittany,3
hipsters,3
slick,3
quantum,3
whistle,3
boycotting,3
experimenting,3
magically,3
grew,3
millennial,3
sake,3
brothers,3
civilian,3
visit,3
reminds,3
human,3
violation,3
google,3
limitations,3
bombs,3
attendees,3
beard,3
referring,3
displaced,3
meaning,3
compassion,3
topics,3
organizers,3
views,3
instruments,3
battered,3
pornography,3
arrogant,3
misconception,3
overcome,3
foodies,3
backgrounds,3
nurture,3
antics,3
petersburg,3
argentine,3
thanked,3
sensory,3
arrogance,3
albeit,3
libraries,3
excerpt,3
enlightenment,3
marcus,3
shit,3
dragons,3
fulfillment,3
maturity,3
intimidation,3
mortgages,3
debts,3
curriculum,3
plagiarism,3
uplifting,3
inward,3
welcomed,3
humble,3
weapons,3
empower,3
lgbt,3
flawed,3
dump,3
volunteers,3
doubt,3
india,3
bans,3
immigrants,3
towards,3
haven,3
havoc,3
pointing,3
shameful,3
nypd,3
courageous,3
geographic,3
uncovered,3
villain,3
contributed,3
willingness,3
infinity,3
united,3
standing,3
sexism,3
sir,3
understanding,3
spirit,3
reflect,3
lands,3
feminism,3
independence,3
branch,3
emirates,3
breezy,3
complicit,3
americas,3
wicked,3
frontman,3
fullest,3
protester,3
shaken,3
donates,3
hallmark,3
duggar,3
blacklivesmatter,3
immunity,3
tangible,3
historical,3
pharoah,3
intellectual,3
legalized,3
intend,3
endorsements,3
blurred,3
cosmic,3
sheep,3
cider,3
penned,3
surrounds,3
tangled,3
potent,3
designated,3
recognizable,3
constructive,3
styled,3
wikipedia,3
supplement,3
downfall,3
oneself,3
bergdahl,3
vines,3
proportion,3
neo,3
donation,3
shall,3
execution,3
musician,3
praise,3
african,3
lincoln,3
practicing,3
construction,3
roots,3
navigating,3
propaganda,3
buried,3
noted,3
delivered,3
nowhere,3
cruelty,3
volume,3
beloved,3
floating,3
dates,3
join,3
groups,3
terror,3
journey,3
concrete,3
grounds,3
various,3
treaty,3
jolly,3
patriarchy,3
predictable,3
walsh,3
conferences,3
strides,3
communicating,3
hostility,3
sway,3
f**king,3
precautions,3
casey,3
strengthening,3
justification,3
lecture,3
shaved,3
capitalism,3
scandalous,3
awaken,3
culprit,3
accommodate,3
pint,3
visionary,3
unified,3
emperor,3
explorer,3
abercrombie,3
admittedly,3
thunder,3
stacked,3
sage,3
footprint,3
indians,3
soars,3
grad,3
breaths,3
perils,3
moderation,3
radiant,3
mothering,3
remembering,3
pro,3
scheduled,3
toronto,3
addresses,3
crimes,3
carol,3
fence,3
republic,3
gingrich,3
thus,3
sang,3
lesser,3
fiery,3
automatically,3
disappointing,3
murders,3
victims,3
tragedy,3
joined,3
organizations,3
entered,3
feminist,3
speaking,2
traumatized,2
urge,2
reunite,2
nashville,2
indeed,2
warned,2
17th,2
upset,2
betrayed,2
confusion,2
database,2
criticize,2
profitable,2
c.,2
acknowledged,2
scissors,2
whoops,2
mornings,2
coulter,2
cherished,2
robber,2
irrelevant,2
misconceptions,2
thrift,2
expo,2
preserved,2
quarters,2
princeton,2
loudly,2
shores,2
lengths,2
kent,2
virtues,2
planting,2
heavenly,2
tainted,2
revised,2
unstoppable,2
canal,2
diversity,2
presence,2
civil,2
voices,2
invited,2
khan,2
praises,2
targeted,2
drove,2
suggesting,2
uniform,2
outlet,2
plight,2
taxi,2
believe,2
afraid,2
counter,2
overlooked,2
philosophy,2
barbara,2
american,2
brazil,2
kindness,2
meaningful,2
harm,2
conservative,2
t.,2
breach,2
investigator,2
broadcast,2
charlottesville,2
bigots,2
bandwagon,2
justify,2
exploring,2
wrestling,2
brush,2
plea,2
curtis,2
ideological,2
ghosts,2
universally,2
varieties,2
awaits,2
liberals,2
illustrate,2
annoyed,2
bikes,2
discount,2
europeans,2
disruptive,2
ought,2
socially,2
mug,2
heartbroken,2
outlook,2
halls,2
surely,2
modi,2
itunes,2
disparity,2
jewels,2
goodman,2
disbelief,2
genital,2
vigil,2
protecting,2
duty,2
confused,2
hundreds,2
southern,2
abandoned,2
dramatically,2
minded,2
gratitude,2
historic,2
chile,2
harbor,2
demonstrators,2
detailed,2
grows,2
publishing,2
spite,2
absurd,2
partisan,2
opinion,2
roy,2
stance,2
refugees,2
delayed,2
identity,2
mosul,2
turner,2
imperfect,2
mayhem,2
sticker,2
marked,2
commitments,2
resigned,2
deny,2
drowned,2
criticizing,2
pageant,2
realm,2
copenhagen,2
drown,2
recruit,2
seated,2
jfk,2
washed,2
explode,2
breeding,2
mills,2
notoriously,2
dubious,2
shadows,2
mutual,2
societies,2
samuel,2
regarded,2
eliminated,2
21-year,2
regain,2
swaps,2
radically,2
mentors,2
hollande,2
powerfully,2
perpetual,2
economically,2
triumphs,2
damned,2
infinitely,2
circles,2
irrational,2
seeking,2
sides,2
conversations,2
mainstream,2
ages,2
invitation,2
recognize,2
contemporary,2
stand,2
iii,2
fellow,2
material,2
enduring,2
enhance,2
brooks,2
waited,2
contrast,2
categories,2
words,2
bridges,2
destroyed,2
examples,2
rejection,2
equal,2
against,2
rights,2
claiming,2
earthquake,2
constitution,2
relatable,2
fuzzy,2
dismissed,2
joel,2
11th,2
planted,2
flourish,2
striped,2
recurring,2
penalty,2
mattered,2
proverbial,2
imprisoned,2
floors,2
terminally,2
wraps,2
examination,2
mixes,2
angelou,2
execute,2
applicants,2
lending,2
bent,2
fearlessly,2
heritage,2
envy,2
slay,2
miracles,2
merits,2
neighboring,2
rebellion,2
declines,2
forms,2
advocacy,2
signed,2
indian,2
tragic,2
pat,2
encourage,2
cloud,2
sacrifice,2
together,2
critically,2
delivering,2
structures,2
placed,2
harlem,2
laden,2
positions,2
anticipation,2
therefore,2
jonathan,2
possibilities,2
violence,2
appeals,2
iraqi,2
mississippi,2
spaces,2
concern,2
cry,2
survivors,2
begins,2
sense,2
abruptly,2
immigrant,2
diplomat,2
unleashed,2
fundamental,2
disgrace,2
thirsty,2
false,2
legislature,2
winding,2
abdul,2
blink,2
illusion,2
haunting,2
elders,2
melbourne,2
suicides,2
altogether,2
zones,2
explosions,2
draining,2
helpless,2
zucchini,2
liberties,2
manifest,2
kidnapped,2
rails,2
persons,2
subsequent,2
onslaught,2
millennium,2
overturned,2
payday,2
societal,2
internationally,2
crawl,2
misinformation,2
assist,2
aspirations,2
imagining,2
progressives,2
enemy,2
minority,2
hashtag,2
enjoyed,2
vision,2
dying,2
century,2
activist,2
widespread,2
recognizing,2
spread,2
inevitably,2
accepting,2
blacks,2
paths,2
sand,2
citizenship,2
stranger,2
pictures,2
sparks,2
death,2
soul,2
members,2
youth,2
americans,2
ourselves,2
america,2
palm,2
protest,2
express,2
motive,2
fought,2
sensational,2
urging,2
clearer,2
op,2
leon,2
disproportionately,2
departments,2
scotland,2
morris,2
endorsing,2
poems,2
beautifully,2
glory,2
engage,2
solstice,2
pundit,2
lanka,2
punching,2
dig,2
historian,2
convincing,2
dorm,2
pave,2
volatile,2
czech,2
qualify,2
co.,2
bonkers,2
compelled,2
sympathy,2
physics,2
rests,2
gateway,2
honduras,2
famously,2
gangnam,2
observing,2
advise,2
sail,2
hgtv,2
generations,2
deliver,2
embrace,2
resist,2
smile,2
sources,2
removed,2
anger,2
deadliest,2
unacceptable,2
custom,2
choose,2
nation,2
remarks,2
returned,2
ethics,2
20th,2
established,2
architecture,2
dispute,2
peaceful,2
argument,2
celebrated,2
feinstein,2
reset,2
defending,2
skating,2
lavish,2
electing,2
whopping,2
occupied,2
temptation,2
bravery,2
struggled,2
demonstrate,2
removal,2
grandson,2
hispanic,2
accidental,2
riley,2
crews,2
isaac,2
disgraced,2
mourns,2
discovering,2
escaped,2
bittersweet,2
highlighted,2
combines,2
separation,2
arrangements,2
steamy,2
expressions,2
locally,2
understandable,2
gradually,2
tearing,2
instinct,2
subjected,2
highlighting,2
bragging,2
kurt,2
cart,2
logical,2
bangkok,2
clay,2
therapies,2
accordingly,2
austria,2
parallel,2
lifetime,2
written,2
spoke,2
driven,2
carolina,2
kings,2
lethal,2
poland,2
tis,2
appealing,2
criminals,2
assumed,2
letter,2
kingdom,2
windows,2
essay,2
innocent,2
streets,2
need,2
breath,2
original,2
resign,2
steady,2
minnesota,2
commit,2
abandon,2
starters,2
skepticism,2
omar,2
surveyed,2
elisabeth,2
richardson,2
hughes,2
simplicity,2
balloons,2
lions,2
explodes,2
enabling,2
sensation,2
diplomatic,2
aka,2
sponsor,2
handing,2
difficulties,2
certificate,2
playwright,2
plain,2
satire,2
belgian,2
monopoly,2
lima,2
resonate,2
jewel,2
recounts,2
instincts,2
a.k.a,2
communist,2
infinite,2
azalea,2
kidnapping,2
8th,2
pierre,2
partially,2
encouraging,2
missouri,2
meeting,2
symbol,2
passion,2
loved,2
rarely,2
filled,2
encounter,2
citizens,2
earth,2
restore,2
entering,2
torture,2
raised,2
slain,2
bomber,2
utterly,2
mock,2
trusted,2
preserve,2
weapon,2
suffer,2
leadership,2
connect,2
absence,2
spirits,2
surveillance,2
roof,2
wide,2
debates,2
silence,2
inauguration,2
author,2
joy,2
conflict,2
martin,2
predators,2
educators,2
louder,2
directing,2
pal,2
span,2
protestors,2
persistent,2
hub,2
scoring,2
prague,2
longing,2
edges,2
desperation,2
goodwill,2
crafted,2
joshua,2
admired,2
edited,2
remedy,2
frightened,2
drunken,2
vaccination,2
similarly,2
unsettling,2
mundane,2
varied,2
harming,2
beginnings,2
integral,2
wrenching,2
modified,2
preferred,2
generic,2
center,2
disappointed,2
relevant,2
help,2
families,2
saudi,2
environmental,2
diverse,2
trauma,2
empathy,2
transformation,2
leader,2
hoping,2
critic,2
movement,2
satisfaction,2
measures,2
matthew,2
detroit,2
reforms,2
outlets,2
selma,2
actions,2
display,2
enormous,2
chat,2
seek,2
non,2
am,2
amendment,2
must,2
fear,2
astounding,2
skewers,2
creek,2
snaps,2
üî•,2
strangers,2
sobering,2
unveils,2
paved,2
concerts,2
contacts,2
est,2
stereotype,2
23-year,2
participation,2
j,2
describing,2
salma,2
wig,2
addicts,2
debating,2
classical,2
robinson,2
cycles,2
surfer,2
superior,2
booming,2
gently,2
earliest,2
heartbeat,2
committed,2
toward,2
borders,2
fiction,2
our,2
question,2
issued,2
inspire,2
flood,2
remembered,2
within,2
service,2
monologue,2
studying,2
shaped,2
shaping,2
conversation,2
lee,2
feast,2
qatar,2
notion,2
fault,2
nights,2
messages,2
period,2
deaths,2
cub,2
carlos,2
argues,2
vowed,2
obscure,2
horrified,2
harvest,2
honors,2
cents,2
‚Ä¶,2
destruction,2
shields,2
forming,2
damaged,2
ariel,2
reviewing,2
minors,2
integration,2
quietly,2
jo,2
hayek,2
breathe,2
legislative,2
dui,2
disappear,2
displayed,2
qualities,2
nearby,2
prompt,2
tense,2
counselor,2
companion,2
prestigious,2
distribution,2
basis,2
square,2
central,2
denied,2
lived,2
intentions,2
root,2
conducted,2
inmates,2
charity,2
lights,2
those,2
champion,2
sweden,2
clarity,2
traumatic,2
walter,2
encourages,2
studies,2
ground,2
whose,2
thank,2
altered,2
defender,2
lit,2
irma,2
excess,2
shrink,2
precious,2
nonpartisan,2
undergoing,2
pivotal,2
sidelines,2
prompted,2
onto,2
reflects,2
assessment,2
curator,2
brew,2
capturing,2
attire,2
cleared,2
suspicion,2
witnessing,2
sorrow,2
bounty,2
abuses,2
abundant,2
jars,2
pennsylvania,2
loves,2
university,2
response,2
purpose,2
bone,2
regarding,2
leads,2
knowledge,2
affairs,2
pause,2
professor,2
conflicts,2
angry,2
stark,2
industrial,2
lesbian,2
profit,2
apologize,2
declared,2
clock,2
arm,2
dreamers,2
marched,2
kirk,2
pitfalls,2
illustrates,2
rejecting,2
dangerously,2
mario,2
19-year,2
weighing,2
dominance,2
export,2
breeze,2
inadequate,2
adapted,2
realities,2
nye,2
cartoons,2
assaults,2
pressures,2
dots,2
assigned,2
genetically,2
flag,2
exist,2
minister,2
celebrate,2
allowed,2
zen,2
carrying,2
promoting,2
philippines,2
perhaps,2
celebrates,2
forgot,2
prepares,2
fleeing,2
compelling,2
beginning,2
silent,2
holds,2
oct,2
sex,2
garden,2
imagery,2
calls,2
linking,2
symbolic,2
resisting,2
oval,2
sharply,2
blasted,2
furry,2
albert,2
prevented,2
latter,2
layer,2
noticing,2
crow,2
interviewing,2
hers,2
inquiry,2
bothered,2
applaud,2
extend,2
caroline,2
consequence,2
tasted,2
assumptions,2
tucked,2
fairness,2
bubbles,2
committing,2
pervasive,2
marking,2
pledge,2
society,2
dear,2
personally,2
hint,2
others,2
curry,2
laid,2
capacity,2
sept,2
facing,2
combat,2
judicial,2
utah,2
arrives,2
abortions,2
flags,2
objects,2
weekends,2
defend,2
divide,2
careful,2
inspiring,2
perspective,2
throughout,2
increasing,2
activists,2
book,2
attending,2
coalition,2
dreamer,2
u.k,2
allison,2
aimed,2
acquired,2
celiac,2
native,2
wages,2
demonstrations,2
populism,2
notch,2
answering,2
champions,2
slew,2
surfaced,2
stray,2
kissing,2
farewell,2
synonymous,2
hailed,2
delegate,2
ellison,2
halfway,2
wonderfully,2
hugs,2
seoul,2
visions,2
partial,2
cannon,2
endured,2
confrontation,2
chilly,2
terrain,2
pale,2
asians,2
assisted,2
yikes,2
lap,2
spaghetti,2
sworn,2
individual,2
eyes,2
contact,2
moore,2
heard,2
faces,2
science,2
action,2
replaced,2
bannon,2
deeply,2
seeds,2
thailand,2
camps,2
rain,2
associate,2
backyard,2
marks,2
call,2
calling,2
controversy,2
marriages,2
exposed,2
lies,2
described,2
strips,2
sorts,2
holly,2
deported,2
unless,2
‚Äô,2
calendar,2
necklace,2
monitor,2
sacramento,2
commentator,2
madrid,2
barred,2
tapped,2
valid,2
grieve,2
catastrophic,2
compromise,2
bathing,2
flies,2
freely,2
doom,2
personnel,2
parade,2
confronts,2
demise,2
characteristics,2
echo,2
defensive,2
grasp,2
vastly,2
open,2
created,2
iraq,2
voice,2
wings,2
diets,2
understood,2
english,2
minds,2
mean,2
knowing,2
revolutionary,2
rewards,2
rallies,2
lighting,2
connecting,2
arrival,2
sustainability,2
violent,2
controversial,2
dangers,2
fierce,2
proud,2
roles,2
address,2
transgender,2
museum,2
containing,2
land,2
funeral,2
pointed,2
supported,2
clears,2
weak,2
institutional,2
organizer,2
15th,2
script,2
rendition,2
stern,2
practical,2
rodriguez,2
portrait,2
blair,2
saturated,2
sculpture,2
minimize,2
brie,2
dated,2
slowing,2
blizzard,2
charities,2
reinvent,2
complexity,2
flesh,2
glee,2
civilization,2
intervention,2
iggy,2
revisit,2
thousands,2
thomas,2
died,2
these,2
such,2
world,2
ends,2
nations,2
us,2
receives,2
portion,2
blaming,2
davis,2
yorkers,2
slave,2
revival,2
poet,2
deep,2
stands,2
chosen,2
legacy,2
memorial,2
increasingly,2
group,2
majority,2
means,2
ranking,2
undoubtedly,2
resistance,2
considerable,2
gave,2
conviction,2
hated,2
liberation,2
stripped,2
profiling,2
scares,2
incidents,2
tolerate,2
passions,2
statistics,2
demographic,2
hood,2
cellphone,2
colonial,2
streak,2
measuring,2
solely,2
genuinely,2
offers,2
arms,2
begin,2
we,2
shame,2
serves,2
accepted,2
virgin,2
political,2
object,2
auto,2
opponent,2
sells,2
responses,2
wives,2
ask,2
people,2
claim,2
legislation,2
anymore,2
guilt,2
walked,2
bold,2
dies,2
brazilian,2
gambling,2
sour,2
25th,2
dedicated,2
airways,2
drawn,2
valued,2
rapid,2
indication,2
guardian,2
stefani,2
eastern,2
pulitzer,2
contributor,2
gaining,2
proposing,2
loyal,2
1950s,2
membership,2
separating,2
participated,2
slaughter,2
intern,2
greek,2
exists,2
sri,2
duties,2
fold,2
egypt,2
en,2
encounters,2
mysteries,2
thrill,2
redefine,2
paralyzed,2
sophia,2
excellence,2
encountered,2
ebola,2
indictment,2
pine,2
slap,2
gmo,2
madeleine,2
sincere,2
welcome,2
came,2
apply,2
met,2
midst,2
lover,2
forced,2
meet,2
questions,2
supporting,2
recalled,2
fabric,2
selfies,2
conspiracy,2
hero,2
negative,2
stepping,2
navy,2
continuing,2
building,2
sends,2
creates,2
war,2
upcoming,2
-,2
server,2
discovered,2
force,2
spreading,2
chloe,2
credible,2
#,2
attackers,2
boxer,2
architectural,2
beg,2
cultures,2
loop,2
unemployed,2
cares,2
nears,2
curve,2
1980s,2
leukemia,2
bullets,2
labeled,2
profoundly,2
18th,2
corporation,2
prioritize,2
incumbent,2
recognizes,2
nature,2
warns,2
complex,2
forces,2
text,2
gay,2
classroom,2
frequently,2
mountain,2
capitol,2
hosts,2
november,2
previously,2
wonder,2
license,2
ultra,2
attraction,2
operations,2
reminder,2
upon,2
mexico,2
power,2
wars,2
refugee,2
name,2
particularly,2
21st,2
sit,2
understand,2
facts,2
remain,2
truly,2
victim,2
prey,2
withdraw,2
mr,2
structure,2
begging,2
residence,2
proclaimed,2
eerie,2
clearing,2
awakens,2
container,2
behave,2
dentist,2
unpopular,2
homecoming,2
vibrant,2
fairly,2
sole,2
tuned,2
hearty,2
relate,2
unlimited,2
expects,2
exec,2
notre,2
craze,2
filter,2
desired,2
biology,2
darkest,2
reminders,2
moved,2
walks,2
opportunity,2
remains,2
apology,2
settle,2
recall,2
rising,2
bitter,2
ken,2
anthem,2
landed,2
refreshing,2
properly,2
daca,2
maria,2
cabinet,2
today,2
hell,2
advocate,2
colleagues,2
common,2
desire,2
scouts,2
errors,2
elect,2
assured,2
idiot,2
defamation,2
brother,2
newt,2
rebuild,2
swedish,2
gum,2
kissed,2
artistic,2
bling,2
wooden,2
hired,2
oxford,2
sentenced,2
photographed,2
tendency,2
distractions,2
amounts,2
baton,2
coin,2
perception,2
evident,2
peru,2
marches,2
representing,2
admire,2
offended,2
maybe,2
directed,2
orlando,2
contribute,2
agencies,2
young,2
ones,2
wednesday,2
robert,2
truth,2
alliance,2
dc,2
sandwiches,2
endorse,2
aims,2
hoped,2
educated,2
badly,2
climate,2
ed,2
italy,2
novel,2
form,2
refuses,2
trees,2
harrowing,2
caring,2
founders,2
strategic,2
impacts,2
transforms,2
searches,2
shrinking,2
grave,2
violations,2
fad,2
convenient,2
vuitton,2
command,2
journalism,2
attitudes,2
mainly,2
attracted,2
listened,2
leonard,2
integrity,2
guards,2
lengthy,2
stretching,2
prisoner,2
necessity,2
pressed,2
ceiling,2
fraternity,2
grads,2
virus,2
statement,2
hearts,2
light,2
anyone,2
explore,2
truths,2
him,1
posted,1
handling,1
casting,1
audiences,1
separate,1
visual,1
wrote,1
nazi,1
sons,1
bringing,1
france,1
yesterday,1
including,1
states,1
‚Äú,1
disputes,1
burned,1
lurking,1
gen,1
haunt,1
mistaken,1
relieve,1
charlene,1
examined,1
showcase,1
cab,1
genes,1
mo,1
reproductive,1
remarkable,1
caution,1
assassination,1
wished,1
icy,1
legally,1
tornado,1
crucial,1
matches,1
unaware,1
israelis,1
reached,1
festival,1
differences,1
visits,1
spectacular,1
around,1
revolution,1
direction,1
changed,1
diana,1
acceptance,1
angel,1
waking,1
poor,1
allows,1
agent,1
describe,1
salt,1
waste,1
asking,1
kelly,1
revealing,1
fines,1
identify,1
sticky,1
strive,1
automatic,1
fury,1
closes,1
wheat,1
motivated,1
splash,1
lewandowski,1
woke,1
metal,1
liz,1
longoria,1
painter,1
declining,1
entitled,1
represents,1
lame,1
tension,1
cheated,1
demonstrates,1
instructions,1
survey,1
support,1
all,1
politics,1
comfortable,1
notice,1
divided,1
abroad,1
uk,1
shootings,1
supporter,1
closed,1
harper,1
frustration,1
basic,1
countless,1
powers,1
story,1
beyond,1
official,1
based,1
participate,1
held,1
timeline,1
documented,1
broken,1
extends,1
organ,1
recognized,1
elaborate,1
duke,1
compound,1
revive,1
determination,1
daylight,1
suppose,1
edwards,1
stamps,1
negotiate,1
grandchildren,1
sadness,1
lacking,1
5th,1
hamas,1
prone,1
dependent,1
precisely,1
stolen,1
scandal,1
saturday,1
visited,1
proper,1
happened,1
manchester,1
worn,1
propose,1
forest,1
middle,1
protests,1
schools,1
issue,1
grade,1
effect,1
range,1
place,1
able,1
language,1
severe,1
advisory,1
reunion,1
belongs,1
incoming,1
memories,1
pursuit,1
breathtaking,1
explored,1
naming,1
rampant,1
testimony,1
lean,1
publication,1
winners,1
reluctant,1
customs,1
beaten,1
designing,1
formed,1
racially,1
affection,1
punished,1
divisive,1
lined,1
restoring,1
born,1
fighting,1
mark,1
bar,1
turning,1
opposition,1
killing,1
continue,1
tennessee,1
lists,1
constantly,1
shocked,1
somehow,1
trust,1
themselves,1
transformed,1
troubling,1
function,1
infection,1
sunny,1
frustrated,1
convince,1
troubled,1
intended,1
blasts,1
specific,1
harvey,1
who,1
love,1
‚Äôm,1
value,1
s**t,1
exposes,1
mounting,1
decorate,1
grow,1
seal,1
rogers,1
directions,1
businessman,1
inspires,1
sponsored,1
joys,1
guardians,1
cries,1
folk,1
weakness,1
external,1
backlash,1
sexuality,1
discovery,1
cup,1
tweeted,1
nasty,1
proved,1
faced,1
gov,1
current,1
feelings,1
strange,1
rural,1
whom,1
ban,1
chicago,1
yelling,1
accusers,1
pearl,1
citing,1
marching,1
projects,1
recommend,1
respected,1
ashamed,1
rey,1
somewhere,1
overwhelmingly,1
misogyny,1
implications,1
ham,1
engine,1
drones,1
prospects,1
graduated,1
touches,1
sounding,1
technological,1
cheers,1
doubles,1
qaeda,1
alabama,1
opinions,1
apologizes,1
cleveland,1
hop,1
spanish,1
thoughts,1
of,1
sing,1
attend,1
quite,1
breaking,1
critics,1
dreaming,1
beijing,1
somewhat,1
netanyahu,1
purple,1
students,1
matters,1
certainly,1
offer,1
struggle,1
as,1
discuss,1
fires,1
suffered,1
tone,1
reminded,1
passed,1
true,1
survival,1
fewer,1
growth,1
direct,1
marriage,1
foundation,1
conference,1
politicians,1
imagine,1
realizing,1
platforms,1
treating,1
intimidating,1
passport,1
cynthia,1
depressing,1
sci,1
tens,1
relations,1
perfume,1
beds,1
breakthrough,1
grandfather,1
requirements,1
chancellor,1
circumstances,1
isolation,1
jacob,1
poorly,1
realization,1
purchased,1
mar,1
reach,1
equality,1
lessons,1
female,1
tomorrow,1
hand,1
numerous,1
vital,1
me,1
shooting,1
asleep,1
researcher,1
phenomenon,1
revenge,1
saying,1
worry,1
irish,1
profound,1
limit,1
flow,1
oldest,1
heading,1
syrian,1
greater,1
whatever,1
white,1
smash,1
correspondent,1
jenny,1
dec,1
fearful,1
mesmerizing,1
relieved,1
violate,1
19th,1
cafe,1
plates,1
exclusively,1
outdoors,1
terribly,1
discriminate,1
offenders,1
festivals,1
phrases,1
cringe,1
innocence,1
versions,1
chamber,1
outbreak,1
hands,1
carter,1
hungry,1
among,1
loving,1
friends,1
ugly,1
large,1
protected,1
hide,1
commitment,1
locked,1
alongside,1
practices,1
rather,1
concerned,1
adam,1
during,1
fully,1
homosexuality,1
dozens,1
resolve,1
sites,1
approached,1
method,1
marshall,1
whites,1
las,1
responsibilities,1
scientific,1
blanket,1
flowing,1
wisely,1
slavery,1
pen,1
wreck,1
vampire,1
wanna,1
invested,1
mixed,1
returning,1
comic,1
view,1
birth,1
pleasure,1
example,1
instead,1
located,1
memory,1
tyler,1
homeland,1
graphic,1
challenge,1
honor,1
population,1
location,1
life,1
gender,1
not,1
supports,1
clouds,1
embarrassment,1
covered,1
discomfort,1
wasted,1
registration,1
magical,1
recover,1
forecast,1
volunteering,1
dire,1
chronicles,1
adopt,1
constitutional,1
generosity,1
operate,1
rouge,1
consciously,1
sniper,1
plunge,1
homeowners,1
grants,1
soundtrack,1
default,1
prepare,1
elected,1
efforts,1
why,1
initiative,1
final,1
received,1
traditional,1
matter,1
correct,1
starring,1
describes,1
includes,1
lives,1
capture,1
ii,1
laws,1
lie,1
culture,1
parts,1
issues,1
his,1
technical,1
ordered,1
blogs,1
sustained,1
allen,1
monkey,1
corrupt,1
nov,1
attacker,1
accept,1
slept,1
facilities,1
highway,1
england,1
g,1
dominate,1
sachs,1
occupy,1
slate,1
implement,1
observed,1
father,1
nuclear,1
listen,1
left,1
ignore,1
public,1
figure,1
orders,1
british,1
howard,1
crisis,1
invisible,1
occasion,1
harder,1
mistake,1
wait,1
older,1
standards,1
germany,1
simply,1
supposedly,1
intelligent,1
selves,1
greatness,1
plague,1
seeks,1
delivers,1
barely,1
nobel,1
reducing,1
havana,1
mentor,1
pressing,1
shaking,1
neither,1
18-year,1
pour,1
bros,1
enjoyable,1
racist,1
heart,1
documentary,1
label,1
suggested,1
opposite,1
carbon,1
leading,1
maher,1
song,1
file,1
significant,1
emily,1
capable,1
john,1
aged,1
drone,1
especially,1
thinks,1
other,1
massacre,1
possibly,1
solution,1
accuses,1
prosperity,1
began,1
posters,1
populist,1
reaches,1
accomplishments,1
perceptions,1
studied,1
barriers,1
raging,1
inclusive,1
boo,1
tastes,1
s,1
jeopardy,1
contribution,1
superheroes,1
demanding,1
engineer,1
broader,1
hating,1
midwest,1
mandate,1
authentic,1
canada,1
whenever,1
someone,1
explain,1
telling,1
full,1
sorry,1
scale,1
commission,1
singing,1
amid,1
himself,1
position,1
giants,1
rises,1
end,1
women,1
history,1
poverty,1
normal,1
largely,1
serious,1
same,1
act,1
richard,1
answer,1
east,1
modern,1
forward,1
needed,1
owning,1
withdrawal,1
pundits,1
virtual,1
trudeau,1
queens,1
suspicious,1
vehicle,1
kasich,1
holes,1
wound,1
distant,1
lakes,1
simpsons,1
consensus,1
uncertainty,1
sought,1
stir,1
demonstrated,1
error,1
cracks,1
proudly,1
lifted,1
honesty,1
my,1
connected,1
asked,1
river,1
provides,1
communication,1
each,1
pieces,1
remind,1
montana,1
retired,1
caitlyn,1
wondered,1
comfort,1
killed,1
devastating,1
costumes,1
endless,1
by,1
where,1
task,1
arrest,1
that,1
i,1
holiday,1
inappropriate,1
endure,1
sting,1
seem,1
ralph,1
detective,1
shortly,1
labels,1
gifted,1
quo,1
globally,1
sudan,1
amsterdam,1
honest,1
ago,1
‚Äôre,1
reaction,1
era,1
oklahoma,1
any,1
moment,1
volunteer,1
henry,1
shadow,1
what,1
lately,1
transform,1
deeper,1
banned,1
blood,1
harry,1
wearing,1
creator,1
doubts,1
does,1
chairs,1
northern,1
crap,1
invites,1
gwen,1
sxsw,1
sunset,1
fixed,1
actively,1
neutral,1
approximately,1
poetry,1
shoulder,1
annoying,1
trumps,1
rough,1
graduation,1
sharon,1
gone,1
connection,1
replace,1
‚Äôs,1
burning,1
fight,1
establishment,1
fears,1
harsh,1
draws,1
ghost,1
mother,1
different,1
thanksgiving,1
u.s,1
immigration,1
fly,1
realize,1
theater,1
residents,1
failed,1
experience,1
powerful,1
torn,1
corruption,1
winds,1
authority,1
scientist,1
drives,1
benjamin,1
gesture,1
georgia,1
alter,1
cooperation,1
otherwise,1
dame,1
brought,1
walking,1
willing,1
growing,1
ireland,1
intense,1
limits,1
face,1
shares,1
bacon,1
pushed,1
election,1
driver,1
should,1
shop,1
watched,1
taught,1
many,1
rogue,1
nod,1
dancers,1
myanmar,1
indie,1
spokesman,1
hail,1
consent,1
renowned,1
flawless,1
aftermath,1
soldier,1
diary,1
metric,1
hiding,1
misses,1
founding,1
devastated,1
copyright,1
signs,1
allow,1
seriously,1
re,1
meal,1
halloween,1
prepared,1
fails,1
an,1
south,1
seen,1
in,1
protect,1
path,1
last,1
problem,1
would,1
close,1
wrong,1
opened,1
crowd,1
animals,1
choosing,1
terms,1
given,1
jersey,1
candidacy,1
actual,1
aging,1
tina,1
platform,1
prison,1
topped,1
cooked,1
newton,1
affected,1
sadly,1
lesbians,1
declare,1
bin,1
junior,1
layers,1
cousin,1
desires,1
grey,1
factor,1
de,1
tyson,1
materials,1
hear,1
guilty,1
until,1
felt,1
talk,1
times,1
them,1
trash,1
because,1
walk,1
built,1
worldwide,1
failing,1
quiz,1
good,1
to,1
existence,1
amidst,1
properties,1
register,1
fest,1
distracted,1
traveled,1
heather,1
select,1
occurs,1
drivers,1
vulnerability,1
assembly,1
organization,1
key,1
rock,1
perform,1
finding,1
agree,1
family,1
is,1
rise,1
',1
tells,1
often,1
teacher,1
wonders,1
agreed,1
neck,1
hang,1
staying,1
find,1
attempt,1
admitted,1
august,1
nominated,1
bug,1
jose,1
agents,1
defined,1
jean,1
assaulting,1
explaining,1
smiles,1
rejected,1
delicate,1
elusive,1
wanted,1
remember,1
another,1
giving,1
saw,1
planet,1
alcohol,1
guard,1
millennials,1
future,1
confusing,1
gift,1
gathered,1
circle,1
responsibility,1
lesson,1
europe,1
murder,1
member,1
the,1
baseball,1
difference,1
teaching,1
hopes,1
scandals,1
figures,1
tissue,1
ceasefire,1
strongest,1
aug,1
dive,1
detox,1
completed,1
onstage,1
merry,1
refuge,1
both,1
moving,1
itself,1
owner,1
paint,1
soon,1
governments,1
anniversary,1
immediate,1
trapped,1
resolution,1
disabilities,1
gained,1
longer,1
boston,1
word,1
change,1
defense,1
disturbing,1
rush,1
‚Äï,1
loyalty,1
campus,1
sticks,1
tops,1
summit,1
legislators,1
baltimore,1
fulfill,1
bored,1
supremacist,1
variety,1
ending,1
essential,1
across,1
was,1
role,1
this,1
regardless,1
prize,1
breaks,1
plays,1
narrative,1
ended,1
tourists,1
fired,1
developed,1
liberal,1
share,1
criticism,1
causes,1
although,1
law,1
starts,1
numbers,1
die,1
subjects,1
armed,1
discussion,1
requests,1
speaks,1
firefighters,1
checking,1
perceived,1
intensity,1
skeptical,1
militant,1
infectious,1
sign,1
taken,1
worse,1
struggling,1
rare,1
demands,1
outside,1
seemingly,1
combination,1
property,1
mindfulness,1
guns,1
ok,1
measure,1
choice,1
important,1
n‚Äôt,1
present,1
have,1
alive,1
mike,1
comes,1
dramatic,1
bullied,1
universe,1
argued,1
andrew,1
occurred,1
image,1
pledges,1
modest,1
hormone,1
relatives,1
wildly,1
thai,1
fantasy,1
counseling,1
element,1
comedians,1
destiny,1
awful,1
attached,1
toughest,1
gadgets,1
sat,1
soda,1
medicine,1
required,1
neighborhood,1
‚Äôve,1
one,1
convention,1
been,1
openly,1
ruled,1
convinced,1
sister,1
strong,1
africa,1
attacks,1
heads,1
thankful,1
excellent,1
dare,1
printed,1
knock,1
roast,1
dr,1
unknown,1
decides,1
4th,1
predictions,1
punish,1
sucks,1
shoulders,1
hannah,1
trendy,1
tables,1
scared,1
aid,1
cuba,1
factors,1
something,1
teach,1
past,1
helps,1
wing,1
are,1
behind,1
decision,1
maryland,1
lewis,1
hurt,1
obvious,1
black,1
order,1
boys,1
possible,1
m.,1
intent,1
lone,1
someday,1
destroy,1
fatal,1
nationalist,1
collecting,1
pokemon,1
rally,1
clerk,1
pills,1
jailed,1
bound,1
poison,1
screens,1
mighty,1
expose,1
superman,1
taliban,1
danny,1
exhausted,1
exxon,1
remained,1
medium,1
hip,1
syria,1
march,1
about,1
tears,1
clear,1
north,1
brings,1
chaos,1
require,1
‚Äò,1
hold,1
waves,1
homeless,1
stories,1
led,1
fact,1
laugh,1
empty,1
threat,1
be,1
come,1
bodies,1
chance,1
trip,1
eddie,1
lifting,1
shines,1
grass,1
poised,1
contributions,1
liar,1
practically,1
crises,1
grandmother,1
disappointment,1
relaxed,1
max,1
fixing,1
uncertain,1
catherine,1
anywhere,1
sam,1
frank,1
kind,1
social,1
away,1
mine,1
ill,1
door,1
danger,1
routine,1
meant,1
assume,1
rnc,1
morgan,1
focused,1
become,1
officers,1
believes,1
no,1
pain,1
ultimately,1
metoo,1
attempts,1
pretend,1
camp,1
sum,1
remembers,1
rating,1
latina,1
alike,1
mandatory,1
brains,1
campuses,1
frustrating,1
goldman,1
equity,1
builds,1
triumph,1
do,1
over,1
king,1
crime,1
country,1
european,1
their,1
becoming,1
generation,1
survive,1
agreement,1
expected,1
ads,1
pulled,1
gotten,1
for,1
right,1
showed,1
drive,1
city,1
pleads,1
surprised,1
lowest,1
adaptation,1
touching,1
cups,1
berlin,1
prisons,1
mentioned,1
cancels,1
shapes,1
primarily,1
influenced,1
adulthood,1
spin,1
signals,1
resource,1
sneakers,1
isolated,1
putting,1
following,1
from,1
became,1
michael,1
free,1
believed,1
reason,1
window,1
lines,1
made,1
passenger,1
don,1
fate,1
december,1
passes,1
shock,1
beating,1
cheap,1
requires,1
fast,1
steve,1
let,1
than,1
deserves,1
wonderful,1
nelson,1
missed,1
boomers,1
blues,1
rigged,1
reduced,1
resilient,1
trouble,1
transforming,1
facility,1
breasts,1
ripped,1
drew,1
deciding,1
fueled,1
speeches,1
jumped,1
museums,1
horizon,1
warrior,1
competing,1
legal,1
children,1
guest,1
folks,1
will,1
named,1
tend,1
day,1
early,1
he,1
woman,1
miracle,1
publicly,1
multi,1
follows,1
entrepreneurs,1
eric,1
broke,1
charge,1
hall,1
countries,1
section,1
managers,1
embassy,1
but,1
represent,1
yorker,1
performs,1
baker,1
unconstitutional,1
session,1
bonus,1
producing,1
tackles,1
focuses,1
libya,1
tooth,1
generous,1
instance,1
male,1
cnn,1
some,1
global,1
releases,1
write,1
employees,1
polling,1
kicked,1
writers,1
main,1
state,1
see,1
friday,1
a,1
had,1
dark,1
offering,1
massive,1
though,1
person,1
networking,1
quits,1
debbie,1
questioned,1
abusive,1
merkel,1
elephant,1
looming,1
excessive,1
cutting,1
walker,1
being,1
leave,1
extreme,1
did,1
decades,1
executive,1
adoption,1
coming,1
taking,1
afford,1
say,1
on,1
gala,1
leap,1
legitimate,1
sooner,1
employer,1
feminine,1
separated,1
finest,1
fi,1
rivals,1
suspended,1
request,1
norway,1
overwhelming,1
fortunate,1
onion,1
fitting,1
comparison,1
barbie,1
suddenly,1
slow,1
miles,1
george,1
battle,1
alone,1
painting,1
maintain,1
somebody,1
visitors,1
throwing,1
rage,1
receiving,1
table,1
helping,1
protection,1
oregon,1
subject,1
miami,1
at,1
gun,1
think,1
appears,1
problems,1
failure,1
progress,1
student,1
blow,1
episode,1
later,1
anna,1
hilariously,1
devoted,1
defining,1
halt,1
corey,1
vow,1
patriotic,1
shifts,1
y,1
accessible,1
tickets,1
joan,1
organize,1
alarming,1
balanced,1
bangladesh,1
rohingya,1
moments,1
month,1
area,1
captured,1
town,1
with,1
told,1
washington,1
famous,1
due,1
were,1
its,1
wounded,1
narrow,1
empowerment,1
follow,1
woody,1
verdict,1
hospitalized,1
definition,1
bbc,1
optimistic,1
refused,1
historically,1
origin,1
rethink,1
recommended,1
comics,1
can,1
said,1
french,1
tiny,1
first,1
highest,1
appear,1
brexit,1
presents,1
now,1
least,1
putin,1
organized,1
launching,1
depending,1
presidency,1
teamed,1
internal,1
qualified,1
stood,1
offices,1
approves,1
biological,1
spouses,1
airstrikes,1
visible,1
self,1
'm,1
they,1
done,1
everywhere,1
offered,1
mystery,1
resources,1
dangerous,1
before,1
every,1
mysterious,1
waters,1
search,1
opening,1
asian,1
post,1
forget,1
attorneys,1
underground,1
don'ts,1
attendant,1
overcoming,1
confederate,1
phoenix,1
possibility,1
demand,1
argue,1
depressed,1
crowded,1
greatest,1
candidate,1
voted,1
brown,1
called,1
after,1
burn,1
makeover,1
resolutions,1
poses,1
critical,1
between,1
lack,1
reveals,1
few,1
step,1
into,1
scroll,1
tackling,1
frame,1
departure,1
necessary,1
cartoon,1
storms,1
eyed,1
delta,1
buys,1
preparation,1
ours,1
chinese,1
year,1
serving,1
tries,1
has,1
again,1
leather,1
head,1
slowly,1
confident,1
brief,1
looked,1
through,1
years,1
entire,1
influence,1
changing,1
evidence,1
ruth,1
unexpected,1
victory,1
upside,1
signal,1
solving,1
presidents,1
60s,1
brutality,1
scream,1
brian,1
roller,1
put,1
too,1
recent,1
go,1
blog,1
sky,1
short,1
charged,1
themed,1
unlikely,1
source,1
searching,1
time,1
unfortunately,1
worthy,1
grateful,1
economic,1
bullying,1
damage,1
jack,1
witch,1
obsessed,1
ordinary,1
karen,1
captures,1
eva,1
thompson,1
famed,1
columnist,1
defeat,1
explanation,1
forcing,1
punk,1
economics,1
stakes,1
clash,1
leaves,1
inspired,1
consequences,1
level,1
won,1
exchange,1
empire,1
honored,1
providing,1
enforcement,1
type,1
project,1
texas,1
associated,1
coffee,1
relationship,1
pizza,1
much,1
spent,1
roughly,1
unit,1
unique,1
relative,1
shared,1
asylum,1
closing,1
nyc,1
heartfelt,1
castro,1
snapchat,1
advance,1
discussions,1
mode,1
thriving,1
lifelong,1
papers,1
only,1
live,1
further,1
happens,1
defends,1
rest,1
lot,1
balance,1
relationships,1
accident,1
denies,1
alt,1
packed,1
samantha,1
importance,1
sweeping,1
selfie,1
safely,1
wherever,1
weighs,1
writes,1
infamous,1
grammys,1
pages,1
resident,1
educate,1
climbing,1
wife,1
without,1
how,1
listening,1
man,1
typically,1
asks,1
topic,1
twins,1
it,1
thanks,1
identified,1
ego,1
hometown,1
lyrics,1
interviewed,1
thankfully,1
eager,1
realistic,1
achieved,1
witnessed,1
renewed,1
dinner,1
democracy,1
soccer,1
peter,1
myself,1
boring,1
chose,1
britain,1
impressive,1
jet,1
allowing,1
behavior,1
department,1
dancing,1
else,1
know,1
stopped,1
kim,1
ever,1
attack,1
reality,1
letters,1
compare,1
announces,1
levels,1
anyway,1
florence,1
zimmerman,1
string,1
stream,1
cuomo,1
zombie,1
friendships,1
finds,1
gifts,1
books,1
patrick,1
jordan,1
always,1
valuable,1
journalist,1
if,1
feels,1
way,1
abused,1
huge,1
decide,1
combined,1
swimsuit,1
parking,1
mention,1
roads,1
tag,1
judging,1
fatigue,1
academy,1
fair,1
situation,1
lawsuit,1
learn,1
turned,1
naked,1
obviously,1
judge,1
closer,1
worlds,1
posting,1
touched,1
columbia,1
editor,1
laughter,1
loan,1
employers,1
southwest,1
helpful,1
el,1
dean,1
everything,1
when,1
build,1
choices,1
never,1
guess,1
promises,1
showing,1
literally,1
preparing,1
store,1
ways,1
evening,1
causing,1
supremacists,1
explains,1
ranks,1
cruel,1
childhood,1
reception,1
studio,1
emerged,1
comprehensive,1
send,1
claims,1
which,1
environment,1
shades,1
there,1
minutes,1
effort,1
reveal,1
arrests,1
blind,1
anticipated,1
viewed,1
spike,1
landmark,1
dawn,1
cheaper,1
questioning,1
ears,1
commonly,1
lohan,1
territory,1
blowing,1
pan,1
boxes,1
services,1
generally,1
exercising,1
daunting,1
treat,1
experiences,1
general,1
easily,1
bomb,1
award,1
newspaper,1
racial,1
recently,1
bus,1
added,1
david,1
very,1
part,1
neil,1
rainbow,1
australia,1
sharing,1
bow,1
warner,1
camera,1
preview,1
retire,1
escape,1
divorcing,1
cameras,1
representation,1
far,1
makes,1
definitely,1
manhattan,1
incredible,1
ensure,1
completely,1
boy,1
terrible,1
physical,1
largest,1
wish,1
compares,1
determine,1
okay,1
species,1
troll,1
linda,1
anybody,1
deserve,1
olympian,1
disgusting,1
secretly,1
followed,1
dominated,1
mere,1
field,1
says,1
then,1
still,1
anything,1
under,1
case,1
like,1
terrifying,1
thursday,1
government,1
charles,1
fireworks,1
struck,1
aclu,1
bee,1
momentum,1
apart,1
quiet,1
hill,1
special,1
better,1
either,1
fire,1
look,1
tony,1
yet,1
prevent,1
tim,1
highlights,1
events,1
professional,1
crying,1
auction,1
oliver,1
saves,1
haunted,1
dilemma,1
bobby,1
excuses,1
paintings,1
megyn,1
discussing,1
introducing,1
crown,1
challenged,1
focus,1
turkey,1
virginia,1
lead,1
active,1
earlier,1
college,1
latino,1
small,1
spend,1
garbage,1
conduct,1
guarantee,1
ongoing,1
essentially,1
term,1
suck,1
hints,1
policies,1
encouraged,1
cheer,1
streaming,1
serena,1
relief,1
attention,1
race,1
music,1
using,1
give,1
june,1
helped,1
ruling,1
images,1
already,1
thought,1
bedtime,1
link,1
mindset,1
veteran,1
louis,1
rapidly,1
checks,1
advances,1
threaten,1
approaching,1
turn,1
down,1
near,1
days,1
evolution,1
australian,1
zone,1
while,1
since,1
knew,1
interview,1
festive,1
blamed,1
representatives,1
organizing,1
bare,1
sheriff,1
asia,1
attempting,1
unarmed,1
kicking,1
packing,1
went,1
long,1
writing,1
iran,1
angeles,1
actually,1
pays,1
aside,1
arrested,1
tuesday,1
pride,1
talking,1
responsible,1
stayed,1
stole,1
performances,1
mask,1
priorities,1
authors,1
living,1
saved,1
point,1
proposed,1
new,1
single,1
known,1
rant,1
complaint,1
emergency,1
reading,1
hates,1
stunning,1
squad,1
filming,1
articles,1
wrapped,1
esteem,1
alarm,1
discipline,1
rebels,1
methods,1
loses,1
homelessness,1
bit,1
take,1
caused,1
canadian,1
partners,1
larger,1
paris,1
anxiety,1
dead,1
activity,1
slams,1
really,1
dude,1
plenty,1
stuffed,1
claimed,1
pass,1
popularity,1
overseas,1
emerge,1
kerry,1
unhealthy,1
confront,1
siblings,1
phase,1
remaining,1
savvy,1
moderate,1
beans,1
consistent,1
starting,1
result,1
%,1
individuals,1
pence,1
status,1
use,1
most,1
springs,1
involving,1
unclear,1
answered,1
base,1
kenya,1
boards,1
wheel,1
grandparents,1
beneath,1
lane,1
sharp,1
sort,1
designed,1
series,1
un,1
los,1
might,1
core,1
february,1
so,1
rex,1
tribute,1
haters,1
karl,1
duck,1
informed,1
shocking,1
compete,1
harmful,1
comedian,1
crazy,1
bill,1
writer,1
local,1
particular,1
news,1
beautiful,1
banning,1
zuckerberg,1
sad,1
collins,1
consciousness,1
ny,1
edge,1
nigeria,1
crowds,1
rules,1
reporting,1
korean,1
zika,1
usual,1
marry,1
reform,1
shift,1
vice,1
firm,1
faster,1
pipeline,1
trigger,1
backing,1
politically,1
category,1
owners,1
bath,1
tear,1
own,1
enough,1
n't,1
going,1
room,1
jury,1
unusual,1
bet,1
multiple,1
doing,1
men,1
above,1
well,1
once,1
work,1
bottles,1
worries,1
boycott,1
interests,1
authorities,1
village,1
meetings,1
fiscal,1
happily,1
committee,1
working,1
hard,1
education,1
tired,1
tools,1
founder,1
training,1
creating,1
attractive,1
freak,1
spray,1
overweight,1
bring,1
endangered,1
regime,1
angela,1
rip,1
portraits,1
battling,1
cause,1
released,1
london,1
military,1
friend,1
tried,1
magic,1
clearly,1
admits,1
weeks,1
courts,1
slam,1
tap,1
patience,1
subtle,1
colombia,1
shown,1
trips,1
autumn,1
heroes,1
'em,1
color,1
reuters,1
included,1
takes,1
ate,1
creativity,1
sun,1
holidays,1
curiosity,1
animated,1
poem,1
repeatedly,1
doctor,1
mind,1
dance,1
bread,1
lgbtq,1
florida,1
start,1
storm,1
surrounded,1
reynolds,1
pm,1
assistant,1
basketball,1
meditate,1
warriors,1
dave,1
bachelorette,1
slip,1
bloggers,1
hurting,1
snap,1
answers,1
second,1
puts,1
wins,1
uses,1
kansas,1
move,1
happy,1
feeling,1
thing,1
visiting,1
profits,1
spoof,1
conan,1
appreciation,1
temporary,1
parliament,1
warm,1
nothing,1
realized,1
italian,1
school,1
real,1
responds,1
hockey,1
achieving,1
opponents,1
academic,1
brave,1
jolie,1
humanitarian,1
loose,1
finances,1
even,1
everyone,1
feel,1
also,1
cards,1
thinking,1
fourth,1
mile,1
ass,1
jail,1
polish,1
sparked,1
desperately,1
advanced,1
spectrum,1
suggestions,1
picture,1
kill,1
impact,1
affects,1
tillerson,1
dollar,1
switch,1
punishment,1
beware,1
portland,1
denying,1
films,1
officer,1
rep,1
recovery,1
guests,1
late,1
justin,1
collection,1
prior,1
curb,1
apparently,1
flower,1
served,1
limited,1
casual,1
acting,1
invite,1
angelina,1
races,1
insider,1
keystone,1
lonely,1
quickly,1
former,1
except,1
painful,1
feed,1
read,1
debate,1
plastic,1
inequality,1
targeting,1
regrets,1
lazy,1
bigger,1
hidden,1
learned,1
stronger,1
watching,1
holding,1
workers,1
security,1
process,1
duo,1
steal,1
fuels,1
ann,1
talented,1
overwhelmed,1
may,1
here,1
exactly,1
cities,1
week,1
learning,1
pre,1
international,1
photographer,1
heat,1
hats,1
memoir,1
rape,1
markets,1
navigate,1
unprecedented,1
concept,1
goes,1
approach,1
blue,1
article,1
recalls,1
opposed,1
pushing,1
throw,1
hospital,1
gains,1
sees,1
referendum,1
disasters,1
forum,1
exact,1
holmes,1
several,1
annual,1
notes,1
treated,1
morning,1
child,1
set,1
reduce,1
pulling,1
entry,1
involved,1
connections,1
whole,1
police,1
old,1
estate,1
worker,1
care,1
more,1
double,1
just,1
manage,1
hunting,1
noise,1
dna,1
making,1
according,1
available,1
less,1
row,1
master,1
show,1
turns,1
things,1
network,1
bad,1
trends,1
knee,1
agrees,1
speech,1
zealand,1
thrown,1
elderly,1
besides,1
seasons,1
stopping,1
sometimes,1
scene,1
glass,1
jr,1
warning,1
highly,1
tell,1
september,1
burns,1
unable,1
stealing,1
commercial,1
retreat,1
galaxy,1
glimpse,1
potential,1
seats,1
favor,1
bliss,1
counts,1
regional,1
mount,1
pursue,1
station,1
lindsay,1
burden,1
consumption,1
guides,1
ad,1
band,1
complete,1
becomes,1
housing,1
opens,1
sound,1
theme,1
association,1
ally,1
trek,1
fairy,1
gene,1
executives,1
saving,1
third,1
expect,1
cases,1
administration,1
county,1
monday,1
scott,1
foot,1
straight,1
's,1
media,1
outcome,1
include,1
greg,1
militants,1
permanent,1
josh,1
lion,1
repeat,1
unions,1
80s,1
frequent,1
motivation,1
stop,1
reporter,1
receive,1
features,1
vs.,1
gives,1
everybody,1
site,1
friendly,1
graduate,1
vote,1
reportedly,1
space,1
job,1
back,1
japan,1
jong,1
jay,1
fisher,1
crush,1
honey,1
daniels,1
empowering,1
donations,1
careers,1
york,1
allegations,1
songs,1
national,1
random,1
swimming,1
mediterranean,1
perfection,1
drawing,1
phil,1
tensions,1
pr,1
anxious,1
vladimir,1
imagined,1
challenges,1
great,1
plans,1
whether,1
keep,1
along,1
changes,1
houston,1
headline,1
proposals,1
fund,1
wishes,1
hire,1
shaming,1
avoiding,1
criminal,1
supreme,1
fox,1
ability,1
silly,1
ingredient,1
gates,1
sued,1
developing,1
closely,1
heartbreaking,1
teenagers,1
rivers,1
fortune,1
side,1
return,1
safer,1
club,1
restrictions,1
exhibition,1
accidentally,1
charges,1
event,1
vulnerable,1
happiness,1
‚Äî,1
raw,1
owned,1
works,1
policy,1
stephen,1
announcement,1
alzheimer,1
hearing,1
tech,1
paul,1
afghan,1
complicated,1
decline,1
out,1
oscar,1
results,1
manager,1
valley,1
theory,1
screen,1
review,1
comments,1
aleppo,1
radio,1
investigate,1
dropped,1
blame,1
performing,1
bisexual,1
millions,1
son,1
percent,1
sea,1
pair,1
california,1
fruit,1
jason,1
batman,1
feds,1
elementary,1
west,1
system,1
quit,1
green,1
age,1
announced,1
rescue,1
atlantic,1
pitch,1
fake,1
count,1
could,1
sitting,1
managing,1
tropical,1
targets,1
boehner,1
deportation,1
fascinating,1
marine,1
intimate,1
waiting,1
rachel,1
successful,1
launched,1
audience,1
wants,1
design,1
gross,1
votes,1
files,1
excitement,1
honoring,1
similar,1
court,1
leaving,1
despite,1
started,1
cars,1
army,1
experienced,1
make,1
latest,1
luxury,1
guy,1
hardest,1
superhero,1
brilliant,1
noah,1
thrive,1
communications,1
miss,1
gets,1
promise,1
save,1
film,1
discussed,1
worried,1
secure,1
sneak,1
bottom,1
incident,1
grilled,1
item,1
arts,1
sexual,1
needs,1
wear,1
inside,1
girls,1
league,1
caught,1
simple,1
ambassador,1
peanut,1
joint,1
designs,1
physically,1
buildings,1
calm,1
backs,1
mess,1
advertising,1
locals,1
solutions,1
nose,1
obama,1
inner,1
big,1
discover,1
killer,1
train,1
line,1
found,1
try,1
little,1
yellow,1
adventures,1
blonde,1
introduced,1
cell,1
pay,1
win,1
mayor,1
prove,1
version,1
olympic,1
you,1
voters,1
eats,1
dream,1
unemployment,1
curious,1
reverse,1
alternative,1
phrase,1
begun,1
probably,1
familiar,1
civilians,1
scenes,1
keith,1
mix,1
stem,1
shine,1
deadly,1
obsession,1
agenda,1
president,1
politician,1
staff,1
wore,1
productive,1
elite,1
lay,1
idea,1
seems,1
planned,1
fresh,1
next,1
anchor,1
outrageous,1
positive,1
column,1
farmers,1
certain,1
april,1
raising,1
happen,1
falling,1
immediately,1
regulations,1
sues,1
product,1
monster,1
presidential,1
statements,1
behaviors,1
wise,1
winning,1
involves,1
hanging,1
produced,1
additional,1
stretch,1
cut,1
steps,1
trying,1
journalists,1
aide,1
picking,1
desk,1
chelsea,1
lawyer,1
track,1
points,1
development,1
wealthy,1
stepped,1
c,1
moss,1
confidence,1
promised,1
private,1
absolutely,1
areas,1
achieve,1
wall,1
want,1
voting,1
surface,1
admit,1
massachusetts,1
contract,1
seemed,1
technology,1
campaign,1
ties,1
ignored,1
spice,1
mail,1
lovely,1
breakfast,1
supporters,1
usually,1
widely,1
guidelines,1
trolls,1
wildlife,1
director,0
control,0
proposal,0
sleeping,0
match,0
horse,0
kept,0
subway,0
equally,0
participants,0
ashley,0
athlete,0
priority,0
shut,0
exposure,0
hitting,0
took,0
pressure,0
mostly,0
safety,0
improving,0
stigma,0
roll,0
mama,0
birds,0
diy,0
mad,0
flying,0
break,0
chief,0
safe,0
healthcare,0
pasta,0
uncomfortable,0
embracing,0
couple,0
surprising,0
wanting,0
aspects,0
memo,0
corporations,0
instant,0
her,0
movie,0
artist,0
body,0
almost,0
adventure,0
interest,0
fallen,0
cope,0
delivery,0
zoo,0
potter,0
report,0
confirms,0
daughters,0
major,0
tea,0
iconic,0
opportunities,0
poll,0
prefer,0
reports,0
currently,0
gap,0
ceremony,0
teenager,0
illinois,0
parody,0
album,0
congress,0
couples,0
fail,0
raise,0
wake,0
eu,0
friendship,0
delicious,0
home,0
mothers,0
brooklyn,0
concerns,0
regular,0
house,0
experiencing,0
hbo,0
brutal,0
reputation,0
madness,0
sick,0
however,0
she,0
fights,0
react,0
injured,0
skin,0
've,0
movies,0
cameron,0
gon,0
weekend,0
hurricane,0
quarter,0
minute,0
probe,0
october,0
swing,0
strike,0
mountains,0
popular,0
adds,0
bike,0
jon,0
rap,0
louisiana,0
fancy,0
horrible,0
months,0
parents,0
emotions,0
season,0
stone,0
carry,0
excited,0
trump,0
access,0
governor,0
got,0
abortion,0
names,0
institute,0
soldiers,0
shape,0
sure,0
rule,0
beauty,0
record,0
cruz,0
tie,0
musical,0
rid,0
specifically,0
focusing,0
susan,0
night,0
nearly,0
cover,0
appeared,0
humans,0
website,0
supposed,0
vast,0
playlist,0
knot,0
protections,0
daddy,0
code,0
program,0
rocks,0
trick,0
considered,0
convicted,0
secret,0
used,0
korea,0
biggest,0
disaster,0
tackle,0
footage,0
sentence,0
high,0
panic,0
landscape,0
lasting,0
magazine,0
reported,0
stay,0
street,0
provide,0
harvard,0
alex,0
robin,0
ohio,0
loss,0
russian,0
get,0
repeal,0
threatened,0
teen,0
note,0
lets,0
tiger,0
dakota,0
necessarily,0
threatening,0
james,0
number,0
target,0
ray,0
potentially,0
anne,0
determined,0
finish,0
stuck,0
co,0
hunt,0
yours,0
treatment,0
stewart,0
finance,0
harris,0
art,0
crew,0
degree,0
adults,0
information,0
happening,0
create,0
teens,0
consider,0
bunch,0
losing,0
expand,0
page,0
attitude,0
athletes,0
seeing,0
natural,0
fans,0
sexually,0
decade,0
bucket,0
filed,0
aware,0
scores,0
summer,0
hook,0
katie,0
daniel,0
donald,0
programs,0
parties,0
account,0
aim,0
ran,0
shots,0
sandwich,0
menu,0
turkish,0
loans,0
hole,0
polls,0
returns,0
proof,0
getting,0
january,0
dad,0
vegas,0
china,0
regret,0
towns,0
grab,0
situations,0
keeping,0
jennifer,0
readers,0
bowl,0
newest,0
shelter,0
toll,0
easy,0
perfect,0
mars,0
truck,0
dreams,0
ball,0
candidates,0
shows,0
husband,0
primary,0
protesters,0
watch,0
business,0
cake,0
research,0
dallas,0
adding,0
expecting,0
investigation,0
internet,0
online,0
russell,0
bridge,0
hot,0
beach,0
lost,0
tsa,0
d,0
loud,0
clothing,0
san,0
typical,0
undocumented,0
exercise,0
viral,0
lawmaker,0
mouth,0
office,0
grand,0
keeps,0
looks,0
prime,0
jane,0
systems,0
're,0
ideas,0
host,0
colorful,0
busy,0
sheer,0
tourism,0
ukraine,0
domestic,0
keys,0
goodbye,0
babies,0
allegedly,0
ahead,0
run,0
profile,0
carrie,0
kinds,0
eventually,0
game,0
union,0
worked,0
energy,0
officials,0
hours,0
rich,0
tv,0
seconds,0
headlines,0
models,0
cop,0
mid,0
hampshire,0
lying,0
tweets,0
accused,0
addiction,0
queer,0
bank,0
contest,0
warming,0
mirror,0
health,0
snow,0
disease,0
decided,0
mcdonald,0
baby,0
anderson,0
noticed,0
cook,0
appropriate,0
stupid,0
quotes,0
giant,0
soft,0
sending,0
passing,0
pregnant,0
hat,0
test,0
border,0
worst,0
agency,0
vows,0
bell,0
pacific,0
jenner,0
bieber,0
dozen,0
boat,0
creative,0
bottle,0
lose,0
sounds,0
corporate,0
study,0
japanese,0
voter,0
outdoor,0
strategy,0
hit,0
francisco,0
appreciate,0
stage,0
teams,0
top,0
celebs,0
interested,0
front,0
illness,0
fan,0
threatens,0
fed,0
entirely,0
looking,0
air,0
chain,0
billionaire,0
define,0
overall,0
birthday,0
fuel,0
production,0
offensive,0
directly,0
ticket,0
sauce,0
plane,0
pets,0
constant,0
cold,0
playing,0
posts,0
warren,0
wealth,0
road,0
class,0
finally,0
fine,0
dads,0
up,0
players,0
tour,0
jerry,0
documents,0
jump,0
driving,0
trans,0
solve,0
animal,0
missing,0
covers,0
ridiculous,0
update,0
comedy,0
debt,0
kate,0
genius,0
hollywood,0
ship,0
mommy,0
democratic,0
suicide,0
flight,0
misconduct,0
wisconsin,0
knows,0
shoes,0
mistakes,0
apartment,0
minimum,0
testing,0
character,0
atlanta,0
model,0
medical,0
wave,0
seattle,0
fill,0
shot,0
extra,0
headed,0
rate,0
assault,0
colleges,0
dealing,0
inspiration,0
box,0
bills,0
patients,0
explained,0
lake,0
nice,0
deal,0
incredibly,0
married,0
lawrence,0
gaga,0
appeal,0
cats,0
drunk,0
standard,0
continued,0
partner,0
cast,0
rice,0
produce,0
having,0
star,0
raises,0
eggs,0
option,0
colbert,0
flowers,0
channel,0
jimmy,0
injury,0
fell,0
yoga,0
smith,0
independent,0
reasons,0
cool,0
trend,0
cost,0
usa,0
web,0
difficult,0
course,0
falls,0
forever,0
dish,0
kiss,0
symptoms,0
diagnosis,0
feature,0
wears,0
likely,0
toxic,0
sold,0
swift,0
personality,0
ready,0
kentucky,0
strikes,0
traffic,0
suggest,0
competition,0
characters,0
carson,0
funny,0
teachers,0
types,0
arrived,0
fun,0
olympics,0
off,0
restaurant,0
airport,0
williams,0
expectations,0
related,0
team,0
ice,0
speaker,0
katy,0
happier,0
recipe,0
rapper,0
syndrome,0
resort,0
half,0
queen,0
stars,0
surprise,0
party,0
bizarre,0
myths,0
previous,0
fall,0
best,0
gop,0
butter,0
corner,0
stuff,0
arizona,0
republican,0
round,0
consumer,0
risk,0
brand,0
pop,0
habits,0
vintage,0
wrap,0
plan,0
food,0
paid,0
push,0
heavy,0
cute,0
taste,0
stores,0
per,0
published,0
william,0
kick,0
urban,0
globe,0
blogger,0
yourself,0
conditions,0
super,0
shirt,0
divorce,0
concert,0
hunger,0
hair,0
daughter,0
apps,0
younger,0
workplace,0
spouse,0
horror,0
bear,0
epidemic,0
doctors,0
clinton,0
increased,0
bird,0
colorado,0
christie,0
shoot,0
places,0
awesome,0
comment,0
gold,0
uber,0
joe,0
senior,0
stock,0
nobody,0
foreign,0
higher,0
talks,0
sets,0
proves,0
chocolate,0
breastfeeding,0
retirement,0
photo,0
district,0
twitter,0
nominee,0
rick,0
mom,0
challenging,0
bob,0
chair,0
romantic,0
milk,0
debut,0
lady,0
guide,0
spending,0
games,0
bathroom,0
money,0
your,0
orange,0
elections,0
continues,0
taylor,0
cash,0
joke,0
iphone,0
block,0
launch,0
pants,0
tonight,0
awkward,0
twice,0
premiere,0
touch,0
setting,0
worth,0
airline,0
thrones,0
picks,0
pull,0
eye,0
selling,0
condition,0
title,0
grown,0
biden,0
advice,0
chef,0
clean,0
phone,0
aids,0
experts,0
michigan,0
tom,0
bright,0
kid,0
ladies,0
lifestyle,0
lots,0
date,0
users,0
congressional,0
play,0
girl,0
perfectly,0
water,0
sale,0
tips,0
rose,0
list,0
enjoy,0
t,0
weddings,0
suit,0
impossible,0
scary,0
moms,0
secretary,0
pick,0
content,0
rates,0
winter,0
car,0
therapy,0
chris,0
boost,0
lunch,0
press,0
oil,0
amazing,0
everyday,0
coverage,0
played,0
interesting,0
buying,0
winner,0
iowa,0
items,0
strength,0
instagram,0
benefits,0
actor,0
sexy,0
sarah,0
total,0
travel,0
park,0
sports,0
dating,0
decisions,0
red,0
capital,0
alleged,0
pet,0
tip,0
royal,0
healthy,0
banks,0
gas,0
