supervolcano,101
interment,101
denisovans,101
neonicotinoids,101
worming,101
gyakum,101
lunapalooza,101
oumuamua,101
ferdosi,101
dubochet,101
rainer,101
barish,101
rockfall,101
jealous-,101
monstrously,101
lemmy,101
watzke,101
bergxit,101
rosner,101
exoplanets,101
honeybee,101
spacewalk,101
orbiting,101
exoplanet,101
mmx,101
mc2,101
mid-1970s,101
mcboatface,101
agog,101
mcplanetface,101
zealandia,101
gondwana,101
cernan,101
stoddart,101
thouless,101
haldane,101
kosterlitz,101
supercells,101
seti,101
sleeptime,101
paleontology,101
urmia,101
mariju√°n,101
sequencer,101
klaatu,101
barada,101
nikto,101
manhattanhenge,101
kalevi,101
excavating,101
slumbers,101
mcr-1,101
colistin,101
33b,101
thorniest,101
tutankhamun,101
mias,101
bentprop,101
scannon,101
gianotti,101
holocene,101
collider,101
trigonopterus,101
herschel,101
biofluorescence,101
nanowires,101
rapetosaurus,101
habitations,101
runsocial,101
microbots,101
crabnado,101
mosco,101
hominin,101
parcak,101
cavefish,101
cryptotora,101
thamicola,101
pavlof,101
spurting,101
microsleep,101
drillers,101
gn,101
z11,101
13-footer,101
nobby,101
asner,101
topographic,101
eco-,101
ickier,101
sakurajima,101
pujol,101
simplewater,101
bioengineered,101
timepiece,101
"midnight""‚Äîbut",101
gatherer,101
tardigrades,101
spermbots,101
patchy,101
piebald,101
bagnold,101
24-month,101
yutu,101
venkatraman,101
venki,101
ramakrishnan,101
karlo,101
snowshoe,101
dinomite,101
geminid,101
orbits,101
hares,101
ehrs,101
foragers,101
naledi,101
hemodynamic,101
planetoid,101
classifies,101
strypi,101
thermite,101
microlattice,101
nichole,101
danzi,101
autoimmunity,101
snouted,101
supernova,101
kasatka,101
coronal,101
auroras,101
nanosponge,101
sunfish,101
levitate,101
draconid,101
blammo,101
oceanographers,101
geotraces,101
supercontinent,101
pangea,101
geologic,101
overdiagnosing,101
overtreating,101
bisons,101
pinker,101
dione,101
terminator'-style,101
rechecked,101
graffito,101
strandings,101
zooids,101
jackals,101
servation,101
constrictors,101
planethood,101
photoreceptive,101
ganglion,101
chickenosaurus,101
ldsd,101
decelerator,101
loused,101
pohorille,101
meaningfulness,101
rationalism,101
koonin,101
magma,101
espenberg,101
biohacking,101
outcompeted,101
biohacker,101
journeytomars,101
biogen,101
skywatchers,101
virologist,101
novarupta,101
golders,101
bluers,101
milgram,101
24-carat,101
manx,101
crewmates,101
temporally,101
townes,101
filament,101
resetting,101
tife,101
odumosu,101
iterated,101
betelgeuse,101
railroading,101
underinflated,101
synchrotron,101
crystallography,101
overbuilding,101
shipbuilding,101
nebulae,101
astrophotos,101
impairing,101
quarks,101
gell,101
caltech,101
zweig,101
cern,101
quark,101
hl,101
smashers,101
hadron,101
unaddressed,101
antares,101
undiscussed,101
monsoons,101
grunbaum,101
gunbaum,101
predisposes,101
hwang,101
suk,101
cybernetic,101
magnetized,101
ovulating,101
cme,101
shunt,101
henges,101
femto,101
uwingu,101
pterosaurs,101
zmapp,101
schr√∂dinger,101
hydrothermal,101
branscomb,101
prognostication,101
sbore,101
anteaters,101
nonindustrial,101
seafaring,101
cirm,101
photosynthesis,101
clump,101
photosystem,101
electrons,101
protons,101
isscr,101
szostak,101
autocatalytic,101
akan,101
expounded,101
sauropods,101
supercomputers,101
berossas,101
protocell,101
nicotinic,101
tighar,101
nikumaroro,101
armbrister,101
clumping,101
neutrinos,101
raff,101
neurotransmitter,101
hina,101
chaudhry,101
cardiomyocytes,101
neutrons,101
pterodactyls,101
asteroids,101
stepper,101
minimoons,101
bottke,101
dystopic,101
niijima,101
supermassive,101
shobita,101
satyapal,101
aaas,101
scienceshots,101
suvir,101
mirchandani,101
dorseyville,101
dolerites,101
sarsens,101
cdf,101
dzero,101
loblolly,101
pollinated,101
creationists,101
deformations,101
35-million,101
sagarin,101
srinivasa,101
ramanujan,101
em26,101
atomtronics,101
condensate,101
bulgakov,101
mand√≤,101
burnouts,101
toft,101
cavazos,101
eelgrass,101
walheim,101
g2,101
belovedly,101
dobsonian,101
gazer,101
hookworm,101
spectrographs,101
radiocarbon,101
perplexity,101
ineffectiveness,101
superconductors,101
ketevan,101
haplogroup,101
ochiai,101
mountainsides,101
spacewalkers,101
geophysical,101
metamaterials,101
yaroslav,101
urzhumov,101
spacewalks,101
kirtland,101
warblers,101
astrobiologist,101
civilizational,101
bottleneck,101
shostak,101
elsevier,101
layups,101
waggling,101
existences,101
horselike,101
seahorse,101
seahorses,101
pipefish,101
psychomotor,101
yurchikhin,101
parmitano,101
peccaries,101
cosmonauts,101
mosasaur,101
mosasaurs,101
cretaceous,101
allosaurus,101
geneticists,101
exiling,101
mammalian,101
g.k,101
chesterton,101
dunsany,101
asimov,101
nabokov,101
urethra,101
compensates,101
eso,101
noselike,101
callosum,101
burble,101
walkersaid,101
commendador,101
cygnus,101
aborts,101
teleport,101
cosmologists,101
niayesh,101
afshordi,101
viscosity,101
minifig,101
dles,101
radial,101
schnittman,101
guion,101
bluford,101
biek,101
neutrino,101
antimatter,101
antineutrinos,101
spacewalking,101
typhoid,101
monack,101
wavelengths,101
gj,101
bosher,101
kirobo,101
jaxa,101
htv,101
rubbly,101
perseids,101
skywatching,101
sunspot,101
vehicle-4,101
switchable,101
onyx,101
http://www.space.com/22005,101
aialik,101
icefield,101
menou,101
claverie,101
abergel,101
mimivirus,101
megavirus,101
ngc,101
proximally,101
axons,101
tubeworms,101
cores,101
cratered,101
nessie,101
wallops,101
hpsupermoon,101
subpopulation,101
placoderm,101
gnathostome,101
qe2,101
neos,101
zahi,101
hawass,101
pharaohs,101
galileo,101
solander,101
ophiucus,101
ophiuchus,101
sunlike,101
androstadienone,101
artefact,101
sinistrality,101
nppb,101
testable,101
climatology,101
hirise,101
juxtopia,101
tiina,101
manne,101
icecube,101
carrico,101
trackball,101
x-51a,101
waverider,101
scramjet,101
hypersonic,101
eta,101
aquarid,101
coupp-60,101
30-liter,101
deoxyribonucleic,101
teotihuacan,101
meteorites,101
ringed,101
liftoffs,101
lignite,101
unresearched,101
quimby,101
lyrid,101
shank,101
horsehead,101
salimpoor,101
rober,101
31-april,101
cthulhu,101
lovecraft,101
e]arly,101
skinks,101
transistor,101
stradivari,101
guarneri,101
violins,101
humanlike,101
meteoroids,101
orbiters,101
moonwalker,101
mummification,101
feynman,101
batelaan,101
soyuz,101
dollo,101
oconnor,101
flybys,101
dissections,101
tetrapods,101
blombos,101
thrusters,101
thruster,101
subsidence,101
whillans,101
subglacial,101
zodiacal,101
interregnum,101
crewed,101
kranz,101
platelets,101
chodas,101
nanoprobe,101
kouta,101
muramatsu,101
hokkaido,101
landsat,101
atomism,101
coronae,101
shinya,101
yamamoto,101
starrs,101
coatings,101
imager,101
carbonate,101
tentsmuir,101
overdiagnosis,101
w50,101
vla,101
nrao,101
fazeli,101
spermcasting,101
hermaphroditic,101
polymerus,101
fertilizing,101
kashgar,101
nematode,101
askwith,101
impostors,101
creeped,101
snakelike,101
jpl,101
beaked,101
monotremes,101
yangzi,101
shen,101
hominids,101
quadrantid,101
gibbous,101
habitability,101
boswellia,101
ag5,101
baleen,101
bricken,101
i09,101
csm,101
retractions,101
fudged,101
bytesize,101
masculinized,101
feminization,101
embalmers,101
mercury.however,101
bosons,101
photons,101
drawls,101
vorticella,101
substrates,101
sediments,101
birdlike,101
makemake,101
occultation,101
backlight,101
elphic,101
carin,101
bondar,101
copernican,101
erectus,101
thanksgeeking,101
tycho,101
brahe,101
exhumed,101
bdelloid,101
rotifers,101
sulphate,101
shenlong,101
sols,101
shenzhou,101
tiangong,101
fomalhaut,101
rhyolite,101
volatiles,101
lhc,101
headbutts,101
paleontologists,101
sagittarius,101
venter,101
xna,101
ebro,101
tissint,101
meteoritical,101
hasnaa,101
chennaoui,101
aoudjehane,101
meteoriticist,101
c/2012,101
s1,101
maar,101
diatreme,101
askap,101
csiro,101
antennas,101
telescopes,101
contraption'-affiliated,101
sunshade,101
physiognomy,101
carpinella,101
nobels,101
ecliptic,101
deterministic,101
matijevic,101
encode,101
embargoed,101
lihoreau,101
pentacene,101
nrol-36,101
algol,101
perseus,101
magnitudes,101
lewandowsky,101
synched,101
supersmall,101
transmitters,101
22-nation,101
theoretic,101
trillionth,101
borsook,101
tilburg,101
evolutionist,101
biomechanist,101
balter,101
normale,101
sup√©rieure,101
simulations,101
impactor,101
pulsar,101
fermi,101
holger,101
klotz,101
lorenceau,101
minutephysics,101
corynopoma,101
riisei,101
gisela,101
telis,101
swordtail,101
characin,101
australopithecus,101
sediba,101
planetariums,101
altair,101
deneb,101
lc-39a,101
mexica,101
mcfall,101
ngai,101
numerically,101
poppo,101
x1-class,101
nustar,101
spectroscopic,101
subatomic,101
g4,101
carri√≥n,101
hauri,101
tyrannosaur,101
prokopi,101
maire,101
geoghegan,101
x-37b,101
x-37c,101
zebrafish,101
infernal,101
equinoxes,101
umbral,101
medusae,101
fossae,101
landforms,101
olympicene,101
interspecific,101
hybridization,101
introgression,101
conjectural,101
injector,101
annularity,101
tongking,101
hainan,101
disintegrate,101
crabapples,101
jetpacks,101
gu√©guen,101
bretagne,101
envisat,101
sloshing,101
biomechanics,101
enceladus,101
dimmest,101
nuthin',101
cosmologist,101
krauss,101
structureless,101
posers,101
consequent,101
chilliest,101
wolchover,101
majorana,101
fermion,101
majoranas,101
lorm,101
innovationnewsdaily,101
@news_innovation,101
atv-3,101
arnaldi,101
rhinoceroses,101
eg5,101
widgen,101
decadal,101
turboencabulators,101
crayfish,101
cherax,101
dispar,101
am4,101
awwwwwwwwwwwwwwwsome,101
atrex,101
slainte,101
yeomans,101
runner‚Äî,101
clinginess,101
propylthiouracil,101
supertasting,101
speechjammer,101
pterois,101
volitans,101
microlensing,101
prufer,101
paleoclimatologists,101
ramat,101
rahel,101
excavators,101
sdo,101
siletz,101
ashininaabemowin,101
ruffling,101
rhessi,101
sunspots,101
innovega,101
spaceships,101
hizook,101
philae,101
ebeling,101
charon,101
supernovae,101
microscopes,101
ic,101
powner,101
ladee,101
ganymede,101
navias,101
spica,101
comets,101
meteors,101
ison,101
vesta,101
lionfish,101
hubble,96
iss,96
higgs,96
astronomers,95
cassini,93
boson,93
spacecraft,91
asteroid,89
telescope,87
flyby,87
saturn,84
meteor,84
esa,84
fossils,83
craters,83
lander,81
voyager,81
sequenced,81
spacesuit,81
astronomer,80
physicists,80
galaxies,79
europa,79
rover,79
comet,77
inhabitant,76
nebula,76
pluto,76
archaeologist,76
disk,76
ceres,76
rovers,76
chappie,76
octopuses,76
orion,76
andromeda,76
seafloor,76
sinkholes,76
electron,76
nasa,74
jupiter,74
planets,73
borealis,72
simulation,70
particle,70
spacex,70
plumes,67
dwarf,67
chimps,67
kilauea,67
peake,67
atoms,67
shimmers,67
burials,67
snowmelt,67
salamander,67
evaporating,67
asapscience,67
paternalism,67
antisocial,67
geologist,67
villarreal,67
nonlinear,67
synthesis,67
planck,67
vandenberg,67
droplets,67
newtonian,67
nano,67
botany,67
randal,67
archimedes,67
darwinism,67
bonobos,67
spaceflight,67
levitation,67
kettles,67
hemispheres,67
amphibian,67
rosalind,67
medicis,67
rna,67
embalming,67
quasars,67
vostok,67
technewsdaily,67
epi,67
wormhole,67
baumgartner,67
geologists,67
diameter,67
globular,67
kepler,67
stonehenge,65
milky,64
orbital,63
atom,63
physics,62
astronomy,62
prehistoric,62
extraterrestrial,62
moons,62
loch,61
scopes,61
cloning,61
microbial,61
callisto,61
helix,61
astronauts,61
interstellar,60
mars,59
eruptions,59
meteorite,58
fossilized,58
dung,58
cannibalism,58
orbit,57
celestial,57
observatory,57
lunar,56
shuttle,56
astrophysicist,56
supermoon,56
habitable,56
molecules,54
particles,54
astronaut,52
treatise,51
universes,51
linguist,51
blackbeard,51
meteorology,51
elongated,51
kip,51
memorialized,51
biorhythms,51
capitan,51
whitson,51
motorhead,51
inundation,51
sulphuric,51
tasker,51
vapor,51
boaty,51
üòï,51
rotations,51
95-year,51
slushy,51
martian,51
neurofeedback,51
sprites,51
milliseconds,51
nozzle,51
synesthesia,51
nanoparticles,51
neuroimaging,51
tatooine,51
kull,51
evo,51
homing,51
templeton,51
entombed,51
fabiola,51
mastodon,51
vocalize,51
hobbits,51
genome,51
99-million,51
cosmic,51
tentacle,51
heaved,51
cephalopod,51
microplastics,51
humblebrag,51
quantum,51
üç∞,51
percival,51
attenborough,51
unchanging,51
porpoises,51
25-pound,51
feathery,51
irradiated,51
streaking,51
frans,51
messier,51
atmospheres,51
dragonflies,51
loon,51
satellites,51
fireballs,51
crosswalks,51
droplet,51
whirling,51
staving,51
noggin,51
microwaved,51
mammoths,51
navigation,51
chompers,51
launchpad,51
chomp,51
fireflies,51
suffocate,51
gooeyness,51
rods,51
dissents,51
awakes,51
blackbird,51
songbirds,51
guin,51
reductionistic,51
chemists,51
kodiak,51
pseudoscience,51
relativity,51
sired,51
smasher,51
horizontally,51
trolleys,51
hadfield,51
intriguingly,51
unethically,51
schnoz,51
dysphoric,51
ovulation,51
bleating,51
envelop,51
weightlessness,51
beaufort,51
vents,51
elbert,51
empirically,51
raga,51
backflow,51
extracurriculars,51
cosmological,51
saucer,51
misrepresents,51
orbiter,51
stargazers,51
colonize,51
embryonic,51
bluffs,51
deductive,51
unscrupulous,51
mousetraps,51
marguerita,51
kilometres,51
gradient,51
wiltshire,51
equations,51
bose,51
bec,51
irrationality,51
aft,51
gladiators,51
fission,51
steward,51
hairless,51
collisions,51
cleverness,51
primordial,51
immunize,51
nyberg,51
metres,51
etruscan,51
penrose,51
pech,51
specimen,51
docking,51
middlemen,51
h-2,51
cylindrical,51
iridescence,51
propounds,51
kenai,51
electromagnetic,51
chauvinistic,51
electrostatic,51
turpin,51
inset,51
cistern,51
prosthesis,51
purring,51
rickets,51
pheromone,51
giesler,51
superorganism,51
suggs,51
mach,51
chicagoland,51
bedecked,51
dulled,51
proton,51
termite,51
nwa,51
magnetism,51
reddish,51
shakedown,51
manganese,51
herodotus,51
conclusively,51
wesson,51
inhibited,51
ouramazingplanet,51
fainter,51
24-march,51
sauropod,51
argonne,51
@technewsdaily,51
whitmore,51
echidna,51
spellbound,51
moonscape,51
frankincense,51
resin,51
sacra,51
astrophysicists,51
blobs,51
woodblock,51
copulation,51
seafarers,51
flaring,51
falk,51
leonid,51
pumice,51
whirled,51
stratos,51
detonating,51
reconstructions,51
nymphs,51
ig,51
bumblebees,51
megalodon,51
swill,51
lateralization,51
attributable,51
encoded,51
waterlogged,51
kram,51
biophysicist,51
herr,51
moffett,51
archived,51
mathletes,51
imprinting,51
microbiologist,51
causeway,51
excavated,51
stratosphere,51
transits,51
ostracism,51
unknowing,51
waylaid,51
circled,51
recants,51
psychoanalysis,51
shiri,51
rasmus,51
deforming,51
omnivores,51
lamy,51
hyenas,51
wildebeests,51
lifeboat,51
alda,51
nucleus,51
attenuated,51
horticulturists,51
electrically,51
squelching,51
flammability,51
53-second,51
flowery,51
motherboard,51
gentlemanly,51
nebulous,51
latitudes,51
paleontologist,51
biologists,51
ets,51
aldrin,51
rosetta,51
regenerative,51
beetle,51
sagan,51
lizards,51
configuration,51
eruption,48
gravitational,47
fireball,47
constellation,46
uranus,45
neanderthals,45
robotic,45
squid,44
degrasse,44
physicist,44
earhart,44
eclipses,43
beetles,43
manned,43
propulsion,43
moths,43
pettit,43
mating,42
plasma,42
octopus,42
earthers,40
totality,40
neptune,40
evolutionary,40
manmade,40
yawns,40
kaboom,40
tilikum,40
mantis,40
mammals,40
landslides,40
dawkins,40
cloak,40
microbes,40
theoretical,40
gecko,40
justina,40
pelletier,40
spaceshiptwo,40
prototype,40
epsilon,40
capsules,40
reconnaissance,40
scientists,40
rocket,39
satellite,39
galactic,39
mathematical,39
hawking,38
zoom,38
fearsome,38
liftoff,38
supersonic,38
rendezvous,38
io,38
moskowitz,38
eclipse,38
einstein,38
mathematics,37
edt,37
juno,36
microscope,36
darwin,36
dinosaur,35
freaky,35
moon,35
unearthed,35
google+,34
steamboat,34
briton,34
repetitions,34
circuitry,34
clawed,34
croc,34
piggies,34
honeybees,34
logjam,34
neared,34
infertile,34
ayahuasca,34
panorama,34
plankton,34
welles,34
organism,34
downfalls,34
dinosaurs,34
socket,34
sanitizing,34
modules,34
seismic,34
swarming,34
swamping,34
forewarned,34
tut,34
snakebite,34
waned,34
nearsightedness,34
bivalves,34
bei,34
vertically,34
nighters,34
belch,34
reintroduced,34
acoustics,34
iridescent,34
zooming,34
alls,34
soot,34
overthinker,34
pukes,34
carnivore,34
dart,34
chameleons,34
hammerhead,34
paternalistic,34
snout,34
hypnosis,34
hypnotism,34
riled,34
mangle,34
bethesda,34
marsupials,34
geoengineering,34
confer,34
nearsighted,34
svp,34
reprogram,34
insinuate,34
circuits,34
taurus,34
birthparents,34
underprivileged,34
hindered,34
crater,34
ist,34
irregularity,34
slouch,34
icarus,34
optimally,34
networked,34
tattooing,34
perot,34
baboon,34
grandin,34
vanquished,34
martians,34
encompassed,34
farfetched,34
neurodegenerative,34
allocate,34
12-hour,34
babylonian,34
agrarian,34
atoll,34
extinctions,34
cbt,34
olympiad,34
stimulants,34
granddaddy,34
werewolves,34
merges,34
dibs,34
scholarly,34
pythons,34
choy,34
implausible,34
sadomasochism,34
flicked,34
radiating,34
landmass,34
mcmath,34
lair,34
saltier,34
denser,34
urchin,34
footlong,34
neolithic,34
anachronism,34
jettison,34
languished,34
warehoused,34
jeopardizing,34
deformed,34
armadillos,34
emitted,34
alumna,34
urination,34
pinocchio,34
appendage,34
unhealthier,34
passageways,34
pulsing,34
resupply,34
diffusion,34
induces,34
neanderthal,34
webs,34
giza,34
coil,34
skydive,34
projectile,34
detects,34
dipper,34
cognizant,34
ia,34
putty,34
unibrow,34
unibrows,34
bacterium,34
bonhams,34
b.c,34
vacuuming,34
draco,34
oskin,34
swallower,34
infrasound,34
darkening,34
leeuwen,34
barnacles,34
skimmed,34
xinjiang,34
scalpel,34
janus,34
sonora,34
cranial,34
biomechanical,34
liminal,34
leech,34
glided,34
surmised,34
rivaling,34
retailing,34
gmt,34
aerosol,34
origami,34
divinely,34
antikythera,34
mcintyre,34
specifying,34
handedness,34
stimulates,34
pigment,34
bohannon,34
dismemberment,34
diversification,34
ornament,34
toxicology,34
curving,34
e3,34
bipedal,34
shuttles,34
hypodermic,34
valve,34
geneticist,34
townsquare,34
arisen,34
lifes,34
edoardo,34
aggregate,34
communicator,34
repackaged,34
snare,34
judah,34
eros,34
rollin,34
dlr,34
venus,34
archaeologists,34
neuroscientists,34
molten,34
koko,34
thump,34
dino,34
accelerator,34
solar,33
alien,32
planetary,32
biologist,32
skulls,32
magnetic,31
spaceship,31
invisibility,31
dune,30
winged,30
mit,30
dunes,30
pigeons,30
bering,30
hd,30
curved,30
apollo,30
curiosity,30
prizes,30
sapiens,29
yong,29
retina,29
hydrogen,29
metals,29
snapper,29
baffle,29
chimpanzees,29
geckos,29
statuette,29
mathematicians,29
trainees,29
lifeless,29
clinician,29
caveman,29
egalitarian,29
plos,29
sequencing,29
meticulous,29
docks,29
opal,29
pebbles,29
h5n1,29
lizard,29
tyson,28
artifacts,28
earthquakes,28
spiders,28
insects,28
faraway,28
barren,28
ants,28
dwarfs,28
microscopic,28
outback,27
horizons,27
dna,26
skeleton,26
geyser,25
larsen,25
bobak,25
resurrecting,25
bodegas,25
refurbished,25
mariner,25
carina,25
neuroscientist,25
transmitting,25
streetlights,25
sequences,25
cyborg,25
skeletons,25
pompeii,25
archeologists,25
epoch,25
sinkhole,25
fella,25
attaches,25
songbird,25
preferable,25
punny,25
unluckiest,25
cockroaches,25
wrecks,25
bladed,25
burps,25
fallible,25
bagpipes,25
paddles,25
behemoths,25
backlit,25
smooching,25
abnormally,25
absorbent,25
conventionally,25
velcro,25
morbidly,25
blooded,25
carnivorous,25
connoisseurs,25
carlyle,25
medusa,25
gatherers,25
creationism,25
primitive,25
dupe,25
chimpanzee,25
bolden,25
crucially,25
tau,25
pigmentation,25
trolley,25
hypotheses,25
dependable,25
cognition,25
overconsumption,25
ravages,25
peeve,25
mismatched,25
exploitative,25
longitudinal,25
pico,25
propelling,25
botanist,25
recollections,25
canopy,25
whizzing,25
personable,25
campsite,25
fa√ßade,25
hine,25
irrationally,25
specialization,25
jahi,25
ridges,25
navigator,25
ewwww,25
deflects,25
senatorial,25
reeve,25
stealthily,25
neurosurgery,25
escher,25
democratize,25
indo,25
cady,25
singularity,25
centimeters,25
lombardo,25
sandstone,25
deposited,25
canaveral,25
gannon,25
atheism,25
hum,25
chandra,25
mens,25
babel,25
sol,25
absurdities,25
outshine,25
grasped,25
stubby,25
silica,25
disks,25
somatic,25
flares,25
neutron,25
purporting,25
buzzes,25
slurp,25
geology,25
rectangular,25
frequencies,25
darwinian,25
populate,25
polaris,25
bathhouse,25
slither,25
abel,25
outpaced,25
spotlighted,25
i'm,25
melancholic,25
module,25
moans,25
amass,25
rube,25
junky,25
unseemly,25
etna,25
vilifying,25
kuhn,25
hillsides,25
dilation,25
gamma,25
curie,25
tariq,25
epigenetic,25
hardwick,25
accompli,25
sulfate,25
abort,25
gnawing,25
aesthetically,25
atv,25
scavenging,25
eying,25
pappas,25
loudspeaker,25
stony,25
reconstructed,25
ni,25
transmissible,25
siberian,25
astronomical,25
observations,25
volcanic,25
capsule,24
aliens,24
nye,24
mammal,24
est,24
ranges,23
simulated,23
stargazing,23
sighting,23
monsoon,23
prominence,23
mummy,23
volcanoes,23
cosmos,23
missions,23
space,23
traces,22
cluster,22
atypical,22
farts,22
radiation,22
helium,22
apex,22
humankind,22
puzzling,22
worm,22
pests,22
lightest,22
acoustic,22
genomics,22
molecule,22
sigma,22
penetration,22
beams,22
dobson,22
nomads,22
drains,22
comb,22
nettles,22
homo,22
relic,22
booster,22
modification,22
measurements,21
psychosis,21
ancient,21
science,21
extinction,21
scientist,21
prey,21
thunderstorms,20
stump,20
1700s,20
perilously,20
hippocampus,20
neuron,20
shroud,20
turducken,20
combustion,20
dragonfly,20
brainy,20
regeneration,20
excavation,20
therapeutics,20
hyperloop,20
outrun,20
monthlong,20
moniz,20
aborted,20
70-pound,20
blanketed,20
snowmageddon,20
unearth,20
fringes,20
botches,20
recede,20
vaquita,20
troublesome,20
bellied,20
styrofoam,20
saltwater,20
fours,20
readmissions,20
harnesses,20
humanoid,20
goldmine,20
rigor,20
cultivation,20
cones,20
retinal,20
parse,20
horner,20
mathematician,20
alleviated,20
smithereens,20
thedress,20
stalwart,20
paine,20
lollipop,20
naturalist,20
shipwrecks,20
stockpile,20
squirrels,20
ravaging,20
irrespective,20
blowingly,20
fraudster,20
molds,20
indiscriminately,20
dishonesty,20
genitalia,20
calculations,20
hurrying,20
oomph,20
peppered,20
mausoleum,20
kangaroos,20
eons,20
jocks,20
infects,20
discrete,20
personifies,20
inconsequential,20
communicators,20
egged,20
exertion,20
experimentation,20
aviator,20
noonan,20
cursive,20
bot,20
oswald,20
crocodiles,20
shay,20
independents,20
merle,20
hyperactivity,20
luminaries,20
mechanics,20
mounds,20
stardust,20
pulsating,20
squeezes,20
redistribution,20
enthralling,20
scanner,20
amputees,20
hatching,20
penicillin,20
uncontroversial,20
woolly,20
bolsters,20
diffuse,20
subterranean,20
peking,20
definitively,20
adulterous,20
mahoney,20
wolfowitz,20
tobias,20
schweitzer,20
flocks,20
cavemen,20
√©cole,20
pupil,20
arousal,20
fathering,20
apa,20
fait,20
magnified,20
retinopathy,20
distributions,20
p.m,20
lei,20
splashes,20
shimmer,20
emit,20
baloney,20
distant,20
galaxy,20
volcano,20
earth,20
amelia,20
detected,20
livescience,19
jellyfish,19
planet,19
antarctic,19
mercury,19
tongues,19
psychotic,19
tails,19
mapped,19
edison,19
dust,19
formed,19
footprints,18
falcon,18
audacious,18
feathered,18
stingray,18
viking,18
nicknamed,18
chestnut,18
doomsday,18
crescent,18
brackets,18
footballs,18
warp,18
chromosome,18
detector,18
elevators,18
crystals,18
illuminated,18
oceanic,18
ultraviolet,18
renamed,18
universit√©,18
mayan,18
preserved,18
ghostly,18
calculate,18
flare,18
icy,18
genetics,18
ash,18
turing,18
vortex,17
surface,17
spew,17
rocketed,17
remarked,17
evasive,17
sickle,17
joachim,17
57-year,17
robotics,17
forecasting,17
gaston,17
categorized,17
overpowering,17
originates,17
fraser,17
u.s.-russian,17
lava,17
decipher,17
morse,17
slug,17
mystified,17
wookiee,17
mangled,17
spews,17
cheetah,17
colonies,17
readjust,17
infrared,17
composting,17
obliterate,17
arbitrarily,17
venomous,17
hare,17
catalina,17
converge,17
reliability,17
pygmy,17
groves,17
decodes,17
frames,17
discoveries,17
hypnotized,17
ka,17
spotlights,17
strait,17
slo,17
depressants,17
licks,17
dimmed,17
artifact,17
vaxxers,17
moisture,17
duress,17
bewildering,17
reductionist,17
implication,17
mirroring,17
blower,17
pms,17
beam,17
eludes,17
siberia,17
torrential,17
fictions,17
dod,17
harbors,17
propane,17
felled,17
guesses,17
blackouts,17
ect,17
surfacing,17
congratulated,17
plume,17
disputing,17
sniffing,17
patting,17
angola,17
jug,17
proto,17
heaps,17
imitate,17
composite,17
fused,17
brant,17
relayed,17
migrated,17
leprosy,17
spear,17
sls,17
plural,17
innermost,17
mariana,17
eras,17
galvanize,17
kyoto,17
thermal,17
parasitic,17
elicited,17
letdown,17
decaying,17
awestruck,17
catfish,17
keller,17
localized,17
displeasure,17
undersea,17
incompatibility,17
sensationalism,17
50-plus,17
disoriented,17
grouped,17
lyon,17
epigenetics,17
seeding,17
dunbar,17
salem,17
transient,17
zebras,17
imbalances,17
vegetation,17
modestly,17
unlocking,17
circling,17
patches,17
spitzer,17
molecular,17
chemistry,17
solved,17
extinct,16
whales,16
scientific,16
whale,16
lapse,16
trait,16
computing,16
felix,16
robots,16
analyze,16
hypnotic,16
warmest,16
orca,16
placenta,16
observers,16
clues,16
detect,16
lab,16
aerospace,16
dagger,16
cooperative,16
bleaching,16
monarch,16
calf,16
gargantuan,16
mimic,16
stemming,16
retrieve,16
meters,16
km,16
tantalizing,16
gravity,15
hole,15
laser,15
stem,15
pyramid,15
clara,15
poker,15
experiments,15
object,15
universe,15
cells,15
species,15
scour,14
corridor,14
trifecta,14
prose,14
icebergs,14
hippo,14
snowballs,14
headset,14
wowza,14
orson,14
limb,14
lasers,14
reignites,14
swarms,14
battering,14
coastlines,14
vastness,14
tallied,14
afflict,14
sickly,14
lowell,14
rarest,14
reproduce,14
lovebirds,14
swells,14
dialing,14
glows,14
viruses,14
cohesion,14
genus,14
spewing,14
avenues,14
whiff,14
scarface,14
wasteland,14
preoccupation,14
incomprehensible,14
purports,14
garnering,14
demean,14
paraphrase,14
campfire,14
clinicians,14
disinformation,14
carcinogen,14
unshakeable,14
paradoxical,14
indistinguishable,14
hazel,14
demagoguery,14
lithium,14
frickin,14
dysphoria,14
quotation,14
scanned,14
mammoth,14
amoeba,14
impatience,14
scientifically,14
justifiably,14
furthering,14
pedophiles,14
mending,14
shipwreck,14
beheaded,14
cooled,14
rhythmic,14
decapitated,14
sponsoring,14
chowing,14
reproduction,14
aristocratic,14
corpus,14
bushy,14
spits,14
consumes,14
ziggy,14
detectors,14
orgasms,14
auctioned,14
tajikistan,14
necks,14
myhealthnewsdaily,14
deflect,14
hamid,14
freakishly,14
cocoon,14
coiled,14
adaptive,14
deconstructed,14
coax,14
limestone,14
cockroach,14
greenwich,14
migrating,14
collaborators,14
shyness,14
ticker,14
ames,14
sponges,14
mails,14
atlantis,14
trafficked,14
cannibal,14
granada,14
erected,14
coolness,14
splashing,14
objectivity,14
paging,14
zoomed,14
shamrock,14
avian,14
darkened,14
unrelated,14
gopro,14
sciences,14
journals,14
neil,14
intriguing,14
armstrong,14
altitude,14
objects,14
ribbons,14
spied,14
creature,14
mysteries,14
psychologists,14
landing,14
bats,13
composition,13
merging,13
settlers,13
entity,13
vanishes,13
parachute,13
incidence,13
differentiate,13
titan,13
equinox,13
bigfoot,13
humans,13
dolphin,13
mission,13
atmospheric,13
forecasts,13
exploration,13
biology,13
tomb,13
reef,13
snakes,13
visible,13
holes,13
yellowstone,13
harboring,13
frighteningly,13
quakes,13
learnt,13
kg,13
mesmerizing,13
vr,13
ingrained,13
boundary,13
strikingly,13
suns,13
superbug,13
spuds,13
terroir,13
acceleration,13
hatches,13
turtles,13
plows,13
fungus,13
winnings,13
conquest,13
humpback,13
acorn,13
critters,13
lecturer,13
fertile,13
ni√±o,13
intractable,13
roamed,13
simplifies,13
boa,13
hitch,13
minimally,13
biotechnology,13
linguistic,13
incompatible,13
amyloid,13
plaques,13
budgetary,13
amnesia,13
unilateral,13
revolutionizing,13
steroids,13
frailty,13
deciphering,13
chaser,13
lusting,13
hedgehog,13
processors,13
interacts,13
variants,13
misfortune,13
stimulant,13
hartford,13
lineage,13
setup,13
squishy,13
irvine,13
alligators,13
reptiles,13
anthropocene,13
voila,13
stunted,13
watery,13
instantaneous,13
baffles,13
slingshot,13
grub,13
hauled,13
starfish,13
comparative,13
dsm-5,13
oxytocin,13
bicep,13
neural,13
elicits,13
comprehension,13
snippet,13
violin,13
soprano,13
atlas,13
bunkers,13
insulated,13
ebb,13
ghoulish,13
uneducated,13
cellular,13
mariners,13
dispersed,13
geological,13
lesions,13
flamingo,13
distortions,13
intestines,13
grainy,13
pistorius,13
brightness,13
teeming,13
salts,13
whilst,13
symbolize,13
crabapple,13
hurtling,13
herring,13
outpacing,13
ratios,13
formation,13
iq,13
mapping,13
probes,13
trench,13
snowflakes,13
sky,13
transit,12
mysterious,12
discovered,12
explodes,12
canine,12
hemisphere,12
ness,12
speeds,12
optical,12
pinpoint,12
belonged,12
discovery,12
origin,12
station,12
cargo,12
monkey,12
tail,12
nobel,12
inflatable,12
altruism,12
stupidity,12
ripples,12
eugene,12
labs,12
perplexing,12
denis,12
feasible,12
bethlehem,12
tunnels,12
shells,12
claws,12
et,12
herd,12
gene,12
penguin,12
t.,12
submarine,12
aurora,11
debris,11
rats,11
seaworld,11
pm,11
laureate,11
burial,11
colossal,11
adrift,11
cougar,11
sever,11
poles,11
averse,11
progresses,11
unafraid,11
eduardo,11
corpse,11
venting,11
dwelling,11
brightest,11
butterflies,11
playmate,11
dispatched,11
scrapped,11
females,11
fluorescent,11
wintry,11
brainpower,11
postage,11
dang,11
dazzles,11
pecking,11
humongous,11
divers,11
patents,11
chimp,11
privatization,11
institutes,11
endanger,11
asbestos,11
1920s,11
timeout,11
winkle,11
joblessness,11
fitbit,11
revere,11
carnivores,11
boosted,11
bends,11
pooches,11
subjective,11
fuse,11
schoolgirls,11
folklore,11
mikhail,11
gobble,11
rationally,11
caterpillar,11
laboratories,11
domesticated,11
weingarten,11
terrier,11
antiquities,11
tremors,11
truer,11
magnet,11
refutes,11
replete,11
pods,11
plumbing,11
miriam,11
sully,11
materialism,11
thermostat,11
fluctuations,11
reverberate,11
prelude,11
compatible,11
thomson,11
provokes,11
glove,11
dehumanizing,11
limelight,11
membrane,11
cypress,11
dissenters,11
thrived,11
hereditary,11
hunch,11
swirls,11
unification,11
authoritative,11
waitresses,11
welsh,11
gasps,11
mystery,11
birds,11
technologies,11
suggests,11
psychiatric,11
chewing,11
launch,11
robot,11
synthetic,11
telegraph,11
albert,11
clouds,11
jacques,11
aquarium,11
circadian,11
disclosed,11
luminous,11
illustration,11
bumpy,11
gases,11
proteins,11
fabricated,11
originated,11
preparedness,11
antarctica,11
bang,11
lightning,11
observed,11
elusive,11
yields,10
fossil,10
bones,10
bestowed,10
underwater,10
newfound,10
organs,10
cullen,10
outpost,10
carnegie,10
medicinal,10
voluminous,10
engines,10
ancestor,10
microphone,10
moby,10
terrorizing,10
waxed,10
nissan,10
mourned,10
reinforcement,10
sewn,10
himalayas,10
neurologist,10
narrated,10
intrinsically,10
hibernation,10
dormant,10
nash,10
surrendering,10
prediction,10
quirk,10
wasabi,10
blinding,10
intellect,10
deflated,10
waterproof,10
advancements,10
elective,10
feathers,10
delicacy,10
sprouting,10
sneezes,10
yew,10
multifaceted,10
algorithm,10
clement,10
speculative,10
grisly,10
careless,10
fantastically,10
housework,10
airtime,10
revolutionized,10
skeletal,10
moth,10
quasi,10
susceptibility,10
rebounded,10
modes,10
youngsters,10
oddities,10
chameleon,10
mira,10
enthusiastically,10
messenger,10
hoaxes,10
archaeological,10
calculation,10
experimented,10
analogy,10
primates,10
timelapse,10
explorers,10
rainfall,10
droughts,10
loops,10
moyer,10
gram,10
hans,10
idly,10
dade,10
65-year,10
narrator,10
yuck,10
c√©line,10
freud,10
adept,10
agile,10
experimental,10
researchers,10
experiment,10
forests,10
cloud,10
predicting,10
enterprise,10
cooling,10
underground,10
completes,10
pillars,10
psychedelic,10
northwest,10
ethiopia,10
finite,10
ibm,10
breakthrough,10
psychology,10
pesticides,9
monsanto,9
grail,9
sun,9
spectacular,9
math,9
majestic,9
rays,9
languages,9
identical,9
bacteria,9
sperm,9
mice,9
challenger,9
technique,9
creatures,9
breathtaking,9
plummets,9
detecting,9
clamoring,9
taller,9
zoos,9
graphics,9
hasten,9
eerily,9
mistrust,9
transplants,9
chewbacca,9
cub,9
cicadas,9
economical,9
bezos,9
frolic,9
peaks,9
shatters,9
eek,9
shattering,9
vantage,9
speculated,9
lurks,9
align,9
distribution,9
hangovers,9
washes,9
cradle,9
malignant,9
prejudiced,9
bred,9
felines,9
na√Øve,9
meter,9
slowest,9
hrc,9
riddle,9
beheadings,9
travolta,9
finer,9
legions,9
skeptic,9
presumption,9
unintended,9
ethnicities,9
calamity,9
distortion,9
lull,9
glitches,9
distort,9
adoptees,9
inequalities,9
clogged,9
quarantine,9
e.g.,9
confines,9
morbid,9
plausible,9
itch,9
persisted,9
fairies,9
skull,9
ucf,9
reviled,9
communicates,9
whitaker,9
mammography,9
suffice,9
lurk,9
sift,9
pelvic,9
fragments,9
elliptical,9
aces,9
advertise,9
autumnal,9
crippled,9
opaque,9
harsher,9
trapping,9
harding,9
slime,9
sightings,9
snails,9
barnard,9
hypothesis,9
symposium,9
recreated,9
reversible,9
procession,9
realms,9
lard,9
fakes,9
choi,9
mendez,9
withdrawn,9
fists,9
mantle,9
develops,9
corresponding,9
hiccups,9
awarding,9
vega,9
cataclysmic,9
aquatic,9
console,9
cave,9
schizophrenia,9
heavenly,9
samples,9
chickens,9
genes,9
paralysis,9
hyped,9
insect,9
imply,9
unc,9
masterpieces,9
broadly,9
beads,9
biological,9
penguins,9
lakes,9
fluffy,9
neuroscience,9
scans,9
unlock,9
deniers,9
dazzling,9
successfully,9
cannabis,9
atmosphere,9
research,9
storms,9
scrolling,8
thorne,8
trailblazer,8
partial,8
autonomous,8
raining,8
smelly,8
algae,8
bulge,8
snagged,8
noaa,8
symptom,8
itchy,8
scrape,8
erasing,8
scorching,8
stereotyping,8
mysteriously,8
strictest,8
testosterone,8
honda,8
huddle,8
invoking,8
revolutions,8
laboratory,8
replicate,8
stuffers,8
debunks,8
avoidable,8
xmas,8
illiteracy,8
loosely,8
lucid,8
vidal,8
spotting,8
intrusive,8
fluids,8
shrunk,8
manuscript,8
nitrogen,8
georgian,8
shellfish,8
puffs,8
immortal,8
paves,8
textbook,8
majorities,8
scanning,8
dali,8
baseline,8
rediscovered,8
maven,8
envisions,8
coli,8
rulers,8
patrons,8
weathered,8
incremental,8
terminator,8
switches,8
mites,8
dock,8
workings,8
conception,8
blinking,8
sap,8
faction,8
terrifyingly,8
detour,8
revision,8
hoopla,8
presentations,8
lancet,8
purity,8
ren,8
consequently,8
inhabitants,8
triangle,8
predator,8
winds,8
dragon,8
captured,8
brain,8
polar,8
attracts,8
scan,8
rockets,8
outer,8
complexity,8
cloudy,8
blindness,8
spies,8
tumors,8
civilization,8
compounds,8
bridget,8
elon,8
collide,8
giant,8
nicholas,8
shower,8
published,8
genetic,8
|,8
theory,8
britons,8
untapped,8
whiplash,8
incomparable,8
embryos,8
gymnasts,8
deceiving,8
civilizations,8
organisms,8
researching,8
crabs,8
unexplained,8
infiltrate,8
shielding,8
fishermen,8
pine,8
cuddly,8
reptile,8
purest,8
buffs,8
downloaded,8
sideways,8
machinations,8
jumbo,8
promotions,8
awash,8
beethoven,8
trove,8
atomic,8
overeat,8
embodied,8
peacock,8
pioneered,8
protector,8
metaphorical,8
unchanged,8
deficiencies,8
durham,8
bevin,8
undiagnosed,8
hollow,8
breakthroughs,8
impede,8
fruition,8
kroes,8
informational,8
fitter,8
clocks,8
wishful,8
hubbard,8
thicker,8
navajo,8
norfolk,8
mulls,8
erect,8
feasts,8
collaborated,8
queensland,8
cruelest,8
peering,8
strand,8
memorabilia,8
csi,8
induce,8
stalk,8
attach,8
nomad,8
manifests,8
inflated,8
basin,8
examiner,8
traced,8
hammond,8
overuse,8
brains,8
bees,8
poop,8
microwave,8
balloon,8
explained,8
expressions,8
therapies,8
torch,8
abilities,7
nerdy,7
mates,7
yearly,7
density,7
meds,7
isle,7
evaluated,7
constructed,7
arises,7
efficiently,7
phantom,7
moroccan,7
evolution,7
suggest,7
x,7
studied,7
wade,7
ocean,7
waves,7
lagoon,7
wreckage,7
harnessing,7
hotter,7
locate,7
someplace,7
rodents,7
indications,7
sponge,7
cgi,7
lightweight,7
canyons,7
relocated,7
cayman,7
owls,7
pavilion,7
acquiring,7
biodiversity,7
fountains,7
circulation,7
coldest,7
kauai,7
motors,7
prettier,7
historians,7
preposterous,7
munchies,7
celtic,7
evils,7
soil,7
irregular,7
resonates,7
roam,7
dense,7
cowardice,7
philosopher,7
brightly,7
hologram,7
toothless,7
trillions,7
blockbusters,7
devoid,7
humming,7
reefs,7
albania,7
tricked,7
periodic,7
prescribing,7
monstrous,7
spoiling,7
fared,7
doughnut,7
baltic,7
romans,7
aa,7
succumb,7
handwriting,7
rooster,7
pointy,7
lipped,7
earthly,7
coleman,7
currents,7
carts,7
flux,7
uncovers,7
louvre,7
circulated,7
kilometers,7
erosion,7
manatee,7
ripoff,7
bulbs,7
ram,7
shunned,7
maritime,7
bodied,7
slashes,7
rodent,7
telecommunications,7
outnumber,7
iceberg,7
predators,7
flashes,7
engineering,7
academic,7
spotted,7
researcher,7
phenomenon,7
maya,7
musk,7
coral,7
analysis,7
remarkable,7
snaps,7
contacts,7
fiction,7
snapped,7
cornell,7
hails,7
reflective,7
baffled,7
apes,7
functions,7
gruesome,7
spinal,7
carving,7
famine,7
wee,7
mongolia,7
located,7
snake,7
fertility,7
contains,7
animation,7
repair,7
shattered,7
cures,7
egyptian,7
greenhouse,7
worlds,7
continent,7
copyright,7
traumatic,7
images,7
discover,7
heating,7
slope,7
dissect,7
desolate,7
ancestral,7
preston,7
hue,7
wobbly,7
yuge,7
placebo,7
tsunami,7
casper,7
minus,7
woo,7
lightsaber,7
paused,7
midway,7
ethically,7
unsustainable,7
stinky,7
bumped,7
frogs,7
crawling,7
diagnostic,7
mineral,7
morals,7
prestige,7
fodder,7
worthless,7
psychiatry,7
nuisance,7
whistle,7
laziness,7
disciplines,7
tractor,7
excerpts,7
mule,7
simons,7
confuses,7
correcting,7
assembled,7
hotly,7
validity,7
guggenheim,7
expedition,7
glitch,7
honorees,7
cages,7
ambush,7
thorough,7
truffle,7
consisted,7
compensate,7
vinci,7
snail,7
attractiveness,7
revisiting,7
heralded,7
microbiome,7
sniff,7
digestive,7
sensors,7
arenas,7
exhaustive,7
visualize,7
bedrock,7
likewise,7
vigils,7
yearbook,7
veins,7
maneuver,7
rosenberg,7
excluding,7
constructing,7
thee,7
referenced,7
disheartening,7
lenses,7
stacks,7
airwaves,7
relentlessly,7
map,7
computers,7
skies,7
innovations,7
genetically,7
equation,7
faint,7
traits,7
editing,7
structure,7
study,7
distances,7
excerpt,7
engine,7
publish,7
contained,7
farther,7
believers,7
aboard,6
rings,6
accurately,6
sheds,6
bubbles,6
emerges,6
differ,6
infinity,6
warming,6
floods,6
shaped,6
smaller,6
iron,6
plants,6
moratorium,6
maiden,6
meteorologist,6
vanishing,6
eyeballs,6
preps,6
achievable,6
basking,6
fortress,6
dilemmas,6
otherworldly,6
sammy,6
imaging,6
involuntary,6
nesting,6
whoa,6
inactivity,6
tuxedo,6
temperature,6
variable,6
inheritance,6
perpetually,6
buzzed,6
lantern,6
cleans,6
pod,6
sacks,6
shaken,6
bane,6
solomon,6
textbooks,6
doses,6
brokers,6
ethos,6
mesmerized,6
exiting,6
conclusions,6
varsity,6
rescuing,6
nicotine,6
indicative,6
fanatics,6
temptations,6
haim,6
mutations,6
toby,6
gendered,6
snapshots,6
copycat,6
tuscany,6
llc,6
lizzie,6
veritable,6
adorned,6
rotation,6
mclaughlin,6
zurich,6
gaffes,6
baffling,6
macarthur,6
ape,6
variant,6
repairs,6
fooling,6
visualization,6
yikes,6
feat,6
pacific,6
drought,6
captures,6
buried,6
explanation,6
expertise,6
demise,6
ancestors,6
dynamics,6
findings,6
mosquitoes,6
sustaining,6
debated,6
divisions,6
boldly,6
utility,6
ecosystem,6
contamination,6
fraction,6
visionary,6
inventor,6
explorer,6
spy,6
teeth,6
containing,6
invention,6
image,6
fundamental,6
westminster,6
malibu,6
prize,6
weiss,6
wesley,6
uncover,6
peer,6
a.m.,6
ailing,6
miniature,6
charismatic,6
oceans,6
pressuring,6
snuggle,6
intelligent,6
pebble,6
steeped,6
habitat,6
lasted,6
predicts,6
gigantic,6
tack,6
sculptor,6
starry,6
venom,6
predecessors,6
exert,6
inappropriately,6
measuring,6
boardroom,6
contemplation,6
aversion,6
vaccinations,6
brags,6
halting,6
scratching,6
sharknado,6
jaded,6
inventions,6
intrepid,6
variation,6
accelerating,6
lyme,6
noble,6
suspicions,6
dives,6
proclaim,6
reside,6
consensual,6
giggle,6
pretended,6
unleashing,6
cliffs,6
wool,6
barrels,6
traders,6
itching,6
identification,6
thwarted,6
skier,6
twisting,6
constitute,6
bargains,6
bladder,6
inject,6
nielsen,6
segments,6
feces,6
fools,6
kony,6
alliances,6
gorillas,6
selection,6
estimates,6
engineer,6
origins,6
vast,6
computer,6
endangered,6
pigs,6
paradigm,6
firmly,6
rapid,6
oldest,6
studying,6
disappoint,6
stellar,6
rhino,6
wipe,6
absorb,6
conducting,6
erupt,6
boulder,6
investigator,6
dioxide,6
gasoline,6
disappearance,6
interpretation,6
recovered,6
mud,6
implications,6
detailed,6
junk,6
franklin,6
ray,6
controls,6
eerie,6
climber,6
catalogue,6
observation,6
inception,6
morphed,6
reusable,6
electricity,6
dissolve,6
heavens,6
dwindling,6
captivating,6
innovators,6
empathize,6
explode,6
archive,6
trailblazing,6
mh370,6
vanished,6
doggie,6
petroleum,6
probiotics,6
dispel,6
odors,6
sodas,6
suppression,6
responsive,6
menstrual,6
laptops,6
superfood,6
mills,6
distinctive,6
substantive,6
mercer,6
moviegoers,6
combs,6
wonka,6
puzzled,6
soared,6
pier,6
clarification,6
propel,6
quicker,6
prematurely,6
lifespan,6
armageddon,6
commemoration,6
resiliency,6
railway,6
dug,6
plentiful,6
alcoholics,6
raft,6
durable,6
burying,6
menopause,6
shun,6
irene,6
restructuring,6
bicycles,6
eases,6
kazakhstan,6
lured,6
repertoire,6
clicking,6
shatner,6
crew,6
bone,6
pattern,6
facial,6
surreal,6
enhance,6
material,6
observe,6
mouse,6
literature,6
coin,6
delaware,5
combating,5
flourish,5
foam,5
collision,5
thoroughly,5
40-year,5
puberty,5
neighboring,5
spilled,5
dee,5
cell,5
transplant,5
tube,5
rewriting,5
cyclone,5
explosions,5
floats,5
npr,5
identifies,5
flush,5
recovers,5
eccentric,5
noses,5
poking,5
airborne,5
alaskan,5
merge,5
colds,5
properties,5
aesthetics,5
coated,5
monitors,5
admirable,5
techno,5
edith,5
trenches,5
magician,5
yougov,5
magnets,5
intensifies,5
messiah,5
recommending,5
speedy,5
severed,5
abdominal,5
spurred,5
trustworthy,5
herman,5
darker,5
sorting,5
eventual,5
clam,5
humiliation,5
arrangement,5
tenants,5
marble,5
mo,5
flooded,5
reveal,5
bears,5
hunting,5
beneath,5
underneath,5
lighter,5
famed,5
tissue,5
luis,5
limiting,5
mirrors,5
solstice,5
bullock,5
papers,5
megan,5
feb,5
offshore,5
fusion,5
spoken,5
evolved,5
shark,5
jan,5
explosion,5
data,5
flat,5
parallel,5
sunlight,5
practitioner,5
salty,5
trashes,5
descendants,5
altering,5
fart,5
rabbits,5
skis,5
forging,5
cutter,5
highlighting,5
equitable,5
charisma,5
meow,5
geniuses,5
estimate,5
unwelcome,5
medieval,5
interaction,5
paranoia,5
slippery,5
undertaking,5
peculiar,5
stinks,5
publication,5
ecosystems,5
tiniest,5
ejected,5
wondrous,5
font,5
heaviest,5
assessing,5
mammograms,5
denouncing,5
colder,5
communal,5
goosebumps,5
awesomeness,5
naive,5
willy,5
steamed,5
duration,5
remnants,5
deficiency,5
portrays,5
spawned,5
goop,5
shallow,5
scenarios,5
loosen,5
ontario,5
concentrated,5
dent,5
rettner,5
picasso,5
greats,5
exploding,5
redefined,5
exceedingly,5
randall,5
erupted,5
northeastern,5
additionally,5
ct,5
chow,5
cheeks,5
mafia,5
prized,5
orangutans,5
commenter,5
entries,5
brook,5
triggering,5
wheeler,5
animals,5
peak,5
efficient,5
solve,5
directions,5
immune,5
indicates,5
amateur,5
downside,5
infinite,5
urine,5
hacker,5
instincts,5
lacks,5
light,5
northern,5
lego,5
sea,5
acid,5
behavioral,5
technological,5
busted,5
sixth,5
closest,5
device,5
rare,5
resting,5
crocodile,5
minivan,5
harming,5
activated,5
otter,5
boggling,5
discovers,5
unwittingly,5
abyss,5
similarly,5
impulsive,5
intends,5
pronounce,5
giddy,5
complementary,5
psychologist,5
superstorm,5
paychecks,5
metrics,5
formidable,5
axe,5
dictates,5
immerse,5
peruvian,5
witches,5
graves,5
blackout,5
ambivalence,5
blasting,5
detection,5
deliveries,5
graveyard,5
unorthodox,5
routes,5
evade,5
modified,5
daredevil,5
demon,5
harmon,5
assertion,5
entirety,5
requesting,5
sufficiently,5
bitten,5
uncanny,5
resounding,5
cuteness,5
sci,5
shed,5
centuries,5
platforms,5
roman,5
penis,5
drilling,5
trials,5
rocks,5
nest,5
vaccines,5
e.,5
chamber,5
shows,5
sobering,5
earliest,5
depend,5
pole,5
nonetheless,5
rewrite,5
contaminated,5
cycles,5
privately,5
heartbeat,5
greene,5
adolescents,5
paved,5
concussions,5
villa,5
lag,5
classical,5
maps,5
beast,5
bubble,5
cubs,5
influences,5
flowing,5
existence,5
fascinating,5
reduced,5
jumped,5
appear,5
size,5
winters,5
routinely,5
rhythms,5
degrees,5
transported,5
sharks,5
daydreaming,5
gitmo,5
python,5
specialist,5
slippers,5
inherit,5
benign,5
independently,5
nearby,5
therapists,5
visibility,5
garbage,5
tosses,5
mann,5
payroll,5
tore,5
dimensions,5
giraffe,5
warped,5
modeled,5
defect,5
layered,5
perennial,5
apocalypse,5
stimulation,5
regal,5
exits,5
circular,5
forming,5
accompanying,5
dusty,5
unleashes,5
transmission,5
analyzing,5
groundwork,5
explosives,5
postponed,5
triumphant,5
sampling,5
utilize,5
bat,5
interactive,5
groundbreaking,5
technical,5
pee,5
follow,5
techniques,5
desert,5
cons,4
grooming,4
shrink,4
useless,4
examine,4
hunter,4
shockingly,4
clarify,4
maintained,4
wtf,4
depths,4
speed,4
originally,4
c.,4
liquid,4
literacy,4
reference,4
severely,4
shaking,4
odd,4
carbon,4
methods,4
photographs,4
probe,4
lake,4
burnt,4
pounding,4
startling,4
optimistic,4
rubin,4
psyche,4
blooms,4
thrust,4
mph,4
succeeded,4
retires,4
invent,4
trace,4
namesake,4
capitalize,4
strokes,4
yield,4
perpetuate,4
disgust,4
inadequate,4
adapted,4
dwellers,4
operates,4
adhere,4
childcare,4
swan,4
remission,4
imported,4
billed,4
outline,4
pitched,4
polished,4
judith,4
hunters,4
threads,4
reconstruction,4
radioactive,4
incompetent,4
waning,4
aggression,4
theology,4
broadcaster,4
gasp,4
whipping,4
persists,4
bacterial,4
faulty,4
operators,4
righteous,4
prop,4
extravaganza,4
leafy,4
extraordinarily,4
26th,4
strange,4
evidence,4
launches,4
affects,4
ships,4
invasion,4
liberals,4
rex,4
committing,4
pad,4
furry,4
ambitious,4
processes,4
bogus,4
ing,4
inflation,4
certainty,4
possess,4
13-year,4
harbor,4
agency,4
human,4
faster,4
forest,4
co2,4
generating,4
yosemite,4
tidbits,4
measurement,4
solving,4
explanations,4
driverless,4
frances,4
reliance,4
injections,4
sleepers,4
hierarchy,4
neurotic,4
intensely,4
nighttime,4
administrator,4
avatar,4
anticipating,4
swarm,4
catalog,4
muster,4
terrain,4
pokes,4
chilly,4
bouncing,4
hassan,4
transcend,4
cannon,4
mural,4
merchants,4
naval,4
streams,4
impossibly,4
implant,4
dsm,4
switched,4
p,4
blade,4
factories,4
garnered,4
noon,4
contacted,4
blitz,4
ladder,4
grandmothers,4
exceptionally,4
coordinator,4
frigid,4
cinnamon,4
dark,4
attractive,4
longest,4
clinical,4
fish,4
tiny,4
marks,4
alter,4
vehicles,4
hidden,4
premature,4
characteristics,4
turtle,4
captive,4
viewing,4
bugs,4
1990s,4
misery,4
coats,4
echo,4
cord,4
necklace,4
height,4
hawaii,4
11-year,4
brighter,4
weighs,4
cheddar,4
torres,4
authored,4
lounging,4
generated,4
coins,4
upward,4
identified,4
dolphins,4
rams,4
rosemary,4
conservation,4
distracting,4
nets,4
californians,4
steinem,4
wakes,4
rudd,4
carl,4
moose,4
susceptible,4
der,4
motion,4
delivering,4
smelling,4
scholars,4
relatively,4
resembles,4
giver,4
crops,4
slowing,4
anticipation,4
substances,4
regards,4
greedy,4
unconsciously,4
soho,4
outed,4
poorer,4
buff,4
stalls,4
gauge,4
fleet,4
antioxidants,4
ventures,4
possessions,4
cure,4
arctic,4
awarded,4
photograph,4
cognitive,4
virus,4
stripped,4
wildest,4
advocating,4
shave,4
search,4
useful,4
represented,4
cats,4
insights,4
raucous,4
arson,4
toilets,4
communicate,4
caps,4
deepens,4
ignite,4
swimmers,4
motivating,4
gorilla,4
reindeer,4
thrill,4
neurological,4
gunshot,4
afar,4
paralyzed,4
25th,4
thor,4
cd,4
reasoning,4
osama,4
harms,4
composed,4
ebola,4
cautionary,4
micro,4
wacky,4
expiration,4
pioneer,4
credentials,4
trivial,4
subtly,4
ugliest,4
prettiest,4
savior,4
rouhani,4
markers,4
defied,4
resemble,4
perpetuating,4
antibiotics,4
limbs,4
contradicts,4
efficiency,4
zip,4
contributor,4
operator,4
voiced,4
bonds,4
denise,4
erik,4
replica,4
sphere,4
bricks,4
clock,4
awe,4
ron,4
features,4
extremely,4
filmed,4
exotic,4
context,4
activity,4
18th,4
lifts,4
antibiotic,4
sinking,4
nut,4
symbols,4
strangest,4
loop,4
recognizes,4
developed,4
correct,4
incredible,4
infectious,4
sesame,4
demonstrate,4
removal,4
addition,4
field,4
journal,4
explain,4
stint,4
spiked,4
disappears,4
awww,4
immersed,4
ufo,4
demeaning,4
hitched,4
awakened,4
countdown,4
reasonably,4
behave,4
radar,4
evoke,4
cancers,4
colony,4
availability,4
tame,4
controlled,4
relapse,4
reserves,4
narcissistic,4
hiroshima,4
miraculous,4
encouragement,4
unfolded,4
forgiven,4
forged,4
reminiscent,4
thrills,4
detrimental,4
cockpit,4
aluminum,4
collapsed,4
frustrations,4
glacier,4
brows,4
completing,4
sponsors,4
translated,4
alignment,4
lethal,4
simultaneously,4
invisible,4
shown,4
blast,4
monster,4
predict,4
glenn,4
jets,4
capable,4
beings,4
heroic,4
13th,4
accurate,4
evident,4
nigerian,4
debunked,4
flame,4
flee,4
chemical,4
may,4
link,4
rapidly,4
advances,4
trek,4
language,4
feet,4
system,4
diaspora,4
chunk,4
briefing,4
consists,4
nearing,4
offending,4
rat,4
depiction,4
sunrise,4
satisfy,4
batteries,4
impacts,4
comply,4
oysters,4
ant,4
towering,4
conflicted,4
duct,4
assemble,4
entails,4
punishing,4
crosses,4
bubbly,4
restricting,4
purely,4
outright,4
evaluation,4
stirs,4
offspring,4
philosophical,4
treasures,4
buns,4
rotten,4
fascination,4
pondering,4
embedded,4
sinai,4
arrow,4
swallowed,4
nonviolent,4
protagonist,4
innate,4
environments,4
tumultuous,4
installed,4
sample,4
brilliance,4
salmonella,4
adjusted,4
worsen,4
hazardous,4
streamed,4
reshape,4
incorrect,4
kramer,4
ferry,4
feline,4
precise,4
elements,4
shines,4
supplies,4
swim,4
lights,4
bizarre,4
fare,4
triumph,4
grows,4
ronald,4
eagle,4
exposure,4
flaws,4
wonderland,4
matches,4
grain,4
shadow,4
awake,4
misleading,4
theories,4
cancels,4
shapes,4
applied,4
behavior,4
jet,4
overseas,4
alan,4
phase,4
recycled,3
1970s,3
demonstrating,3
complex,3
teased,3
wwii,3
rub,3
unsurprisingly,3
waging,3
skiers,3
emergencies,3
psychiatrist,3
noises,3
showcases,3
components,3
remotely,3
mania,3
psychotherapy,3
pits,3
demonstrates,3
hues,3
provocative,3
quintessential,3
occurring,3
silly,3
pediatrics,3
phases,3
tyranny,3
progression,3
rigorous,3
busting,3
margarita,3
compact,3
dim,3
eaters,3
adjusting,3
smithsonian,3
interacting,3
solace,3
marvelous,3
instrument,3
persist,3
ponytail,3
breeds,3
prosthetic,3
notably,3
squat,3
facility,3
surprising,3
producing,3
predicted,3
closer,3
organ,3
consciousness,3
grains,3
confirms,3
complete,3
spokesman,3
spell,3
buzz,3
trigger,3
electric,3
investigate,3
improved,3
understanding,3
gas,3
bits,3
fastest,3
odor,3
rift,3
webb,3
creatively,3
usain,3
leopard,3
unusually,3
fi,3
apocalyptic,3
metallic,3
swimwear,3
scents,3
momentous,3
cautious,3
spooky,3
explored,3
vu,3
graders,3
womb,3
achievements,3
prolific,3
fade,3
stones,3
yearn,3
mandela,3
moods,3
depict,3
variations,3
counted,3
migraines,3
associations,3
turks,3
mechanisms,3
persona,3
miles,3
example,3
atlantic,3
memory,3
coast,3
boom,3
occur,3
bright,3
dreamed,3
nora,3
contagious,3
distinct,3
wired,3
dances,3
transfer,3
possibly,3
ship,3
recorded,3
scale,3
tested,3
superpower,3
peggy,3
favored,3
recruitment,3
proportions,3
dividing,3
procedure,3
structural,3
fallout,3
sleeve,3
stumped,3
collaborate,3
diagnose,3
doubling,3
grader,3
futuristic,3
exploit,3
arrogant,3
avoids,3
triggers,3
surgeons,3
dragons,3
instruments,3
aerial,3
chambers,3
attributed,3
addictions,3
drinkers,3
unfold,3
predatory,3
pearson,3
boeing,3
tidal,3
remains,3
sparks,3
near,3
waters,3
exists,3
institute,3
depressed,3
releasing,3
delays,3
bird,3
haven,3
pollution,3
isolation,3
geographic,3
panda,3
improvements,3
infertility,3
eyed,3
frame,3
animal,3
egg,3
camera,3
eats,3
studies,3
australian,3
mountain,3
voyage,3
cheek,3
vertical,3
schoolers,3
cincinnati,3
scramble,3
descent,3
perched,3
survives,3
branson,3
applications,3
ribbon,3
loneliness,3
unseen,3
wicked,3
unthinkable,3
clue,3
downfall,3
tempted,3
wander,3
inconvenient,3
oxygen,3
tangled,3
americas,3
tracker,3
alfred,3
speakers,3
halted,3
alligator,3
twenties,3
10th,3
assert,3
bleeding,3
iranians,3
vimeo,3
presses,3
secretive,3
spit,3
tightly,3
albuquerque,3
footage,3
signal,3
temple,3
large,3
flower,3
lonely,3
separate,3
barrier,3
division,3
occurred,3
blows,3
interact,3
clinics,3
shorter,3
1960s,3
bend,3
distance,3
alaska,3
sounds,3
cycle,3
floating,3
northeast,3
monitor,3
pig,3
mode,3
roughly,3
sorts,3
relative,3
artificial,3
fuels,3
solid,3
prolonged,3
conceived,3
embarrassment,3
hunt,3
spans,3
impressions,3
unprecedented,3
29-year,3
hopping,3
deprivation,3
bffs,3
berkeley,3
perils,3
soars,3
cinderella,3
nearest,3
farmer,3
footprint,3
revelations,3
helmet,3
prompting,3
bonuses,3
inadvertently,3
seals,3
prefers,3
santa,3
await,3
admittedly,3
caffeine,3
conclude,3
emperor,3
lecture,3
radiant,3
luna,3
culprit,3
consulting,3
tanks,3
endeavor,3
disco,3
identifying,3
lucrative,3
pint,3
afro,3
communicating,3
surprisingly,3
apparent,3
massive,3
witnessed,3
largest,3
smallest,3
impressive,3
slept,3
canyon,3
diamonds,3
significantly,3
p.,3
blew,3
contain,3
motivate,3
stunning,3
milestone,3
collapse,3
zombie,3
shade,3
b,3
entered,3
spots,3
newborn,3
bias,3
fuel,3
russian,3
launched,3
skinned,3
mexicans,3
crossing,3
chatter,3
revived,3
whirlwind,3
reacts,3
brace,3
preserving,3
aussie,3
oddly,3
proceeds,3
pumping,3
unpredictable,3
undeniably,3
profitable,3
envision,3
loudly,3
blush,3
metaphor,3
elegance,3
boiling,3
deter,3
lengths,3
h.,3
database,3
hardware,3
frequency,3
plague,3
becky,3
greeted,3
persistence,3
blond,3
17th,3
countryside,3
hazards,3
remote,3
burns,3
drone,3
wet,3
psychological,3
consumed,3
fifth,3
raging,3
midwest,3
mount,3
broader,3
explains,3
flu,3
prostate,3
neighbor,3
blue,3
varieties,3
viable,3
europeans,3
virtual,3
invasive,3
motivation,3
collections,3
error,3
soak,3
joaquin,3
mohamed,3
vehicle,3
lifted,3
surfaces,3
contributes,3
pumped,3
naps,3
deflategate,3
dismal,3
usage,3
goats,3
broadcast,3
kane,3
universally,3
overwhelm,3
salvador,3
demonstrated,3
faded,3
twain,3
bulk,3
genital,3
electorate,3
environmentally,3
site,3
newly,3
zoo,3
temperatures,3
retired,3
wondered,3
similar,3
bow,3
cultures,3
gut,3
writers,3
main,3
storm,3
glasses,3
fragile,3
chick,3
indicate,3
collected,3
burst,3
avoided,3
display,3
video,3
dominated,3
random,3
found,3
colorful,3
exist,3
tree,3
unveiled,3
fireworks,3
knife,3
behold,3
approaches,3
circles,3
alphabet,3
tributes,3
brilliantly,3
destroys,3
populations,3
commander,3
execs,3
helps,3
narratives,3
freeze,3
breeding,3
doubts,3
academics,3
trumps,3
inclined,3
approximately,3
butts,3
jurassic,3
outbreaks,3
units,3
drastic,3
sparking,3
native,3
flock,3
sensible,3
sisterhood,3
nerds,3
hybrid,3
unexpectedly,3
choking,3
barrel,3
overeating,3
wiped,3
knives,3
exceptions,3
mentors,3
meantime,3
parades,3
hostile,3
washed,3
accustomed,3
century,3
closely,3
sophisticated,3
auction,3
fly,3
wide,3
mining,3
cancel,3
snowden,3
decade,3
diseases,3
essentially,3
tricky,3
slammed,3
wild,3
definition,3
mountains,3
water,3
alzheimer,3
announcement,3
nursery,3
aims,3
obsolete,3
owl,3
ketchup,3
3rd,3
yacht,3
pathetic,3
danced,3
blooming,3
distinguish,3
ideal,3
fuzzy,3
moody,3
religions,3
oriented,3
whereas,3
fields,3
culturally,3
screenings,3
applicants,3
aviation,3
portrayal,3
belts,3
wagon,3
brent,3
wraps,3
mechanism,3
merits,3
huge,3
violent,3
zone,3
expert,3
integrity,3
treasure,3
attitudes,3
depression,3
weather,3
factor,3
laden,3
ponder,3
promotes,3
structures,3
arguments,3
authors,3
trash,3
male,3
treating,3
confirmed,3
henderson,3
survive,3
guinea,3
rock,3
tasks,3
zones,3
stillness,3
turkeys,3
uva,3
monument,3
jaw,3
fascinated,3
printing,3
meditating,3
carrots,3
disgrace,3
misinformation,3
astonishing,3
budgets,3
millennium,3
recreates,3
occurs,3
assist,3
dove,3
rachael,3
blink,3
interfere,3
malik,3
nicolas,3
runaway,3
aiming,3
burned,3
discipline,3
previously,3
tonight,3
balls,3
flights,3
facts,3
diagnosis,3
modern,3
defined,3
virgin,3
sticking,3
autistic,3
flying,3
unlikely,3
sand,3
metal,3
compared,3
identify,3
reveals,3
gear,3
circle,3
richard,3
holds,3
premiered,3
evacuated,3
completed,3
glory,3
lucy,3
resistant,3
22-year,3
converted,3
stumble,3
floral,3
scrap,3
nightly,3
stated,3
strongest,3
stuns,3
czech,3
existed,3
surround,3
dig,3
pave,3
finalized,3
humility,3
avid,3
dependence,3
unleash,3
disproportionately,3
length,3
fountain,3
provided,3
poured,3
bbq,3
sinks,3
pioneering,3
expired,3
horses,3
compilation,3
observing,3
columbus,3
stockholm,3
wows,3
outcry,3
lent,3
famously,3
rests,3
project,3
results,3
particular,3
record,3
fur,3
edge,3
sticks,3
movements,3
returned,3
spider,3
lands,3
airplane,3
machine,3
view,3
boats,3
crash,3
perceived,3
bs,3
capture,3
skeptical,3
underestimate,3
unpleasant,3
classroom,3
bangkok,3
cart,3
subjects,3
restrict,3
testimony,3
documentaries,3
skating,3
trademark,3
logical,3
objective,3
newborns,3
subjected,3
manages,3
winfrey,3
isaac,3
fla,3
gradually,3
leonardo,3
determining,3
distinction,3
medicines,3
whimsical,3
intensity,3
safest,3
aired,3
highlighted,3
spree,3
akin,3
ellis,3
meredith,3
opposition,3
function,3
infection,3
tracking,2
element,2
relatives,2
assumed,2
hormone,2
scenario,2
clearly,2
subtle,2
museum,2
given,2
shelf,2
tongue,2
traps,2
nasty,2
extraordinary,2
lions,2
pooch,2
everest,2
sweep,2
stocking,2
iv,2
steady,2
warnings,2
predictions,2
ate,2
proved,2
resonate,2
exploitation,2
sensation,2
jewel,2
battlefield,2
skepticism,2
backward,2
orientation,2
ocd,2
slated,2
circumstance,2
continuous,2
pierre,2
existential,2
starters,2
quinn,2
commencement,2
periods,2
produces,2
tornadoes,2
affect,2
drugs,2
red,2
patterns,2
stone,2
possible,2
screens,2
mashup,2
contrary,2
oral,2
leaks,2
seen,2
alert,2
odds,2
shape,2
environment,2
survival,2
mood,2
tracked,2
eighth,2
longing,2
underway,2
powerball,2
prague,2
shortages,2
vocal,2
educators,2
drum,2
crust,2
remarkably,2
optimal,2
mushrooms,2
exam,2
harness,2
readily,2
tissues,2
hectic,2
preferred,2
cousins,2
persistent,2
clutch,2
admitting,2
slamming,2
dried,2
angst,2
magnitude,2
petraeus,2
staged,2
characterized,2
biblical,2
tens,2
exploring,2
blind,2
provides,2
trauma,2
natural,2
above,2
mile,2
spectrum,2
sparked,2
rainbow,2
unlike,2
trick,2
sierra,2
balancing,2
staring,2
rocky,2
conclusion,2
dec,2
participants,2
climate,2
secrets,2
rallying,2
astounding,2
influenced,2
bennett,2
bali,2
üî•,2
shakes,2
peta,2
principle,2
mic,2
isolated,2
debating,2
analyzed,2
germs,2
defying,2
reversal,2
creations,2
painfully,2
randy,2
signals,2
futures,2
addicts,2
stereotype,2
purposes,2
describing,2
skater,2
processing,2
footsteps,2
wallace,2
reserved,2
construction,2
insight,2
minds,2
reactions,2
star,2
plane,2
bigger,2
targeting,2
remembered,2
coastal,2
channel,2
fueled,2
infections,2
fishing,2
horizon,2
fatherhood,2
nelson,2
warrior,2
disorder,2
played,2
allergies,2
hills,2
clever,2
watch,2
colleagues,2
destruction,2
disappear,2
wandering,2
companion,2
mag,2
bolt,2
impacted,2
arthritis,2
represent,2
monuments,2
blissful,2
sailing,2
coveted,2
destined,2
recover,2
examining,2
obscure,2
colon,2
settling,2
shifted,2
cathedral,2
toe,2
parkinson,2
gallery,2
prestigious,2
harvest,2
theirs,2
void,2
prospective,2
examines,2
southern,2
catch,2
lived,2
bear,2
scheduled,2
exact,2
california,2
iconic,2
differently,2
infected,2
irony,2
swiss,2
basics,2
ability,2
allen,2
pulling,2
interviews,2
entry,2
imagination,2
games,2
test,2
severe,2
inducing,2
dot,2
cites,2
request,2
pros,2
duncan,2
biles,2
30th,2
freezing,2
brutal,2
undergoing,2
pencil,2
pivotal,2
sorrow,2
resolved,2
savor,2
campaigning,2
marketers,2
settings,2
altered,2
witnessing,2
upper,2
recreational,2
mushroom,2
hatch,2
cleared,2
monkeys,2
casualties,2
beasts,2
analysts,2
scars,2
divorces,2
assuming,2
capturing,2
needle,2
nonpartisan,2
abundant,2
sensitivity,2
carried,2
sized,2
thrown,2
activism,2
arrive,2
zealand,2
emissions,2
confusion,2
nap,2
alarming,2
industrial,2
peers,2
accessible,2
shifts,2
crucial,2
depends,2
commercial,2
japanese,2
dangerously,2
chasing,2
blown,2
14th,2
pedro,2
links,2
poisoned,2
dots,2
leaf,2
jackpot,2
literal,2
triggered,2
ward,2
disappearing,2
beatles,2
perceive,2
chapel,2
adapt,2
barriers,2
erase,2
ecuador,2
h,2
daytime,2
judgments,2
guts,2
laughed,2
dominance,2
masterpiece,2
illustrates,2
goldberg,2
induced,2
erupts,2
such,2
carrying,2
region,2
giants,2
association,2
april,2
known,2
amazing,2
say,2
prepares,2
crossed,2
slice,2
lining,2
uncertainty,2
dies,2
university,2
bending,2
changer,2
possibility,2
soldiers,2
grades,2
bowls,2
therapeutic,2
interviewing,2
curtain,2
polite,2
metabolism,2
fetal,2
latter,2
imagery,2
sub,2
cardboard,2
miller,2
blasted,2
puzzle,2
assumptions,2
consequence,2
vincent,2
vancouver,2
tent,2
fairness,2
bull,2
japan,2
focusing,2
built,2
capacity,2
european,2
summit,2
screaming,2
notorious,2
wells,2
sir,2
delta,2
cartoon,2
scroll,2
arrives,2
risky,2
global,2
areas,2
showed,2
program,2
slowly,2
effect,2
international,2
farewell,2
hugs,2
equipment,2
faithful,2
praying,2
bananas,2
upside,2
accent,2
bursting,2
maui,2
spaghetti,2
crunch,2
advantage,2
ironically,2
splitting,2
assumption,2
neo,2
phillips,2
could,2
tool,2
landscape,2
contact,2
staff,2
ghost,2
jump,2
myth,2
responsible,2
rain,2
provide,2
leak,2
jack,2
weirdest,2
believing,2
exception,2
storage,2
witch,2
revealed,2
dramatic,2
aggressive,2
skills,2
conference,2
earthquake,2
tweeting,2
censorship,2
lend,2
concepts,2
caused,2
p.m.,2
donor,2
shoots,2
doom,2
freaks,2
bathing,2
rational,2
contentious,2
mashed,2
drawings,2
biting,2
moonlight,2
danish,2
catastrophic,2
calendar,2
difficulty,2
seized,2
freely,2
future,2
created,2
pose,2
technology,2
hiding,2
twin,2
wings,2
protein,2
english,2
selfie,2
revolutionary,2
devices,2
stormy,2
safely,2
concrete,2
key,2
twice,2
obvious,2
heavy,2
gathering,2
typically,2
pointed,2
inevitable,2
plug,2
glow,2
portrait,2
land,2
profiles,2
blizzard,2
sleeps,2
realistic,2
core,2
1st,2
guitar,2
institutional,2
dated,2
lure,2
concussion,2
positively,2
siege,2
shout,2
revisit,2
remark,2
breed,2
counterparts,2
educating,2
owes,2
parts,2
humanity,2
extra,2
britain,2
supply,2
double,2
danger,2
marine,2
false,2
used,2
accompanied,2
blockbuster,2
trained,2
soaring,2
defy,2
impose,2
inflammation,2
jefferson,2
intact,2
cracked,2
cellphone,2
economist,2
preventable,2
solely,2
eligible,2
robbed,2
vague,2
savage,2
contenders,2
childbirth,2
wonders,2
arms,2
highly,2
warning,2
dollar,2
suggested,2
thrive,2
brilliant,2
current,2
memories,2
rarely,2
columbia,2
touched,2
form,2
experts,2
flavors,2
travels,2
feed,2
believed,2
caught,2
successes,2
sustain,2
exhibit,2
pumpkins,2
hears,2
flop,2
indictment,2
accidents,2
emerged,2
monumental,2
encountered,2
functional,2
guardian,2
encounters,2
ensuring,2
separating,2
deepest,2
sword,2
rhythm,2
ambitions,2
arise,2
duties,2
appearing,2
deer,2
return,2
send,2
actually,2
ball,2
western,2
thought,2
stories,2
kicks,2
trapped,2
nose,2
adorable,2
answer,2
bodies,2
chance,2
years,2
killer,2
viewed,2
commonly,2
runners,2
brush,2
impressed,2
universal,2
generally,2
anticipated,2
unnecessary,2
elsewhere,2
spike,2
dawn,2
sexism,2
adventures,2
gold,2
ago,2
senior,2
oasis,2
minded,2
intentional,2
downward,2
transport,2
loud,2
typical,2
elevator,2
cape,2
spreading,2
slur,2
shouting,2
leukemia,2
titanic,2
drank,2
profoundly,2
inherently,2
bullets,2
cameras,2
crossroads,2
l.,2
nears,2
heats,2
log,2
digging,2
spain,2
beverage,2
attackers,2
australia,2
reverse,2
viral,2
answers,2
causes,2
might,2
ruin,2
scary,2
systems,2
ultra,2
disgusting,2
operations,2
ignorance,2
ear,2
regulation,2
cox,2
england,2
team,2
smell,2
passed,2
craft,2
including,2
spotlight,2
whoever,2
virtually,2
begging,2
guantanamo,2
dentist,2
regulate,2
sleepy,2
candle,2
nutritious,2
crave,2
momentum,2
farming,2
equipped,2
reminders,2
delayed,2
charles,2
pharmaceutical,2
risen,2
fortunately,2
wider,2
expects,2
load,2
muscles,2
crashing,2
filter,2
plagued,2
reviewed,2
gaps,2
trails,2
darkest,2
deliberately,2
clearing,2
employed,2
noted,2
meat,2
within,2
deep,2
medicine,2
immediately,2
tim,2
highlights,2
ruled,2
rising,2
bitter,2
ages,2
jumping,2
expression,2
seconds,2
attempt,2
disaster,2
small,2
close,2
misguided,2
destroyed,2
oxford,2
resulted,2
marches,2
gentlemen,2
float,2
chess,2
basis,2
safari,2
showers,2
expands,2
amounts,2
lays,2
encounter,2
liars,2
dominant,2
conduct,2
gum,2
errors,2
tossed,2
maximum,2
monsters,2
defines,2
rebuild,2
guided,2
contracts,2
cara,2
infants,2
cold,2
boost,2
historic,2
contest,2
fatal,2
stepped,2
big,2
forms,2
hoped,2
tactics,2
luckily,2
approaching,2
rob,2
absolute,2
warm,2
benefit,2
mini,2
ice,2
plant,2
funding,2
shortage,2
shrinking,2
apologizing,2
greed,2
tigers,2
sketch,2
stretching,2
overload,2
gray,2
grave,2
forgetting,2
fluid,2
protects,2
searches,2
pics,2
spinning,2
fad,2
sounded,2
command,2
spices,2
mainly,2
attracted,2
venues,2
professors,2
founders,2
laying,2
mouths,2
seas,2
arriving,2
bite,2
mental,2
syndrome,2
weird,2
explore,2
empathy,2
stars,2
promising,2
visual,2
religion,2
society,2
matthew,2
interesting,2
failing,2
previous,2
emergency,2
vera,2
pens,2
trap,2
showcase,2
tornado,2
ninja,2
invited,2
articles,2
cheat,2
solitary,2
reckless,2
watches,2
examined,2
pbs,2
measured,2
strawberry,2
flight,2
vision,2
dogs,2
larger,2
differences,2
coolest,2
presented,2
energy,2
popularity,2
potatoes,2
calorie,2
siblings,2
waking,2
tied,2
tape,2
fate,2
passes,2
blocks,2
don,2
center,2
teams,2
replace,2
wheat,2
revealing,2
splash,2
unwanted,2
fines,2
tension,2
sharp,2
ahmed,2
base,2
unclear,2
hammer,2
neon,2
revelation,2
cooks,2
springs,2
backwards,2
wishing,2
mara,2
answered,2
sticky,2
disappeared,2
a.,2
gardner,2
soviet,2
touring,2
renaissance,2
strive,2
alcoholic,2
approval,2
illness,2
quite,2
returns,2
vaccine,2
aspects,2
find,2
treat,2
hopes,2
reagan,2
engage,2
obstacles,2
scotland,2
floor,2
breathe,2
basic,2
significant,2
effects,2
paint,2
called,2
triple,2
s.,2
darn,2
confirm,2
urgency,2
boredom,2
revive,2
stamps,2
smoked,2
dunk,2
battery,2
interactions,2
dependent,2
storytelling,2
precisely,2
elaborate,2
imposed,2
reflected,2
partly,2
daylight,2
suppose,2
convenience,2
prone,2
silk,2
startups,2
hacking,2
permission,2
edwards,2
5th,2
showing,2
increasingly,2
term,2
royal,2
proper,2
pets,2
owners,2
20th,2
modeling,2
its,2
filled,2
saving,2
range,2
understand,2
numbers,2
expected,2
liked,2
fruit,2
worries,2
bald,2
adversity,2
belongs,2
cat,2
sparkling,2
rampant,2
precious,2
bounce,2
paradox,2
pretending,2
marketplace,2
reluctant,2
intuition,2
addictive,2
designing,2
selected,2
updates,2
reward,2
throat,2
naming,2
santorum,2
per,2
featured,2
overweight,2
clips,2
rip,2
troubling,2
later,2
disorders,2
central,2
earlier,2
fact,2
magic,2
waiting,2
grow,2
type,2
records,2
extensive,2
pockets,2
bombshell,2
kingdom,2
jumps,2
tall,2
casts,2
legends,2
violation,2
limitations,2
chase,2
gods,2
adhd,2
tapping,2
boosts,2
vitamin,2
peninsula,2
external,2
downright,2
exposes,2
update,2
new,2
across,2
offers,2
due,2
described,2
october,2
paper,2
smoking,2
networks,2
sound,2
heritage,2
changes,2
build,2
restore,2
melting,2
recommend,2
ordering,2
graduated,2
chaotic,2
ruins,2
bother,2
purchases,2
sounding,2
arsenal,2
prospects,2
glance,2
regard,2
snap,2
assistant,2
doubles,2
enable,2
katherine,2
nature,2
legendary,2
internal,2
suffer,2
building,2
breaking,2
era,2
details,2
somewhat,2
tobacco,2
purple,2
doubt,2
islands,2
anniversary,2
addiction,2
taken,2
which,2
exciting,2
reflections,2
creation,2
uncovered,2
neglect,2
generate,2
chooses,2
households,2
formula,2
grim,2
depressing,2
pilot,2
electronic,2
hebdo,2
intake,2
presentation,2
seed,2
realizing,2
concluded,2
villain,2
slaves,2
nathan,2
v,2
weighed,2
jacob,2
bipolar,2
mar,2
sense,2
able,2
saw,2
bomb,2
female,2
quest,2
vital,2
knowledge,2
added,2
looks,2
advanced,2
fourth,2
critic,2
innovative,2
alternative,2
escape,2
ring,2
worry,2
iranian,2
limit,2
perspective,2
profound,2
flow,2
extreme,2
photo,2
influence,2
therapy,2
blame,2
die,2
enormous,2
innocence,2
forth,2
cringe,2
occupation,2
arena,2
brink,2
sheep,2
branch,2
intellectual,2
dismiss,2
plates,2
smash,2
discourse,2
occasionally,2
versions,2
outbreak,2
august,2
lasting,2
sets,2
slow,2
locked,2
prior,2
curb,2
green,2
ordinary,2
harvard,2
bold,2
brings,2
failure,2
appears,2
decades,2
heidi,2
frankly,2
surgeon,2
eggs,2
powered,2
kisses,2
initial,2
expenses,2
homosexuality,2
volume,2
participating,2
wisely,2
bench,2
raises,2
disconnect,2
nowhere,2
entrance,2
considers,2
headaches,2
method,2
disease,2
sent,2
survey,2
birth,2
watching,2
lets,2
dates,2
based,2
fault,2
tend,2
stephen,2
heads,2
population,2
determined,2
fell,2
opportunity,2
plunge,2
breitbart,2
magical,2
roses,2
dire,2
nike,2
boosting,2
scratch,2
rated,2
butler,2
controlling,2
tempting,2
lens,2
predictable,2
grants,2
ideology,2
figuring,2
forecast,2
released,2
enter,2
efforts,2
force,2
cute,2
argument,2
twins,2
bob,2
challenging,2
vegetarian,2
describes,2
sees,2
disasters,2
handed,2
turn,2
signs,2
physical,2
debut,2
fiery,2
lesser,2
reduce,2
tougher,2
dominate,2
satisfied,2
rituals,2
implement,2
automatically,2
jewelry,2
priceless,2
flew,2
intentionally,2
sustained,2
nuclear,2
left,2
finds,2
orange,2
occasion,1
tremendous,1
noise,1
march,1
than,1
ran,1
frozen,1
personality,1
autism,1
total,1
barely,1
seasons,1
proof,1
gloria,1
dudes,1
18-year,1
ruining,1
therapist,1
senses,1
husbands,1
morocco,1
miami,1
supposedly,1
first,1
happens,1
glass,1
begins,1
blow,1
express,1
centers,1
amber,1
stealing,1
glimpse,1
deadly,1
recent,1
shake,1
situations,1
into,1
literally,1
warmth,1
wildfires,1
drain,1
newest,1
posters,1
belief,1
inaugural,1
s,1
inclusive,1
chances,1
acted,1
accomplishments,1
reaches,1
unbelievable,1
glowing,1
huffington,1
way,1
number,1
eastern,1
rises,1
darkness,1
trouble,1
apply,1
moral,1
celebrated,1
designed,1
island,1
beginning,1
effort,1
lion,1
withdrawal,1
wrestling,1
Ô∏è,1
meaning,1
oct,1
katrina,1
consensus,1
breach,1
dubbed,1
wound,1
socially,1
justify,1
sought,1
15-year,1
outcome,1
sober,1
poisoning,1
southeast,1
margaret,1
moves,1
another,1
bridge,1
communication,1
create,1
question,1
importantly,1
deputy,1
around,1
hold,1
devastating,1
infographic,1
risks,1
daughters,1
development,1
thriller,1
monthly,1
memorial,1
lobbying,1
figured,1
publisher,1
demonstrators,1
bust,1
gifted,1
myths,1
shortly,1
amsterdam,1
pittsburgh,1
claus,1
filmmakers,1
detective,1
reflecting,1
consume,1
chile,1
sept,1
sheet,1
ranging,1
pin,1
mild,1
mouth,1
see,1
currently,1
followed,1
flip,1
shift,1
using,1
warn,1
sanctuary,1
drawing,1
probably,1
improve,1
perhaps,1
planned,1
terrifying,1
21st,1
tourism,1
transform,1
shame,1
soon,1
stuff,1
dry,1
aircraft,1
ton,1
allows,1
sunset,1
shadows,1
accuse,1
annoying,1
smartphone,1
nbc,1
talents,1
realm,1
aimed,1
gems,1
diving,1
anatomy,1
submit,1
recognition,1
petition,1
fixed,1
shoulder,1
lower,1
luck,1
fathers,1
rivers,1
dr,1
powerful,1
headlines,1
handy,1
pleased,1
safer,1
pac,1
spare,1
iii,1
governance,1
backyard,1
prompts,1
cooperation,1
beneficial,1
stranded,1
appointment,1
offense,1
france,1
common,1
greatest,1
users,1
missing,1
author,1
intense,1
ireland,1
insane,1
raw,1
hardly,1
works,1
world,1
mirror,1
snow,1
devastated,1
personalities,1
aftermath,1
u.n,1
diamond,1
suggestion,1
crack,1
evolve,1
renowned,1
wood,1
seventh,1
installment,1
rogue,1
history,1
tragic,1
passing,1
by,1
online,1
cheeky,1
listening,1
effectively,1
radio,1
impossible,1
millions,1
marathon,1
terms,1
named,1
aging,1
placed,1
suspected,1
rewarding,1
stereotypes,1
cooked,1
unconscious,1
vet,1
elementary,1
sadly,1
reader,1
extension,1
pit,1
dietary,1
boko,1
haram,1
junior,1
pairs,1
operating,1
topped,1
desires,1
candidacy,1
supported,1
dicaprio,1
nerve,1
layers,1
arguably,1
batman,1
rooted,1
thousands,1
linked,1
color,1
why,1
thomas,1
died,1
dozen,1
whole,1
dancing,1
juice,1
look,1
surgery,1
gives,1
listen,1
inspire,1
barry,1
conditions,1
iceland,1
blocking,1
stamp,1
spoiler,1
learns,1
renewable,1
select,1
stands,1
significance,1
targets,1
expanded,1
settled,1
registered,1
illusion,1
suffers,1
haunting,1
amidst,1
profit,1
high,1
rise,1
life,1
successful,1
canadian,1
partners,1
considered,1
piece,1
makes,1
down,1
during,1
cbs,1
excitement,1
neck,1
involved,1
result,1
abbey,1
jean,1
bug,1
devil,1
deserved,1
background,1
optimism,1
catching,1
array,1
hardest,1
investments,1
signature,1
regions,1
seekers,1
riot,1
equivalent,1
salt,1
films,1
long,1
early,1
keeping,1
sight,1
nightmare,1
scott,1
monday,1
discussed,1
gathered,1
emerging,1
beckham,1
received,1
prevent,1
epidemic,1
teaching,1
fully,1
takes,1
abundance,1
refuge,1
depth,1
beautifully,1
bowie,1
entirely,1
perez,1
merry,1
counting,1
dive,1
convincing,1
50th,1
prints,1
aug,1
profession,1
landscapes,1
friday,1
itself,1
coverage,1
air,1
mind,1
once,1
far,1
gifs,1
captain,1
eye,1
exactly,1
show,1
yet,1
other,1
‚Äï,1
navy,1
fulfill,1
destroying,1
awesome,1
artwork,1
explosive,1
antonio,1
yellow,1
unacceptable,1
combat,1
lift,1
oakland,1
custom,1
transparent,1
speculation,1
dirt,1
spirituality,1
deadliest,1
june,1
age,1
china,1
prove,1
heat,1
pipeline,1
ever,1
plays,1
television,1
curious,1
phrase,1
picture,1
meanwhile,1
jerusalem,1
increasing,1
interior,1
independence,1
throw,1
event,1
keith,1
historical,1
simone,1
ridiculously,1
shine,1
addict,1
perks,1
struggled,1
spicy,1
cookbook,1
powder,1
escaped,1
accidental,1
winners,1
establish,1
inches,1
popping,1
traditionally,1
staple,1
firefighters,1
reminder,1
lifetime,1
tale,1
opinion,1
icon,1
from,1
aware,1
elite,1
productive,1
marvel,1
infrastructure,1
reality,1
hype,1
losses,1
puppies,1
upgrade,1
surfing,1
appealing,1
argued,1
modest,1
stephanie,1
specific,1
nearly,1
claim,1
toward,1
debate,1
required,1
turns,1
minutes,1
convinced,1
recall,1
shared,1
genius,1
anxiety,1
watchdog,1
plain,1
eyes,1
hanging,1
unknown,1
arnold,1
combine,1
involves,1
behaviors,1
active,1
printed,1
smooth,1
institutions,1
pile,1
wise,1
eaten,1
sugary,1
decides,1
produced,1
processed,1
nsa,1
painted,1
step,1
florida,1
beer,1
tight,1
save,1
started,1
were,1
controversial,1
kelly,1
help,1
finding,1
c,1
collecting,1
yale,1
frightening,1
contribute,1
someday,1
pills,1
hour,1
uses,1
nurse,1
reported,1
utterly,1
nepal,1
trusted,1
testing,1
preserve,1
destroy,1
poison,1
household,1
expose,1
complain,1
mock,1
stanford,1
beautiful,1
rolling,1
fill,1
this,1
rome,1
novel,1
of,1
direct,1
headed,1
popular,1
entire,1
use,1
face,1
has,1
resume,1
caring,1
smoke,1
welcomes,1
hospitals,1
copy,1
treatments,1
relaxed,1
reaching,1
fixing,1
max,1
uncertain,1
lifting,1
tattoos,1
pepper,1
guy,1
guys,1
bay,1
believe,1
likely,1
least,1
ill,1
tomorrow,1
continue,1
assume,1
screening,1
truths,1
black,1
book,1
here,1
communities,1
posted,1
average,1
cause,1
impact,1
head,1
classified,1
affecting,1
institution,1
sally,1
sleeping,1
charts,1
von,1
pretend,1
destructive,1
urge,1
attempts,1
alike,1
nebraska,1
calif,1
deaf,1
builds,1
how,1
questions,1
pictures,1
controversy,1
patient,1
generation,1
among,1
hitting,1
change,1
full,1
drunk,1
unless,1
drive,1
resource,1
witness,1
flexibility,1
flash,1
lock,1
unveils,1
improving,1
fred,1
reflection,1
lowest,1
jim,1
primarily,1
cooler,1
hide,1
seeing,1
rather,1
painful,1
produce,1
latest,1
shock,1
sorry,1
some,1
greek,1
porn,1
british,1
mark,1
facing,1
wonder,1
speeches,1
rigged,1
flowers,1
removing,1
healthcare,1
embracing,1
uncomfortable,1
alice,1
logic,1
ripped,1
supermarket,1
sort,1
pie,1
east,1
very,1
matter,1
february,1
follows,1
divided,1
roger,1
injury,1
outside,1
body,1
north,1
according,1
treatment,1
concept,1
badass,1
section,1
countless,1
calories,1
tooth,1
fool,1
focuses,1
olds,1
embassy,1
independent,1
instance,1
delivery,1
smiling,1
performs,1
like,1
have,1
well,1
comfort,1
pull,1
totally,1
releases,1
approach,1
concern,1
condition,1
spot,1
web,1
inside,1
checked,1
excessive,1
prefer,1
sibling,1
veggies,1
sweden,1
past,1
secret,1
greater,1
super,1
eu,1
photography,1
these,1
second,1
benefits,1
afford,1
leap,1
sooner,1
fortunate,1
lingerie,1
madness,1
tide,1
feminine,1
norway,1
strong,1
companies,1
phone,1
however,1
aids,1
control,1
seem,1
neighbors,1
somebody,1
regarding,1
visitors,1
tools,1
holy,1
professor,1
subject,1
olympic,1
lot,1
kill,1
point,1
turned,1
competition,1
blasts,1
lil,1
halt,1
devoted,1
defining,1
y,1
comparing,1
masters,1
cooper,1
cited,1
behind,1
been,1
legacy,1
lots,1
bit,1
german,1
area,1
arm,1
quarter,1
also,1
types,1
mexico,1
upon,1
hospitalized,1
charm,1
favor,1
application,1
distraction,1
bbc,1
narrow,1
enemies,1
today,1
mike,1
already,1
presents,1
reason,1
effective,1
in,1
conservatives,1
bond,1
trial,1
normal,1
related,1
crashed,1
humble,1
forgot,1
venture,1
excited,1
launching,1
tipping,1
physicians,1
qualified,1
stood,1
fashioned,1
offices,1
rudy,1
even,1
opened,1
respond,1
tests,1
river,1
friendly,1
set,1
old,1
half,1
extend,1
discuss,1
stunt,1
colleague,1
crowded,1
flawed,1
writer,1
suffered,1
kit,1
dump,1
hugh,1
ceos,1
times,1
brought,1
be,1
less,1
foundation,1
burn,1
poses,1
tie,1
major,1
reach,1
pot,1
environmental,1
helped,1
website,1
outcomes,1
seafood,1
titled,1
flags,1
private,1
our,1
the,1
reached,1
at,1
dying,1
brief,1
mass,1
revolution,1
ride,1
mean,1
pass,1
case,1
learn,1
lives,1
fits,1
organic,1
unexpected,1
software,1
brian,1
musician,1
sunshine,1
fracking,1
pack,1
miss,1
‚Äôs,1
drug,1
fantastic,1
legs,1
god,1
wrong,1
meet,1
percent,1
wait,1
name,1
recently,1
side,1
to,1
highlight,1
columnist,1
values,1
alive,1
ritual,1
athletic,1
tokyo,1
associate,1
obsessed,1
poster,1
officials,1
more,1
last,1
consequences,1
otherwise,1
collective,1
honored,1
generations,1
providing,1
enjoying,1
empire,1
exposed,1
problem,1
night,1
flies,1
owe,1
shy,1
tiger,1
wallet,1
necessarily,1
hottest,1
lifelong,1
closing,1
asylum,1
freaking,1
discussions,1
simply,1
africa,1
potential,1
watched,1
sex,1
about,1
humor,1
draw,1
van,1
location,1
potentially,1
most,1
learning,1
allow,1
packed,1
lighting,1
infamous,1
grounds,1
bloom,1
ethics,1
educate,1
arrival,1
pages,1
quirky,1
sizes,1
craig,1
connecting,1
homework,1
manager,1
path,1
social,1
topic,1
degree,1
user,1
information,1
much,1
medical,1
hundreds,1
thing,1
out,1
rodriguez,1
actual,1
eager,1
recognize,1
sink,1
strengthen,1
o,1
attitude,1
ego,1
recommendations,1
ii,1
goods,1
spends,1
unhappy,1
smarter,1
shifting,1
addresses,1
lead,1
on,1
democracy,1
goals,1
chose,1
boring,1
bucket,1
scores,1
can,1
stopped,1
statement,1
problems,1
discrimination,1
daniel,1
ptsd,1
levels,1
driven,1
skiing,1
friendships,1
revival,1
slave,1
stream,1
responding,1
satisfying,1
compare,1
fake,1
quiz,1
count,1
will,1
as,1
maybe,1
time,1
sexy,1
talk,1
though,1
offer,1
before,1
roads,1
hated,1
swimsuit,1
suits,1
parking,1
fundraising,1
urgent,1
incidents,1
abused,1
tag,1
statistics,1
hits,1
protect,1
cars,1
made,1
playing,1
missouri,1
lovers,1
spread,1
that,1
el,1
flooding,1
targeted,1
helpful,1
ethical,1
wives,1
buffalo,1
suggesting,1
dean,1
hug,1
opponent,1
drove,1
alcohol,1
fda,1
finally,1
apparently,1
sunday,1
pet,1
worried,1
toll,1
idea,1
just,1
singing,1
stays,1
sits,1
edward,1
statue,1
innovation,1
until,1
end,1
candidates,1
third,1
short,1
fat,1
largely,1
resolution,1
thank,1
ears,1
needed,1
cheaper,1
expecting,1
uncle,1
merely,1
12-year,1
boxes,1
tournament,1
despair,1
pan,1
accomplish,1
away,1
birthday,1
little,1
's,1
better,1
sends,1
beyond,1
surprise,1
any,1
radical,1
retire,1
glorious,1
d,1
abandoned,1
initially,1
article,1
familiar,1
is,1
text,1
seek,1
songs,1
move,1
determine,1
grand,1
anybody,1
partisan,1
oklahoma,1
detail,1
nixon,1
mere,1
attraction,1
dead,1
says,1
ideas,1
had,1
wars,1
freedom,1
now,1
blood,1
plans,1
backed,1
golf,1
lately,1
whether,1
concerned,1
embrace,1
eating,1
a,1
castle,1
struck,1
damaging,1
woods,1
bee,1
tracks,1
vibrant,1
creator,1
teaser,1
delight,1
reserve,1
turner,1
fairly,1
held,1
certain,1
almost,1
falling,1
older,1
burning,1
eventually,1
profile,1
an,1
came,1
fears,1
events,1
refreshing,1
professional,1
theaters,1
invitation,1
thanksgiving,1
oliver,1
dilemma,1
discussing,1
behalf,1
landed,1
movement,1
gave,1
cut,1
king,1
sustainable,1
models,1
advocate,1
where,1
groups,1
spend,1
policies,1
artistic,1
rejection,1
perception,1
hints,1
between,1
wind,1
becomes,1
us,1
became,1
many,1
service,1
clear,1
threats,1
dumb,1
educated,1
tons,1
youtube,1
nuts,1
skirt,1
re,1
j.,1
sending,1
what,1
there,1
national,1
top,1
straight,1
blamed,1
settlement,1
hat,1
kicking,1
shell,1
sacrifice,1
natalie,1
doug,1
only,1
individual,1
facebook,1
teenage,1
colors,1
original,1
up,1
does,1
joke,1
harder,1
are,1
celebrate,1
finished,1
co,1
stole,1
talking,1
roots,1
handling,1
assistance,1
priorities,1
therefore,1
operation,1
suspects,1
living,1
appearance,1
under,1
worldwide,1
bringing,1
bottle,1
lack,1
their,1
kept,1
tell,1
perform,1
thanks,1
alarm,1
shut,1
muscle,1
homelessness,1
enjoyed,1
reading,1
minority,1
rant,1
expressed,1
engaging,1
hashtag,1
jake,1
strongly,1
difficult,1
mostly,1
heal,1
really,1
francisco,1
self,1
changed,1
confront,1
widespread,1
recognizing,1
dude,1
claimed,1
madison,1
consistent,1
spark,1
murray,1
jacobs,1
moderate,1
emerge,1
todd,1
%,1
cross,1
appreciate,1
describe,1
beliefs,1
requires,1
status,1
right,1
grant,1
dinners,1
attacking,1
interested,1
lane,1
kenya,1
welfare,1
achievement,1
it,1
non,1
lesson,1
gorgeous,1
next,1
action,1
several,1
wall,1
so,1
joins,1
closed,1
shocking,1
pushes,1
substance,1
harmful,1
duck,1
informed,1
attempted,1
compete,1
emotion,1
broke,1
deaths,1
threat,1
deliver,1
charlie,1
chain,1
ends,1
respect,1
overall,1
graduates,1
broken,1
crowds,1
sadness,1
champagne,1
fever,1
addressed,1
colored,1
duke,1
sources,1
cliff,1
collins,1
leslie,1
gets,1
rush,1
production,1
heart,1
saturday,1
reports,1
role,1
constant,1
architecture,1
firm,1
cuban,1
established,1
skill,1
category,1
propose,1
directly,1
marie,1
delay,1
bath,1
manchester,1
punch,1
tear,1
over,1
unusual,1
wealth,1
concerns,1
sleep,1
simple,1
discovering,1
amazon,1
toy,1
hypocrisy,1
rely,1
lively,1
prisoners,1
lean,1
sweat,1
fiscal,1
pastor,1
belt,1
death,1
gone,1
christmas,1
story,1
wisdom,1
fire,1
ease,1
players,1
helping,1
all,1
easier,1
sit,1
troubled,1
freak,1
scare,1
convince,1
addicted,1
grew,1
battling,1
watson,1
transformed,1
sake,1
spray,1
done,1
pain,1
hours,1
runs,1
wine,1
'em,1
slam,1
soda,1
inspires,1
seal,1
tap,1
harm,1
autumn,1
design,1
part,1
person,1
twitter,1
americans,1
strike,1
cup,1
man,1
would,1
same,1
passionate,1
scared,1
rent,1
tragedy,1
symbol,1
animated,1
handful,1
protecting,1
silver,1
degeneres,1
sudden,1
grieving,1
feelings,1
single,1
important,1
public,1
pounds,1
people,1
think,1
striking,1
entering,1
points,1
warriors,1
binge,1
ashamed,1
surrounded,1
projects,1
infidelity,1
suit,1
month,1
safe,1
puts,1
raised,1
interview,1
character,1
dangerous,1
focus,1
absolutely,1
religious,1
seattle,1
infant,1
absence,1
resilience,1
dreaming,1
silicon,1
profits,1
wave,1
complaints,1
chips,1
surveillance,1
existing,1
disagree,1
men,1
inspired,1
hit,1
if,1
shot,1
nothing,1
fun,1
growth,1
empty,1
faces,1
else,1
no,1
anywhere,1
library,1
retailers,1
disappointed,1
makers,1
opponents,1
politicians,1
seasonal,1
others,1
dealing,1
inspiration,1
afternoon,1
supposed,1
necessary,1
hiv,1
n't,1
heard,1
majority,1
desperately,1
asleep,1
poll,1
revenge,1
sport,1
bloody,1
estimated,1
stomach,1
basically,1
changing,1
longer,1
one,1
wines,1
lips,1
chill,1
denying,1
chat,1
beware,1
mate,1
carefully,1
outdoors,1
glad,1
pressure,1
recovery,1
year,1
dignity,1
medicare,1
addressing,1
invite,1
minorities,1
lord,1
limited,1
committed,1
elephants,1
economic,1
photos,1
ones,1
carolina,1
except,1
babies,1
pretty,1
level,1
option,1
indian,1
sites,1
resolve,1
glamorous,1
shirts,1
born,1
race,1
comic,1
meets,1
spent,1
we,1
different,1
without,1
hearts,1
process,1
chart,1
wash,1
duo,1
ann,1
reject,1
talented,1
feast,1
notion,1
they,1
join,1
back,1
ben,1
ending,1
essential,1
pre,1
photographer,1
classic,1
sensitive,1
constitutional,1
chip,1
put,1
prepare,1
cry,1
costs,1
for,1
take,1
was,1
forum,1
happening,1
toronto,1
adopted,1
root,1
intentions,1
sandra,1
recalls,1
inmates,1
starring,1
sign,1
risk,1
treated,1
notes,1
falls,1
try,1
athletes,1
leave,1
obese,1
mentally,1
aspect,1
parental,1
thus,1
kiss,1
post,1
looking,1
whose,1
despite,1
mindfulness,1
joined,1
feature,1
work,1
months,1
know,1
positive,1
continues,1
bra,1
fatally,1
suddenly,1
ballet,1
nevada,1
making,1
since,1
stranger,1
own,1
purpose,1
speaking,1
happened,1
real,1
bad,1
oregon,1
reducing,1
stopping,1
rival,1
indeed,1
conflicts,1
trends,1
besides,1
not,1
sometimes,1
movies,1
january,1
week,1
leading,1
coffee,1
john,1
carson,1
nervous,1
khan,1
expanding,1
bible,1
unique,1
hurricane,1
funny,1
capital,1
homemade,1
safety,1
solution,1
readers,1
still,1
accuses,1
toilet,1
pursue,1
surge,1
consumption,1
conversation,1
live,1
through,1
ed,1
fearless,1
crashes,1
preventing,1
ncaa,1
expectations,1
honestly,1
ally,1
fairy,1
‚Äò,1
silence,1
while,1
speaker,1
foot,1
pink,1
weapons,1
connecticut,1
hollywood,1
difference,1
services,1
invest,1
repeat,1
include,1
surely,1
went,1
working,1
smart,1
garden,1
racial,1
names,1
hot,1
tune,1
billions,1
prominent,1
rule,1
pill,1
recap,1
thin,1
employment,1
montana,1
score,1
beauty,1
clothing,1
london,1
develop,1
ellen,1
task,1
make,1
issue,1
exercise,1
careers,1
videos,1
crush,1
labels,1
planning,1
terrible,1
matt,1
reaction,1
fix,1
eco,1
phil,1
imagined,1
vladimir,1
mediterranean,1
pr,1
obesity,1
great,1
car,1
although,1
biggest,1
lines,1
wishes,1
headline,1
poetry,1
houston,1
avoiding,1
marked,1
skinny,1
music,1
with,1
african,1
ourselves,1
hard,1
do,1
grateful,1
skin,1
management,1
developing,1
gates,1
inc,1
worthy,1
unfortunately,1
pulls,1
draws,1
ingredient,1
worked,1
-,1
power,1
notice,1
politics,1
failed,1
dog,1
uk,1
tradition,1
final,1
walking,1
led,1
date,1
vulnerable,1
then,1
‚Äî,1
pushed,1
going,1
james,1
after,1
habits,1
hearing,1
written,1
young,1
often,1
baby,1
rest,1
vacations,1
diets,1
decline,1
understood,1
proven,1
asked,1
course,1
seriously,1
cook,1
again,1
signed,1
push,1
valley,1
south,1
comments,1
desserts,1
pat,1
dropped,1
riding,1
regularly,1
taste,1
room,1
choosing,1
adults,1
pair,1
give,1
news,1
feds,1
de,1
funeral,1
practical,1
weak,1
embarrassing,1
forget,1
quit,1
off,1
women,1
dick,1
trust,1
kick,1
training,1
somehow,1
announced,1
educational,1
william,1
butt,1
american,1
themselves,1
walk,1
performance,1
progress,1
said,1
stick,1
anyway,1
books,1
journey,1
box,1
patients,1
good,1
drivers,1
weed,1
managing,1
agree,1
budget,1
career,1
strategy,1
low,1
files,1
host,1
wolf,1
gross,1
hunger,1
celebrating,1
travel,1
never,1
fair,1
plenty,1
leaving,1
army,1
affair,1
period,1
when,1
conflict,1
each,1
announce,1
mall,1
serves,1
communications,1
accepted,1
giving,1
thinks,1
gym,1
younger,1
jeff,1
sure,1
item,1
secure,1
sexual,1
bottom,1
confusing,1
series,1
member,1
tribute,1
hack,1
explores,1
belly,1
conway,1
designs,1
campaigns,1
moving,1
certainly,1
colorado,1
granted,1
figure,1
beats,1
midst,1
hopefully,1
increased,1
disabilities,1
increases,1
resist,1
denial,1
solutions,1
attention,1
sad,1
boston,1
onto,1
consumers,1
disturbing,1
standing,1
continuing,1
countries,1
win,1
get,1
version,1
getting,1
reflect,1
san,1
collaboration,1
pure,1
throughout,1
having,1
warns,1
activists,1
ways,1
deals,1
completely,1
unity,1
diabetes,1
higher,1
weigh,1
none,1
voice,1
obsession,1
lipstick,1
frequently,1
struggling,1
told,1
food,1
anything,1
founder,1
throws,1
property,1
audio,1
seemingly,1
proves,1
measure,1
moved,1
couch,1
apart,1
delivered,1
leaves,1
culture,1
place,1
advocates,1
either,1
golden,1
hear,1
blames,1
sues,1
activities,1
openly,1
regulations,1
quick,1
leaders,1
breath,1
drinking,1
further,1
park,1
sports,1
challenge,1
stretch,1
excellent,1
maria,1
journalists,1
desk,1
prayer,1
maryland,1
relief,1
picking,1
goes,1
shares,1
loves,1
killing,1
education,1
boys,1
am,1
agencies,1
romantic,1
confidence,1
wealthy,1
bound,1
model,1
hospital,1
robert,1
bring,1
includes,1
achieve,1
italy,1
contract,1
few,1
who,1
too,1
fans,1
serious,1
seemed,1
knew,1
trip,1
favorites,1
ties,1
refuses,1
bill,1
list,1
things,1
those,1
wildlife,1
trolls,1
transformation,1
managed,1
grandma,1
gulf,1
widely,1
paul,1
david,1
increase,1
nutrition,1
lost,1
ready,1
wrote,1
dropping,1
block,1
measures,1
creative,1
agreement,1
damn,1
ashley,1
voices,1
subway,1
athlete,1
rescued,1
surrounding,1
equally,1
chapter,1
leg,1
them,1
especially,1
st,1
sugar,1
justin,1
clip,1
mama,1
spin,1
stigma,1
toddlers,1
skip,1
strangers,1
putting,1
taught,1
canada,1
breast,1
health,1
december,1
individuals,1
counter,1
passenger,1
beating,1
relationships,1
surprises,1
agent,1
issued,1
company,1
comes,1
ahead,1
friend,1
drew,1
missed,1
blues,1
pasta,1
expect,1
guest,1
go,1
fan,1
worth,1
multi,1
instant,1
eric,1
viewers,1
entrepreneur,1
publicly,1
movie,1
because,1
charge,1
did,1
pieces,1
ai,1
rips,1
session,1
gain,1
earned,1
potter,1
fallen,1
powers,1
reasons,1
nations,1
report,1
walls,1
late,1
fraud,1
styles,1
visit,1
hand,1
tea,1
annual,1
football,1
grown,1
doors,1
teenager,1
missile,1
visited,1
gap,1
elephant,1
twist,1
forever,1
kind,1
middle,1
ground,1
enough,1
grade,1
coming,1
share,1
hope,1
cancer,1
you,1
reflects,1
tower,1
reputation,1
response,1
something,1
alone,1
injured,1
michigan,1
fights,1
painting,1
lists,1
react,1
tennessee,1
true,1
're,1
gon,1
hiring,1
tickets,1
intended,1
traditions,1
trail,1
both,1
bed,1
tried,1
georgia,1
value,1
declared,1
succeed,1
become,1
come,1
minute,1
famous,1
grace,1
included,1
congressional,1
constitution,1
hero,1
wounded,1
print,1
sexuality,1
began,1
olympics,1
seems,1
faced,1
must,1
fancy,1
upcoming,1
brexit,1
rap,1
opens,1
teach,1
adds,1
cases,1
spanish,1
sexist,1
opinions,1
cannes,1
urges,1
organized,1
crowd,1
instead,1
together,1
prayers,1
goal,1
feeling,1
opening,1
queen,1
america,1
local,1
fires,1
realized,1
demand,1
impression,1
argue,1
oprah,1
hint,1
resolutions,1
circumstances,1
specifically,1
board,1
following,1
favorite,1
winter,1
code,1
utah,1
protections,1
numerous,1
knot,1
traveling,1
speech,1
lucky,1
open,1
confident,1
looked,1
guide,1
means,1
whatever,1
white,1
being,1
hungry,1
starting,1
took,1
searching,1
press,1
morning,1
panic,1
oil,1
trade,1
realize,1
lip,1
truth,1
loss,1
call,1
happen,1
threatened,1
everyday,1
fighting,1
exchange,1
returning,1
owner,1
everything,1
price,1
dakota,1
threatening,1
note,1
pleasure,1
maintaining,1
advance,1
attacked,1
always,1
target,1
anyone,1
tech,1
drop,1
finish,1
courtesy,1
removed,1
your,1
gender,1
plan,1
yours,1
accident,1
importance,1
various,1
cool,1
puppy,1
buying,1
shutdown,1
remembering,1
roles,1
valentine,1
winner,1
amount,1
starts,1
expand,1
losing,1
page,1
add,1
peek,1
larry,1
bedroom,1
soccer,1
views,1
republic,1
allowing,1
sexually,1
e,1
need,1
r,1
letters,1
intelligence,0
shots,0
group,0
evil,0
available,0
account,0
aim,0
affordable,0
polls,0
network,0
daily,0
mention,0
updated,0
sister,0
upset,0
blake,0
seeks,0
apple,0
diversity,0
stop,0
opposite,0
documentary,0
obviously,0
label,0
decisions,0
september,0
dance,0
grab,0
editor,0
massacre,0
regret,0
ask,0
felt,0
preparing,0
jobs,0
band,0
shelter,0
doctors,0
evening,0
connect,0
egypt,0
dedicated,0
commission,0
dreams,0
schools,0
his,0
strain,0
naturally,0
relationship,0
solo,0
editors,0
imagine,0
adding,0
conspiracy,0
dallas,0
n‚Äôt,0
west,0
line,0
investigation,0
ban,0
vs.,0
connected,0
industry,0
meant,0
newspaper,0
duty,0
russell,0
confused,0
table,0
beach,0
killed,0
sharing,0
nails,0
brown,0
romance,0
endless,0
promote,0
harvey,0
officially,0
boy,0
worse,0
members,0
prime,0
okay,0
pakistan,0
jane,0
everyone,0
particularly,0
busy,0
stressed,0
deeper,0
dose,0
fresh,0
thursday,0
remain,0
drink,0
truly,0
along,0
goodbye,0
keys,0
chocolate,0
special,0
read,0
run,0
kinds,0
fast,0
overcome,0
learned,0
virginia,0
rich,0
winning,0
tv,0
hell,0
flavor,0
hall,0
lies,0
limits,0
square,0
art,0
buy,0
happiness,0
denied,0
decided,0
adult,0
charity,0
noticed,0
reporters,0
meal,0
day,0
stupid,0
screen,0
quotes,0
app,0
should,0
trees,0
asia,0
encourage,0
funds,0
he,0
travelers,0
iran,0
aside,0
platform,0
eat,0
boat,0
gluten,0
stand,0
below,0
citizens,0
calls,0
calling,0
experience,0
running,0
‚Äú,0
loses,0
thinking,0
acts,0
marijuana,0
passengers,0
spiritual,0
healthy,0
beat,0
forgotten,0
council,0
vegetables,0
options,0
promise,0
guard,0
touch,0
front,0
responsibility,0
slideshow,0
europe,0
silent,0
figures,0
threatens,0
shootings,0
crimes,0
crazy,0
hands,0
billionaire,0
beaches,0
privacy,0
places,0
critical,0
injuries,0
zika,0
general,0
korean,0
variety,0
usual,0
chinese,0
community,0
best,0
tourists,0
artists,0
presence,0
jury,0
bet,0
posts,0
road,0
doing,0
november,0
clean,0
discussion,0
interests,0
class,0
turning,0
designers,0
charged,0
michael,0
store,0
tour,0
choice,0
driving,0
crisis,0
fantasy,0
break,0
raising,0
needs,0
‚Äôm,0
covers,0
kindness,0
meaningful,0
brazil,0
sat,0
heroes,0
princess,0
reuters,0
teen,0
got,0
panel,0
nyc,0
father,0
meeting,0
pool,0
factors,0
bread,0
balance,0
whom,0
wisconsin,0
somewhere,0
indiana,0
abuse,0
knows,0
access,0
care,0
mistakes,0
lawyers,0
attend,0
sing,0
nick,0
minimum,0
harassment,0
remove,0
chic,0
illegal,0
message,0
days,0
song,0
laugh,0
fewer,0
moments,0
jones,0
frank,0
huffpost,0
ultimate,0
colleges,0
usually,0
talent,0
nation,0
incredibly,0
hoping,0
faith,0
ultimately,0
resistance,0
crime,0
growing,0
gotten,0
ugly,0
amendment,0
united,0
collection,0
served,0
acting,0
practices,0
continued,0
quickly,0
walked,0
wellness,0
likes,0
plastic,0
quality,0
asking,0
stronger,0
hilarious,0
deserves,0
beloved,0
tough,0
tweet,0
experiences,0
want,0
feel,0
award,0
internet,0
interest,0
creates,0
media,0
cost,0
offering,0
pumpkin,0
cutting,0
paris,0
album,0
happy,0
fail,0
diagnosed,0
dish,0
advice,0
wake,0
cocktails,0
worker,0
wears,0
ignore,0
symptoms,0
cooking,0
employee,0
leadership,0
manage,0
standards,0
master,0
row,0
protection,0
gun,0
martin,0
nail,0
weekend,0
letter,0
bowl,0
suspect,0
someone,0
housing,0
homes,0
airport,0
welcome,0
considering,0
courage,0
personal,0
home,0
met,0
runway,0
businesses,0
resources,0
writing,0
let,0
resort,0
students,0
remind,0
voted,0
cookies,0
arrest,0
talked,0
yesterday,0
tries,0
meals,0
corner,0
seth,0
direction,0
keep,0
fund,0
tricks,0
waste,0
sides,0
fight,0
healing,0
round,0
damage,0
consumer,0
los,0
summer,0
emotional,0
artist,0
tweets,0
protest,0
've,0
associated,0
kids,0
destination,0
policy,0
sell,0
brand,0
wrap,0
complicated,0
director,0
exclusive,0
oscar,0
fails,0
mobile,0
review,0
couples,0
taking,0
entertainment,0
political,0
teens,0
jason,0
kills,0
rescue,0
davis,0
organizations,0
announces,0
gifts,0
immigrant,0
patrick,0
',0
audience,0
begin,0
staying,0
girl,0
cities,0
experienced,0
doctor,0
children,0
wanted,0
workplace,0
jackson,0
chicago,0
jennifer,0
avoid,0
moment,0
horror,0
baseball,0
parks,0
congress,0
york,0
federal,0
mess,0
smile,0
supporting,0
shoot,0
prince,0
campus,0
prices,0
easily,0
poor,0
handle,0
bus,0
dream,0
gratitude,0
ended,0
#,0
dirty,0
foods,0
mix,0
ensure,0
agenda,0
'm,0
spoke,0
quiet,0
hill,0
dozens,0
weeks,0
states,0
mindful,0
product,0
union,0
turkey,0
remember,0
steps,0
trying,0
support,0
eve,0
school,0
wants,0
greece,0
i,0
‚Äôre,0
orlando,0
veteran,0
lie,0
admit,0
dollars,0
release,0
compassion,0
easter,0
arrested,0
awareness,0
church,0
focused,0
him,0
mary,0
saved,0
boyfriend,0
match,0
word,0
fall,0
becoming,0
hate,0
ceo,0
roll,0
shopping,0
mad,0
easy,0
towards,0
stage,0
himself,0
position,0
cheap,0
email,0
claims,0
setting,0
words,0
couple,0
folks,0
woman,0
legend,0
adventure,0
war,0
economy,0
attack,0
selling,0
yourself,0
rules,0
opportunities,0
ceremony,0
issues,0
raise,0
regular,0
multiple,0
against,0
authorities,0
george,0
seeking,0
game,0
constantly,0
anymore,0
mother,0
angry,0
student,0
residents,0
suffering,0
epic,0
willing,0
government,0
equal,0
driver,0
perfectly,0
passion,0
loved,0
jon,0
highest,0
allowed,0
emotions,0
administration,0
carry,0
alabama,0
t,0
office,0
bag,0
asian,0
fear,0
italian,0
pick,0
content,0
celebration,0
market,0
rates,0
musical,0
jail,0
every,0
tells,0
inspiring,0
official,0
diet,0
chris,0
blog,0
decision,0
friends,0
victims,0
cuts,0
source,0
meditation,0
magazine,0
free,0
russia,0
deeply,0
destinations,0
girls,0
ohio,0
marketing,0
holding,0
lee,0
parents,0
stuck,0
knowing,0
city,0
bars,0
breaks,0
asks,0
isis,0
consider,0
islamic,0
celebrity,0
strength,0
items,0
programs,0
battle,0
check,0
family,0
sarah,0
halloween,0
india,0
decide,0
jr,0
attacks,0
aid,0
me,0
tip,0
banks,0
protests,0
ferguson,0
protesters,0
sandy,0
business,0
forced,0
recipe,0
reporter,0
tumblr,0
barack,0
keeps,0
ads,0
deserve,0
via,0
my,0
victim,0
love,0
security,0
club,0
sweet,0
expensive,0
brother,0
cnn,0
act,0
shooting,0
start,0
border,0
stay,0
netflix,0
lose,0
forward,0
sitting,0
corporate,0
organization,0
anti,0
workers,0
spring,0
job,0
airlines,0
oscars,0
seat,0
minister,0
traditional,0
violence,0
paying,0
elizabeth,0
rights,0
johnson,0
candidate,0
money,0
inner,0
train,0
scandal,0
pay,0
saying,0
law,0
forces,0
talks,0
fine,0
dads,0
guns,0
comedy,0
play,0
suicide,0
lawyer,0
track,0
holiday,0
she,0
serve,0
struggle,0
homeless,0
harry,0
rate,0
washington,0
supporters,0
door,0
