10-piece,140
shitstorm,140
nailporn,140
everlane,140
resurged,140
wordlessly,140
chaps,140
gunmetal,140
punniest,140
khrystyana,140
amazons,140
themyscira,140
coily,140
kepner,140
adney,140
tucsonan,140
debi,140
nemetz,140
diandra,140
kemora,140
bralettes,140
softeners,140
mund,140
iously,140
dly,140
keniece,140
lesliejones,140
mirandas,140
squiggle,140
normalness,140
asahd,140
üåï,140
üåñ,140
üåë,140
üåì,140
dermstore,140
badpicturemonday,140
algonquin,140
sitively,140
chongs,140
‚Äç,140
athleta,140
dreamier,140
halima,140
middler,140
cfdas,140
54-inspired,140
halalpaint,140
permeable,140
üëå,140
adorante,140
helming,140
puttick,140
buzzcut,140
‚úÇ,140
pillbox,140
ruas,140
ethnics,140
flatirons,140
unrelatable,140
üç≠,140
utiful,140
gargoyles,140
mittenaere,140
lewys,140
marchingshoes,140
blorange,140
handwrite,140
tracksuit,140
tints,140
obssession,140
molvar,140
dsquared,140
aw‚Äô16,140
inspo,140
nura,140
afia,140
üé®,140
chonk,140
pompom,140
glances,140
mewgaroo,140
curcio,140
pitti,140
fragranze,140
swardt,140
etat,140
d'orange,140
bidi,140
bahhhhhh,140
nordeman,140
berlinger,140
sarran,140
üçÖ,140
twenty88,140
dadliest,140
fourfive,140
merqueen,140
karats,140
shortguyproblems,140
kyshadow,140
trumphair,140
lutzing,140
verso,140
streetstyle,140
muchmusic,140
üîë,140
upstage,140
ligne,140
cro,140
prawn,140
swimsuitsforall,140
browless,140
baublebar,140
forever21,140
muahahahaha,140
neckbeard,140
kan't,140
koming,140
unroll,140
herieth,140
üõÄ,140
klutzes,140
furreal,140
hyperadapt,140
d'awwwwwwwww,140
cienne,140
slickest,140
üèÉ,140
star(wo)man,140
aamito,140
lagum,140
andreja,140
pyer,140
wallflowers,140
s.t.u.n.n.i.n.g,140
fashun,140
woosa,140
rubi,140
amiright,140
qassim,140
lalaguna,140
composts,140
smalltalk,140
üíá,140
wonder'-fully,140
zordan,140
meeee,140
gigiiiii,140
tbsp,140
acacia,140
patanegra,140
taleggio,140
taliento,140
ronciglione,140
otium,140
stylite,140
sibilla,140
maurizio,140
reinhold,140
messner,140
‚òî,140
traldi,140
marcante,140
üíã,140
tibaldi,140
rialto,140
bohbot,140
medallions,140
parrano,140
trullo,140
ciotti,140
locorotondo,140
iamnotafruit,140
dreamlover,140
screwdriving,140
chromat,140
voluptous,140
scaasi,140
capwell,140
skool,140
kabiru,140
pejiƒá,140
mindblowing,140
aiden,140
espa√±a,140
overloading,140
bellissima,140
picardi,140
lissimore,140
heleen,140
prismsport,140
batik,140
quinones,140
audigier,140
cronje,140
Ôªø,140
kn√∂rth,140
theshoes,140
youlookdisgusting,140
monocle,140
escalade,140
calleja,140
finnegan,140
dalkey,140
maeve,140
binchy,140
uomo,140
adventurist,140
olaplex,140
midol,140
belusso,140
sportier,140
artemide,140
gotta,140
unhealthily,140
manicuremonday,140
s|2,140
kitschiest,140
tilbury,140
emoticons,140
titillation,140
symbolically,140
profumi,140
miryana,140
babic,140
procopiou,140
anida,140
lillyfortarget,140
clubmasters,140
rayban,140
gno,140
"i""",140
tcheng,140
calvins,140
uzuri,140
datable,140
mauling,140
datelob,140
adlob,140
loub,140
pfw,140
‚Äãexactly,140
‚Äãall,140
manhole,140
elnett,140
obaweya,140
lekki,140
astrologers,140
lumbersexual,140
callen,140
swiegart,140
cotillion,140
32-degree,140
marsala,140
navys,140
leathers,140
silks,140
chiffons,140
accordian,140
omo,140
formfit,140
curlpower,140
closeups,140
pursed,140
loafing,140
foulards,140
verreos,140
bittar,140
pooja,140
kharbanda,140
unpreparedness,140
astr,140
stank,140
stassi,140
schroeder,140
bendita,140
elongates,140
fortuitously,140
ampere,140
multipacks,140
nutribullet,140
septums,140
moly,140
birthstone,140
gawkin,140
upheavels,140
overnighting,140
lurie,140
ensconces,140
accentuating,140
perminators,140
kinkier,140
ing√©nue,140
diwhynot,140
tw,140
servicewomen,140
surfbort,140
bucketed,140
reuel,140
beautydna,140
distended,140
stylification,140
tamsin,140
petticoat,140
beautique,140
hopson,140
lindquist,140
cozygirl,140
sissoko,140
materialist,140
@!#$%^&*#?&#$!%,140
flyaways,140
florange,140
balayage,140
dumpy,140
potdevin,140
contoured,140
copycatted,140
glossier,112
tevas,105
puffer,94
yo'self,94
shag,94
invictus,94
ching,94
üíØ,94
vloggers,94
dreamgirl,94
rimmel,94
‚ö°,94
amalia,94
luisa,94
mota,94
metcalfe,94
floaty,94
honig,94
obvi,84
wowza,80
balmain,77
blackheads,70
purchaser,70
galloped,70
thinning,70
sheaths,70
üíç,70
mcgrady,70
emas,70
nonblack,70
formalwear,70
nikes,70
skarsg√•rd,70
calin,70
bandanas,70
obsessives,70
üëì,70
chalayan,70
gardenia,70
paperbacks,70
caftan,70
envying,70
trooping,70
seersucker,70
montages,70
casu,70
marzu,70
crappier,70
straightener,70
10-week,70
flyest,70
alternativefacts,70
blenders,70
kari,70
frieda,70
gringotts,70
fe,70
üôÜ,70
glides,70
raffling,70
hairline,70
geode,70
ermenegildo,70
zegna,70
üé∂,70
slayage,70
hamilton'-inspired,70
legwork,70
üíÉ,70
normcore,70
modcloth,70
emulating,70
muy,70
moisturizers,70
duvets,70
wigging,70
30up,70
üëã,70
bosslady,70
douchey,70
abayas,70
pigtails,70
üçù,70
¬Ø\_(„ÉÑ)_/¬Ø.,70
o.m.g,70
shaima,70
mireia,70
üòÆ,70
late-'90s,70
lyfe,70
marooned,70
tsp,70
lazio,70
twombly,70
moisturized,70
franceschi,70
tiful,70
jetsetters,70
carrara,70
goooooood,70
milanese,70
shouldered,70
yaaaaaas,70
gorman,70
kash,70
quandaries,70
kute,70
jewellery,70
mapp,70
metrosexual,70
tasker,70
maturation,70
23-month,70
bossing,70
perfumery,70
beachwear,70
spaz,70
ootd,70
simulacrum,70
whitley,70
talbots,70
rosamund,70
darting,70
bravos,70
tadashi,70
lederer,70
duller,70
glum,70
wetsuit,70
painterly,70
dermatological,70
lucked,70
lacquers,70
superdome,70
canteen,70
enchants,70
slouchy,70
artofy,70
dundas,70
grandpas,70
mendelson,70
dressy,70
weightism,70
gorgeousness,70
crocs,70
est√©e,60
img,60
ftw,59
corset,56
retouched,56
kaia,56
ginormous,56
turtleneck,56
blesses,56
lbds,56
warby,56
lei,56
textured,56
polishes,56
hadid,54
frizz,53
lacing,53
üíñ,52
gigi,49
saoirse,47
unibrow,47
ol‚Äô,47
barrettes,47
curvier,47
azzedine,47
alaia,47
irresponsibly,47
sweats,47
paperclip,47
fishnets,47
dildos,47
alikes,47
clumpy,47
spitting,47
maye,47
roomy,47
trendier,47
edgier,47
30-pound,47
purrfect,47
pointe,47
manscaping,47
moles,47
sarong,47
dimple,47
orly,47
sunblock,47
gulping,47
inaugurations,47
drumroll,47
breakage,47
clinique,47
tickled,47
gant,47
unpacked,47
necktie,47
vans,47
etienne,47
lighters,47
julien,47
farel,47
sapphire,47
baaaaaaack,47
rapoport,47
lobs,47
jawline,47
aeries,47
caliente,47
üê∑,47
giudice,47
üí∞,47
botkier,47
xoxo,47
childs,47
shh,47
reputed,47
royo,47
concealers,47
carola,47
ornamental,47
monastic,47
umbria,47
ghoulishly,47
palpitations,47
chignons,47
paneled,47
socialites,47
wale,47
tailoring,47
karina,47
perusing,47
theshoe,47
pucci,47
boatloads,47
pigment,47
johann,47
accessorizes,47
studiously,47
essences,47
fr√©d√©ric,47
skinnies,47
entangling,47
turtlenecks,47
n.y.c,47
unretouched,47
winterbottom,47
bibhu,47
hawkers,47
hoarders,47
motorcyclists,47
shoji,47
83-year,47
streaked,47
superficiality,47
gazes,47
neoprene,47
bejeweled,47
vaseline,47
vanderpump,47
monochrome,47
catharine,47
huntley,47
milkmaid,47
sleet,47
unwashed,47
nofilter,47
stretchy,47
bacall,47
reuben,47
eloquii,47
stoves,47
buzzworthy,47
markle,45
whiteley,43
wavy,42
skintight,42
cinch,40
lob,40
gerber,40
maybelline,40
persistently,40
gels,40
expos√©,40
dubois,40
lbd,39
brb,39
amas,37
kendall,37
nordstrom,36
dovey,35
georgina,35
enema,35
üéÅ,35
droppingly,35
curvy,35
birkin,35
moschino,35
anecdote,35
pimple,35
corduroy,35
doctored,35
phillippe,35
‚úä,35
varadkar,35
upstaged,35
gravesite,35
epically,35
colour,35
üôå,35
eyelids,35
castings,35
ch,35
tarte,35
highlighter,35
twinning,35
torrid,35
puma,35
chokers,35
otherness,35
showstopping,35
gbk,35
deanna,35
hallows,35
kenzo,35
scholl,35
sportswear,35
kinnaman,35
perfumer,35
fleek,35
butterball,35
deeming,35
sneakily,35
tonchi,35
üèΩ,35
‚ô¨,35
poof,35
flowchart,35
huffposters,35
chapped,35
paprika,35
ileana,35
seitan,35
motorboat,35
bethann,35
voom,35
laziest,35
401k,35
coif,35
wields,35
fedoras,35
nyong‚Äôo,35
slicked,35
coloured,35
wearer,35
collaborates,35
firenze,35
rockettes,35
unnaturally,35
pike,35
careening,35
morin,35
camuto,35
cocked,35
agua,35
merton,35
pass√©,35
skivvies,35
buzziest,35
birchbox,35
crass,35
ee,35
moto,35
activewear,35
rizer,35
portals,35
garcon,35
enhancements,35
chambray,35
primping,35
underline,35
teyonah,35
alamuddin,35
lonsdale,35
customization,35
clicquot,35
c√©sar,35
promoters,35
eaton,35
conceptualizing,35
clenching,35
lounges,33
pjs,32
jumpsuits,32
babe,32
concealer,31
natch,31
kensington,31
espys,31
boomerang,31
serums,31
uzo,31
aduba,31
cantrell,31
bergdorf,31
grays,31
swagger,31
meghan,30
lauder,30
zoolander,30
dryer,30
ponytail,29
plucking,28
goop,28
adoring,28
schweitzer,28
provo,28
69-year,28
corsets,28
padded,28
satc,28
brow,28
aerie,28
merch,28
56th,28
obscenely,28
siriano,28
tr√®s,28
moth,28
goreski,28
bonafide,28
stardust,28
antiperspirant,28
collars,28
jerking,28
radiates,28
silverstein,28
romper,28
purr,28
montblanc,28
libre,28
highpoint,28
lickin,28
milly,28
remington,28
duplicated,28
pedicures,28
bronzer,28
tux,28
belieber,28
tremblay,28
catsuit,28
fishnet,28
stuntman,28
reachable,28
mas,28
dedicating,28
bauble,28
motivators,28
bea,28
hardison,28
assed,28
reconsiders,28
thedress,28
eww,28
kryptonite,28
maltese,28
tenor,28
eatery,28
sarkisian,28
gimmicky,28
sotheby,28
foreplay,28
batches,28
niemeyer,28
athena,28
aviators,28
suspenseful,28
relaunch,28
tastemaker,28
vicariously,28
hyphenate,28
bedhead,28
somerset,28
squeezes,28
coziest,28
intricacies,28
oleg,28
unbalanced,28
harem,28
zippers,28
mavis,28
breeder,28
treads,28
shero,28
lacquer,28
sculptural,28
parris,28
raider,28
veuve,28
relaunches,28
nathalie,28
backpacks,28
tights,28
sneakers,28
skincare,27
leggings,27
masks,27
vmas,27
textures,26
gabbana,26
emmys,26
marchesa,26
ratajkowski,26
royally,26
classically,26
neutrals,26
iris,26
upgrading,26
keke,26
suede,26
anja,26
afro,26
grooming,25
cr,25
phan,25
hale,25
sparkly,24
browne,23
flattened,23
lookin,23
scarves,23
‚ú®,23
strutting,23
bathrobe,23
asos,23
tracee,23
blowback,23
'bout,23
scrunchies,23
covergirl,23
headgear,23
faceless,23
orchids,23
saxon,23
eyebrows,23
humanness,23
khaled,23
conley,23
rededicate,23
necked,23
legitimized,23
marmalade,23
negligible,23
huntington,23
yeezy,23
compressed,23
adrien,23
realest,23
gory,23
lifesavers,23
wednesdays,23
curl,23
fect,23
folder,23
flaunts,23
sunscreens,23
imitated,23
glitters,23
customizable,23
tanzanian,23
trench,23
mcfly,23
bedazzled,23
cruella,23
tresses,23
waistband,23
jordans,23
stunner,23
hijabs,23
transmit,23
stencils,23
nipple,23
palma,23
shiseido,23
trendsetter,23
waxes,23
byu,23
ombr√©,23
barts,23
thorne,23
itsy,23
capri,23
partridge,23
rejoices,23
bodycon,23
riri,23
jenn,23
engrossing,23
trieste,23
monotone,23
pared,23
armpit,23
underweight,23
garments,23
facials,23
excites,23
sentient,23
equated,23
citywide,23
sleeveless,23
nervosa,23
ravishing,23
zodiac,23
blushes,23
emilio,23
infuses,23
morphing,23
annoys,23
knuckle,23
dockery,23
pant,23
lather,23
briefcase,23
bathing,23
menswear,22
smokey,22
racks,22
thom,22
sweaters,22
midriff,22
winona,22
hilfiger,22
chop,22
amal,22
neiman,22
üëë,22
perfumes,22
stylists,22
wows,22
peacock,22
benson,22
pigeon,22
plus,21
sephora,21
lipstick,21
meow,21
celeb,21
salons,21
duchess,21
cosmetic,21
gifting,21
bella,21
kaling,21
lovey,20
crank,20
olympia,20
wasser,20
reformation,20
humid,20
jeweler,20
fads,20
rollers,20
remainder,20
iterations,20
jumpsuit,20
democratization,20
albinism,20
coolness,20
mortifying,20
tote,20
straps,20
wimbledon,20
aden,20
tbh,20
balding,20
stallone,20
stefano,20
ziggy,20
pantene,20
braver,20
tussauds,20
flawlessly,20
irreverent,20
repulsed,20
complexions,20
razor,20
ratty,20
tonys,20
coveteur,20
scoffs,20
inquiring,20
tutorials,20
lightweight,20
glows,20
palermo,20
braid,20
shea,20
masking,20
bulky,20
coddington,20
bundled,20
fresher,20
wrists,20
basquiat,20
jenners,20
oldies,20
furiously,20
handyman,20
crowning,20
bitsy,20
flamboyant,20
trickster,20
maxx,20
bushy,20
tamed,20
chipped,20
recoup,20
infallible,20
mastectomy,20
pocketed,20
menstruation,20
refinement,20
reasoned,20
flatter,20
midi,20
wannabes,20
saab,20
zee,20
kamali,20
shortchanged,20
bestie,20
tricia,20
impeccable,20
sensuality,20
nappy,20
bambi,20
distinguishing,20
snakeskin,20
drips,20
cutesy,20
potions,20
hazel,20
illumination,20
crowned,20
nyfw,20
h&m,20
curls,20
leto,19
cindy,19
bracelet,19
couture,19
wearable,19
wigs,19
racy,19
braided,19
haute,19
hairstyles,19
makeup,19
fashionable,19
blowout,19
fanny,19
hairdo,19
baftas,19
presenters,19
geller,19
simons,19
jenner,19
nyong'o,18
sweater,18
supermodels,18
pajama,18
dapper,18
dolce,18
crawford,18
outfits,18
obsessions,18
canterbury,18
garbo,18
nars,18
tumbles,18
vilify,18
rotation,18
preteen,18
pennywise,18
chunky,18
livingston,18
swarovski,18
sanitary,18
slits,18
mannequins,18
regretting,18
minimalist,18
üôà,18
crayola,18
mcgrath,18
suns,18
hoodies,18
kellan,18
stoudemire,18
chronicled,18
tisdale,18
üëç,18
scrumptious,18
üò¢,18
undetected,18
knots,18
snapping,18
elevates,18
francesca,18
christening,18
cleanser,18
haircare,18
undying,18
straightening,18
techie,18
punctuation,18
craved,18
spoofed,18
reputable,18
entail,18
colorist,18
mowry,18
dashing,18
impressively,18
encapsulated,18
tutus,18
haskell,18
outerwear,18
guesswork,18
trickled,18
looser,18
kiernan,18
exudes,18
rinse,18
eighties,18
glam4good,18
venerable,18
goof,18
baubles,18
toms,18
coats,17
applause,17
bras,17
relive,17
gown,17
sag,17
lululemon,17
g,17
florals,17
inject,17
deodorant,17
mermaid,17
weir,17
tilda,17
parsons,17
maureen,17
renta,17
rowland,17
lace,16
sweatpants,16
kylie,16
outfit,16
unicorn,16
dressed,16
glitter,16
bow,16
brushes,16
blouse,16
adidas,16
omg,16
asbestos,16
hairstyle,16
yanked,16
topper,16
10-month,16
peeking,16
frappuccino,16
tasteful,16
machado,16
adobe,16
burrell,16
freshest,16
crooner,16
elie,16
swinton,16
workweek,16
whiskers,16
braids,16
guac,16
schouler,16
hairdos,16
agave,16
streaks,16
turin,16
renovated,16
adelaide,16
pears,16
trainwreck,16
minidress,16
sequined,16
glorified,16
eyewear,16
rubs,16
multicolored,16
drying,16
bing,16
miriam,16
modesty,16
uncool,16
slathering,16
camels,16
knits,16
damper,16
fluorescent,16
renders,16
sexiness,16
sartorially,16
heady,16
shipka,16
sandal,16
pluck,16
rosacea,16
andi,16
noun,16
fur,15
carpet,15
wore,15
skirts,15
charlotte,15
seyfried,15
striped,15
catwalk,15
overload,15
runway,15
coat,15
palette,15
hats,15
oils,15
skips,15
gucci,15
misogynistic,15
lupita,15
exhibitions,15
cunningham,15
frugal,15
tessa,15
femininity,15
cambridge,15
plunging,15
chic,15
glamour,15
tones,15
sock,15
topshop,15
badass,14
matching,14
blonde,14
denim,14
dermatologists,14
fide,14
metallic,14
waxed,14
hutton,14
experimented,14
repellent,14
cellulite,14
revitalize,14
pucker,14
vlogger,14
overalls,14
platinum,14
playfully,14
sylvester,14
suspiciously,14
pubic,14
freud,14
grinder,14
inked,14
bledel,14
pom,14
fatter,14
repurpose,14
uggs,14
lutz,14
üçë,14
rebounded,14
cmt,14
scents,14
gladiator,14
embody,14
üèº,14
creams,14
proenza,14
noma,14
di,14
illustrious,14
frizzy,14
humanely,14
sundresses,14
peep,14
swimwear,14
intrinsically,14
wisest,14
prinsloo,14
sauna,14
dyed,14
elective,14
c√©line,14
stitch,14
comprised,14
slush,14
mocha,14
topical,14
reimagined,14
angelic,14
cuffed,14
sweltering,14
swanky,14
nola,14
goddess,14
haircut,14
pockets,14
shave,14
subscription,14
balenciaga,14
witherspoon,14
jackets,14
inclusivity,13
slit,13
sparkles,13
axe,13
ruffalo,13
j.lo,13
wardrobe,13
bobbi,13
hair,13
stylist,13
weber,13
sweatshirt,13
mullet,13
suffice,13
crystals,13
hoodie,13
mindy,13
qvc,13
justifies,13
givenchy,13
chemist,13
conditioners,13
pantsuits,13
sistine,13
braless,13
lookalike,13
pelvic,13
cr√®me,13
requisite,13
marbles,13
shatters,13
undesirable,13
dyson,13
giorgio,13
changers,13
vikander,13
2000s,13
tiles,13
khlo√©,13
outlawed,13
cutouts,13
hyland,13
pint,13
embroidery,13
rebuttal,13
closets,13
illuminated,13
layering,13
waxing,13
smalls,13
fragrances,13
botanical,13
raf,13
sizzles,13
brass,13
bulimia,13
benz,13
trainor,13
unprofessional,13
dreary,13
geeks,13
exporting,13
smokin,13
boseman,13
paisley,13
instilled,13
fakes,13
enraged,13
pinning,13
prints,13
cheap,13
teigen,13
beauty,12
velvet,12
proceeds,12
italia,12
lengths,12
swimsuit,12
danes,12
obsessed,12
fashion,12
ora,12
26th,12
bae,12
dwyane,12
sacrificed,12
blanchett,12
hacks,12
chrissy,12
flats,12
nail,12
rihanna,12
replicate,12
gravitate,12
frosted,12
shopped,12
mccoy,12
bares,12
exaggerating,12
dolly,12
gadot,12
redefines,12
ciara,12
quinto,12
beanie,12
slender,12
forehead,12
mortals,12
debunks,12
carpets,12
crowns,12
wiig,12
switches,12
lotta,12
apparel,12
weathered,12
biebs,12
eternally,12
axel,12
groovy,12
vibes,12
dreyfus,12
volunteered,12
axed,12
juniors,12
strappy,12
adorn,12
beachside,12
poolside,12
gilt,12
reinventing,12
hovering,12
apfel,12
clientele,12
boho,12
everlasting,12
behati,12
blondes,12
adamant,12
encore,12
knox,12
unassuming,12
garment,12
inhabitants,12
straws,12
cassini,12
sponsorship,12
apron,12
doable,12
extraordinaire,12
pierced,12
digits,12
toppers,12
shrunk,12
handedly,12
kourtney,12
wears,11
necklace,11
underwear,11
relatable,11
trend,11
besides,11
tattooed,11
smelling,11
recycle,11
possessions,11
leia,11
fashions,11
jewelry,11
belle,11
dove,11
leather,11
wear,11
stylish,11
opt,11
caitlyn,11
coachella,11
models,11
dress,11
insured,11
muck,11
spanx,11
encrusted,11
blowouts,11
err,11
ros√©,11
santos,11
charcoal,11
matchy,11
chimamanda,11
ngozi,11
takeaway,11
sunscreen,11
decay,11
googling,11
embroidered,11
stuns,11
succulent,11
induce,11
silhouettes,11
oz,11
twinkle,11
brinkley,11
parsley,11
marni,11
refaeli,11
suggestive,11
speechless,11
eyelashes,11
rejoicing,11
bouncy,11
shapewear,11
specializing,11
knowingly,11
nautical,11
adjacent,11
incomparable,11
kravitz,11
nudes,11
lagos,11
o.,11
embodied,11
mercedes,11
painless,11
spandex,11
amp,11
rugs,11
updo,11
manifests,11
heartthrob,11
floored,11
roommates,11
hooking,11
banging,11
boots,11
brands,11
ashley,11
bean,11
nike,11
wearing,11
clothing,11
shirt,11
swoon,11
sheer,10
chapman,10
blueberries,10
updating,10
reminiscent,10
kors,10
brows,10
socks,10
accessories,10
globes,10
vogue,10
edgy,10
gomez,10
cara,10
essentials,10
melania,10
reese,10
collection,10
offending,10
bona,10
lourd,10
backseat,10
cfda,10
delevingne,10
zayn,10
ruffled,10
hermione,10
earthly,10
salutes,10
pointy,10
60th,10
weirder,10
lounge,10
adichie,10
purses,10
mandy,10
sourced,10
nanette,10
lepore,10
nudity,10
elastic,10
hansel,10
munn,10
sumptuous,10
thesis,10
italians,10
madeline,10
lipsticks,10
kermit,10
legitimately,10
herm√®s,10
cutie,10
strained,10
lenny,10
workshops,10
mamma,10
aligning,10
consumerism,10
appreciates,10
gals,10
cashmere,10
lipped,10
naomie,10
pavilion,10
funnier,10
deserving,10
granny,10
stripe,10
lyons,10
angie,10
questionnaire,10
wilde,10
Ô∏è,10
polish,10
glow,10
cleavage,10
fanning,10
shampoo,10
jacket,10
capsule,10
mirren,10
tee,10
gal,10
gabrielle,10
strap,10
willow,10
cate,10
nirvana,10
dispatch,10
suzanne,10
naomi,10
clothes,10
toe,10
jeans,10
dior,9
chanel,9
retailer,9
klein,9
beyonc√©,9
selena,9
headbands,9
trendiest,9
robe,9
longed,9
eponymous,9
waved,9
eczema,9
rosie,9
hooray,9
glossy,9
slays,9
drugstore,9
proponent,9
redmayne,9
flashbacks,9
pejic,9
fitting,9
monochromatic,9
grapes,9
michelangelo,9
oily,9
feats,9
serum,9
acquaintance,9
ysl,9
versatility,9
beginner,9
attractiveness,9
strut,9
webb,9
donkey,9
tia,9
salvage,9
obsess,9
chadwick,9
mule,9
anew,9
hairs,9
fridays,9
artistry,9
worldly,9
socialite,9
merging,9
heeled,9
muses,9
attributes,9
layers,9
allure,9
sandals,9
tommy,9
caption,9
slips,9
fonda,9
thigh,9
proportions,9
manicure,9
wes,9
hendricks,9
cooling,9
fabrics,9
purple,9
don'ts,9
rainy,9
tiffany,9
tutorial,9
cuteness,9
perfume,9
olivia,9
fragrance,9
dresses,9
skirt,9
perfection,9
ronan,9
looks,9
gendered,9
tunisian,9
trolling,9
choo,9
vivienne,9
westwood,9
blazers,9
paw,9
backpack,9
hat,9
photoshoot,9
masterful,9
cheetos,9
landon,9
tails,9
pleated,9
exquisite,9
shambles,9
mustache,9
ladylike,9
k.,9
flaunt,9
labyrinth,9
bargain,9
nip,9
fortress,9
eyebrow,9
bethany,9
overshadowed,9
seamlessly,9
leisurely,9
adorned,9
ambrosio,9
merchandise,9
mermaids,9
nuance,9
ambassadors,9
violet,9
grail,9
haim,9
squares,9
hideous,9
openings,9
boating,9
strikingly,9
cirque,9
deborah,9
laundry,9
suit,9
outrageous,9
90s,9
shorter,9
staples,9
purse,9
poehler,9
grammys,9
rocking,9
toned,9
pablo,9
disco,9
radiant,9
scent,9
sunglasses,8
haters,8
supermodel,8
copy,8
exceptional,8
skin,8
winslet,8
blond,8
reign,8
oversized,8
tanner,8
windsor,8
carell,8
trim,8
bevy,8
tolerated,8
pinned,8
venom,8
headband,8
gloss,8
baths,8
bun,8
baywatch,8
goodbyes,8
maddening,8
hilarity,8
ensues,8
zara,8
groomed,8
paypal,8
cadillac,8
claws,8
can't,8
preppy,8
conceal,8
aura,8
hairspray,8
norma,8
unknowingly,8
forgo,8
raided,8
facelift,8
quirks,8
converse,8
salon,8
tie,8
üî•,8
glowing,8
ivanka,8
gq,8
royalty,8
appearing,8
selfies,8
heels,8
glaad,8
trudeau,8
cvs,8
accessory,8
larson,8
goodman,8
size,8
alexis,8
nails,8
pairing,8
bloggers,8
closet,8
viola,8
texture,8
lingerie,8
inescapable,8
butts,8
cling,8
sharper,8
brilliantly,8
timeless,8
bergen,8
circles,8
adjustments,8
plastics,8
nokia,8
broaden,8
stately,8
resemblance,8
sensual,8
madame,8
moisturizer,8
halo,8
23rd,8
mahal,8
neckline,8
inducted,8
burnett,8
lol,8
morrison,8
rubbing,8
superfan,8
climber,8
werk,8
schoolgirls,8
ditched,8
novelist,8
sunburn,8
payoff,8
graced,8
patches,8
gilded,8
bore,8
felicity,8
regain,8
diys,8
bravo,8
subversive,8
revives,8
swimsuits,8
wardrobes,8
poppy,8
mtv,8
introducing,8
easiest,8
calvin,8
designer,8
lips,8
serena,8
maternity,8
ryder,8
sparkle,8
envy,8
slay,8
intricate,8
products,8
nailed,8
red,8
clooney,7
olsen,7
kit,7
commute,7
hinted,7
watches,7
jaw,7
puffy,7
outing,7
lyric,7
sexier,7
anorexia,7
corny,7
edie,7
lattes,7
malik,7
copeland,7
arcade,7
reuse,7
paulson,7
pantsuit,7
edged,7
swag,7
recreates,7
crackers,7
earrings,7
moretz,7
edith,7
hmmm,7
marble,7
rave,7
rename,7
alessandra,7
toting,7
aesthetics,7
lilly,7
enlist,7
quincy,7
recommending,7
genres,7
measurements,7
strolling,7
gloom,7
inconsistent,7
signaled,7
tees,7
cloth,7
pandora,7
customized,7
exaggerated,7
hairy,7
rocks,7
prince,7
shoe,7
steals,7
billboard,7
julianne,7
mara,7
suites,7
fashionista,7
lip,7
acne,7
bonkers,7
thighs,7
immense,7
wrecking,7
commandments,7
solstice,7
premiered,7
claire,7
looked,7
bikini,7
mac,7
lotion,7
scarf,7
kinda,7
whoopi,7
instyle,7
tucson,7
lively,7
ellis,7
wowed,7
bleach,7
nadal,7
fergie,7
riley,7
font,7
stickers,7
pastime,7
bask,7
faves,7
mortar,7
enchanting,7
sketches,7
solange,7
nabs,7
fyi,7
ahem,7
grandson,7
highlighting,7
scented,7
suckers,7
epitome,7
hydrated,7
sizzling,7
bronze,7
butch,7
chopping,7
vegans,7
grin,7
dab,7
bottoms,7
impostor,7
tents,7
props,7
contents,7
prized,7
maggie,7
expressions,7
colder,7
shallow,7
objectively,7
roaring,7
kardashian,7
emmy,7
trends,7
debuts,7
biel,7
awards,7
campbell,7
downside,7
pissed,7
advantages,7
sale,7
shoulder,7
purchases,7
rey,7
shoes,7
yahoo,7
jealous,7
meryl,7
model,7
pink,7
jade,7
reeves,7
cuddle,7
d√©j√†,7
outfitters,7
counterpart,7
cobain,7
nana,7
crayons,7
hairstylist,7
collar,7
presumably,7
amfar,7
iheartradio,7
armani,7
pepsi,7
kaley,7
crushes,7
indulgent,7
admired,7
crafty,7
fanfare,7
tipped,7
prevailing,7
rubik,7
attain,7
vest,7
spruce,7
sequins,7
dictates,7
conditioner,7
tastic,7
teasing,7
scrubs,7
gwyneth,7
chooses,7
sleek,7
richie,7
faux,7
princess,7
amanda,7
please,7
critique,7
bundchen,7
cheapest,7
casual,7
proves,7
ariana,7
debuted,6
shirts,6
smells,6
portman,6
overhaul,6
hottest,6
refreshing,6
nicki,6
brushing,6
shipping,6
incomplete,6
forrest,6
beards,6
chewbacca,6
laverne,6
nickname,6
snag,6
rocha,6
recreated,6
ribbons,6
studded,6
flotus,6
spilling,6
goth,6
hampton,6
taj,6
¬Ø\_(„ÉÑ)_/¬Ø,6
marty,6
regal,6
cuoco,6
critiques,6
slippers,6
kimye,6
complexion,6
mann,6
femme,6
hugo,6
phenomenal,6
temps,6
triumphant,6
margot,6
accompanying,6
swore,6
warped,6
layered,6
styles,6
gorgeous,6
style,6
routine,6
applying,6
knowles,6
finest,6
angels,6
eminem,6
pumps,6
attire,6
clich√©,6
judged,6
gala,6
heating,6
occasion,6
sexy,6
tops,6
list,6
proof,6
hangover,6
craziest,6
alicia,6
stunning,6
khloe,6
harry,6
shopping,6
s,6
inaugural,6
styling,6
aptly,6
haircuts,6
wu,6
plaid,6
jabs,6
roasts,6
earhart,6
comparisons,6
brody,6
faint,6
spectacularly,6
outrageously,6
hiddleston,6
photographing,6
redheads,6
strategically,6
cutout,6
nye,6
feta,6
separates,6
posen,6
namesake,6
sluggish,6
vitality,6
liner,6
glitz,6
macpherson,6
perpetuates,6
paltrow,6
pippa,6
crushed,6
thin,6
noticing,6
unlock,6
ing,6
versatile,6
70s,6
helen,6
pamela,6
washing,6
pin,6
lagerfeld,6
13-year,6
items,6
buys,6
throwback,6
lauren,6
paired,6
sweat,6
hygiene,6
stilettos,6
impossibly,6
31-year,6
crap,6
factories,6
upsetting,6
ditches,6
signatures,6
patagonia,6
frances,6
pageant,6
ethereal,6
appetit,6
combinations,6
catering,6
chandelier,6
bryce,6
flashing,6
spiced,6
toes,6
goodies,6
kenyan,6
scaring,6
seller,6
exceptionally,6
synonymous,6
sultry,6
outward,6
contacted,6
foundations,6
stride,6
nighttime,6
distressed,6
winery,6
designers,6
rip,6
grande,6
nude,6
athletic,6
chastain,6
concepts,6
rent,6
renowned,6
adorably,6
flawless,6
selfie,6
sizes,6
pair,6
coins,6
goose,6
catchy,6
birmingham,6
stores,6
o,6
karlie,6
shiny,6
deletes,6
bette,6
handsome,6
zachary,6
photographic,6
superficial,6
domination,6
blair,6
brie,6
tracey,6
tyra,6
michel,6
transformative,6
grandpa,6
baskets,6
phillip,6
dale,6
distinctly,6
oftentimes,6
wreak,6
stern,6
barneys,6
giver,6
curly,6
inspector,6
fret,6
refined,6
halle,6
stardom,6
pocket,6
neck,6
lovato,6
boxing,6
cutest,6
suits,6
hijab,6
palmer,6
plaza,6
philanthropy,6
elle,5
trending,5
shoppers,5
shop,5
item,5
canadians,5
austrian,5
mcadams,5
millie,5
outs,5
evolving,5
wi,5
hollow,5
parton,5
enthusiast,5
asap,5
galactic,5
barber,5
unrecognizable,5
hairdresser,5
sincerely,5
crumble,5
barney,5
hudgens,5
notebook,5
refresh,5
stocked,5
hostess,5
endeavors,5
marketed,5
robbie,5
glamorous,5
vince,5
rae,5
breakthroughs,5
ballroom,5
savior,5
fold,5
trove,5
mimic,5
radcliffe,5
wash,5
clever,5
brush,5
wang,5
custom,5
kate,5
pants,5
winter,5
costumes,5
hoffman,5
dreamy,5
bands,5
t,5
ridiculously,5
deals,5
brand,5
behold,5
sins,5
u,5
fetch,5
ovation,5
botox,5
slowed,5
nourish,5
bey,5
miraculous,5
disguised,5
eyeshadow,5
missy,5
manson,5
connie,5
boyfriends,5
burberry,5
moroccan,5
runways,5
blackness,5
stain,5
kathryn,5
sleepless,5
wholesome,5
understatement,5
schilling,5
fey,5
simplify,5
empowers,5
efficiently,5
flashback,5
patterned,5
affiliate,5
tame,5
shailene,5
woodley,5
upgrade,5
bra,5
golden,5
affordable,5
pull,5
crown,5
crop,5
underwood,5
smooth,5
hannah,5
trendy,5
malia,5
muse,5
channels,5
lana,5
bling,5
toss,5
utterly,5
intent,5
moss,5
alba,5
cover,5
katy,5
kinky,5
stumbles,5
misty,5
mia,5
dion,5
drags,5
doughnut,5
impress,5
shines,5
chunk,5
nintendo,5
kardashians,5
recreate,5
piggy,5
towering,5
snooze,5
buns,5
exhilarating,5
transitioning,5
panama,5
decorator,5
sartorial,5
singular,5
chung,5
repeat,5
colors,5
dj,5
aniston,5
swim,5
costume,5
invented,5
crush,5
haunt,5
diva,5
matches,5
swift,5
tennis,5
hudson,5
cooler,5
diana,5
jacobs,5
bold,5
petition,5
skinny,5
gifts,5
italian,5
brunette,5
dodging,5
hicks,5
rafael,5
kloss,5
pits,5
polka,5
disrespect,5
levi,5
compliment,5
splash,5
neon,5
swears,5
lovingly,5
loads,5
chapo,5
overcame,5
mango,5
apatow,5
leah,5
fingertips,5
recycled,5
prosthetic,5
awry,5
varying,5
pharrell,5
hues,5
belonging,5
muffin,5
ethic,5
rub,5
impromptu,5
extensions,5
marilyn,5
diversity,5
label,5
ai,5
dunham,5
eye,5
rita,5
w,5
2nd,5
silk,5
blogging,5
suite,5
newest,5
iconic,5
product,5
spell,5
alert,5
modeling,5
bath,5
legged,5
disgraceful,5
k,5
variations,5
sparkling,5
comfy,5
vu,5
protocol,5
coordinated,5
jeter,5
tighten,5
designing,5
hue,5
bon,5
correspondents,5
teresa,5
spa,5
chills,5
grease,5
strapless,5
groove,5
centre,5
alley,5
grabbing,5
effortless,5
drawer,5
ankle,5
perk,5
polo,5
crunchy,5
haves,5
freak,5
hilariously,5
covers,5
quote,5
olympians,5
vitamin,5
gods,5
michelle,5
gross,5
signature,5
oscars,5
appearance,5
billie,5
sporty,5
cannes,5
marcus,5
compliments,5
sensory,5
manicures,5
collaborate,5
pads,5
petite,5
sleeve,5
balm,5
yelp,5
artisanal,5
unfold,5
dime,5
undeniable,5
surgeons,5
cheerleader,5
tomb,5
brandy,5
etiquette,4
hint,4
shoot,4
versace,4
favors,4
jolie,4
grandfather,4
eyed,4
collaboration,4
lands,4
mesmerizing,4
archbishop,4
choir,4
styled,4
fits,4
gurung,4
keaton,4
polarizing,4
knocks,4
pixie,4
celine,4
60s,4
jonas,4
presses,4
retrospective,4
trophy,4
dublin,4
combo,4
transitions,4
valentino,4
expectant,4
breezy,4
elaine,4
cyber,4
ball,4
totally,4
miss,4
taylor,4
demi,4
angelina,4
dos,4
cruelty,4
blanket,4
gossip,4
jenna,4
wanna,4
lazy,4
stein,4
freaking,4
wallet,4
cozy,4
stretch,4
summer,4
sustainability,4
flattering,4
shaved,4
prabal,4
stacked,4
luna,4
emma,4
smiled,4
suited,4
standout,4
biz,4
scoop,4
idris,4
nearest,4
29-year,4
hardy,4
revelations,4
complains,4
gratification,4
cinderella,4
tanks,4
yogi,4
shady,4
unintended,4
pirates,4
streisand,4
surprisingly,4
dressing,4
realistic,4
fall,4
impressive,4
paradise,4
occasional,4
kim,4
lena,4
blogger,4
shade,4
lisa,4
arrive,4
kent,4
oddly,4
shedding,4
samples,4
blake,4
rocked,4
salute,4
thrift,4
nephew,4
priced,4
chan,4
dudes,4
cuter,4
wrinkles,4
smoky,4
sarandon,4
elba,4
swept,4
foolproof,4
melts,4
profitable,4
c.,4
berries,4
blush,4
intelligent,4
believer,4
elegance,4
confidential,4
undeniably,4
americana,4
rebel,4
sells,4
coolest,4
icon,4
jackie,4
uniform,4
understands,4
roberts,4
earning,4
bulk,4
jewels,4
‚ù§,4
malfunction,4
environmentally,4
editors,4
elliott,4
bleak,4
naps,4
macaroni,4
vacationing,4
curling,4
conditioning,4
interpretation,4
collections,4
anticipated,4
discount,4
faded,4
effortlessly,4
guessed,4
youthful,4
queen,4
taco,4
kale,4
julia,4
look,4
sheet,4
absolutely,4
radar,4
beast,4
cleansing,4
cardi,4
wiped,4
goodness,4
accustomed,4
mascara,4
shorts,4
unexpectedly,4
drastic,4
eyeliner,4
amelia,4
distinctive,4
gisele,4
tributes,4
topping,4
drown,4
enhancing,4
choking,4
aligned,4
breeding,4
cool,4
middleton,4
holy,4
landed,4
nominees,4
celebrity,4
cheesy,4
handy,4
lifestyle,4
ladies,4
graham,4
cheer,4
victoria,4
beyonce,4
links,4
diamond,4
sleeves,4
wallpaper,4
posh,4
slogan,4
gloves,4
kenneth,4
chin,4
danced,4
powell,4
outta,4
execute,4
sweating,4
puberty,4
curated,4
wellbeing,4
moody,4
gilbert,4
scheduling,4
philanthropist,4
cinema,4
3rd,4
rebellion,4
foam,4
pony,4
witty,4
alexa,4
under,4
rose,4
plastic,4
gold,4
fierce,4
gray,4
kicking,4
natalie,4
treasure,4
festive,4
bare,4
gift,4
orange,4
cousin,4
retro,4
pairs,4
promotes,4
lesbians,4
color,4
stole,4
casting,4
coconut,4
william,4
greta,4
darker,4
confuse,4
collide,4
hashtag,4
barrymore,4
gabriel,4
blink,4
squad,4
webster,4
abdul,4
springtime,4
bind,4
bundle,4
astonishing,4
zucchini,4
stuart,4
watering,4
handbag,4
dull,4
internationally,4
receiver,4
gyllenhaal,4
subsequent,4
onslaught,4
convey,4
chats,4
pirate,4
launched,4
trick,4
finds,4
kerry,4
hot,4
checklist,4
inevitably,4
streep,4
depp,4
deserved,4
delicate,4
wright,4
legs,4
celebs,4
prom,4
guys,4
halloween,4
karl,4
warmer,4
merry,4
25-year,4
spectacle,4
aug,4
co.,4
bowie,4
designs,4
amazingly,4
expired,4
jagger,4
manual,4
bullock,4
betty,4
leon,4
chops,4
28-year,4
reap,4
stumbled,4
floral,4
lucy,4
creamy,4
searched,4
angle,4
occasions,4
gateway,4
blankets,4
fountain,4
imaginary,4
helm,4
instagram,4
pieces,4
leslie,4
recognized,4
champagne,4
spring,4
thick,4
routines,4
shops,4
marie,4
marc,4
july,4
shine,4
granddaughter,4
cart,4
pregnancies,4
bern,4
exploding,4
questionable,4
locally,4
lavish,4
purchasing,4
overrated,4
garcia,4
tearing,4
underestimate,4
pub,4
altering,4
perceived,4
trademark,4
marissa,4
staple,4
gadget,4
pals,4
mourns,4
combines,4
bs,4
boring,3
bright,3
hype,3
tis,3
type,3
subtle,3
line,3
kristen,3
peel,3
drake,3
loophole,3
amateur,3
cue,3
watts,3
candid,3
arnold,3
delighted,3
recharge,3
geek,3
pantry,3
vendors,3
azalea,3
classy,3
jewel,3
mixing,3
sensation,3
authentically,3
richardson,3
minaj,3
worthy,3
royal,3
joyful,3
exhausted,3
ivy,3
wade,3
atmosphere,3
bag,3
struggles,3
warm,3
amy,3
lightly,3
rogen,3
edited,3
lasts,3
clutch,3
unsettling,3
crafted,3
empowered,3
tattoos,3
glue,3
swear,3
crispy,3
lily,3
levine,3
introverts,3
edges,3
taraji,3
optimal,3
goodwill,3
wax,3
i.,3
aesthetic,3
attends,3
scoring,3
integral,3
vineyard,3
laurent,3
minute,3
ass,3
palace,3
port,3
christina,3
gaga,3
addition,3
peach,3
paved,3
bali,3
memes,3
ghostbusters,3
greene,3
creations,3
peta,3
23-year,3
identical,3
astounding,3
drastically,3
brett,3
earliest,3
funky,3
fueling,3
lashes,3
splurge,3
bump,3
best,3
pretty,3
likes,3
stars,3
carrie,3
bags,3
kanye,3
etsy,3
week,3
talented,3
fabulous,3
multi,3
fool,3
irresponsible,3
unfortunate,3
potter,3
contestants,3
mag,3
duff,3
thrilled,3
obscure,3
therapists,3
shields,3
masculine,3
ephron,3
skull,3
buy,3
perfect,3
sales,3
gym,3
blue,3
selling,3
happening,3
anderson,3
perry,3
soft,3
ross,3
estranged,3
pencil,3
candice,3
wanderlust,3
cites,3
dot,3
stun,3
lit,3
fi,3
needle,3
biles,3
l,3
wtf,3
vacuum,3
saldana,3
henson,3
recycling,3
nerd,3
feminine,3
jars,3
sized,3
george,3
nicole,3
bottle,3
stark,3
klum,3
facial,3
joan,3
emily,3
alexander,3
statement,3
ultimate,3
onions,3
goldberg,3
milwaukee,3
steer,3
literal,3
sets,3
charm,3
dots,3
ms,3
ad,3
masterpiece,3
19-year,3
print,3
mario,3
daytime,3
faculty,3
carbs,3
nagging,3
buck,3
verbal,3
wilderness,3
latte,3
halftime,3
stroll,3
equation,3
indianapolis,3
lea,3
aggression,3
ok,3
holiday,3
fancy,3
carrying,3
horrible,3
bryan,3
z,3
ode,3
launching,3
everywhere,3
naughty,3
advised,3
pad,3
oval,3
screams,3
lauer,3
design,3
certainty,3
temperatures,3
overly,3
seaside,3
dazzling,3
impression,3
applaud,3
presenting,3
latter,3
layer,3
messed,3
interviewing,3
committing,3
molly,3
jessica,3
paris,3
rid,3
makeover,3
teaches,3
bob,3
weather,3
departure,3
tackling,3
ebay,3
jennifer,3
shanghai,3
cher,3
surfaced,3
janelle,3
asians,3
instantly,3
pale,3
formation,3
phillips,3
organic,3
whiskey,3
bananas,3
chilly,3
insecurity,3
footwear,3
osbourne,3
napa,3
pulls,3
comfortable,3
famed,3
storage,3
replaced,3
illustrated,3
punk,3
awesome,3
upton,3
memphis,3
sheets,3
dye,3
lakers,3
congrats,3
retreats,3
scottish,3
judd,3
premium,3
kirsten,3
emoji,3
spying,3
jew,3
bearing,3
insiders,3
indoors,3
doom,3
boobs,3
genius,3
catch,3
hiding,3
english,3
downtown,3
dropped,3
parker,3
twins,3
grammy,3
nick,3
embarrassing,3
purchase,3
distress,3
charities,3
consistently,3
positively,3
inexpensive,3
bedroom,3
iggy,3
boob,3
minimize,3
slight,3
broke,3
somehow,3
portion,3
satisfying,3
glam,3
florence,3
biopic,3
b,3
berry,3
beautiful,3
inspiration,3
classic,3
gap,3
blockbuster,3
wildest,3
masses,3
icymi,3
mvp,3
instances,3
soaring,3
solely,3
stripes,3
brooke,3
hood,3
defy,3
asset,3
introduction,3
object,3
magazine,3
hide,3
gear,3
en,3
mantra,3
diesel,3
ambassador,3
sword,3
madeleine,3
excellence,3
mysteries,3
whitney,3
wacky,3
unconditional,3
slaughter,3
zip,3
separating,3
pulitzer,3
loyal,3
functional,3
awakening,3
thrill,3
requirement,3
deer,3
encounters,3
cycle,3
apply,3
shades,3
epic,3
lover,3
blowing,3
fabric,3
nostalgia,3
awe,3
groom,3
disturbing,3
yellow,3
internet,3
heavily,3
rainbow,3
bruno,3
kitten,3
brick,3
nut,3
loud,3
digging,3
symbols,3
medals,3
snyder,3
heats,3
chloe,3
sinking,3
premier,3
mud,3
waist,3
relentless,3
camping,3
adore,3
officially,3
compares,3
disgusting,3
jane,3
cox,3
absurd,3
troll,3
ultra,3
smell,3
colorful,3
dry,3
patent,3
nostalgic,3
aclu,3
filter,3
withdraw,3
lorde,3
keys,3
distract,3
spotlight,3
gowns,3
minimal,3
craze,3
behave,3
removes,3
redefining,3
tanning,3
clearing,3
messaging,3
eternal,3
dedication,3
wrapping,3
whoever,3
sold,3
properly,3
bobby,3
mrs,3
jumping,3
discussing,3
brighten,3
sustainable,3
mid,3
eve,3
square,3
.,3
13th,3
arrived,3
leo,3
contracts,3
taps,3
offerings,3
vibe,3
cameo,3
simpler,3
baton,3
rejoice,3
nigerian,3
idiot,3
ca,3
playboy,3
tampa,3
kissed,3
directed,3
c,3
bedtime,3
client,3
nuts,3
inviting,3
aguilera,3
satisfy,3
fluid,3
bridesmaids,3
spice,3
accord,3
m,3
reliable,3
tube,3
shortage,3
organizing,3
fad,3
founders,3
obamas,3
grads,3
pressed,3
mouths,3
apologizing,3
darling,3
rushed,3
convenient,3
spinning,3
treasures,3
fundraiser,3
easter,3
trolls,2
men,2
bieber,2
dropping,2
corden,2
gag,2
leg,2
charlene,2
flaws,2
damn,2
edible,2
caution,2
vera,2
leftover,2
electronics,2
strawberry,2
architects,2
classics,2
outdated,2
aunt,2
wonderland,2
compiled,2
thank,2
secrets,2
justin,2
mama,2
skip,2
touching,2
diy,2
girl,2
angel,2
todd,2
balls,2
alan,2
tricks,2
lopez,2
minds,2
ford,2
twice,2
wishing,2
account,2
embraces,2
underneath,2
lane,2
a.,2
celebrities,2
metal,2
closes,2
revealing,2
renaissance,2
playful,2
exhausting,2
zac,2
busting,2
provocative,2
automatic,2
unwanted,2
tank,2
longoria,2
sticky,2
blues,2
adele,2
picks,2
cleaning,2
scotland,2
length,2
body,2
candy,2
basic,2
cohen,2
prone,2
triple,2
daylight,2
petty,2
involve,2
topless,2
declares,2
rumor,2
kidman,2
smoked,2
andrea,2
darn,2
acceptable,2
charitable,2
tail,2
disrupt,2
vergara,2
bikinis,2
sell,2
literally,2
extremely,2
grown,2
illinois,2
skill,2
versus,2
cold,2
flat,2
bet,2
girls,2
amazon,2
interaction,2
retail,2
feminists,2
dolls,2
collect,2
belt,2
bald,2
architect,2
publication,2
refer,2
obligation,2
reluctant,2
seeing,2
painting,2
rage,2
tired,2
maintain,2
easier,2
watson,2
transformed,2
sake,2
angela,2
london,2
image,2
secret,2
lady,2
s**t,2
violation,2
inspires,2
',2
malaysia,2
attendees,2
latin,2
jumps,2
boosts,2
beard,2
hilary,2
norman,2
casts,2
distinct,2
businessman,2
amazed,2
chase,2
bombshell,2
cries,2
dreamed,2
directions,2
decorate,2
rogers,2
colombia,2
nora,2
autumn,2
ads,2
perfectly,2
definition,2
swing,2
period,2
silver,2
nasty,2
proved,2
handful,2
these,2
laura,2
bail,2
soap,2
graffiti,2
melting,2
maintenance,2
grader,2
rookie,2
enterprise,2
resulting,2
recommend,2
outer,2
pm,2
her,2
scary,2
empower,2
dreaming,2
dreams,2
tone,2
goals,2
fingers,2
herself,2
burn,2
frank,2
infinity,2
dinosaur,2
centuries,2
strip,2
jacob,2
messing,2
preach,2
havoc,2
sci,2
shameful,2
tasting,2
expressing,2
dieting,2
favorite,2
handle,2
season,2
nice,2
bloody,2
reflect,2
outdoors,2
cafe,2
smash,2
glad,2
plates,2
mat,2
cringe,2
10th,2
terribly,2
speakers,2
prada,2
phrases,2
kyle,2
versions,2
exclusively,2
monroe,2
19th,2
jenny,2
stuffing,2
chill,2
indulge,2
appeal,2
fantastic,2
lasting,2
jared,2
amazing,2
ordinary,2
coaster,2
vampire,2
juicy,2
heidi,2
entrance,2
ava,2
embarrassed,2
insecure,2
blows,2
hipster,2
volume,2
surgeon,2
sexiest,2
malfunctions,2
everyday,2
beloved,2
hearts,2
target,2
graphic,2
duo,2
ann,2
gone,2
seriously,2
photographer,2
caffeine,2
soundtrack,2
poop,2
magical,2
exotic,2
figuring,2
scored,2
farmer,2
rouge,2
degrees,2
displays,2
tends,2
pump,2
definitive,2
milan,2
squeeze,2
meet,2
buying,2
cute,2
confidence,2
toronto,2
definitely,2
adorable,2
guide,2
deleted,2
moments,2
excuse,2
imagination,2
diamonds,2
carries,2
princesses,2
lightning,2
observed,2
gymnastics,2
tougher,2
carol,2
20-year,2
lesser,2
zoe,2
dominate,2
p.,2
cargo,2
automatically,2
monkey,2
slate,2
woes,2
flops,2
pulling,2
smallest,2
rituals,2
this,2
face,2
pregnant,2
afford,2
daniel,2
parties,2
dna,2
cat,2
stranger,2
personality,2
prove,2
feels,2
reacts,2
knee,2
severely,2
pressing,2
criticize,2
lochte,2
kickstarter,2
supposedly,2
liquid,2
shaking,2
rev,2
reunite,2
customers,2
lovers,2
opposite,2
featuring,2
naked,2
expert,2
obviously,2
stealing,2
closer,2
file,2
mccarthy,2
vision,2
transition,2
surprised,2
drain,2
accuses,2
perceptions,2
taxi,2
sara,2
lindsay,2
avocado,2
unbelievable,2
inclusive,2
bucks,2
contribution,2
ginger,2
plight,2
origins,2
vodka,2
mason,2
warmth,2
samsung,2
problematic,2
causing,2
williams,2
're,2
missed,2
rock,2
update,2
withdrawal,2
stellar,2
robot,2
15-year,2
proudly,2
motivation,2
syrup,2
foodie,2
socially,2
garage,2
experimental,2
downton,2
decorations,2
bro,2
queens,2
legend,2
spotted,2
remind,2
score,2
peak,2
tune,2
ends,2
brown,2
promote,2
viral,2
loves,2
glasses,2
unforgettable,2
booking,2
ralph,2
hilton,2
detailed,2
ruined,2
globally,2
hanukkah,2
spite,2
hemsworth,2
shortly,2
lambert,2
gifted,2
reflecting,2
mild,2
quo,2
junk,2
admission,2
followed,2
brad,2
jamie,2
kris,2
covering,2
ready,2
embrace,2
accuse,2
sharon,2
enters,2
messy,2
masculinity,2
rough,2
diaz,2
derek,2
neutral,2
annoying,2
gems,2
venus,2
looking,2
try,2
fortune,2
pattern,2
charming,2
silly,2
rivers,2
natural,2
seconds,2
safer,2
pleased,2
macy,2
approve,2
nonsense,2
appointment,2
literature,2
categories,2
gesture,2
dame,2
enhance,2
lobster,2
commercials,2
artist,2
date,2
clearly,2
dream,2
grace,2
calendar,2
‚Äî,2
mirror,2
holidays,2
anyone,2
delightful,2
vintage,2
noticed,2
joel,2
hail,2
jungle,2
17-year,2
nina,2
liam,2
wasting,2
nod,2
consuming,2
course,2
evolution,2
j.,2
excited,2
york,2
cheeky,2
knows,2
classes,2
puts,2
major,2
critics,2
dicaprio,2
actual,2
eclipse,2
tina,2
introduces,2
curse,2
platform,2
pays,2
newton,2
delivering,2
tan,2
like,2
conscious,2
kick,2
butt,2
resolutions,2
surgery,2
your,2
ups,2
davis,2
anyway,2
stick,2
amidst,2
provider,2
vets,2
illusion,2
assembly,2
fascinating,2
weed,2
distracted,2
traveled,2
spoiler,2
pleasant,2
fest,2
index,2
photograph,2
vulnerability,2
rachel,2
actually,2
forever,2
makes,2
excitement,2
honoring,2
academy,2
everyone,2
biggest,2
boss,2
smiles,2
explaining,2
editing,2
luxury,2
complaining,2
hitler,2
blacks,2
confession,2
jean,2
devil,2
mall,2
icons,2
array,2
accepting,2
abbey,2
autistic,2
nightmare,2
sight,2
options,2
monday,2
received,2
beckham,2
hamilton,2
sneak,2
bridal,2
lights,2
goes,2
times,2
belly,2
tracy,2
exists,2
rowling,2
depth,2
resistant,2
sushi,2
terry,2
crazy,2
everything,2
resist,2
tattoo,2
midst,2
faces,2
wild,2
usual,2
rush,2
bored,2
navy,2
unacceptable,2
prices,2
destroying,2
sticks,2
finger,2
dread,2
entertaining,2
explosive,2
contestant,2
images,2
stock,2
ever,2
pure,2
feminism,2
odd,2
developed,2
dark,2
throw,2
straight,2
leonardo,2
removal,2
struggled,2
fit,2
heights,2
popping,2
simone,2
kaine,2
losers,2
normally,2
inches,2
rolled,2
perks,2
requests,2
infectious,2
intensity,2
temperature,2
listed,2
summertime,2
cult,2
way,2
finally,2
ease,2
combination,2
lincoln,2
seemingly,2
whole,2
computer,2
fresh,2
double,2
solve,2
poland,2
universe,2
stephanie,2
toughest,2
dramatic,2
scenario,2
tomatoes,2
modest,2
backstage,2
destiny,2
certain,2
‚Äôve,2
ruled,2
takes,2
all,2
nyc,2
here,2
bullies,2
heads,2
printed,2
plain,2
decides,2
adams,2
expression,2
pile,2
mommy,2
sun,2
stuff,2
september,2
cookie,2
desk,2
showing,2
easy,2
collecting,2
attend,2
clueless,2
ikea,2
mock,2
massage,2
complain,2
apartment,2
johnny,2
bomber,2
expose,2
stepped,2
sixth,2
schumer,2
waves,2
admit,2
responds,2
inauguration,2
jones,2
favorites,2
heated,2
ties,2
max,2
paula,2
lifting,2
eddie,2
lovely,2
fixing,2
diaries,2
always,2
powerful,2
moves,2
features,2
pop,2
assume,2
transformation,2
rnc,2
truths,2
oscar,2
horse,2
basically,2
musk,2
detroit,2
launches,2
match,2
balancing,2
luxurious,2
greatly,2
medal,2
selma,2
sally,2
smartphones,2
remembers,2
apples,2
texts,2
charts,2
campuses,2
hits,2
jokes,2
chapter,2
athlete,2
survive,2
deserve,2
ugly,2
cats,2
selection,2
applied,2
unveils,2
rings,2
signals,2
nikki,2
mentioned,2
derby,2
weinstein,2
limited,2
busy,2
fun,2
canada,2
painful,2
breast,2
shock,2
tape,2
sorry,2
surprises,2
porn,2
flowers,2
buddy,2
premiere,2
shaped,2
speeches,2
removing,2
horizon,2
shaping,2
sofia,2
deciding,2
campaign,2
sort,2
just,2
exactly,2
difference,2
wanting,2
aspects,2
entrepreneur,2
nights,2
hell,2
inspired,2
industry,2
bonus,2
spears,2
step,2
tooth,2
breathe,2
proving,2
independent,2
yorker,2
smiling,2
sporting,2
olds,2
michele,2
she,2
accounts,2
excessive,2
proper,2
pumpkin,2
f**k,2
checked,2
swap,2
irony,2
tribe,2
twist,2
kendrick,2
encourages,2
music,2
gives,2
feet,2
cut,2
probably,2
sisters,2
shame,2
hunter,2
comeback,2
attended,2
ensemble,2
legitimate,2
fiorina,2
updates,2
fortunate,2
upper,2
experiencing,2
barbie,2
overwhelming,2
freezing,2
pros,2
toxic,2
pregnancy,2
new,2
row,2
online,2
shocked,2
lists,2
regarding,2
green,2
black,2
never,2
strikes,2
contemporary,2
patriotic,2
vow,2
gon,2
devoted,2
y,2
industrial,2
crisp,2
yet,2
funny,2
arm,2
melissa,2
quarter,2
's,2
works,2
bbc,2
origin,2
hero,2
blown,2
optimistic,2
gentle,2
narrow,2
organizers,2
application,2
walmart,2
pops,2
historically,2
chasing,2
empowerment,2
latest,2
loved,2
teach,2
top,2
youngest,2
word,2
tipping,2
celebrated,2
met,2
congratulations,2
hop,2
offices,2
representative,2
humble,2
lesson,2
needed,2
colleague,1
institute,1
partnership,1
olive,1
shape,1
roundup,1
too,1
down,1
workout,1
specifically,1
reveals,1
bank,1
friday,1
giving,1
wells,1
code,1
objects,1
rounded,1
royals,1
dylan,1
daddy,1
playlist,1
pitt,1
preparation,1
fourth,1
you,1
reached,1
every,1
again,1
britney,1
west,1
old,1
butter,1
influence,1
shower,1
roller,1
prank,1
clark,1
signal,1
knight,1
hart,1
unexpected,1
tackle,1
texting,1
software,1
fighter,1
need,1
fine,1
august,1
short,1
right,1
cuts,1
themed,1
kelly,1
wait,1
thing,1
choice,1
realize,1
notice,1
witch,1
harvard,1
stakes,1
explanation,1
economics,1
karen,1
captures,1
intimacy,1
gina,1
robin,1
fries,1
eva,1
how,1
brings,1
marks,1
won,1
la,1
hidden,1
advice,1
already,1
dakota,1
roughly,1
unfair,1
miserable,1
lets,1
chains,1
reviews,1
mode,1
doll,1
steel,1
solved,1
heartfelt,1
owe,1
thriving,1
go,1
woman,1
drop,1
steps,1
courtesy,1
fire,1
exclusive,1
anything,1
heat,1
infamous,1
signed,1
yours,1
bloom,1
climbing,1
miranda,1
pages,1
finance,1
craig,1
interesting,1
heavy,1
topic,1
good,1
make,1
‚Äôre,1
reason,1
move,1
cost,1
amount,1
interviewed,1
schedule,1
trainer,1
ii,1
peek,1
recognize,1
protesting,1
kerr,1
vanessa,1
intervention,1
rodriguez,1
attitude,1
holder,1
dinner,1
better,1
thomas,1
extra,1
e,1
jet,1
put,1
urban,1
knew,1
done,1
ways,1
fake,1
pic,1
rejects,1
blaming,1
quiz,1
melt,1
mariah,1
inspire,1
compare,1
poet,1
comes,1
yourself,1
positive,1
feminist,1
shots,1
town,1
ring,1
real,1
star,1
bruce,1
incidents,1
huge,1
staying,1
sister,1
updated,1
breakup,1
crossing,1
highly,1
dating,1
so,1
missouri,1
eyes,1
self,1
rarely,1
psychological,1
praises,1
suggesting,1
franchise,1
editor,1
helpful,1
attract,1
lego,1
enthusiasm,1
responses,1
wet,1
posting,1
putting,1
choices,1
solution,1
save,1
taught,1
torture,1
worst,1
stays,1
singing,1
statue,1
emerged,1
lab,1
brazilian,1
art,1
must,1
memorable,1
naturally,1
surprising,1
serious,1
smile,1
famous,1
worth,1
christie,1
adding,1
charlottesville,1
broadcast,1
bang,1
ears,1
dallas,1
shed,1
cheaper,1
lohan,1
uncle,1
daunting,1
12-year,1
weekly,1
shore,1
simmons,1
questioning,1
making,1
treat,1
little,1
campus,1
at,1
french,1
confused,1
long,1
average,1
initially,1
#,1
factory,1
cape,1
surf,1
shuts,1
preview,1
vanity,1
got,1
manhattan,1
display,1
without,1
incredible,1
speaks,1
secretly,1
license,1
linda,1
rides,1
anybody,1
attraction,1
ear,1
showed,1
forget,1
see,1
out,1
transform,1
gig,1
bee,1
jeremy,1
knife,1
fairly,1
unveiled,1
damaging,1
walk,1
is,1
made,1
either,1
celebrates,1
eventually,1
learned,1
professional,1
union,1
crying,1
cyrus,1
auction,1
signing,1
challenged,1
alien,1
bunny,1
sophisticated,1
technique,1
scene,1
shows,1
myself,1
expensive,1
modern,1
suck,1
ireland,1
destroyed,1
slammed,1
garbage,1
gallery,1
clients,1
essentially,1
shares,1
give,1
party,1
chair,1
snow,1
happens,1
christmas,1
louis,1
blessed,1
educated,1
absolute,1
milk,1
advocacy,1
rapidly,1
approaching,1
dc,1
tons,1
tips,1
show,1
level,1
lie,1
italy,1
message,1
appropriate,1
australian,1
dollars,1
entire,1
most,1
pics,1
attempting,1
whale,1
trees,1
attitudes,1
blamed,1
include,1
spent,1
search,1
fitness,1
opening,1
angeles,1
full,1
now,1
grey,1
mary,1
idol,1
sings,1
mask,1
visual,1
therefore,1
boyfriend,1
finding,1
staffers,1
articles,1
alarm,1
esteem,1
enjoyed,1
let,1
fix,1
consider,1
canadian,1
partners,1
japanese,1
clip,1
roll,1
similar,1
intention,1
siblings,1
popularity,1
dude,1
magazines,1
daughter,1
great,1
present,1
salt,1
appreciate,1
status,1
wonder,1
saw,1
entitled,1
sharp,1
inclusion,1
answered,1
woke,1
achievement,1
carly,1
beneath,1
boards,1
base,1
identify,1
motivated,1
dinners,1
setting,1
non,1
business,1
turns,1
holds,1
los,1
ideas,1
can,1
psychology,1
elizabeth,1
pushes,1
compete,1
entirely,1
glory,1
tribute,1
shocking,1
canceled,1
obstacles,1
frustration,1
dig,1
ignoring,1
bbq,1
super,1
walking,1
wrong,1
hands,1
trip,1
price,1
comfort,1
particular,1
love,1
want,1
sterling,1
banning,1
inner,1
nigeria,1
ny,1
cuisine,1
daughters,1
tea,1
miley,1
drops,1
currently,1
buzz,1
offensive,1
manchester,1
tear,1
firm,1
prize,1
category,1
constant,1
worn,1
backing,1
why,1
posts,1
effect,1
interior,1
regular,1
've,1
create,1
clean,1
getty,1
breathtaking,1
hypocrisy,1
reward,1
pursuit,1
happily,1
discovering,1
introduce,1
turning,1
featured,1
tool,1
michael,1
really,1
anymore,1
moore,1
founder,1
store,1
segment,1
myth,1
photoshop,1
bring,1
martha,1
troubled,1
longest,1
spray,1
addicted,1
cuff,1
attractive,1
jump,1
cause,1
theater,1
fantasy,1
specific,1
take,1
final,1
lots,1
magic,1
happen,1
reasons,1
funniest,1
windows,1
admits,1
wilson,1
required,1
cheese,1
slam,1
ridiculous,1
kingdom,1
directors,1
sat,1
tall,1
blended,1
immune,1
harm,1
equal,1
only,1
quick,1
different,1
ate,1
baked,1
lemon,1
get,1
wanted,1
strange,1
wing,1
chicago,1
ahead,1
somewhere,1
bachelorette,1
stone,1
threw,1
answers,1
ingredients,1
assistant,1
snap,1
entering,1
reynolds,1
crowd,1
getting,1
we,1
remove,1
details,1
murphy,1
infant,1
spirits,1
roof,1
resilience,1
time,1
nothing,1
tweets,1
fat,1
gets,1
formula,1
retailers,1
celebration,1
sam,1
disappointed,1
electronic,1
reflections,1
next,1
its,1
tomorrow,1
talent,1
hand,1
stop,1
cream,1
revenge,1
desperately,1
sport,1
suggestions,1
lucky,1
inspiring,1
less,1
use,1
one,1
diane,1
lawrence,1
relaxing,1
chat,1
festivals,1
completely,1
upon,1
gotten,1
standard,1
fiction,1
invite,1
maker,1
elephants,1
cast,1
carey,1
insider,1
banana,1
construction,1
recently,1
something,1
side,1
wednesday,1
feed,1
option,1
later,1
kellyanne,1
flood,1
share,1
than,1
deserves,1
channel,1
career,1
first,1
keep,1
tyler,1
steal,1
feast,1
chart,1
located,1
tend,1
overwhelmed,1
messages,1
feel,1
another,1
stewart,1
vegetable,1
navigate,1
quietly,1
exit,1
recover,1
wants,1
white,1
prepare,1
releases,1
know,1
front,1
thanks,1
decided,1
root,1
startup,1
forum,1
spot,1
adopted,1
sandra,1
usa,1
conducted,1
exact,1
n't,1
page,1
it,1
festival,1
lot,1
month,1
dead,1
piece,1
still,1
nov,1
filled,1
contain,1
aspect,1
spending,1
wake,1
started,1
feature,1
mothers,1
cocktail,1
using,1
judges,1
entered,1
howard,1
hunting,1
manage,1
carried,1
invisible,1
hong,1
break,1
night,1
bar,1
standards,1
master,1
purpose,1
convention,1
street,1
things,1
year,1
activism,1
indeed,1
neither,1
nobel,1
pause,1
total,1
hatred,1
seasons,1
worrying,1
'm,1
because,1
january,1
blow,1
sports,1
weekend,1
coffee,1
free,1
expanding,1
bible,1
amber,1
aged,1
apologize,1
retreat,1
desire,1
depends,1
us,1
unique,1
for,1
types,1
back,1
might,1
seats,1
chances,1
surge,1
filmmaker,1
off,1
from,1
restaurant,1
tip,1
age,1
much,1
work,1
pace,1
donate,1
trek,1
document,1
ed,1
broad,1
rises,1
barbara,1
words,1
ice,1
foot,1
come,1
bodies,1
answer,1
engaged,1
hollywood,1
error,1
hosted,1
surely,1
outcome,1
invest,1
elements,1
sought,1
obama,1
syndrome,1
friendly,1
rapper,1
montana,1
graduate,1
extended,1
brady,1
seen,1
with,1
task,1
bizarre,1
japan,1
simple,1
women,1
fisher,1
sept,1
nearly,1
empowering,1
figured,1
honey,1
beef,1
brides,1
laid,1
pictures,1
needs,1
grand,1
keeps,1
spirit,1
sanctuary,1
mediterranean,1
eco,1
anxious,1
iron,1
particularly,1
there,1
dad,1
corner,1
are,1
used,1
book,1
truly,1
along,1
marked,1
fund,1
headline,1
shaming,1
native,1
simpson,1
horrific,1
attending,1
creepy,1
poetry,1
did,1
bad,1
pack,1
sky,1
a,1
on,1
ingredient,1
draws,1
tom,1
heartbreaking,1
grateful,1
ipad,1
worked,1
quite,1
released,1
consumer,1
fly,1
round,1
bullying,1
politics,1
will,1
what,1
should,1
revealed,1
hurts,1
finale,1
accidentally,1
forgive,1
uk,1
exhibition,1
wine,1
bought,1
second,1
do,1
note,1
p.m.,1
raw,1
destination,1
money,1
going,1
simply,1
number,1
written,1
has,1
baby,1
engagement,1
adult,1
wings,1
understood,1
wood,1
twin,1
vacations,1
youtube,1
jazz,1
proven,1
deal,1
start,1
the,1
bride,1
giant,1
screen,1
over,1
proud,1
radio,1
dangers,1
electric,1
pat,1
improved,1
riding,1
kong,1
valentine,1
sea,1
wish,1
expected,1
about,1
read,1
add,1
strong,1
aging,1
stereotypes,1
practical,1
pit,1
sadly,1
placed,1
portrait,1
pride,1
per,1
stay,1
announced,1
trust,1
appeals,1
atlantic,1
discusses,1
juice,1
does,1
problems,1
appears,1
questions,1
bringing,1
big,1
point,1
lose,1
forward,1
our,1
box,1
same,1
rules,1
live,1
stands,1
chosen,1
bit,1
budget,1
celebrating,1
rolls,1
concert,1
fried,1
joseph,1
king,1
changing,1
up,1
last,1
understand,1
announce,1
communications,1
genetic,1
nominated,1
rejected,1
brilliant,1
serves,1
useful,1
tested,1
theatre,1
catching,1
beat,1
think,1
seat,1
took,1
jackson,1
promise,1
personal,1
hard,1
guess,1
confusing,1
emerging,1
timberlake,1
grilled,1
flavors,1
travels,1
discussed,1
traditional,1
arts,1
game,1
ones,1
league,1
wins,1
dies,1
joint,1
hack,1
conway,1
drawn,1
peanut,1
exhibit,1
campaigns,1
talk,1
itself,1
almost,1
western,1
some,1
disabilities,1
kicks,1
solidarity,1
laughing,1
desert,1
immediate,1
gifs,1
beats,1
advertising,1
behind,1
actress,1
no,1
onto,1
exciting,1
lessons,1
few,1
standing,1
bomb,1
stepping,1
getaway,1
introduced,1
senior,1
mother,1
version,1
curious,1
begun,1
airplane,1
eats,1
phrase,1
australia,1
even,1
artists,1
familiar,1
doing,1
christian,1
ride,1
weigh,1
unity,1
obsession,1
ruin,1
through,1
high,1
outside,1
players,1
elite,1
jeb,1
lay,1
such,1
believe,1
explain,1
thought,1
adam,1
hope,1
drink,1
occurred,1
delivered,1
moved,1
farmers,1
walks,1
split,1
noted,1
couch,1
joining,1
call,1
sense,1
falling,1
thinking,1
settle,1
disney,1
ballot,1
highlights,1
teen,1
girlfriend,1
breath,1
card,1
further,1
more,1
excellent,1
statements,1
hanging,1
institutions,1
dare,1
4th,1
solid,1
surviving,1
maria,1
thankful,1
common,1
covered,1
prayer,1
snl,1
tight,1
relief,1
sunday,1
follow,1
into,1
conversation,1
that,1
am,1
teeth,1
weapon,1
destroy,1
contribute,1
matter,1
threats,1
includes,1
areas,1
struggle,1
debut,1
arianna,1
part,1
while,1
form,1
else,1
ignored,1
treatments,1
grandmother,1
washington,1
social,1
individual,1
usually,1
weird,1
grandma,1
explore,1
mistake,1
beach,1
posted,1
responsible,1
head,1
brains,1
mean,1
lawsuit,1
tell,1
becoming,1
thoughts,1
own,1
investigating,1
shut,1
andy,1
hitting,1
equally,1
remarkable,1
john,1
st,1
launch,1
berlin,1
differences,1
spectacular,1
flash,1
improving,1
visits,1
partner,1
apparently,1
find,1
mind,1
to,1
activist,1
awkward,1
changes,1
december,1
reactions,1
kennedy,1
don,1
issued,1
fate,1
reality,1
send,1
problem,1
hilarious,1
touch,1
drew,1
snacks,1
smaller,1
pasta,1
designed,1
very,1
divided,1
memo,1
miracle,1
viewers,1
entrepreneurs,1
relatively,1
n‚Äôt,1
movie,1
tweet,1
sweet,1
event,1
section,1
rips,1
smith,1
honors,1
countless,1
fallen,1
but,1
zoo,1
approach,1
days,1
kicked,1
writers,1
lived,1
walls,1
risks,1
during,1
in,1
massive,1
football,1
pinterest,1
though,1
elephant,1
ceremony,1
parody,1
doors,1
prefer,1
around,1
if,1
marco,1
friendship,1
photography,1
coming,1
whether,1
taking,1
test,1
brooklyn,1
suspended,1
reputation,1
madness,1
slightly,1
professionals,1
chef,1
be,1
response,1
older,1
experts,1
tennessee,1
bone,1
visitors,1
receiving,1
student,1
intended,1
blasts,1
cameron,1
trail,1
experiment,1
bed,1
leading,1
georgia,1
value,1
captured,1
media,1
become,1
an,1
when,1
streets,1
hold,1
wounded,1
mountains,1
discovery,1
popular,1
becomes,1
father,1
upcoming,1
rural,1
rap,1
adds,1
zen,1
sound,1
least,1
once,1
emotions,1
special,1
normal,1
related,1
moment,1
alabama,1
apologizes,1
sexist,1
stood,1
have,1
them,1
mysterious,1
remember,1
happy,1
feeling,1
site,1
post,1
rule,1
passed,1
oprah,1
pick,1
issue,1
susan,1
poses,1
market,1
between,1
videos,1
reach,1
place,1
mom,1
able,1
birthday,1
utah,1
knot,1
website,1
care,1
happened,1
rising,1
turn,1
where,1
tells,1
saying,1
slowly,1
irish,1
confident,1
heading,1
brief,1
road,1
found,1
whatever,1
learn,1
life,1
presidents,1
praise,1
hungry,1
loving,1
victims,1
sand,1
ability,1
oil,1
until,1
of,1
deeply,1
rain,1
any,1
below,1
teaching,1
enough,1
protest,1
honored,1
mixed,1
distance,1
collective,1
marriages,1
empire,1
exposed,1
been,1
day,1
hear,1
mark,1
watch,1
coverage,1
pizza,1
threatening,1
maintaining,1
necessarily,1
picked,1
advance,1
parade,1
dates,1
pleasure,1
memory,1
hit,1
tech,1
pose,1
draw,1
anne,1
van,1
ray,1
finish,1
years,1
pre,1
returned,1
samantha,1
paid,1
nonprofit,1
various,1
harris,1
path,1
plays,1
force,1
man,1
remembering,1
puppy,1
taste,1
roles,1
initiative,1
crew,1
couple,1
winner,1
land,1
help,1
parts,1
fans,1
decade,1
sexually,1
republic,1
chose,1
bucket,1
strength,1
stopped,1
r,1
katie,1
maybe,1
available,1
ran,1
hole,1
abc,1
waiting,1
celebrate,1
win,1
power,1
sarah,1
india,1
kind,1
warning,1
heart,1
centers,1
documentary,1
significant,1
especially,1
thinks,1
dance,1
regret,1
capital,1
situations,1
keeping,1
grab,1
my,1
alleged,1
i,1
preparing,1
band,1
whenever,1
authentic,1
inside,1
possible,1
evening,1
caught,1
people,1
mars,1
studio,1
banks,1
saving,1
world,1
anniversary,1
technology,1
effort,1
chance,1
universal,1
expecting,1
exploring,1
ban,1
were,1
away,1
duty,1
diverse,1
bombing,1
sends,1
bridge,1
meant,1
communication,1
russell,1
those,1
not,1
left,1
beyond,1
olympic,1
their,1
unlike,1
spain,1
discovered,1
endless,1
romance,1
infographic,1
typical,1
harvey,1
honest,1
before,1
barack,1
terrible,1
patient,1
worse,1
past,1
determine,1
prime,1
oklahoma,1
okay,1
decor,1
flip,1
friends,1
open,1
terrifying,1
lately,1
stressed,1
banned,1
deeper,1
also,1
by,1
creator,1
lines,1
struck,1
address,1
april,1
earth,1
‚Äôs,1
fast,1
tony,1
luck,1
apology,1
overcome,1
wonderful,1
ages,1
american,1
wife,1
means,1
winning,1
rich,1
lying,1
headlines,1
sure,1
greatest,1
check,1
doubt,1
small,1
spend,1
limits,1
immigrants,1
dnc,1
could,1
racism,1
charity,1
rob,1
mcdonald,1
aims,1
leader,1
asked,1
wedding,1
re,1
company,1
leave,1
stupid,1
fact,1
extreme,1
passing,1
mini,1
quotes,1
habit,1
blame,1
app,1
greater,1
games,1
each,1
funds,1
museum,1
awareness,1
vows,1
original,1
teenage,1
affected,1
-,1
half,1
photo,1
far,1
twitter,1
cure,1
talking,1
wrote,1
worldwide,1
map,1
as,1
calling,1
being,1
sitting,1
case,1
running,1
sounds,1
ceo,1
corporate,1
crucial,1
building,1
me,1
larger,1
low,1
story,1
plenty,1
passengers,1
acceptance,1
kitchen,1
describe,1
tiny,1
guy,1
compared,1
team,1
true,1
east,1
member,1
un,1
toddler,1
would,1
sometimes,1
paying,1
engage,1
joins,1
closed,1
figures,1
both,1
important,1
air,1
deliver,1
paint,1
chain,1
respect,1
based,1
called,1
boston,1
edge,1
scandal,1
following,1
marry,1
variety,1
korean,1
role,1
decades,1
pets,1
directly,1
faster,1
ticket,1
raise,1
jury,1
wealth,1
throughout,1
activists,1
toy,1
advantage,1
discussion,1
edition,1
winners,1
recent,1
dads,1
say,1
demands,1
idea,1
name,1
grew,1
including,1
driving,1
runs,1
reminds,1
animal,1
toward,1
human,1
meaningful,1
trips,1
shown,1
person,1
ship,1
rio,1
described,1
his,1
paper,1
meeting,1
protecting,1
cuba,1
findings,1
creativity,1
bread,1
misconduct,1
controversial,1
comments,1
obvious,1
seem,1
may,1
originally,1
kansas,1
character,1
suffer,1
hour,1
office,1
service,1
robert,1
era,1
well,1
require,1
fill,1
wave,1
known,1
empty,1
growth,1
islands,1
laugh,1
mood,1
survival,1
they,1
according,1
brave,1
performance,1
anywhere,1
lower,1
ryan,1
dealing,1
lake,1
run,1
then,1
was,1
understanding,1
heard,1
kimmel,1
egg,1
increase,1
incredibly,1
impact,1
affects,1
resistance,1
official,1
burger,1
tv,1
longer,1
france,1
orleans,1
hate,1
growing,1
drunk,1
pressure,1
pulled,1
since,1
committed,1
acting,1
became,1
rico,1
produce,1
window,1
school,1
explains,1
childhood,1
project,1
facing,1
steve,1
survey,1
meets,1
stronger,1
animals,1
jimmy,1
perhaps,1
dog,1
award,1
international,1
creates,1
concept,1
markets,1
male,1
efforts,1
costs,1
film,1
fame,1
sees,1
investment,1
annual,1
lives,1
boy,1
cutting,1
largest,1
walker,1
kevin,1
notes,1
involved,1
changed,1
suddenly,1
employee,1
others,1
sick,1
however,1
moon,1
protection,1
kentucky,1
racist,1
express,1
brothers,1
anna,1
competition,1
trying,1
nasa,1
homemade,1
salad,1
station,1
jobs,1
homes,1
airport,1
welcome,1
courage,1
considering,1
machine,1
beginning,1
many,1
who,1
interview,1
offered,1
mystery,1
writing,1
moms,1
working,1
smart,0
garden,0
resort,0
everybody,0
sex,0
pro,0
society,0
late,0
talked,0
lack,0
yesterday,0
jay,0
previous,0
hillary,0
muslim,0
key,0
matt,0
reading,0
traveling,0
roy,0
serving,0
seth,0
meals,0
future,0
pass,0
arizona,0
starting,0
tied,0
ask,0
replace,0
waste,0
african,0
fight,0
safe,0
developing,0
thanksgiving,0
youth,0
fellow,0
wide,0
consequences,0
floor,0
relationship,0
taken,0
bacon,0
james,0
watched,0
female,0
director,0
wrap,0
allow,0
theory,0
prepared,0
fails,0
valley,0
listening,0
adults,0
hundreds,0
jason,0
losing,0
quit,0
peter,0
end,0
published,0
had,0
creating,0
rescue,0
globe,0
themselves,0
listen,0
change,0
other,0
books,0
experience,0
friend,0
conditions,0
jordan,0
immigrant,0
grow,0
audience,0
records,0
successful,0
votes,0
job,0
fair,0
smoking,0
army,0
experienced,0
noah,0
spread,0
current,0
alcohol,0
bear,0
promises,0
bottom,0
horror,0
question,0
several,0
doctors,0
together,0
set,0
certainly,0
stories,0
home,0
bird,0
increased,0
solutions,0
record,0
dogs,0
supporting,0
puerto,0
killer,0
places,0
comment,0
easily,0
eat,0
north,0
added,0
knowledge,0
joe,0
city,0
camera,0
escape,0
history,0
causes,0
criticism,0
emails,0
nobody,0
created,0
mix,0
scenes,0
mountain,0
ensure,0
talks,0
family,0
tale,0
told,0
opinion,0
agenda,0
wars,0
large,0
someone,0
seems,0
exist,0
scientists,0
flag,0
babies,0
apart,0
quiet,0
weeks,0
activities,0
tim,0
district,0
instead,0
events,0
dr,0
active,0
today,0
percent,0
terror,0
brought,0
act,0
orlando,0
challenging,0
romantic,0
former,0
achieve,0
clear,0
senators,0
tears,0
signs,0
whose,0
bathroom,0
bill,0
mine,0
continues,0
church,0
joke,0
him,0
iphone,0
block,0
sleeping,0
proposed,0
controversy,0
begins,0
judge,0
caused,0
unless,0
mostly,0
photos,0
mad,0
tonight,0
after,0
having,0
progressive,0
drama,0
flying,0
email,0
morning,0
close,0
trouble,0
scott,0
guest,0
core,0
february,0
charge,0
yoga,0
adventure,0
southern,0
hotel,0
main,0
opportunities,0
light,0
reports,0
joy,0
issues,0
daily,0
says,0
biden,0
vice,0
playing,0
view,0
political,0
above,0
memories,0
phone,0
aids,0
speak,0
nfl,0
constantly,0
return,0
suffering,0
willing,0
‚Äôm,0
users,0
attention,0
included,0
sean,0
nba,0
october,0
faced,0
young,0
appear,0
results,0
flight,0
abuse,0
presidency,0
nature,0
weddings,0
carry,0
college,0
raised,0
opened,0
went,0
cultural,0
terms,0
asian,0
house,0
demand,0
realized,0
died,0
space,0
politicians,0
humans,0
appeared,0
deep,0
necessary,0
‚Äú,0
movement,0
considered,0
gave,0
disaster,0
child,0
films,0
boost,0
lunch,0
guests,0
sexual,0
destinations,0
fully,0
born,0
bigger,0
marketing,0
university,0
example,0
often,0
tuesday,0
ending,0
essential,0
co,0
importance,0
healthier,0
francis,0
room,0
information,0
starts,0
crash,0
difficult,0
sign,0
views,0
athletes,0
benefits,0
levels,0
discrimination,0
intelligence,0
fallon,0
group,0
battle,0
speaking,0
living,0
returns,0
protect,0
glass,0
park,0
vegas,0
bowl,0
felt,0
complete,0
saturday,0
afraid,0
huffington,0
healthy,0
clinton,0
husband,0
sandy,0
forced,0
reveal,0
vs.,0
negative,0
continue,0
david,0
surprise,0
veterans,0
country,0
planning,0
european,0
members,0
coach,0
national,0
via,0
plans,0
soon,0
domestic,0
connection,0
fox,0
remains,0
chief,0
focus,0
early,0
failed,0
emotional,0
club,0
hall,0
lies,0
brother,0
kids,0
peace,0
rest,0
public,0
trump,0
benefit,0
parenthood,0
across,0
border,0
given,0
agency,0
miles,0
alone,0
department,0
singer,0
progress,0
organization,0
workers,0
which,0
result,0
minister,0
center,0
effective,0
responsibility,0
vacation,0
rubio,0
eating,0
johnson,0
writer,0
effects,0
local,0
sad,0
broken,0
pay,0
plane,0
chinese,0
numbers,0
foods,0
victory,0
november,0
class,0
wisdom,0
coast,0
telling,0
sit,0
alive,0
report,0
leaves,0
video,0
comedy,0
play,0
shared,0
meaning,0
africa,0
cup,0
challenge,0
single,0
support,0
reportedly,0
balance,0
months,0
storm,0
uses,0
harassment,0
voting,0
homeless,0
fear,0
breakfast,0
huffpost,0
ourselves,0
door,0
married,0
worry,0
situation,0
president,0
drive,0
america,0
rather,0
claims,0
conservative,0
named,0
join,0
experiences,0
rape,0
write,0
mental,0
science,0
rise,0
fail,0
ground,0
delicious,0
leadership,0
march,0
iraq,0
prevent,0
energy,0
ago,0
kid,0
chicken,0
weight,0
hours,0
earlier,0
letter,0
food,0
defense,0
olympics,0
june,0
opens,0
community,0
cases,0
stand,0
claim,0
sleep,0
state,0
leaders,0
car,0
anxiety,0
mass,0
court,0
beer,0
supreme,0
decision,0
he,0
action,0
provide,0
truth,0
cancer,0
led,0
threat,0
habits,0
trailer,0
push,0
review,0
marriage,0
depression,0
laws,0
behavior,0
training,0
british,0
anti,0
teacher,0
offers,0
begin,0
dear,0
justice,0
global,0
order,0
breaking,0
religious,0
executive,0
candidates,0
cake,0
kill,0
picture,0
hotels,0
die,0
attorney,0
among,0
planned,0
thursday,0
carolina,0
donald,0
news,0
held,0
chocolate,0
debate,0
century,0
pope,0
came,0
bush,0
killing,0
helped,0
private,0
south,0
evidence,0
release,0
likely,0
arrested,0
recipes,0
creative,0
said,0
potential,0
relationships,0
stage,0
himself,0
expect,0
violence,0
series,0
fan,0
