tearless,120
fryers,120
üçü,120
praline,120
ddark,120
eggnogs,120
eatings,120
serrate,120
tayybeh,120
eagranie,120
yuh,120
‚Äãwe,120
modena,120
zingy,120
mcvegan,120
brewtiful,120
gummies,120
aubergines,120
palooza,120
trix,120
giller,120
kola,120
pitmaster,120
smokehouse,120
poptails,120
bluefish,120
saor,120
sousing,120
ree,120
senderens,120
nutritiously,120
khaku,120
mugaritz,120
sicknesses,120
agnolotti,120
blanched,120
smoque,120
tonk,120
snortable,120
bowlful,120
foodmonth,120
mellows,120
bouhadana,120
lowcountry,120
spritzer,120
misbranded,120
mid-2020,120
panopoulos,120
boudin,120
stratas,120
tepuy,120
custardy,120
rigatoni,120
monkfish,120
xiaolongbao,120
satiated,120
frapp,120
reducetarian,120
oxidization,120
baccal√†,120
mantecato,120
üê≤,120
planked,120
caprisun,120
crotilla,120
zero,120
brinner,120
teigens,120
sturdiest,120
coolatta,120
tamarkin,120
meatsiah,120
roastery,120
mezeskalacs,120
gyoza,120
depalma,120
bacardi,120
cookwithanisa,120
recipeoftheday,120
kitkats,120
slurpees,120
ardbeg,120
dippin,120
lactaid,120
spoonsful,120
slimmingworld,120
syn,120
hulseman,120
samosa,120
biryani,120
vogue-,120
figuratively-,120
sharebite,120
salvatoriello,120
t√§o,120
kuei,120
dolloped,120
delligatti,120
fondoodler,120
tingvollost,120
kraftkar,120
vitamix,120
chaey,120
sistible,120
beiler,120
caffeinate,120
hamdog,120
hotdogs,120
mouthgasm,120
arroz,120
pastabilities,120
chikin,120
teeling,120
scoopable,120
dairynomics,120
stupefy,120
biscoito,120
codfish,120
overeaten,120
roseallday,120
brigadeiros,120
we;ll,120
pasteurization,120
beedapest,120
nutri,120
crisper,120
froz√©,120
devereaux,120
s‚Äômores,120
yuzu,120
ohnochipotle,120
hoedown,120
calorically,120
craveworthy,120
yos,120
hardboiled,120
ecto,120
valtellina,120
nebbiolo,120
cpk,120
soakers,120
pickleback,120
üç∏,120
musketeers,120
lagasse,120
nitro,120
casabourblanca,120
goombas,120
pantelligent,120
lewder,120
supermeal,120
ambronite,120
thankenfoods,120
rodenstock,120
karniawan,120
ghostest,120
mostest,120
chambong,120
classier,120
corns,120
jordana,120
malty,120
crocktail,120
prudhomme,120
grrreat,120
purrrrfect,120
sizzlin,120
bogo,120
breakfastarian,120
ragout,120
mcwhopper,120
deks,120
pouched,120
figueiredo,120
punnily,120
spherificator,120
spherificate,120
valeriano,120
fatica,120
wonkas,120
madisonville,120
doordash,120
farmsteaders,120
funfetti,120
neatball,120
acurio,120
scald,120
identifiably,120
flighter,120
soir√©es,120
viviott,120
roastings,120
limeade,120
oooooh,120
fancies,120
feijoada,120
sauteeing,120
taquerias,120
amenable,120
rifled,120
cakey,120
viding,120
puffiest,120
grizzled,120
grillhands,120
thrall,120
junzi,120
dishoom,120
satterfield,120
spiralizer,120
udders,120
forgione,120
aahs,120
tsoureki,120
falkner,120
bombe,120
shakshuka,120
skillingsbolle,120
bakerbrun,120
pealed,120
stashes,120
legume,120
bloomin,120
parakeet,120
gogobotters,120
babas,120
rhum,120
tinctures,120
cosme,120
sopping,120
15-second,120
shotgunning,120
sunchoke,120
thawed,120
yolked,120
romanesco,120
chockfull,120
gourmand,120
turkducken,120
slizzard,120
puttanesca,120
paiella,120
yeh,120
schiaffino,120
camu,120
frangipane,120
crackly,120
inventorying,120
starchefs,120
grapefruits,120
squidge,120
crispiness,120
segur,120
ph√©lan,120
s√©gur,120
zesting,120
bottarga,120
koo,120
drams,120
1400s,120
honeyed,120
chateaux,120
heathman,120
confiting,120
tenderizing,120
picardy,120
madeleines,120
mooncakes,120
hemant,120
mathur,120
freshened,120
savoriness,120
briskness,120
julienne,120
needily,120
yaas,120
fineo,120
popeil,120
pulenta,120
wildman,120
tailgaters,120
velout√©,120
habanero,120
cheezburger,120
principe,120
oafs,120
chiffonade,120
merroir,120
kumamotos,120
malpeques,120
ptl,120
tenderloins,120
korma,120
drinkables,120
this'd,120
katsuya,120
uechi,120
succulence,120
smortato,120
corniest,120
procuring,120
michalak,120
ath√©n√©e,120
emmaus,120
pigtail,120
cassis,120
microwaveable,120
garita,120
speedboating,120
springdale,120
solvang,120
mosel,120
nawida,120
saidhosin,120
boulange,120
watermelonade,120
asador,120
savedthecheese,120
sauvigon,120
buscema,120
avignonesi,120
rheingau,120
sp√§tburgunder,120
weingut,120
konig,120
eonian,120
kochilas,120
pimm,120
quickbread,120
alpo,120
buvette,120
biltong,120
braii,120
galbi,120
vinaigrettes,120
saucey,120
margarita'd,120
julep'd,120
cornmeals,120
crescia,120
sympathetically,120
chocoholics,120
psl,120
rinds,120
stupak,120
empellon,120
babka,120
achatz,120
saltine,120
minestrone,120
roadhouse,120
slurpee,96
chicory,96
üç™,90
suppers,90
parma,90
froot,90
frappuccinos,90
pavlova,90
manischewitz,90
alla,90
patties,90
cannelloni,80
snickerdoodles,80
halal,80
shuck,80
pitmasters,80
kebabs,80
quiches,80
grating,80
poach,80
wheaties,80
mimosas,80
bisque,80
squirt,80
voltaggio,80
toddy,80
fluffiest,80
ooey,80
savoy,80
tzatziki,80
brining,80
ros√©,79
garten,75
hangry,75
blondies,75
frappuccino,73
pur√©ed,72
muss,72
krispie,72
porridge,72
pho,72
sangria,69
satisfies,69
shortbread,67
fruitcake,67
grits,65
reheat,60
eggless,60
nog,60
structurally,60
üç∞,60
heathens,60
rag√π,60
crabmeat,60
soba,60
perfumed,60
10-pound,60
pigskin,60
zohra,60
üôà,60
narragansett,60
fanbase,60
currah,60
ihop,60
honky,60
eucharist,60
ml,60
zagat,60
frittatas,60
crustless,60
footnotes,60
cayenne,60
yoghurt,60
fung,60
rawr,60
yuppies,60
marshmallowy,60
documentarians,60
biophysicist,60
epicurious,60
ahh,60
lidia,60
bastianich,60
grosser,60
wegmans,60
italiano,60
12-ounce,60
guzzle,60
ineluctably,60
fireballs,60
deseed,60
porchon,60
tso,60
tenders,60
pollo,60
scrumdiddlyumptious,60
spiralized,60
oj,60
trademarked,60
coffeeshop,60
globo,60
fritters,60
butterbeer,60
overripe,60
shawarma,60
icebox,60
zoodles,60
slushies,60
bubby,60
emeril,60
botch,60
30up,60
frozen'-themed,60
clementines,60
bummers,60
clucking,60
üòä,60
macha,60
sippers,60
popularize,60
carnitas,60
foamy,60
hideously,60
effervescence,60
overcharging,60
waft,60
pellegrino,60
bottura,60
trifle,60
ridic,60
cava,60
jalapeno,60
alternately,60
souping,60
voce,60
restaurateurs,60
specificity,60
doughy,60
throwaways,60
yeasty,60
dressings,60
gastro,60
innkeepers,60
m&m,60
hesitations,60
pepitas,60
trattorias,60
robustly,60
zakarian,60
fugly,60
grandly,60
nara,60
thickeners,60
brodie,60
detestable,60
currants,60
flightless,60
closings,60
glenfiddich,60
decomposed,60
kirsch,60
foodstuffs,60
teriyaki,60
overwrought,60
phelan,60
comas,60
bitching,60
speciality,60
microplane,60
sirloin,60
digestifs,60
digestif,60
burnished,60
kneading,60
blacksmith,60
kitchy,60
tatooine,60
rump,60
d'amato,60
tenderize,60
chaotically,60
c√¥tes,60
barbecuing,60
bialy,60
boomlet,60
medrich,60
maki,60
bivalve,60
whoopie,60
twix,60
cajoling,60
eton,60
s'mores,60
cognacs,60
crawly,60
froyo,60
delicatessen,60
dal,60
molyvos,60
lesvos,60
sabra,60
gratuity,60
joo,60
spreadable,60
toothpicks,60
plating,60
coolers,60
trieste,60
scallop,60
fruity,57
pecans,55
devour,55
fillets,53
ravioli,53
casseroles,53
churros,53
biscotti,51
leeks,51
colicchio,51
milkshakes,51
risotto,51
tilapia,51
brunches,51
cookouts,51
breadcrumbs,51
sardines,51
fieri,48
fudgy,48
occidental,48
popeyes,48
szechuan,48
joes,48
loops,48
wares,48
simmered,48
croutons,48
potluck,48
fang,48
slaving,48
aioli,48
toddies,48
jambalaya,48
cacao,48
fudge,47
pecan,46
skillet,46
kimchi,46
nigella,45
cubes,45
appetit,45
nutmeg,45
pickling,45
saut√©,45
mascarpone,45
crepes,45
cuff,45
whisky,44
lattes,44
lentil,44
mixologist,44
dumplings,43
scones,42
soups,42
daiquiris,40
flavortown,40
whole30,40
complements,40
misshapen,40
mmmmm,40
stovetop,40
kitchenaid,40
cappuccinos,40
cheeseburger,40
recoil,40
grated,40
undertook,40
campari,40
pancetta,40
gnocchi,40
mule,40
ripeness,40
eggplants,40
krispies,40
mispronounced,40
sus,40
cob,40
dickie,40
urchin,40
appetizing,40
redeems,40
burrata,40
outspeak,40
falafel,40
lorelai,40
pineapples,40
weeknights,40
antipasto,40
juicero,40
gouda,40
gp,40
extremities,40
drunkest,40
rajma,40
fudging,40
fagioli,40
monstrosity,40
peasy,40
oats,40
ghoulishly,40
fritter,40
crustacean,40
omnivore,40
retailing,40
bougie,40
crema,40
muggle,40
pok√©,40
biodynamic,40
fajitas,40
bustin,40
umami,40
barbaresco,40
pur√©e,40
ahhh,40
spud,40
houseguests,40
chestnuts,40
dew,40
drinkable,40
clones,40
frankenfoods,40
provocations,40
pastrami,40
wino,40
fermentation,40
orgasmic,40
komodo,40
undercooked,40
forked,40
diamondbacks,40
churro,40
massimo,40
springlike,40
swordfish,40
choc,40
ruminations,40
mixers,40
bumming,40
monolith,40
gf,40
twerks,40
baaaaaaack,40
glossary,40
anise,40
uppers,40
swoons,40
limes,40
crunchier,40
crockpot,40
gabriella,40
mariani,40
chantilly,40
laze,40
stews,40
ch√¢teau,40
browned,40
aprons,40
caramels,40
gravelly,40
souffl√©s,40
villainy,40
cantonese,40
grinds,40
cabernet,40
chalky,40
fluffernutter,40
luigi,40
meltingly,40
overcompensating,40
sinkers,40
miso,40
cookery,40
chasers,40
knowlton,40
opentable,40
richman,40
carbohydrate,40
merges,40
drizzled,40
distiller,40
romanced,40
riesling,40
temperamental,40
pleasers,40
meccas,40
knacks,40
caro,40
handpicked,40
tempura,40
lox,40
tequilas,40
antipasti,40
margaritaville,40
lo,40
ceviche,40
weeknight,39
ricotta,39
perfected,39
steakhouse,37
bordeaux,37
quinoa,37
avocados,37
bourdain,36
brisket,36
charred,36
hurrah,36
krispy,36
kreme,36
bon,36
bagel,36
jello,36
chocolatey,36
scallops,36
boozy,36
batali,35
breads,35
popsicles,35
salads,35
sweets,35
citrus,35
veggie,35
latkes,34
seasoning,34
slaw,34
sliders,34
doughnut,34
bento,34
caprese,34
raspberries,34
slimming,34
enchiladas,34
sips,34
wilted,34
parfaits,34
entree,34
tastiest,34
pb&j,34
buns,34
slicing,34
cinnabon,34
zimmern,34
kitschy,34
oreo,33
paleo,33
trader,33
bagels,33
quiche,33
meringue,33
glazed,33
desserts,32
casserole,32
chopsticks,32
starbucks,32
tacos,32
bbq,32
cinnamon,32
crust,31
brunch,31
tarts,31
shrimp,31
pleasing,31
oven,31
brownie,30
dough,30
insensitivity,30
squares,30
penne,30
clusters,30
pillowy,30
processors,30
blenders,30
ina,30
lovin',30
streusel,30
saut√©ed,30
kickstart,30
welder,30
cornbread,30
sapporo,30
ipas,30
jarred,30
skinless,30
smoothies,30
halve,30
47th,30
mcnuggets,30
sharpie,30
brownies,30
microwaving,30
domed,30
sauerkraut,30
94-year,30
octopuses,30
starburst,30
puri,30
parm,30
mislabeled,30
astley,30
98-year,30
grate,30
toblerone,30
keurig,30
butterball,30
spooktacular,30
sludge,30
instagrammers,30
saveur,30
üçù,30
regrow,30
harmoniously,30
aspartame,30
hickory,30
jeni,30
mcnugget,30
pizzazz,30
punny,30
comin,30
barolo,30
tumblers,30
substitutions,30
voila,30
‚ô¨,30
godiva,30
kaleidoscopic,30
marbled,30
reprinted,30
cajun,30
stealthily,30
overcharged,30
roca,30
renames,30
sicilian,30
groan,30
kebab,30
quesadilla,30
baileys,30
pistachios,30
jiffy,30
bodega,30
whisk,30
gorgeously,30
gluttonous,30
baba,30
infusions,30
reg,30
gingery,30
blindfold,30
rotisserie,30
escargot,30
hooters,30
craggy,30
pomegranates,30
customization,30
handsomely,30
verde,30
malts,30
voil√†,30
starch,30
steakhouses,30
greenspan,30
yes,30
misusing,30
lu,30
platters,30
briny,30
snappy,30
bloomfield,30
rh√¥ne,30
uni,30
pimento,30
dollop,30
wastes,30
sundaes,30
marvelously,30
ferment,30
microwavable,30
droppingly,30
rums,30
mains,30
shortcake,30
chimichurri,30
bodegas,30
delis,30
testers,30
prawns,30
marshmallows,30
cooker,30
cracker,30
toffee,30
mochi,30
parlors,30
grapes,29
doughnuts,29
mango,29
maple,29
flavored,29
hog,29
donuts,28
boxed,28
bun,28
foolproof,28
tortilla,28
toast,28
delicious,28
dinners,28
pudding,28
pineapple,28
annoy,28
sprinkles,28
malt,28
crusted,28
ballpark,28
muffins,28
crock,27
donut,27
mashed,27
deliciously,27
hut,27
cauliflower,27
foie,27
frying,27
prosciutto,27
prosecco,27
cadbury,27
piping,27
cappuccino,27
applesauce,27
eyeball,27
gratin,27
rothman,27
benton,27
pita,27
carnivores,27
hogs,27
roasted,27
cereal,26
buttery,26
macarons,26
raisins,26
gazpacho,26
lasagna,26
margaritas,26
pretzels,26
meaty,26
soggy,26
meatloaf,26
spoonful,26
baked,25
appetizers,25
buttermilk,25
sliced,25
cherries,25
watermelon,25
steak,25
kfc,25
margarita,25
creamy,25
barbecue,24
pumpkin,24
wands,24
üêî,24
scarily,24
operas,24
butchers,24
yous,24
lambastes,24
noodles,24
buckwheat,24
saturation,24
corkscrew,24
carrot,24
raisin,24
marshmallow,24
baguette,24
shelled,24
romaine,24
fava,24
fuss,24
pappy,24
superstore,24
salivating,24
adriatic,24
rye,24
residue,24
grocer,24
timeframe,24
alyse,24
cavemen,24
chang,24
fra√Æche,24
cashew,24
hummus,24
testicles,24
humanely,24
tamales,24
cock,24
quench,24
blanche,24
bibimbap,24
granita,24
blender,24
fiends,24
shallots,24
widget,24
appetizer,24
pepsico,24
muffuletta,24
mmmm,24
gimme,24
buzzkill,24
sputter,24
delicacies,24
inauthentic,24
yoon,24
bakes,24
inductees,24
lollipop,24
allergen,24
corned,24
jiggle,24
pistachio,24
creole,24
lickin,24
brioche,24
deliciousness,24
relaunches,24
gettin,24
liter,24
cashews,24
hovered,24
mathematically,24
pollan,24
devotes,24
crisps,24
ahoy,24
floaters,24
brentwood,24
cognac,24
vodkas,24
immaculate,24
refreshes,24
christophe,24
charlatan,24
guzzling,24
glistening,24
nutritionally,24
infuriated,24
bestowing,24
oregano,24
adores,24
peanut,24
spices,24
onions,23
recipes,23
cookie,23
parmesan,23
tiki,23
sushi,23
chia,23
bourbon,23
cookies,23
raspberry,23
peas,23
grapefruit,23
spoon,23
tasty,23
avocado,23
fennel,23
combo,23
scrambled,23
substitutes,23
oranges,23
croissant,23
cheetos,23
leisurely,23
tangy,23
lettuce,23
crisp,22
meatballs,22
baking,22
pasta,22
beetlejuice,22
strawberries,22
shortcut,22
sauces,22
tailgate,22
payard,22
pairings,22
arby,22
concoctions,22
wayside,22
cuisines,22
exporting,22
butter,22
cone,22
cream,22
satisfying,21
decadent,21
smoothie,21
shells,21
poutine,21
berries,21
biscuit,21
confit,21
mozzarella,21
strawberry,21
potatoes,21
basil,21
cookout,21
gooey,21
matzo,21
latte,21
flavor,21
garlic,21
vanilla,21
tomatoes,21
dishes,21
sip,21
sandwiches,21
tart,20
fry,20
cooking,20
grilled,20
frosted,20
apron,20
powdered,20
dunkin,20
stout,20
gingerbread,20
celeriac,20
spatula,20
oatmeal,20
romagna,20
hibernate,20
crunchy,20
vinaigrette,20
milkshake,20
prodigious,20
carton,20
grill,20
gumbo,20
merlot,20
stalin,20
ubiquity,20
minty,20
moldy,20
pleaser,20
grilling,20
pringles,20
carbonara,20
whipped,20
skylight,20
archibald,20
bulgarian,20
din,20
tolerating,20
zodiac,20
puree,20
ingest,20
hearty,20
baddest,20
snug,20
canes,20
curd,20
matrimony,20
sayonara,20
frittata,20
peachy,20
trickier,20
ombr√©,20
carnivore,20
piedmont,20
swirl,20
lentils,20
skyrocketing,20
guacamole,20
jeggings,20
snickers,20
üí•,20
ordinarily,20
calhoun,20
gaston,20
unbeatable,20
customizable,20
marmalade,20
mezcal,20
spheres,20
reassert,20
nauseous,20
buttered,20
heaps,20
nifty,20
dusted,20
o'clock,20
wurst,20
chickpea,20
freshness,20
luring,20
keller,20
dorie,20
hives,20
tartare,20
paella,20
cleaver,20
churn,20
crannies,20
bubblegum,20
imparts,20
edibles,20
anchovies,20
hull,20
shucking,20
distill,20
matthias,20
fortified,20
dulce,20
juleps,20
bourbons,20
cacio,20
repertoire,20
thinly,20
meatball,20
ramsay,20
superfood,20
artichoke,20
poached,20
bread,20
broccoli,20
cheesecake,19
infused,19
beers,19
broth,19
thai,19
kale,19
taco,19
cheddar,19
dessert,19
cooked,19
biscuits,19
bake,19
corn,19
roast,19
speedy,19
bacon,19
salad,19
salsa,19
stale,19
cinco,19
sonoma,18
hashanah,18
cookbooks,18
juicy,18
fussy,18
chardonnay,18
pesto,18
farro,18
pickles,18
balsamic,18
nodding,18
¬©,18
asheville,18
esteemed,18
sicily,18
hemp,18
rib,18
dish,18
scented,18
tequila,18
scotch,18
pie,18
burgers,18
flavors,18
texture,18
blueberries,18
batch,18
smoky,18
pantry,18
sausage,18
pizza,18
pastry,17
vodka,17
ginger,17
squash,17
mocktails,17
cookware,17
reviewers,17
refill,17
instinctively,17
socal,17
veg,17
baaaaack,17
waiters,17
imbiber,17
flank,17
whopper,17
hops,17
boneless,17
queso,17
rubbish,17
savagery,17
munchies,17
rearrange,17
vegetarian,17
rum,17
coldest,17
bolognese,17
riddance,17
candied,17
entrees,17
capitalizing,17
hunker,17
freshen,17
oysters,17
pickled,17
dainty,17
cockroach,17
anyways,17
enforcers,17
stoppers,17
cinch,17
rolodex,17
bakeries,17
mathematicians,17
reckoned,17
mast,17
freebies,17
cobbler,17
hyperrealistic,17
extracts,17
picnics,17
crimped,17
sunniest,17
cucumber,17
mingling,17
potions,17
fizzy,17
avian,17
jalape√±o,17
refinement,17
chunks,17
macaroons,17
chickpeas,17
tapas,17
crank,17
indistinguishable,17
loyalists,17
blurring,17
whiskeys,17
amazonian,17
chimed,17
overindulgence,17
catapult,17
feasting,17
overloaded,17
kenobi,17
cutesy,17
obsessively,17
msg,17
finesse,17
hedonistic,17
garnish,17
glide,17
char,17
catharsis,17
accompaniment,17
upended,17
boozing,17
reveling,17
fresher,17
pedigree,17
refreshment,17
smorgasbord,17
campfire,17
fountains,17
greenery,17
malbec,17
baristas,17
noodle,17
spice,17
macaroni,17
blueberry,17
lawson,17
mushrooms,17
tastic,17
peeps,17
toasted,17
coconut,17
breakfast,17
wines,17
meal,17
chicken,17
beans,17
chef,17
topping,17
prep,17
sauce,17
emojis,17
spicy,17
lobster,16
vegetable,16
unicorn,16
shack,16
vinegar,16
grape,16
beets,16
ketchup,16
flavorful,16
chefs,16
soup,16
morty,16
fireball,16
hamburgers,16
sturdy,16
responsibly,16
mouthwatering,16
qualifies,16
kiwi,16
salted,16
crumbs,16
menu,16
pies,16
pickle,16
riff,16
burnt,16
moist,16
cook,16
feast,16
ramen,16
frosting,15
cheeses,15
yelp,15
foodie,15
granola,15
scraps,15
sensational,15
chocolate,15
canned,15
jelly,15
burger,15
scrumptious,15
tacked,15
powdery,15
accio,15
spuds,15
filler,15
mcdonalds,15
barley,15
chews,15
resembling,15
venetian,15
crabby,15
alain,15
corks,15
fragrant,15
phish,15
plums,15
r√©sum√©,15
juicer,15
cronut,15
misspelled,15
mildew,15
chunky,15
radishes,15
persimmon,15
üò¢,15
loading,15
beet,15
vomit,15
breathtakingly,15
copycat,15
penises,15
challah,15
cornucopia,15
holdings,15
chug,15
üéÅ,15
sundae,15
abrasive,15
fizz,15
dishing,15
brightening,15
juicing,15
lobsters,15
andr√©s,15
flours,15
omelet,15
cookers,15
astrological,15
saffron,15
incarnation,15
dietitians,15
melty,15
vol,15
overcooked,15
creepiest,15
butternut,15
impeccably,15
scum,15
unhealthiest,15
food52,15
sifting,15
foursquare,15
newbie,15
godsend,15
foraging,15
terroir,15
bargained,15
marsh,15
legumes,15
brine,15
sourdough,15
stemmed,15
curators,15
southerners,15
cronuts,15
mein,15
scoff,15
hi,15
boulud,15
cheese,15
spiced,15
whip,15
goodies,15
fried,15
culinary,15
tastes,15
eggs,15
beer,15
iced,15
breakfasts,15
gravy,15
scratch,15
oreos,15
homemade,14
savory,14
peppers,14
crispy,14
bethlehem,14
dairy,14
oddly,14
heavenly,14
shredded,14
comforting,14
cupcake,14
dinnertime,14
aroma,14
norma,14
chewy,14
pear,14
sublime,14
salty,14
cups,14
jackie,14
seafood,14
tray,14
hence,14
leftovers,14
treats,14
almond,14
bean,14
ingredients,14
chips,13
peaches,13
wholesome,13
eater,13
michelin,13
befuddled,13
caved,13
rosh,13
alberto,13
picnic,13
subjective,13
sensual,13
artichokes,13
liven,13
doggy,13
rubbed,13
speck,13
swirls,13
farmworker,13
sweetness,13
quip,13
entangled,13
soaks,13
spitting,13
tenderloin,13
pods,13
kickass,13
lulled,13
auntie,13
needlessly,13
freshest,13
nuke,13
pluck,13
infinitely,13
multicolored,13
caramelized,13
guac,13
molten,13
wintry,13
mints,13
regift,13
dismay,13
üí∞,13
sneeze,13
kombucha,13
curing,13
evoked,13
dill,13
natch,13
virtuous,13
agave,13
apricot,13
noticeably,13
matzah,13
pi,13
turmeric,13
perfecting,13
truer,13
candlelit,13
seasonings,13
runny,13
madly,13
mex,13
hazelnut,13
compost,13
pastries,13
tos,13
lightest,13
disappoints,13
scots,13
sweepstakes,13
som,13
deviled,13
hippest,13
slab,13
provence,13
yen,13
scorpion,13
fidelity,13
buds,13
wings,13
cocktails,13
pancakes,13
wine,13
cake,13
tuna,13
bowls,13
potato,13
apples,13
tomato,13
juices,13
irresistible,13
koreans,13
swag,13
bartenders,13
clam,13
mugs,13
leftover,13
spaghetti,13
fridge,12
sandwich,12
eaters,12
dipping,12
meat,12
hangover,12
chipotle,12
smoked,12
grocery,12
luscious,12
syrup,12
fide,12
intrinsically,12
verdi,12
cakes,12
ahem,12
marinated,12
riverdale,12
oyster,12
hydrated,12
staple,12
magically,12
periscope,12
dispatcher,12
mocha,12
fishy,12
cedar,12
stunners,12
unwrap,12
wasteful,12
seared,12
tofu,12
üèº,12
leek,12
bout,12
tonic,12
aback,12
roasting,12
bong,12
elixir,12
charger,12
nectar,12
grind,12
orchard,12
hors,12
devout,12
purveyor,12
caloric,12
insides,12
lukewarm,12
delicacy,12
zing,12
fiesta,12
saturdays,12
baloney,12
hanger,12
rec,12
diversify,12
scratches,12
energizing,12
carmel,12
oddities,12
cardamom,12
peppermint,12
wand,12
fermented,12
revolutionized,12
deceptively,12
dividends,12
grinding,12
steamed,12
gram,12
glaze,12
tuscan,12
cupboard,12
pantries,12
experimentation,12
seaweed,12
yolo,12
cones,12
sprinkled,12
uninitiated,12
mayo,12
beef,12
lunches,12
chip,12
festive,12
picky,12
peel,12
ice,12
slice,12
foodies,12
cupcakes,12
sprouts,12
soaked,12
bartender,11
spinach,11
silky,11
sloppy,11
earthy,11
enticing,11
pepper,11
mousse,11
indulgent,11
vegetables,11
coffee,11
nut,11
joints,11
melted,11
creations,11
restaurants,11
fries,11
mac,11
tender,11
unmistakable,11
mixer,11
layering,11
cans,11
himalayan,11
sightings,11
growers,11
enraged,11
inventor,11
skewered,11
gmos,11
locos,11
hath,11
44th,11
makings,11
marketer,11
weatherman,11
softening,11
kerala,11
presume,11
cr√®me,11
treaters,11
truffles,11
chilled,11
mudslide,11
applicant,11
burritos,11
splendid,11
lightening,11
pantsuits,11
seasonally,11
frazzled,11
gourmet,11
eek,11
demolished,11
flowering,11
requisite,11
fresco,11
teaspoon,11
fated,11
rollins,11
sous,11
scoop,11
cartons,11
indebted,11
geoffrey,11
aqua,11
togethers,11
lb,11
hesitation,11
autumnal,11
fluff,11
newport,11
busier,11
nooks,11
blindfolded,11
lard,11
moderately,11
breweries,11
finer,11
nothin',11
meals,11
taste,11
recipe,11
bash,11
lemon,11
mouths,11
brew,11
cocoa,11
meats,11
mornings,11
cabbage,11
toppings,11
bakery,10
roasts,10
sriracha,10
feta,10
cow,10
brainer,10
pinnacle,10
leafy,10
filipino,10
fruit,10
egg,10
cherry,10
booze,10
varieties,10
chili,10
fills,10
eaten,10
olive,10
versatile,10
cuisine,10
hanukkah,10
sweet,10
milk,10
cozy,10
bottle,10
kitchen,10
sinful,10
winery,10
herbs,10
bottles,10
londoners,10
peaked,10
additives,10
aromatic,10
blackberry,10
doable,10
sculpted,10
alluring,10
whiskey,10
heinz,10
brewery,10
payout,10
steaming,10
gloomy,10
copious,10
yuletide,10
straws,10
shellfish,10
louie,10
üçï,10
meta,10
almighty,10
gatorade,10
cheetah,10
thyself,10
carb,10
exaggerating,10
deprive,10
norwegian,10
toppers,10
polynesian,10
littlest,10
rockin,10
chard,10
creme,10
afterthought,10
custard,10
platter,10
blustery,10
combinations,10
crayon,10
gripe,10
chateau,10
goldfish,10
scrape,10
scrolling,10
heirloom,10
beauties,10
disposition,10
jamaican,10
stadiums,10
forte,10
specialties,10
brewers,10
masquerading,10
utensils,10
walnuts,10
recreating,10
pastas,10
knives,10
eggplant,10
diners,10
nutella,10
swaps,10
mint,10
buffet,10
cheers,10
ham,10
yummy,10
rosemary,10
spirits,10
topped,10
dine,10
upgrades,10
smelling,10
pretzel,10
delectable,10
goose,10
olives,10
snack,10
seed,10
filling,10
crab,9
floats,9
zucchini,9
jerry,9
mvp,9
stuffing,9
cafe,9
buffalo,9
candy,9
chop,9
amish,9
asap,9
diner,9
sideways,9
depicted,9
candles,9
vietnamese,9
communion,9
organisms,9
easiest,9
advent,9
alienated,9
neiman,9
gymnasts,9
supper,9
hallelujah,9
bins,9
deli,9
herewith,9
polluting,9
grossest,9
hershey,9
30-minute,9
dorm,9
succulent,9
sour,9
turnaround,9
liquor,9
dreamt,9
pigeon,9
filmmaking,9
fruition,9
repertory,9
fixer,9
induce,9
welp,9
que,9
cheery,9
cane,9
counterintuitive,9
stanton,9
takeaway,9
nomad,9
dinner,9
foods,9
mario,9
thanksgiving,9
dreamy,9
beverage,9
passover,9
gadget,9
lime,9
locally,9
cocktail,9
protein,9
eggnog,9
nutritious,9
moroccan,9
paste,9
crave,9
pour,9
refreshing,9
craving,9
centric,9
simplicity,9
rejoice,9
adventurous,9
float,9
greens,9
mcdonald,9
stormed,9
bona,9
blades,9
brightly,9
scarlet,9
italians,9
tutorials,9
bait,9
rodents,9
denny,9
directive,9
bubbly,9
salmonella,9
vivian,9
unicorns,9
outnumber,9
invests,9
backseat,9
pomegranate,9
carved,9
concentrate,9
rodent,9
spoiling,9
peels,9
patron,9
waffles,9
bloated,9
waterways,9
absurdly,9
legitimately,9
skittles,9
ratio,9
boasting,9
bodied,9
ceremonial,9
satisfy,9
dependency,9
condiments,9
assemble,9
influx,9
flaky,9
mockery,9
restriction,9
tex,9
overworked,9
pulp,9
indicating,9
vineyards,9
serendipity,9
emailed,9
dice,9
sourced,9
gorge,9
bulbs,9
polenta,9
tested,9
stir,9
lightly,9
ribs,9
dried,9
pepsi,9
drunken,9
pork,8
invented,8
honey,8
eat,8
banana,8
asparagus,8
peach,8
stuffed,8
berry,8
eats,8
lighter,8
sticky,8
yields,8
offs,8
muffin,8
tunisia,8
cafeteria,8
lick,8
quintessential,8
stash,8
ingenious,8
boiled,8
hacks,8
smashed,8
hash,8
nirvana,8
restaurant,8
bites,8
cheesy,8
dip,8
cures,8
farmers,8
grains,8
veggies,8
goggles,8
dusting,8
invariably,8
bell,8
primer,8
watered,8
venezuelan,8
bulgaria,8
barista,8
addictive,8
gulp,8
claps,8
|,8
grounding,8
bounty,8
drawer,8
k,8
michelangelo,8
condensed,8
rotting,8
keepers,8
heralded,8
lemons,8
discontinued,8
outlandish,8
vampires,8
stacks,8
hipsters,8
artisans,8
hooray,8
minus,8
waiter,8
baja,8
almonds,8
unaccompanied,8
revolutionize,8
puff,8
prominently,8
clout,8
rockefeller,8
jitters,8
infuse,8
nicest,8
heeled,8
spoons,8
additions,8
deploy,8
walkers,8
suppressed,8
zest,8
mellow,8
texan,8
novelty,8
hotly,8
drink,8
loaded,8
served,8
breeze,8
caramel,8
faint,8
ate,8
easy,8
drinkers,8
seder,8
shaky,8
francois,8
artisanal,8
intimidated,8
conquering,8
pad,8
meatless,8
changer,8
nathan,8
thick,8
cravings,8
food,8
snacks,8
reese,8
bars,8
frozen,8
googled,8
flaw,8
brews,8
poultry,8
mesmerizing,8
70-year,8
fooling,8
mermaids,8
shred,8
drip,8
dumps,8
15-minute,8
twinkies,8
nacho,8
tipsy,8
wilder,8
plum,8
vanishing,8
robbing,8
resourceful,8
watt,8
revel,8
relegated,8
fondue,8
brisk,8
lantern,8
chester,8
seamlessly,8
cider,8
condiment,8
tempted,8
dictated,8
rotation,8
vendor,8
naples,8
cyberspace,8
basket,8
ole,8
stat,8
loathe,8
spins,8
sneaking,8
ansel,8
immensely,8
unwavering,8
recognizable,8
render,8
restricted,8
overblown,8
whoa,8
popsicle,8
endures,8
tenacity,8
edison,8
tuscany,8
russ,8
bye,8
fanatics,8
paired,8
burrito,8
crunch,8
napa,8
vegan,7
raw,7
cue,7
scent,7
boil,7
standout,7
definitive,7
wow,7
pint,7
vessel,7
deen,7
blizzard,7
juice,7
chain,7
favorites,7
smoke,7
swear,7
pound,7
melt,7
consistency,7
omaha,7
masses,7
angers,7
batter,7
cuddling,7
doodles,7
tossing,7
tedious,7
gigantic,7
virtues,7
thumbs,7
hepburn,7
outsmart,7
stats,7
copper,7
insatiable,7
chai,7
marshawn,7
colleen,7
spam,7
expo,7
kent,7
consulted,7
sourcing,7
harvesting,7
aversion,7
zumba,7
jos√©,7
yielded,7
originals,7
jerks,7
pleasantly,7
decoration,7
intoxicating,7
novice,7
thou,7
freakin,7
javier,7
nourishing,7
enriching,7
grueling,7
ante,7
contemplative,7
variation,7
cheerios,7
octopus,7
lemonade,7
brewing,7
supermarket,7
autumn,7
bottled,7
bulk,7
fluffy,7
frost,7
microwave,7
labels,7
unforgettable,7
salt,7
yogurt,7
fish,7
italian,7
fresh,7
packed,7
craze,7
omg,7
container,7
seasoned,7
lured,7
primed,7
freeze,7
merchant,7
caviar,7
cilantro,7
mills,7
charms,7
dared,7
stew,7
lange,7
bore,7
browns,7
pong,7
horns,7
seasonal,7
gummy,7
worm,7
icing,7
gloriously,7
sodas,7
extract,7
flourishing,7
seminal,7
dominique,7
mince,7
pleasurable,7
unheard,7
twinkie,7
stateside,7
veganism,7
stove,7
pea,7
girly,7
pepe,7
waste,7
ingredient,7
scout,7
boring,7
chill,7
dressing,7
rice,6
mixes,6
thru,6
wasting,6
intricate,6
brits,6
nachos,6
angelou,6
indian,6
shortage,6
lamb,6
pairs,6
gluten,6
pot,6
recreates,6
advocated,6
overturned,6
intensifies,6
candies,6
shaq,6
stoner,6
whim,6
inventory,6
üíï,6
thaw,6
password,6
crackers,6
affordability,6
watering,6
rockwell,6
rewarded,6
decoding,6
carrots,6
lunchtime,6
frugal,6
afterward,6
aiming,6
exhibits,6
underdog,6
reinforced,6
wrapped,6
grain,6
elegant,6
edible,6
classics,6
rolls,6
balls,6
warm,6
seeds,6
compelled,6
mcconaughey,6
detox,6
thighs,6
columbus,6
duck,6
dig,6
lover,6
resist,6
alternatives,6
colored,6
champagne,6
finger,6
punch,6
swoon,6
popping,6
divisive,6
advertisement,6
enchanting,6
statewide,6
powder,6
manifesto,6
safeguards,6
jolt,6
sweeteners,6
spoil,6
espresso,6
pouring,6
hysterical,6
stainless,6
midday,6
summertime,6
hammock,6
fyi,6
fixation,6
hum,6
bottoms,6
seamless,6
duped,6
goop,6
hesitate,6
goods,6
elbows,6
protocols,6
influencing,6
receipt,6
gelato,6
vegans,6
geniuses,6
afterwards,6
miguel,6
vent,6
groceries,6
bestselling,6
chow,6
yeast,6
epitome,6
awfully,6
unparalleled,6
promptly,6
wildly,6
curry,6
glasses,6
dragon,6
pockets,6
drinks,6
pissed,6
lovers,6
experiments,6
stocking,6
classy,6
fancy,6
sells,6
harmonious,6
pinch,6
deliveries,6
cheaper,6
lovely,6
unofficial,6
modified,6
rodham,6
relating,6
dole,6
slogans,6
bite,6
bruised,6
boot,6
costco,6
limitless,6
gin,6
mustard,6
commonplace,6
teasing,6
portuguese,6
majesty,6
ibm,6
peruvian,6
sprung,6
complementary,6
tentative,6
strands,6
l.a,6
northwest,6
unto,6
stoked,6
imaginable,6
smack,6
contention,6
counterpart,6
fernando,6
crocodile,6
tasting,6
easter,6
trick,6
popcorn,6
indulge,6
drinking,6
sugar,6
splurge,6
caf√©,6
cooler,6
skewers,6
butt,6
produce,6
technique,6
turkey,5
serves,5
bonus,5
lump,5
dusty,5
sweetened,5
accompanying,5
enormously,5
nuggets,5
prestigious,5
tooth,5
layered,5
paisley,5
hoodie,5
unleashes,5
duff,5
reeling,5
systematically,5
ribbons,5
milan,5
primal,5
hotspots,5
storing,5
separately,5
raced,5
modeled,5
geeks,5
spilling,5
tending,5
murky,5
circular,5
weber,5
root,5
nuts,5
hack,5
excuse,5
impressive,5
ranch,5
menus,5
mushroom,5
onion,5
soothe,5
stun,5
shockingly,5
jars,5
flour,5
savor,5
greatness,5
hosting,5
cola,5
patriotic,5
classic,5
enjoyed,5
japanese,5
freaked,5
consumed,5
adapted,5
whipping,5
refrigerator,5
schooled,5
separates,5
unbelievable,5
neeson,5
genetically,5
enrolled,5
dots,5
bidding,5
carbs,5
pops,5
katharine,5
indulgence,5
bae,5
descended,5
daphne,5
shrine,5
equation,5
symbolism,5
glitz,5
fray,5
neat,5
pedro,5
extravaganza,5
pounding,5
palate,5
earl,5
masterpieces,5
esque,5
impacting,5
outrageously,5
gasp,5
whole,5
humble,5
Ô∏è,5
summer,5
tasted,5
bicycle,5
waffle,5
dazzling,5
layer,5
jar,5
ours,5
healthiest,5
plate,5
farm,5
funerals,5
catering,5
beam,5
calories,5
factories,5
laced,5
wrist,5
bananas,5
upsetting,5
patrons,5
behaved,5
legit,5
shall,5
swallow,5
poke,5
impossibly,5
hardcore,5
distinguished,5
nestle,5
chilly,5
snowflakes,5
summery,5
bursting,5
slipped,5
curl,5
hamburger,5
muster,5
superb,5
anticipating,5
intensely,5
vibes,5
jingle,5
implant,5
themed,5
lunch,5
mess,5
quick,5
emoji,5
staples,5
memphis,5
enthusiasts,5
chains,5
concepts,5
inn,5
shaped,5
instant,5
fret,5
collapsing,5
cranberries,5
plunges,5
crops,5
containing,5
introduces,5
ominous,5
invention,5
brie,5
tug,5
yourselves,5
implants,5
meyer,5
lounging,5
lure,5
layers,5
mixture,5
distinctly,5
lunchbox,5
accompany,5
eden,5
buckle,5
ness,5
comfort,5
ranked,5
brock,5
swimsuit,5
item,5
sincerely,5
emilia,5
'd,5
clarifies,5
gallons,5
dive,5
gordon,5
atomic,5
bricks,5
exempt,5
calcium,5
hamptons,5
utter,5
kat,5
hassle,5
imperial,5
barbecues,5
touting,5
hardships,5
cheerful,5
pumpkins,5
unrecognizable,5
prettiest,5
preference,5
crumble,5
mash,5
fishermen,5
sanchez,5
notebook,5
boxes,5
table,5
ripe,5
rainbow,5
crowd,5
temperature,5
combination,4
sized,4
vending,4
q,4
uproar,4
healthful,4
mastery,4
lorde,4
disciplined,4
üé§,4
detrimental,4
fetch,4
sins,4
lebanese,4
darkest,4
delight,4
spiked,4
gyms,4
flurry,4
lunar,4
nourish,4
cranberry,4
wrinkle,4
ufo,4
quantity,4
intrigue,4
socks,4
genius,4
add,4
trendy,4
shelf,4
4th,4
knock,4
ca,4
offerings,4
fork,4
starred,4
ikea,4
ben,4
make,4
shell,4
inviting,4
accusation,4
stumbles,4
mayonnaise,4
convenient,4
thirst,4
impress,4
overload,4
selective,4
homer,4
manageable,4
restricting,4
hotter,4
resonates,4
consists,4
lofty,4
preparations,4
setbacks,4
castles,4
synthetic,4
storied,4
grandma,4
locations,4
prepare,4
improves,4
damn,4
festivities,4
derby,4
calorie,4
feed,4
swears,4
hails,4
celery,4
archie,4
envelope,4
parisian,4
poaching,4
intuitive,4
aly,4
galore,4
splash,4
prepping,4
dizzying,4
carve,4
hoarding,4
commodity,4
vegetarians,4
marvelous,4
poetic,4
dim,4
alcoholic,4
takeout,4
hues,4
lovingly,4
comet,4
cooks,4
wheat,4
ethic,4
strictly,4
kangaroo,4
breasts,4
alice,4
backyard,4
jam,4
these,4
baker,4
hot,4
coca,4
convenience,4
crack,4
swap,4
incorporate,4
truck,4
heck,4
boycotting,4
alley,4
fastest,4
gosling,4
sprawling,4
usain,4
rains,4
strings,4
guaranteed,4
patty,4
freezing,4
pots,4
creams,4
napkins,4
chills,4
variations,4
grease,4
perk,4
borrow,4
chopped,4
energized,4
sparkling,4
stems,4
beginner,4
sacrificing,4
yearn,4
legged,4
alum,4
kick,4
stuff,4
typical,4
cap,4
dining,4
gods,4
distinct,4
starving,4
planner,4
wendy,4
french,4
treat,4
shit,4
fast,4
gras,4
domino,4
wes,4
veronica,4
confessed,4
brennan,4
cardinal,4
peggy,4
dolce,4
keen,4
dips,4
sleeve,4
harden,4
argentine,4
pearls,4
cowboy,4
insanely,4
uplifting,4
adverse,4
farther,4
exterior,4
caesar,4
fashioned,4
tipping,4
coke,4
passport,4
makers,4
intimidating,4
ultimate,4
mexican,4
moscow,4
fruits,4
serving,4
irish,4
ribbon,4
papa,4
branson,4
spit,4
obsession,4
breezy,4
tai,4
lighten,4
sometime,4
rack,4
kindly,4
foil,4
tackled,4
presses,4
deceptive,4
cured,4
hungry,4
organic,4
upside,4
smell,4
slow,4
obsessed,4
simple,4
lazy,4
thread,4
hipster,4
influences,4
bubble,4
hottest,4
cup,4
groped,4
weighs,4
studded,4
bezos,4
biz,4
yogi,4
appliances,4
nearest,4
bees,4
footprint,4
clouds,4
incorrectly,4
constitutes,4
herb,4
sustaining,4
visionary,4
debated,4
thankfully,4
italy,4
perfectly,4
paradise,4
priceless,4
satisfied,4
continually,4
approved,4
kunis,4
finland,4
revived,4
starter,4
senses,4
accents,4
preserving,4
americana,4
chickens,4
mexicans,4
strangely,4
specials,4
voluntary,4
proceeds,4
gatherings,4
paycheck,4
straightforward,4
stopping,4
pancake,4
sculptures,4
flare,4
fats,4
velvet,4
cuter,4
aussie,4
priced,4
tallest,4
elegance,4
barrels,4
asian,4
brilliant,4
grab,3
roll,3
birds,3
guilt,3
feeding,3
origins,3
memorable,3
bird,3
glaad,3
underrated,3
nutritional,3
aisle,3
specialty,3
gasoline,3
pok√©mon,3
ho,3
scans,3
simpsons,3
sweeter,3
disappoint,3
anita,3
interpretation,3
sofa,3
europeans,3
guiding,3
pan,3
adding,3
basic,3
ai,3
stock,3
thin,3
glorious,3
japan,3
pittsburgh,3
collected,3
consume,3
mouth,3
testing,3
twist,3
forget,3
craft,3
eating,3
creator,3
fireworks,3
flips,3
ton,3
savannah,3
annoying,3
drown,3
tricks,3
portions,3
doritos,3
hybrid,3
triangle,3
explode,3
fil,3
wiped,3
captivating,3
chocolates,3
execs,3
powerfully,3
pas,3
spoiled,3
requested,3
mentors,3
spills,3
distinctive,3
quake,3
gems,3
mayhem,3
malaysian,3
sipping,3
innovators,3
convert,3
fun,3
fall,3
invitation,3
brighten,3
sophisticated,3
perfect,3
charleston,3
literature,3
covered,3
suck,3
mila,3
sanity,3
dc,3
foam,3
delightful,3
flawless,3
overnight,3
slogan,3
ag,3
copies,3
copyright,3
snacking,3
bio,3
guru,3
spilled,3
chewing,3
mankind,3
attracts,3
40-year,3
sparkle,3
brag,3
wraps,3
halloween,3
excited,3
beloved,3
impossible,3
cloud,3
fabulous,3
friendly,3
stores,3
sadly,3
clooney,3
retro,3
pit,3
cage,3
dietary,3
possibilities,3
lynch,3
healthy,3
easier,3
salmon,3
quentin,3
weed,3
contemplating,3
freezer,3
draper,3
males,3
obsessive,3
spoiler,3
fascinated,3
collide,3
yo,3
thirsty,3
blink,3
gabriel,3
sodium,3
enhanced,3
assure,3
rachael,3
outing,3
partying,3
smoothly,3
manifest,3
turkeys,3
teddy,3
incorporating,3
argentina,3
motto,3
wonders,3
buy,3
unhealthy,3
equivalent,3
delicate,3
array,3
trending,3
try,3
favorite,3
grant,3
officially,3
confusing,3
gorgeous,3
free,3
indicated,3
botched,3
soothing,3
occasions,3
belly,3
tarantino,3
chops,3
unleash,3
merry,3
reduces,3
rut,3
warmer,3
reap,3
preliminary,3
searched,3
nowadays,3
carla,3
scrambling,3
qualify,3
inch,3
prohibition,3
amazingly,3
humility,3
avid,3
marginalized,3
southern,3
gifs,3
pop,3
sunday,3
tea,3
disclose,3
evolved,3
heat,3
shops,3
#,3
inspired,3
traditionally,3
requests,3
cult,3
documentaries,3
purchasing,3
cookbook,3
cart,3
hispanic,3
ridiculously,3
bunch,3
darth,3
combines,3
takeover,3
bs,3
unpleasant,3
derail,3
understandable,3
whimsical,3
defiant,3
du,3
whopping,3
lavish,3
manages,3
altering,3
steamy,3
slides,3
items,3
martha,3
freak,3
sunny,3
bizarre,3
upgrade,3
destiny,3
holiday,3
shots,3
soda,3
brussels,3
minutes,3
mention,3
glass,3
y',3
restless,3
produced,3
abandon,3
aka,3
starters,3
vader,3
selecting,3
vendors,3
pins,3
delighted,3
chew,3
combine,3
rank,3
mixing,3
infinite,3
amateur,3
mastered,3
scholarship,3
shake,3
magical,3
desk,3
sides,3
hurting,3
worthy,3
side,3
exhausted,3
essentials,3
closest,3
toss,3
mashup,3
clueless,3
bar,3
dreaming,3
extra,3
trends,3
fixing,3
rustic,3
beginnings,3
freshly,3
lasts,3
summers,3
patio,3
grills,3
practically,3
paula,3
preferred,3
crafting,3
edges,3
handmade,3
rogen,3
readily,3
discovers,3
ins,3
waits,3
celebration,3
creation,3
bloody,3
fare,3
basically,3
sum,3
nightmares,3
store,3
ditch,3
switch,3
pair,3
reserved,3
snaps,3
rages,3
rings,3
gently,3
superior,3
intriguing,3
est,3
j,3
pains,3
ghostbusters,3
nevertheless,3
hospitality,3
mic,3
addicts,3
peta,3
recreation,3
processing,3
delights,3
funky,3
cheapest,3
alongside,3
apparently,3
dry,3
products,3
anyway,3
porn,3
ahead,3
buddy,3
reduced,3
bowl,3
clever,3
potter,3
heartwarming,3
dictator,3
exotic,3
bolt,3
buzzing,3
sweetheart,3
patti,3
delivery,3
pension,3
forming,3
companion,3
harvest,3
minors,3
theirs,3
endurance,3
but,3
transmission,3
prompt,3
stains,3
iconic,3
swiss,3
brands,3
dreams,3
contain,3
killer,3
cent,3
abundant,3
heating,3
sneaky,3
recycling,3
soy,3
attracting,3
judged,3
maintained,3
wtf,3
altered,3
lush,3
witnessing,3
hong,3
throwing,3
arrive,3
bright,3
devoted,3
expert,3
aged,3
spoken,3
swipe,3
leaf,3
swimmer,3
14th,3
illustrations,3
divine,3
regional,3
cartoons,3
coincidence,3
stirring,3
milwaukee,3
origin,3
buck,3
literal,3
best,3
heritage,3
millennials,3
legendary,3
traditional,3
plant,3
puts,3
surely,3
crazy,3
vancouver,3
bff,3
oval,3
pond,3
therapeutic,3
ish,3
crowded,3
pulse,3
ing,3
crushed,3
enthusiastic,3
possess,3
molly,3
pajamas,3
screams,3
figured,3
winter,3
preparation,3
deserve,3
perfection,3
trolling,3
twists,3
mattress,3
formation,3
accent,3
terrain,3
yikes,3
endured,3
nominate,3
vs,3
wary,3
synonymous,3
slew,3
christmas,2
tool,2
charming,2
weirdest,2
tradition,2
magic,2
enjoying,2
joe,2
bought,2
dye,2
artificial,2
pig,2
bathing,2
defensive,2
sheets,2
vastly,2
advance,2
remedies,2
bugs,2
corp,2
ancestors,2
cheering,2
moonlight,2
simplest,2
strips,2
insane,2
quirky,2
enjoy,2
kong,2
gathering,2
labor,2
weekend,2
surprisingly,2
typically,2
kansas,2
folks,2
throw,2
serve,2
organizer,2
mocking,2
saturated,2
slash,2
realistic,2
smarter,2
knees,2
require,2
o,2
minimize,2
inexpensive,2
slight,2
positively,2
complexity,2
flesh,2
revisit,2
packages,2
poet,2
main,2
usually,2
explained,2
blue,2
spokesperson,2
technically,2
excitement,2
ranking,2
rhode,2
anytime,2
trained,2
sealed,2
mermaid,2
eligible,2
savage,2
wildest,2
noble,2
antidote,2
palmer,2
instances,2
intact,2
plaza,2
appetite,2
featuring,2
obviously,2
signature,2
amazon,2
fda,2
ethical,2
order,2
newest,2
everywhere,2
psychologists,2
hostess,2
joint,2
zip,2
1950s,2
encountered,2
mysteries,2
exists,2
deck,2
eliminating,2
greek,2
outs,2
sweaters,2
monumental,2
functional,2
slaughter,2
efficiency,2
flop,2
feeds,2
terrific,2
meets,2
locals,2
equal,2
nostalgia,2
daunting,2
midnight,2
impressed,2
bang,2
awesome,2
lift,2
tops,2
entertaining,2
everything,2
glitter,2
listing,2
cultures,2
spreading,2
pairing,2
handled,2
waist,2
mold,2
conquer,2
drank,2
civic,2
antibiotic,2
transport,2
beg,2
adore,2
hulk,2
cares,2
minded,2
odd,2
pure,2
season,2
weigh,2
mix,2
cutting,2
disgusting,2
ear,2
england,2
clearing,2
spots,2
reserve,2
u,2
behold,2
lineup,2
distract,2
eerie,2
vibrant,2
countdown,2
tuned,2
minimal,2
pleasures,2
risen,2
roommate,2
semi,2
manziel,2
begging,2
sleepy,2
wrapping,2
joining,2
master,2
burning,2
bags,2
kinds,2
settle,2
recall,2
ready,2
ages,2
crop,2
jumping,2
properly,2
competition,2
few,2
plain,2
expression,2
dare,2
seconds,2
good,2
eve,2
square,2
tossed,2
swedish,2
heroic,2
rebuild,2
hints,2
courses,2
garbage,2
chemistry,2
arrived,2
coin,2
pact,2
vibe,2
monsters,2
guarantee,2
peru,2
scouts,2
minneapolis,2
simpler,2
idiot,2
wooden,2
cold,2
guests,2
teeth,2
hour,2
c,2
absolute,2
luckily,2
dumb,2
course,2
making,2
better,2
sacred,2
appropriate,2
mini,2
app,2
richer,2
forgetting,2
sentiment,2
ceiling,2
darling,2
searches,2
trees,2
sample,2
packing,2
transforms,2
kitty,2
spinning,2
mainly,2
frat,2
necessity,2
farms,2
soil,2
seas,2
attracted,2
patriotism,2
pressed,2
fad,2
sigh,2
grandmother,2
're,2
celebrate,2
dozen,2
holidays,2
ronald,2
sounds,2
hates,2
haunt,2
reckless,2
packs,2
belong,2
showcase,2
mo,2
pbs,2
practiced,2
uncommon,2
icy,2
skip,2
coolest,2
soon,2
kidney,2
double,2
pack,2
lame,2
answered,2
wondering,2
a.,2
instructions,2
renaissance,2
painter,2
revelation,2
playful,2
1970s,2
busting,2
neon,2
jerk,2
underneath,2
showcases,2
made,2
surprising,2
worth,2
apple,2
glory,2
super,2
anthony,2
diet,2
dependent,2
megan,2
2nd,2
rumor,2
quitting,2
battery,2
involve,2
daylight,2
darn,2
s.,2
imposed,2
sin,2
crowds,2
elaborate,2
documented,2
complete,2
wrap,2
variety,2
use,2
champion,2
prefer,2
prove,2
version,2
chinese,2
essence,2
everyone,2
rich,2
your,2
unusual,2
paradox,2
rabbit,2
lined,2
bits,2
corps,2
maggie,2
pretending,2
village,2
affection,2
üôå,2
introduce,2
bounce,2
explored,2
july,2
ease,2
holy,2
spicer,2
put,2
millennial,2
announces,2
gifts,2
patrick,2
you,2
tried,2
lots,2
shelves,2
avenue,2
austin,2
subtle,2
decorate,2
exposes,2
pitcher,2
downright,2
legends,2
'em,2
walmart,2
passionate,2
louisiana,2
adds,2
alcohol,2
creative,2
surrounded,2
ordering,2
guess,2
outer,2
doubles,2
marcus,2
purchases,2
pearl,2
recommend,2
ivory,2
resulting,2
glance,2
touches,2
patch,2
graduated,2
wonderful,2
‚Äôre,2
quite,2
bag,2
purple,2
absence,2
expensive,2
makes,2
pick,2
here,2
hint,2
market,2
tutorial,2
messing,2
contributed,2
guys,2
pointing,2
intake,2
cuteness,2
favors,2
grim,2
presentation,2
disappointed,2
grandfather,2
worship,2
knocked,2
haven,2
depressing,2
lot,2
easily,2
afternoon,2
blast,2
mile,2
fourth,2
incredibly,2
polish,2
stomach,2
rocks,2
brief,2
giant,2
complex,2
nobody,2
orleans,2
gilmore,2
beware,2
donates,2
christina,2
please,2
versions,2
plates,2
branch,2
outdoors,2
dismiss,2
cringe,2
chat,2
occasionally,2
diane,2
10th,2
tackle,2
standard,2
gotten,2
oil,2
casual,2
flower,2
maker,2
flag,2
alex,2
powered,2
volume,2
resolve,2
kisses,2
surgeon,2
shorter,2
sweetest,2
adjust,2
blanket,2
cruelty,2
diaper,2
regrets,2
la,2
all,2
bit,2
deserves,2
lets,2
dates,2
reviews,2
pleasure,2
chart,2
wash,2
steal,2
spring,2
exactly,2
this,2
draw,2
plenty,2
popular,2
greatest,2
red,2
seriously,2
idea,2
denies,2
revelations,2
forecast,2
dash,2
poop,2
roses,2
hardy,2
displays,2
belgium,2
rated,2
pillow,2
farmer,2
rocking,2
cool,2
releases,2
great,2
options,2
topic,2
crew,2
truly,2
disasters,2
inmates,2
date,2
bring,2
happy,2
fans,2
promotion,2
significantly,2
scaramucci,2
phelps,2
implement,2
dominate,2
decent,2
mayer,2
fiery,2
sang,2
occasional,2
g,2
intolerance,2
disappointing,2
carries,2
blew,2
lesser,2
acclaimed,2
automatically,2
orange,2
available,2
sold,2
salute,2
decide,2
mentor,2
customers,2
proof,2
reducing,2
ruining,2
bros,2
liquid,2
morocco,2
lochte,2
shaking,2
saint,2
deprived,2
craziest,2
enjoyable,2
superfoods,2
blend,2
kickstarter,2
scene,2
size,2
never,2
st,2
need,2
helpful,2
party,2
even,2
wild,2
boo,2
screw,2
midwest,2
chances,2
consumption,2
hating,2
mason,2
warmth,2
bliss,2
how,2
way,2
causing,2
dedicated,2
donate,2
paltrow,2
green,2
thing,2
machine,2
ways,2
pink,2
nyc,2
stellar,2
instagrams,2
trudeau,2
poisoning,2
pup,2
goat,2
decorations,2
repeat,2
proudly,2
homage,2
souls,2
holes,2
socially,2
smart,2
guide,2
wondered,2
score,2
pull,2
totally,2
selling,2
junk,2
laid,2
mild,2
memorial,2
ruined,2
chick,2
detective,2
filmmakers,2
reflecting,2
booking,2
teaches,2
creators,2
burst,2
sheet,2
teigen,2
text,2
've,2
's,2
addition,2
jamie,2
divide,2
mediterranean,2
iron,2
colorful,2
ever,2
corner,2
get,2
goodbye,2
accuse,2
simpson,2
hire,2
canvas,2
destroys,2
fiber,2
goodness,2
skinny,2
diving,2
creepy,2
trumps,2
realm,2
circles,2
neutral,2
again,2
‚Äôve,2
dark,2
silly,2
ghost,2
harsh,2
fortune,2
relax,2
places,2
brings,2
mourning,2
button,2
dust,2
otherwise,2
scientist,2
pleased,2
commercials,2
offense,2
formerly,2
torn,2
handy,2
mouse,2
contains,2
categories,2
spare,2
epic,2
intense,2
sean,2
note,2
gwyneth,2
calendar,2
secrets,2
hand,2
quickly,2
strange,2
noticed,2
hail,2
liam,2
catches,2
laptop,2
miracles,2
seinfeld,2
complicated,2
fargo,2
founding,2
consuming,2
banking,2
nod,2
turn,2
childhood,2
soft,2
chrissy,2
beautiful,2
fierce,2
so,2
valentine,2
scary,2
placed,2
rooted,2
promotes,2
dicaprio,2
newton,2
declare,2
curse,2
cousin,2
delivering,2
bin,2
rewarding,2
shiny,2
hormones,2
cultivate,2
structures,2
per,2
trash,2
supply,2
bringing,2
ups,2
welcome,2
count,2
stick,2
definitely,2
select,2
renewable,2
traveled,2
suffers,2
altogether,2
significance,2
fest,2
pleasant,2
jaw,2
waiting,2
lucky,2
light,2
nothing,2
forever,2
hunger,2
cutest,2
unexpected,2
trucks,2
smiles,2
spread,2
thrive,2
coachella,2
bug,2
icons,2
genetic,2
streep,2
hitler,2
headquarters,2
devil,2
mall,2
steals,2
accepted,2
elusive,2
sticking,2
circuit,2
beat,2
appreciate,2
planet,2
nightmare,2
travels,2
sneak,2
promises,2
soul,2
east,2
betty,2
pioneer,2
beautifully,2
designs,2
resistant,2
aboard,2
50th,2
antibiotics,2
pursuing,2
entirely,2
wrong,2
fat,2
hopefully,2
nose,2
hearts,2
secret,2
sad,2
exciting,2
birthday,2
‚Äï,2
ending,2
korean,2
production,2
yellow,2
machines,2
fulfill,2
destroying,2
sticks,2
loyalty,2
weather,2
too,2
handle,2
pretty,2
ticket,2
healthier,2
collaboration,2
really,2
die,2
manner,2
edition,2
magnificent,2
scenes,2
leonardo,2
advantage,2
mountain,2
simone,2
shine,2
perks,2
subjects,2
heights,2
sesame,2
franco,2
skeptical,2
finally,1
parts,1
opening,1
anything,1
outside,1
elite,1
explain,1
done,1
next,1
parties,1
leaves,1
simultaneously,1
runs,1
tweeters,1
debuts,1
insult,1
gadgets,1
appealing,1
andrew,1
tis,1
couch,1
toughest,1
efficient,1
hype,1
special,1
missing,1
required,1
monster,1
takes,1
rio,1
spirit,1
are,1
warning,1
involves,1
excellent,1
commit,1
arnold,1
stretch,1
smooth,1
pile,1
boasts,1
flames,1
sucks,1
sugary,1
creativity,1
it,1
something,1
actually,1
america,1
wisconsin,1
obvious,1
almost,1
literally,1
seem,1
tip,1
promised,1
bob,1
sunglasses,1
romantic,1
collecting,1
meryl,1
johnny,1
bound,1
destroy,1
shining,1
preserve,1
poison,1
danny,1
mock,1
complain,1
someday,1
atmosphere,1
lone,1
mighty,1
top,1
family,1
round,1
realize,1
louis,1
schumer,1
them,1
gift,1
admit,1
mood,1
entire,1
friends,1
uncertain,1
refuse,1
contributions,1
resume,1
tattoos,1
disappointment,1
darndest,1
heated,1
tours,1
guy,1
brave,1
always,1
probably,1
box,1
dad,1
trolls,1
truths,1
joke,1
mistake,1
wait,1
nice,1
believes,1
surprise,1
mary,1
discovered,1
nebraska,1
industries,1
staring,1
stocks,1
sierra,1
rocky,1
matthew,1
launches,1
faux,1
balancing,1
pretend,1
calif,1
outlets,1
king,1
cute,1
equally,1
invited,1
ugly,1
drunk,1
got,1
busy,1
üî•,1
spectacular,1
mentioned,1
theories,1
unveils,1
misleading,1
pole,1
adaptation,1
applied,1
principle,1
shop,1
just,1
ones,1
reactions,1
counter,1
shock,1
desperate,1
explains,1
scientific,1
plastic,1
day,1
cheap,1
around,1
send,1
game,1
morning,1
trouble,1
mice,1
fueled,1
logic,1
removing,1
deciding,1
guest,1
can,1
little,1
nights,1
multi,1
think,1
its,1
powers,1
egyptian,1
markets,1
terrified,1
tackles,1
disappear,1
blessing,1
smiling,1
creates,1
performs,1
yorker,1
earned,1
fool,1
love,1
with,1
beyond,1
long,1
walls,1
accounts,1
consider,1
go,1
f**k,1
grown,1
spell,1
touchdown,1
clarity,1
doors,1
wake,1
flat,1
coming,1
regular,1
dogs,1
without,1
imagine,1
disneyland,1
reputation,1
norway,1
madness,1
crossfit,1
legitimate,1
finest,1
rivals,1
fire,1
moon,1
alone,1
turns,1
tools,1
bone,1
strikes,1
kentucky,1
sometimes,1
most,1
nail,1
suggest,1
express,1
gon,1
facial,1
nap,1
lil,1
german,1
now,1
completely,1
every,1
knew,1
like,1
famous,1
any,1
october,1
swing,1
mountains,1
loved,1
because,1
promise,1
cotton,1
rudy,1
psa,1
z,1
opinions,1
celebrated,1
answer,1
critics,1
waters,1
garden,1
stunt,1
oprah,1
institute,1
phoenix,1
cam,1
extend,1
kit,1
attorneys,1
armstrong,1
figure,1
develop,1
goes,1
makeover,1
specifically,1
burn,1
tie,1
personally,1
sir,1
numerous,1
dylan,1
rounded,1
weekends,1
royals,1
wells,1
buys,1
fix,1
slowly,1
neo,1
software,1
praise,1
scream,1
champions,1
equipment,1
outbreak,1
60s,1
praised,1
instantly,1
fits,1
across,1
will,1
‚Äôs,1
searching,1
tips,1
mission,1
associate,1
gina,1
illustrated,1
ordinary,1
jack,1
storage,1
famed,1
highlight,1
karen,1
navigating,1
replaced,1
exception,1
buried,1
wide,1
mixed,1
texas,1
nazis,1
‚Äô,1
height,1
steel,1
bones,1
mode,1
floating,1
solved,1
shy,1
flies,1
northeast,1
location,1
anne,1
ray,1
finish,1
determined,1
feelings,1
n't,1
essential,1
downtown,1
safely,1
rewards,1
sustainability,1
bloom,1
sweeping,1
revolutionary,1
wherever,1
arrival,1
fails,1
valley,1
prepared,1
loves,1
there,1
sales,1
interesting,1
wonder,1
buying,1
test,1
absolutely,1
than,1
recommendations,1
eager,1
achieved,1
spends,1
unhappy,1
sink,1
actual,1
ii,1
e,1
reduce,1
instead,1
portion,1
compare,1
pocket,1
slave,1
glam,1
b,1
ethnic,1
weird,1
using,1
no,1
sexy,1
valuable,1
turkish,1
ring,1
design,1
feels,1
true,1
low,1
year,1
means,1
fundraising,1
total,1
gif,1
roads,1
updated,1
india,1
hated,1
campbell,1
combined,1
unite,1
january,1
affair,1
home,1
whether,1
giving,1
responses,1
franchise,1
shoppers,1
chicago,1
save,1
bottom,1
own,1
whenever,1
authentic,1
together,1
much,1
stays,1
eastern,1
whitney,1
alert,1
lab,1
parks,1
edward,1
some,1
is,1
quality,1
saving,1
ball,1
county,1
naturally,1
might,1
smile,1
adorable,1
named,1
thank,1
effort,1
out,1
know,1
playground,1
reveal,1
blowing,1
recalled,1
roman,1
elsewhere,1
solo,1
uncle,1
exploring,1
anticipated,1
crystal,1
spike,1
tournament,1
landmark,1
broadcast,1
ron,1
shed,1
real,1
prices,1
up,1
amazing,1
added,1
only,1
time,1
endless,1
dream,1
retire,1
spain,1
julia,1
shuts,1
alternative,1
trend,1
yourself,1
independence,1
familiar,1
spot,1
created,1
manhattan,1
needs,1
none,1
ultra,1
piece,1
troll,1
secretly,1
rides,1
compares,1
mexico,1
things,1
golf,1
transform,1
facts,1
proves,1
they,1
embrace,1
reason,1
fortunately,1
maps,1
beast,1
unveiled,1
knife,1
controlled,1
celebrates,1
less,1
deep,1
through,1
apology,1
come,1
product,1
a,1
oliver,1
dilemma,1
professional,1
happiest,1
responded,1
bitter,1
introducing,1
bunny,1
rick,1
heads,1
mean,1
customer,1
lying,1
win,1
take,1
from,1
attention,1
immigrants,1
minute,1
destroyed,1
reboot,1
amounts,1
examples,1
clients,1
cheer,1
perception,1
right,1
looking,1
catch,1
warming,1
let,1
happens,1
differently,1
anderson,1
blessed,1
melania,1
aims,1
wayne,1
tons,1
approaching,1
tactics,1
celebrations,1
stupid,1
form,1
asia,1
impacts,1
treasure,1
attempting,1
bare,1
kicking,1
representatives,1
mine,1
pacific,1
half,1
often,1
cash,1
enough,1
therefore,1
casting,1
flint,1
visual,1
confessions,1
authors,1
mask,1
maya,1
for,1
map,1
worldwide,1
crucial,1
methods,1
looks,1
traveling,1
meet,1
outdoor,1
shopping,1
popularity,1
remaining,1
dude,1
alan,1
mega,1
diana,1
overseas,1
mad,1
tiny,1
oscars,1
flying,1
requires,1
yet,1
compared,1
lane,1
spy,1
identify,1
revealing,1
wheel,1
into,1
designed,1
fan,1
un,1
difference,1
dies,1
away,1
ignoring,1
fed,1
palm,1
attempted,1
karl,1
crimes,1
supporter,1
start,1
according,1
deliver,1
particular,1
based,1
want,1
feb,1
brand,1
luke,1
duke,1
declares,1
tales,1
fever,1
triple,1
acceptable,1
fuel,1
drops,1
though,1
joy,1
find,1
regardless,1
worn,1
prize,1
cuban,1
buzz,1
dispute,1
landing,1
propose,1
category,1
architecture,1
tourists,1
bet,1
wealth,1
more,1
full,1
huckabee,1
happily,1
beaten,1
do,1
turning,1
fine,1
rare,1
stressful,1
instagram,1
segment,1
troubling,1
longest,1
watson,1
addicted,1
transformed,1
spray,1
solve,1
if,1
bad,1
break,1
ladies,1
lifestyle,1
happen,1
vatican,1
blended,1
vitamin,1
kingdom,1
ridiculous,1
chase,1
tap,1
latin,1
week,1
works,1
different,1
new,1
further,1
father,1
scared,1
crafts,1
handful,1
sun,1
used,1
step,1
thinks,1
wing,1
money,1
misconduct,1
spill,1
ashamed,1
snap,1
slip,1
answers,1
opened,1
possible,1
minimum,1
uses,1
suffer,1
world,1
we,1
well,1
spoof,1
disagree,1
fill,1
silicon,1
remove,1
empower,1
struggles,1
itself,1
known,1
should,1
times,1
realized,1
sure,1
shape,1
talking,1
spend,1
harry,1
bay,1
sam,1
resolutions,1
anywhere,1
relevant,1
mogul,1
simply,1
does,1
tomorrow,1
supposed,1
stop,1
estimated,1
hoping,1
advanced,1
performed,1
critic,1
ass,1
penis,1
innovative,1
suggestions,1
hard,1
changing,1
france,1
feud,1
mate,1
lobby,1
glad,1
portland,1
before,1
cats,1
appeal,1
be,1
wars,1
companies,1
drive,1
limited,1
dignity,1
commitment,1
invite,1
chemicals,1
deeply,1
call,1
near,1
likes,1
heidi,1
bigger,1
everyday,1
spent,1
tough,1
days,1
allergies,1
fault,1
competitive,1
winning,1
n‚Äôt,1
anyone,1
perhaps,1
drop,1
dog,1
to,1
navigate,1
recover,1
have,1
mind,1
the,1
winner,1
pushing,1
handed,1
recalls,1
exact,1
starts,1
forum,1
describes,1
fame,1
intentions,1
christopher,1
amount,1
annual,1
treated,1
walker,1
twitter,1
why,1
month,1
fact,1
natural,1
ground,1
filled,1
imagination,1
minor,1
thus,1
eliminate,1
spending,1
started,1
one,1
that,1
estate,1
comes,1
howard,1
replacement,1
dna,1
nevada,1
entered,1
invisible,1
occasion,1
judges,1
tremendous,1
stranger,1
row,1
stay,1
sarah,1
zealand,1
activism,1
agrees,1
neither,1
nobel,1
vermont,1
delivers,1
predict,1
not,1
brothers,1
blow,1
turned,1
where,1
apologize,1
desire,1
rebel,1
commercial,1
drone,1
gary,1
bible,1
expanding,1
september,1
feel,1
possibly,1
types,1
follow,1
ad,1
nsfw,1
roberts,1
counts,1
accuses,1
surge,1
over,1
sound,1
rises,1
preventing,1
courage,1
gene,1
fairy,1
ncaa,1
honestly,1
expectations,1
document,1
philippines,1
pace,1
saw,1
‚Äò,1
touch,1
expect,1
then,1
of,1
happier,1
beginning,1
straight,1
mystery,1
mocks,1
invest,1
tests,1
include,1
frequent,1
championship,1
elements,1
connecticut,1
last,1
feeling,1
search,1
river,1
style,1
routine,1
meant,1
those,1
matters,1
hands,1
pro,1
remind,1
importantly,1
extended,1
bull,1
prominent,1
peak,1
temperatures,1
successfully,1
brown,1
sharing,1
task,1
empowering,1
crush,1
planning,1
football,1
terrible,1
reaction,1
prime,1
keeps,1
list,1
kind,1
stance,1
eco,1
random,1
sanctuary,1
else,1
biggest,1
recognition,1
wishes,1
con,1
smartphone,1
attending,1
messy,1
avoiding,1
shaming,1
gone,1
criminal,1
debate,1
african,1
experts,1
been,1
when,1
closely,1
sued,1
unfortunately,1
draws,1
comfortable,1
about,1
uk,1
longer,1
many,1
tell,1
become,1
such,1
look,1
especially,1
price,1
destination,1
‚Äî,1
endorsement,1
p.m.,1
water,1
sell,1
habits,1
thought,1
wood,1
nationwide,1
diets,1
understood,1
afghan,1
oscar,1
benefit,1
extreme,1
ago,1
what,1
blame,1
parker,1
listening,1
dropped,1
cheeky,1
amanda,1
riding,1
country,1
adults,1
choosing,1
give,1
portrait,1
inevitable,1
practical,1
until,1
quit,1
peter,1
us,1
international,1
trust,1
rescue,1
appeals,1
bacteria,1
pitch,1
dancing,1
globe,1
blogger,1
inspire,1
quiz,1
sitting,1
at,1
false,1
very,1
tropical,1
immigrant,1
existence,1
stands,1
fascinating,1
managing,1
intimate,1
chosen,1
agree,1
while,1
budget,1
rise,1
town,1
launched,1
journalist,1
issues,1
going,1
offers,1
gross,1
hang,1
similar,1
hold,1
cities,1
period,1
boss,1
smoking,1
island,1
result,1
understand,1
virgin,1
catching,1
admitted,1
superhero,1
least,1
arts,1
hamilton,1
timberlake,1
gathered,1
bear,1
could,1
lights,1
baseball,1
other,1
level,1
counting,1
kid,1
drawn,1
in,1
western,1
watching,1
increases,1
resolution,1
advertising,1
bans,1
granted,1
boots,1
american,1
back,1
line,1
prince,1
stepping,1
introduced,1
nation,1
getting,1
jerusalem,1
australia,1
reverse,1
share,1
end,1
dirty,1
fit,1
sign,1
underwear,1
aaron,1
must,1
old,1
seemingly,1
throws,1
lay,1
seems,1
exist,1
region,1
anchor,1
awful,1
apart,1
delivered,1
maine,1
q&a,1
outrageous,1
place,1
golden,1
either,1
weeks,1
type,1
watch,1
came,1
immediately,1
convinced,1
paper,1
an,1
early,1
solid,1
drake,1
hanging,1
surviving,1
thankful,1
big,1
which,1
trying,1
single,1
york,1
past,1
maryland,1
lewis,1
chelsea,1
tight,1
route,1
hurt,1
experience,1
mistakes,1
off,1
household,1
agencies,1
challenging,1
chair,1
steven,1
stops,1
service,1
tears,1
details,1
massachusetts,1
surface,1
odds,1
city,1
gets,1
seemed,1
found,1
air,1
on,1
chance,1
reaching,1
help,1
stress,1
door,1
transformation,1
assume,1
heard,1
iphone,1
street,1
worry,1
as,1
sleeping,1
dropping,1
attempts,1
match,1
measures,1
medal,1
alike,1
point,1
reveals,1
controversy,1
beyonc√©,1
room,1
hate,1
create,1
subway,1
survive,1
participants,1
unique,1
were,1
presented,1
differences,1
surprised,1
spin,1
math,1
putting,1
michael,1
taught,1
activist,1
cross,1
ford,1
blocks,1
don,1
december,1
fate,1
%,1
within,1
claims,1
hilarious,1
blues,1
smaller,1
words,1
sort,1
february,1
publicly,1
weekly,1
people,1
tweets,1
industry,1
by,1
event,1
pieces,1
adventure,1
cope,1
section,1
fallen,1
happiness,1
seen,1
eye,1
mom,1
styles,1
confirms,1
article,1
polling,1
night,1
title,1
inside,1
incredible,1
proper,1
parody,1
shark,1
involved,1
challenges,1
adoption,1
forgiveness,1
refugees,1
brooklyn,1
keep,1
given,1
clean,1
slightly,1
brutal,1
tower,1
memories,1
updates,1
comeback,1
reflects,1
recent,1
ask,1
phone,1
far,1
high,1
tired,1
anymore,1
tennessee,1
mainstream,1
shocked,1
neighbors,1
angry,1
traditions,1
trail,1
hilariously,1
nominees,1
joan,1
animal,1
percent,1
diseases,1
willing,1
funniest,1
arm,1
declared,1
girl,1
hero,1
becomes,1
already,1
carrying,1
brexit,1
rap,1
bike,1
ideal,1
once,1
rose,1
apologizes,1
sexist,1
suit,1
cleveland,1
spanish,1
knows,1
raised,1
wish,1
cultural,1
part,1
move,1
moms,1
goal,1
has,1
fires,1
miller,1
reminded,1
passed,1
argue,1
died,1
having,1
amy,1
space,1
herself,1
walk,1
poses,1
shooter,1
would,1
videos,1
reach,1
general,1
may,1
quest,1
vast,1
vital,1
enemy,1
jail,1
oldest,1
head,1
perspective,1
leather,1
confident,1
shows,1
doing,1
pass,1
footage,1
shower,1
starting,1
likely,1
loving,1
worst,1
miss,1
chuck,1
panic,1
source,1
fantastic,1
tourist,1
legs,1
contact,1
landscape,1
unlikely,1
question,1
rain,1
teaching,1
fully,1
company,1
hidden,1
born,1
exchange,1
collective,1
empire,1
provided,1
hear,1
project,1
author,1
color,1
closing,1
necessarily,1
'm,1
target,1
memory,1
gives,1
challenge,1
steps,1
pre,1
stuck,1
national,1
another,1
returned,1
stewart,1
bikini,1
knowing,1
yours,1
reasons,1
art,1
same,1
marc,1
sea,1
cost,1
thanks,1
hundreds,1
land,1
page,1
festival,1
shot,1
jet,1
ordered,1
changed,1
our,1
white,1
levels,1
orders,1
r,1
daniel,1
late,1
british,1
history,1
evil,1
abc,1
aim,1
speaking,1
offer,1
between,1
begin,1
huge,1
returns,1
barely,1
fair,1
highly,1
park,1
reddit,1
suggested,1
carbon,1
centers,1
naked,1
growing,1
wanted,1
rarely,1
pounds,1
targeted,1
situations,1
patterns,1
pet,1
readers,1
show,1
rather,1
belief,1
toll,1
fifth,1
preparing,1
studio,1
religious,1
mars,1
innovation,1
did,1
certainly,1
short,1
husband,1
environment,1
largely,1
rock,1
apply,1
serious,1
still,1
needed,1
expecting,1
editors,1
dallas,1
universal,1
generally,1
ban,1
features,1
internet,1
duty,1
gold,1
kids,1
jessica,1
beach,1
nails,1
cia,1
infographic,1
radical,1
unlike,1
san,1
visit,1
foreign,1
european,1
science,1
face,1
worse,1
okay,1
christians,1
flip,1
ideas,1
host,1
large,1
under,1
showed,1
via,1
particularly,1
backed,1
terrifying,1
tourism,1
stressed,1
21st,1
banned,1
deeper,1
sheer,1
scientists,1
struck,1
lines,1
bee,1
spotlight,1
april,1
behind,1
read,1
fathers,1
century,1
i,1
events,1
energy,1
hell,1
sustainable,1
common,1
hall,1
graham,1
gallery,1
wants,1
skills,1
contest,1
wind,1
snow,1
decided,1
rest,1
forms,1
signs,1
first,1
americans,1
leave,1
syrian,1
mueller,1
australian,1
habit,1
zone,1
passing,1
life,1
future,1
proud,1
greater,1
whose,1
gray,1
border,1
colors,1
strong,1
catholic,1
affected,1
factor,1
aside,1
grey,1
pays,1
platform,1
guilty,1
roots,1
conscious,1
netflix,1
wrote,1
themselves,1
questions,1
problems,1
appears,1
90s,1
calling,1
becoming,1
loses,1
thinking,1
canadian,1
acts,1
potential,1
awards,1
celebrating,1
francisco,1
house,1
leaving,1
say,1
latest,1
center,1
bachelor,1
forgotten,1
teams,1
describe,1
my,1
base,1
celebs,1
sight,1
avoid,1
action,1
several,1
holds,1
paying,1
since,1
hopes,1
tribute,1
joins,1
important,1
local,1
writer,1
trip,1
charlie,1
paint,1
called,1
beaches,1
train,1
lessons,1
extremely,1
usual,1
rush,1
happened,1
mayor,1
faster,1
star,1
constant,1
decades,1
caribbean,1
directly,1
owners,1
throughout,1
range,1
although,1
see,0
dads,0
their,0
opposition,0
icon,0
helping,0
tom,0
skin,0
someone,0
jump,0
telling,0
including,0
grew,0
alive,0
friend,0
fantasy,0
reminds,0
raising,0
‚Äôm,0
neighborhood,0
meaningful,0
shown,0
sat,0
update,0
panel,0
africa,0
man,0
findings,0
cut,0
pool,0
left,0
english,0
results,0
track,0
controversial,0
storm,0
somewhere,0
lawyers,0
hip,0
attend,0
atlanta,0
originally,0
robert,0
illegal,0
wave,0
visiting,0
chic,0
heart,0
years,0
freedom,0
responds,0
inauguration,0
empty,0
fewer,0
moments,0
statement,0
ourselves,0
danger,0
supporters,0
talent,0
journey,0
majority,0
official,0
affects,0
ultimately,0
had,0
gaga,0
taking,0
modern,0
beyonce,0
press,0
justin,0
hide,0
during,0
bold,0
asking,0
colbert,0
process,0
tend,0
change,0
tweet,0
tuesday,0
learning,0
north,0
countries,0
concept,0
employees,0
approach,0
cry,0
costs,0
enter,0
friday,0
rules,0
sees,0
information,0
offering,0
investment,0
closet,0
massive,0
falls,0
paris,0
south,0
middle,0
fail,0
worker,0
ignore,0
feature,0
employee,0
suddenly,0
pennsylvania,0
network,0
black,0
both,0
eyes,0
powerful,0
bed,0
earlier,0
each,0
characters,0
me,0
area,0
funny,0
due,0
station,0
favor,0
june,0
matter,0
scale,0
williams,0
conservatives,0
ed,0
normal,0
personal,0
foot,0
met,0
person,0
resources,0
resort,0
angeles,0
everybody,0
rapper,0
queen,0
stars,0
david,0
cause,0
stand,0
costume,0
families,0
culture,0
yesterday,0
honor,0
able,0
running,0
key,0
who,0
tries,0
reached,0
open,0
improve,0
also,0
seth,0
revolution,0
whatever,0
book,0
northern,0
native,0
allows,0
sky,0
earth,0
safe,0
grateful,0
trade,0
developing,0
name,0
focus,0
truth,0
los,0
wall,0
cleaning,0
won,0
protest,0
associated,0
taken,0
announcement,0
carpet,0
tech,0
exclusive,0
defends,0
mobile,0
review,0
heavy,0
office,0
generation,0
expected,0
california,0
losing,0
system,0
broadway,0
thomas,0
myself,0
announced,0
somehow,0
listen,0
reality,0
school,0
fake,0
forward,0
conditions,0
maybe,0
grief,0
jordan,0
grow,0
audience,0
down,0
says,0
academy,0
cars,0
experienced,0
doctor,0
luxury,0
global,0
build,0
worried,0
vacation,0
league,0
caught,0
flu,0
social,0
executive,0
record,0
discover,0
consumers,0
onto,0
following,0
movie,0
cover,0
online,0
check,0
knowledge,0
olympic,0
saying,0
emails,0
deals,0
ensure,0
class,0
struggling,0
upon,0
reminder,0
opinion,0
tale,0
refugee,0
believe,0
blood,0
ok,0
choice,0
adam,0
hope,0
carolina,0
quiet,0
certain,0
advocates,0
dozens,0
falling,0
retirement,0
highlights,0
pope,0
activities,0
union,0
remember,0
brought,0
journalists,0
greece,0
was,0
act,0
boys,0
orlando,0
model,0
includes,0
achieve,0
veteran,0
ocean,0
senators,0
lie,0
debut,0
lady,0
after,0
dollars,0
wage,0
release,0
working,0
ryan,0
continues,0
church,0
harder,0
focused,0
beauty,0
responsible,0
practice,0
boyfriend,0
appearance,0
saved,0
shut,0
voices,0
judge,0
lives,0
launch,0
mostly,0
unless,0
slams,0
clip,0
hit,0
tonight,0
sorry,0
minds,0
progressive,0
missed,0
poverty,0
couple,0
scott,0
richard,0
europe,0
core,0
picks,0
broke,0
charge,0
ends,0
hotel,0
fraud,0
daughters,0
major,0
anger,0
increasingly,0
plan,0
currently,0
pay,0
biden,0
advice,0
his,0
tree,0
shame,0
multiple,0
story,0
george,0
nfl,0
michigan,0
brain,0
theater,0
return,0
hours,0
case,0
suffering,0
users,0
clearly,0
included,0
play,0
job,0
strike,0
sale,0
passion,0
faced,0
work,0
affect,0
teach,0
upcoming,0
appear,0
months,0
stone,0
alabama,0
presidency,0
carry,0
access,0
interview,0
dangerous,0
terms,0
jewish,0
set,0
jersey,0
demand,0
discuss,0
content,0
politicians,0
cruz,0
built,0
others,0
nearly,0
sense,0
humans,0
environmental,0
live,0
necessary,0
cards,0
rising,0
tells,0
considered,0
gave,0
therapy,0
success,0
small,0
blog,0
boost,0
films,0
august,0
told,0
took,0
recently,0
-,0
wednesday,0
russian,0
fighting,0
problem,0
holding,0
drag,0
co,0
plays,0
television,0
force,0
francis,0
happening,0
recognize,0
crash,0
lead,0
views,0
celebrity,0
accept,0
aware,0
stopped,0
present,0
discrimination,0
talk,0
account,0
group,0
non,0
affordable,0
data,0
protect,0
jr,0
documentary,0
justice,0
significant,0
capital,0
dresses,0
editor,0
solution,0
conversation,0
royal,0
afraid,0
evening,0
saturday,0
protests,0
stories,0
sandy,0
gas,0
language,0
bodies,0
research,0
services,0
vs.,0
receive,0
reporter,0
body,0
mother,0
average,0
viral,0
honest,0
patient,0
seek,0
grand,0
obesity,0
remain,0
victim,0
changes,0
along,0
remains,0
kanye,0
fox,0
politics,0
virginia,0
failed,0
club,0
artist,0
being,0
charges,0
doubt,0
addiction,0
conference,0
am,0
female,0
written,0
hearing,0
engagement,0
adult,0
peace,0
youtube,0
asked,0
studies,0
evolution,0
she,0
he,0
travelers,0
museum,0
her,0
miles,0
response,0
failure,0
progress,0
lose,0
states,0
workers,0
spiritual,0
conflict,0
minister,0
jeff,0
college,0
series,0
member,0
wear,0
elizabeth,0
johnson,0
campaign,0
effects,0
respect,0
finds,0
broken,0
inner,0
daily,0
plane,0
fired,0
artists,0
ride,0
november,0
deadly,0
victory,0
players,0
staff,0
sit,0
coast,0
driving,0
image,0
split,0
central,0
medicine,0
hollywood,0
shared,0
balance,0
florida,0
historic,0
points,0
harassment,0
era,0
message,0
goals,0
rate,0
run,0
understanding,0
increase,0
tv,0
lawsuit,0
learn,0
pressure,0
choices,0
diy,0
cast,0
partner,0
collection,0
breast,0
girls,0
close,0
survey,0
animals,0
business,0
join,0
west,0
award,0
digital,0
male,0
write,0
efforts,0
boy,0
largest,0
physical,0
despite,0
second,0
cat,0
pregnancy,0
swift,0
prevent,0
racist,0
movies,0
episode,0
weight,0
letter,0
hurricane,0
defense,0
began,0
related,0
cases,0
went,0
rule,0
him,0
workout,0
lost,0
issue,0
board,0
equality,0
claim,0
‚Äú,0
reading,0
stunning,0
looked,0
men,0
god,0
ability,0
fight,0
provide,0
led,0
walking,0
threat,0
stephen,0
today,0
paul,0
trailer,0
deal,0
allow,0
role,0
push,0
marriage,0
against,0
teens,0
