koum,104
deletefacebook,104
snippy,104
ratting,104
downvote,104
browsers,104
linknyc,104
üì∫,104
strobe,104
üéÆ,104
üîç,104
fakebook,104
archetypical,104
tty,104
cintrifuse,104
ar,104
deprecated,104
partitioning,104
remap,104
acceding,104
turla,104
autoplay,104
lafrance,104
klint,104
daallo,104
techbargains,104
rashain,104
carriere,104
vizio,104
doxxing,104
korematsu,104
seshu,104
airships,104
xps,104
i7,104
coder,104
electrics,104
orig,104
irobot,104
rooma,104
woz,104
visualise,104
autofill,104
suman,104
prasad,104
vestager,104
pokedates,104
jigglypuff,104
jynx,104
whew,104
bitmoji,104
zubats,104
geocache,104
meowth,104
handhelds,104
itanium,104
junkyards,104
limply,104
zee.aero,104
zuck,104
zenbo,104
overusing,104
troversy,104
didi,104
chuxing,104
dataminr,104
waaaaarrrrhhhhhgggg,104
nificent,104
craps,104
router,104
satoshi,104
nakamoto,104
salvaged,104
burkhart,104
-year,104
potwin,104
linux,104
teleportation,104
phubbing,104
millward,104
chromebook,104
appall,104
alphago,104
sedol,104
blaid,104
federighi,104
encrypts,104
straley,104
amicus,104
needled,104
zzzzzz,104
whizzes,104
icloud,104
stratechery,104
accedes,104
riffraff,104
toymaker,104
vrroooom,104
cardboards,104
augment,104
twitterpocalypse,104
cryptoanarchist,104
change.org's,104
faraday,104
a.i,104
archiving,104
politwoops,104
bett,104
lawmakwers,104
handier,104
pgp,104
backdated,104
lurked,104
epson,104
badonkadonk,104
cheil,104
bigapps,104
geotagged,104
vtech,104
üîã,104
incentivizing,104
keswin,104
opr,104
resets,104
snookered,104
turkle,104
sigurlina,104
ingvarsdottir,104
angwin,104
skylanders,104
tita,104
supercell,104
jailbreaking,104
3po,104
horrell,104
broadwayhd,104
botnet,104
cisa,104
mingles,104
woteki,104
youku,104
tudou,104
shopify,104
dfree,104
groufie,104
chertoff,104
chromecast,104
buuren,104
popeishope,104
gigabytes,104
risc,104
amiibo,104
pokken,104
phonebook,104
beerbots,104
totalhonestytuesday,104
ilooklikeanengineer,104
carisch,104
pulsated,104
stagefright,104
commodore,104
amiga,104
wriggles,104
taskrabbit,104
brinker,104
unprofitable,104
techtopus,104
quiqui,104
iterative,104
cfa,104
schawel,104
neknominate,104
conspiratorially,104
krebs,104
megadeal,104
wario64,104
evergram,104
gartner,104
johnnyoptimist,104
flappy,104
neale,104
hurston,104
compaq,104
webpages,104
iwatch,104
crowther,104
playfield,104
transhumanists,104
sacco,104
californias,104
ibeacon,104
raibert,104
guay,104
karski,104
permissions,104
dodocase,104
quizup,104
macbooks,104
mansoureh,104
waywire,104
kevo,104
nudeaudio,104
divoom,104
bluetune,104
boombottle,104
iluv,104
mobiaria,104
starbucksdrakehands,104
phablet,104
ameicans,104
un)consciousness,104
advertiser,104
ipos,104
mirna,104
costolo,104
belshe,104
ietf,104
vined,104
khoaliti,104
gmyle,104
tylt,104
asus,104
parenthetical,104
ghosthunters,104
computerworld,104
holic,104
nextlesson,104
gravatt,104
memorizes,104
ijustine,104
calcalist,104
deaven,104
monoprice,104
wqhd,104
clueing,104
nauseum,104
mudding,104
algorithmic,104
kuittenen,104
mediterrean,104
att,104
wwdc,104
iradio,104
owyang,104
distro,104
lowballing,104
cassell,104
fap,104
nofap,104
multiplatform,104
dogfooding,104
quickoffice,104
undeleted,104
mclellan,104
disassembled,104
carryover,104
doink,104
msmiatamiss,104
sensless,104
internet+mobile+social+photography,104
rehtaeh,104
olfaction,104
digiday,104
terrie,104
uploadable,104
nytm,104
kamphuis,104
cyberbunker,104
wifislam,104
jiaotong,104
sise,104
techsters,104
www.catchafire.org,104
srosenbaum,104
nycedc,104
audiovisual,104
oreskovic,104
mobileme,104
backups,104
stierch,104
tedactive,104
crowdstorming,104
darpa,104
localmotors,104
giffgaff,104
z10,104
stanfords,104
iphablet,104
bullplop,104
connection.what,104
freshwire,104
catagorize,104
goodreads,104
rabois,104
orin,104
dotcom,104
megaupload,104
hastag,104
aggregated,104
ddos,104
huawei,104
tci,104
mci,104
gizmo,104
expos√©s,104
evers,104
opsahl,104
swingline,104
spls,104
wamble,104
codename,104
secreeeet,104
iglasses,104
scroogled,104
scroogling,104
datawind,104
ubislate,104
7ci,104
fastcompany,104
sharer,104
40-month,104
camcording,104
summly,104
u.s.-labeled,104
dinning,104
maximise,104
riaa,104
hepp,104
hotwired,104
yuval,104
appy,104
himank,104
igf,104
levendos,104
cieri,104
rivington,104
nyan,104
ereaders,104
shao,104
fubon,104
rundowns,104
quickness,104
hones,104
+44,104
longhua,104
dormitories,104
brutsch,104
s3,104
torrentfreak,104
contextualizing,104
mockups,104
blueseed,104
extravagance,104
machinima,104
opendyslexic,104
instapaper,104
hastings,104
znga,104
crudely,104
scalability,104
oran,104
oyj,104
glowlight,104
formlabs,104
filigreed,104
incongruously,104
necomimi,104
betaworks,104
endeavours,104
lifelogger,104
searchable,104
winklevoss,104
sumzero,104
imac,104
gottfrid,104
svartholm,104
flyingbuddy2,104
copter,104
emotiv,104
velvin,104
esports,104
onlive,104
kinect,104
idevice,104
coppa,104
nosal,104
oversubscription,104
nishibori,104
cyfi,104
defcon,104
sleekness,104
ewise,104
foldable,104
isuppli,104
digg'ing,104
digg,104
deletionist,104
bieb,104
bfd,104
abbreviation,104
writedown,104
crowdrise,104
variance,104
25-watt,104
hershenson,104
serlet,104
maclellan,104
losse,104
unfixable,104
joffe,104
publicizing,104
miiverse,104
nanako,104
imazu,104
clsa,104
brushoff,104
hypercard,104
saverin,104
colonized,104
vertu,104
permira,104
deadsocial,104
papermate,104
taobao,104
mutikani,104
spammers,104
brein,104
doisneau,104
oldify,104
fatify,104
baldify,104
rezound,104
razr,104
hai,104
uppsite,104
tisp,104
xilai,104
bittorrent,104
ringcentral,104
crosswords,104
10-letter,104
slackatavism,104
gowalla,104
mushahwar,104
cetacean,104
technorati,104
techfreedom,104
liana,104
carew,104
jasmin,104
entreprenuer,104
condundrum,104
xperia,104
hirai,104
nordberg,104
filesharing,104
antennagate,104
paidcontent,104
kashgari,104
hishammuddin,104
repatriated,104
lieberthal,104
zvelo,104
acta,104
remigijus,104
breathaleyes,104
xplor,104
selfcontrol,104
spyw,104
sopa,104
thorsten,104
heins,104
lte,104
ballmer,104
battlefront,104
imacs,104
mozilla,104
appropriateness,104
aapl,104
s4,104
jbl,104
htc,104
boxee,104
qooq,104
lumia,104
aquantive,104
epeat,104
ios,98
unconfirmed,97
motorola,93
curation,89
oculus,83
cios,83
bluetooth,83
encrypt,78
andreessen,78
itv,78
encryption,76
hp,76
passwords,73
wozniak,73
whatsapp,72
samsung,72
android,69
passcode,69
verification,69
warranty,69
note7,69
palantir,69
heists,69
kwikset,69
scosche,69
sep,69
sifted,69
sven,69
eeg,69
torvalds,69
paperwhite,69
friending,69
dupri,69
antikythera,69
microsoft,67
retina,67
foxconn,66
driverless,65
machinations,64
nokia,64
kiosks,62
newsfeed,62
fingerprint,62
technologists,62
ebook,62
os,60
mcafee,60
swartz,60
password,55
iphone,55
apple,53
keyless,52
aleksandr,52
vero,52
flipside,52
flamethrower,52
newsfeeds,52
patched,52
filtering,52
screwups,52
eavesdrop,52
khosrowshahi,52
malware,52
levandowski,52
kaveh,52
deniability,52
curie,52
tectonics,52
üòä,52
kiran,52
braking,52
guardrail,52
macbook,52
countermeasures,52
brightened,52
routers,52
margrethe,52
telemarketers,52
url,52
geocaching,52
top-10,52
supercomputer,52
rewired,52
ewoks,52
retooling,52
ahhhh,52
mateusz,52
mach,52
headsets,52
gamergate,52
rechargeable,52
lg,52
overheating,52
smartwatches,52
scrapbooking,52
batmobile,52
fridges,52
chilcott,52
codegirl,52
tsu,52
spamming,52
pao,52
activision,52
clans,52
slicker,52
gumball,52
reinvest,52
defectors,52
alibaba,52
sedans,52
hermitage,52
armin,52
dissected,52
techcrunch,52
starcraft,52
droid,52
brutalize,52
rpg,52
pneumatic,52
rly,52
revving,52
isolationists,52
thinnest,52
encrypting,52
heartbleed,52
eich,52
ssl,52
prophesy,52
kail,52
homepage,52
patented,52
luddites,52
sarkeesian,52
insidiousness,52
loudspeakers,52
ajar,52
shumaker,52
wojcicki,52
brin,52
sleiman,52
torrents,52
quantified,52
login,52
dashlane,52
cosplays,52
ratted,52
ktvu,52
yuppies,52
on-,52
bartle,52
muds,52
altimeter,52
carbide,52
subsumed,52
blech,52
uberx,52
rideshare,52
magenta,52
aero,52
readable,52
participates,52
arrington,52
copyrighted,52
jazzes,52
marguerita,52
gregorio,52
longstreth,52
kuwaiti,52
telecommunication,52
aoun,52
kpmg,52
steinitz,52
infringed,52
legalese,52
wei,52
badminton,52
mew,52
desktops,52
assembles,52
stratos,52
zynga,52
macroeconomics,52
belying,52
roadster,52
spd,52
personae,52
soulmates,52
berners,52
lesko,52
bemused,52
centenary,52
schiller,52
propagandists,52
reckons,52
sensor,52
aloneness,52
sprites,52
motherboard,52
flaps,52
bpd,52
markoff,52
microblogging,52
gmail,52
pimps,52
detangle,52
gazelles,52
billionth,52
stifles,52
disables,52
vilnius,52
venturebeat,52
unconvinced,52
aneesh,52
venmo,52
oracle,52
waze,52
wii,52
smartwatch,52
xbox,49
sensors,49
notifications,47
ransomware,46
vr,46
iphones,45
lithium,45
desktop,45
headset,45
gizmodo,45
bandwidth,45
isps,45
patent,44
siri,42
fb,42
humanoid,42
bot,42
gamers,42
damore,42
encrypted,42
ion,42
algorithm,42
java,42
disable,42
interface,42
jawbone,42
prism,42
meetup,42
damian,42
binoculars,42
ltd,42
jermaine,42
bitcoin,41
nexus,40
wireless,40
keyboard,40
kindle,39
ipad,38
software,38
piracy,38
ntsb,35
autopilot,35
tattling,35
flamethrowers,35
infuriatingly,35
chucking,35
hobbyist,35
verifies,35
blockchain,35
objectionable,35
sweeper,35
cade,35
metz,35
buzzworthy,35
juicero,35
waddell,35
objected,35
vicarious,35
dell,35
cackling,35
backchannel,35
recalculate,35
pika,35
activates,35
polaroid,35
blackberry,35
midsize,35
lenovo,35
methamphetamine,35
minecraft,35
intuit,35
niceness,35
ransoms,35
texters,35
bitcoins,35
courtois,35
cherie,35
sunroof,35
towered,35
carmakers,35
daimler,35
maturing,35
walkman,35
impairments,35
astro,35
ewok,35
cablevision,35
peeple,35
üê∑,35
catcall,35
neediest,35
bluer,35
lorelai,35
disentangle,35
multiplayer,35
superfast,35
voicemails,35
naught,35
hobbled,35
largesse,35
spurious,35
esurance,35
swiftness,35
formalized,35
ev,35
quitters,35
seo,35
fangirls,35
ips,35
turbocharge,35
identifiable,35
preordained,35
impervious,35
telegram,35
e3,35
bristling,35
banality,35
workweeks,35
upfronts,35
bazaars,35
endpoint,35
adopters,35
streaked,35
aereo,35
gulping,35
tact,35
choy,35
buggy,35
firefox,35
wikimedia,35
te'o,35
plugin,35
infringing,35
stapler,35
hive,35
binged,35
deloitte,35
pirating,35
unusable,35
byte,35
ereader,35
specifying,35
unsavory,35
linus,35
chronicler,35
flatly,35
attrition,35
uti,35
kwan,35
techies,35
buyout,35
preorders,35
dreamin,35
40-somethings,35
technologist,35
ihs,35
deletion,35
typefaces,35
skinnier,35
craftsmen,35
specs,35
25k,35
chongqing,35
signup,35
hedberg,35
lcd,35
ou,35
nightline,35
antenna,35
eavesdropping,35
patents,35
gentlemen,34
hackers,34
nintendo,33
computing,33
smartphones,33
browser,33
google,32
chrome,32
colonialism,32
turing,32
rim,32
cybersecurity,31
automation,31
periscope,31
pirate,30
youtube,30
silicon,30
screenshot,30
dungeons,30
telecommunications,30
macs,30
halo,29
cio,29
pokemon,29
unlock,29
privacy,29
stingray,28
pc,28
suppressed,28
ftc,27
wsj,27
kogan,26
atms,26
shazam,26
downloads,26
altman,26
megaphone,26
lunden,26
redrawn,26
phishing,26
augmented,26
untrustworthy,26
moynihan,26
turbotax,26
pranksters,26
dougherty,26
canaveral,26
viber,26
printers,26
beep,26
streetlights,26
cache,26
stateline,26
moviegoer,26
dived,26
throttling,26
üç™,26
queries,26
squeal,26
wearables,26
affiliations,26
cellphones,26
loathed,26
reenacts,26
fiercer,26
sherry,26
sodomy,26
redesigned,26
ageing,26
buena,26
dredging,26
crowdsourcing,26
uptake,26
designating,26
gchat,26
fakers,26
stratospheric,26
cherokee,26
freckles,26
satoru,26
iwata,26
cybercriminals,26
upworthy,26
accusatory,26
morons,26
qu√©,26
disks,26
consoles,26
jarre,26
zoom,26
curators,26
chemists,26
acquisitions,26
approximate,26
qi,26
functionality,26
ott,26
conversing,26
leakage,26
heralds,26
spunky,26
clerics,26
combinator,26
minter,26
morin,26
beaters,26
scraped,26
bewilderment,26
emir,26
hammering,26
underscored,26
swooped,26
rekindled,26
ipods,26
doorbuster,26
methodical,26
segue,26
tames,26
peekaboo,26
foreman,26
kodak,26
questionably,26
yearns,26
siu,26
peddle,26
smarty,26
hamza,26
tivo,26
reintroduce,26
autonomous,26
malicious,26
demo,26
groupon,26
tech,26
bezos,25
computers,25
yahoo,25
ibm,25
cyber,25
battery,25
messenger,24
broadband,24
offline,24
pikachu,24
downloaded,24
rumors,24
zuckerberg,24
itunes,24
blatant,23
snapchat,23
tvs,23
smartphone,23
vine,23
adobe,23
postings,23
intercept,23
bing,23
dashboard,23
chrysler,23
organisation,23
olaf,23
dobson,23
norad,23
eduardo,23
touchy,23
tablet,23
wikipedia,23
vines,23
batteries,22
acquisition,22
videos,22
amazon,22
verizon,22
tablets,22
devices,21
probed,21
differed,21
flotation,21
wallflower,21
callisto,21
dara,21
payoffs,21
stormer,21
filters,21
davey,21
jeep,21
broadside,21
rampages,21
backtracks,21
tetris,21
broadcasts,21
overhauled,21
unyielding,21
unhelpful,21
destroyer,21
fiddle,21
navigation,21
implanted,21
flummoxed,21
notification,21
imposter,21
domains,21
gah,21
dissuade,21
snowmageddon,21
provo,21
cabs,21
crowing,21
greased,21
97-year,21
optimizing,21
responder,21
cufflinks,21
commercialization,21
cavemen,21
foia,21
contended,21
lipton,21
systemically,21
tao,21
exposition,21
curved,21
encyclopedic,21
stereo,21
cafeterias,21
curate,21
rainn,21
moocs,21
saturation,21
registers,21
expelling,21
coders,21
stearns,21
wingsuit,21
uncontrolled,21
distributing,21
hushed,21
checkup,21
shutterstock,21
optimized,21
spooks,21
giveaways,21
receptionist,21
coy,21
backtracked,21
ces,21
mosh,21
audits,21
inordinate,21
luminaries,21
homs,21
shuttering,21
intelligently,21
minis,21
fallows,21
smithereens,21
hd,21
joanne,21
dwindled,21
prototypes,21
ahoy,21
rhoda,21
00s,21
translucent,21
summarizes,21
gags,21
clamps,21
mobs,21
thunderstorms,21
grappled,21
wired,20
hacker,20
nsa,20
tinder,20
electronics,20
app,20
developers,20
mobile,20
cyberattack,20
skype,20
copyright,20
tesla,20
hacked,20
copycat,20
download,20
maps,19
gaming,19
bug,19
dmv,19
throttle,19
automated,19
trusts,19
tomlinson,19
okcupid,19
upload,19
bracelet,19
console,19
kuwait,19
censors,19
float,19
accelerating,18
spam,18
paypal,18
accessibility,18
users,18
phones,18
regulators,18
proxy,18
elon,18
alerted,17
glitch,17
viewpoints,17
infrared,17
67-year,17
extortion,17
sprinklers,17
dollhouses,17
rammed,17
tamp,17
roomba,17
traffickers,17
levy,17
drafts,17
antitrust,17
skyrockets,17
dorsey,17
supplier,17
solarcity,17
notifying,17
bolts,17
controller,17
honk,17
barons,17
squee,17
unconcerned,17
at&t,17
wookiee,17
shepherds,17
omni,17
mapping,17
subsidized,17
keller,17
emitting,17
notify,17
jarvis,17
visualizing,17
ip,17
pseudonym,17
mastercard,17
phasing,17
cassette,17
serrano,17
hewlett,17
delorean,17
dreamlike,17
hangouts,17
zelda,17
grunt,17
classiest,17
glut,17
bobbie,17
ecuadorian,17
cloaked,17
thumping,17
stuffer,17
festivus,17
prudential,17
impediments,17
graphs,17
powerpoint,17
jonny,17
disenchanted,17
relayed,17
ebooks,17
marcos,17
incidences,17
starkly,17
cognitively,17
apprehension,17
?,17
alexei,17
authorizing,17
tinkering,17
lifespans,17
overshare,17
disoriented,17
soured,17
measly,17
fanboy,17
songbook,17
shih,17
reductionist,17
chong,17
skydive,17
arbitrarily,17
predictive,17
demystifying,17
discontinue,17
optimists,17
choppy,17
misunderstand,17
flushed,17
typeface,17
uploading,17
asymmetrical,17
mead,17
morse,17
nanotechnology,17
brookings,17
despondent,17
wifi,17
revamped,17
startup,17
musk,17
robot,17
virtual,17
layoffs,17
drones,17
publishers,17
hack,17
spotify,17
robotic,17
web,16
subscribers,16
orca,16
kosher,16
applications,16
windows,16
thiel,16
stalk,16
wording,16
wi,16
marquee,16
ax,16
distribute,16
retrieve,16
outage,16
shortcuts,16
fiat,16
ipod,16
micro,16
pioneered,16
crabs,16
galaxy,16
inc,16
lyft,16
ipo,16
comcast,16
exploding,16
safeguards,16
coo,16
font,16
analytica,15
doodle,15
hardware,15
drivers,15
microphones,15
privatized,15
deploying,15
boroughs,15
cisco,15
artificial,15
verified,15
prioritizes,15
spying,15
streamed,15
combats,15
bullish,15
slashes,15
atari,15
rents,15
bendy,15
verify,15
magistrate,15
flagging,15
imitates,15
snooping,15
personalizing,15
fates,15
cords,15
advancement,15
refrigerators,15
clone,15
swiping,15
shipments,15
inventors,15
churning,15
hyundai,15
wretched,15
sourced,15
accounted,15
sunken,15
flabbergasted,15
chlamydia,15
internally,15
thoughtless,15
aftra,15
installed,15
eharmony,15
outlawing,15
valuing,15
frickin,15
lasers,15
dialing,15
boggs,15
quirkiest,15
playstation,15
hardball,15
valuation,15
wasteland,15
purports,15
acquires,15
excitedly,15
doting,15
livid,15
friction,15
sergey,15
inflamed,15
floundering,15
retaining,15
baffle,15
epitomized,15
37-year,15
consultancy,15
unstructured,15
unloved,15
manti,15
prowl,15
tweaked,15
totem,15
summarized,15
gerry,15
accountants,15
bangalore,15
programmer,15
apparatus,15
phnom,15
penh,15
subset,15
aligns,15
moot,15
klimt,15
bertrand,15
mathematicians,15
atkinson,15
snatching,15
stephenson,15
discrepancies,15
swarms,15
maxx,15
interruptions,15
tajikistan,15
pocketed,15
xlvi,15
sandberg,15
activated,15
yak,15
gopro,15
detection,15
alphabet,14
device,14
emojis,14
graphics,14
ipads,14
user,14
uber,14
laptop,14
tightens,14
analysts,14
ransom,14
deploy,14
lawful,14
hopper,14
builders,14
infringement,14
schmidt,14
civic,14
robots,14
browsing,14
juggernaut,14
editing,14
messaging,13
subscription,13
logo,13
valley,13
fcc,13
succumbed,13
flaw,13
vibrator,13
zealots,13
tracker,13
@,13
orbital,13
quad,13
tumbles,13
servers,13
cofounder,13
infatuation,13
secretive,13
demolish,13
browse,13
lahore,13
steroids,13
submits,13
backdoor,13
censor,13
commands,13
googled,13
substantially,13
üéÅ,13
unmasked,13
packard,13
remaking,13
processors,13
stds,13
accelerates,13
supervisor,13
autocorrect,13
uneducated,13
subsidizing,13
restricted,13
shunning,13
passively,13
vigilance,13
premises,13
fontaine,13
nguyen,13
pacifiers,13
affirmed,13
howell,13
restricts,13
orwellian,13
furor,13
intersect,13
moxie,13
venetian,13
avon,13
neurons,13
barrett,13
contends,13
superiority,13
crosby,13
lamented,13
interruption,13
webcam,13
chews,13
brainstorm,13
tweaking,13
shrill,13
excite,13
givers,13
imaging,13
mpaa,13
complicating,13
prickly,13
auditorium,13
emblazoned,13
cyberspace,13
fingerprints,13
conquest,13
sinead,13
fellows,13
lithuania,13
gadget,13
marissa,13
streams,13
prizes,13
emoji,13
censorship,13
inventor,13
facebook,13
speeds,12
sprint,12
startups,12
data,12
pedestrian,12
distributed,12
gamer,12
database,12
outsmart,12
conjures,12
fragmented,12
cellphone,12
drone,12
internet,12
pok√©mon,12
speculation,12
engineers,12
toyota,12
wearable,12
digital,12
computer,12
filter,12
landlords,12
breaches,12
ingrid,12
waymo,12
fitbit,12
spiking,12
spotless,12
sadder,12
quantities,12
yik,12
caterpillar,12
shames,12
bumble,12
edging,12
smashes,12
tay,12
unlocking,12
statesman,12
sxsw,12
uncharted,12
bumping,12
emblem,12
hasbro,12
coding,12
banished,12
royalties,12
hogs,12
rewire,12
turbo,12
propublica,12
fiercest,12
üí∞,12
drains,12
gridlocked,12
cautions,12
gizmos,12
weirdness,12
authorize,12
crocker,12
preachers,12
dials,12
archive,12
percentages,12
supplemental,12
edwin,12
justine,12
clarification,12
hummingbird,12
downloading,12
protectors,12
diligently,12
broadcasters,12
boise,12
unreliable,12
shamelessly,12
altruistic,12
outset,12
crooks,12
laptops,12
sever,12
blanchard,12
spectre,12
shutdowns,12
shin,12
widest,12
gustav,12
vie,12
protagonists,12
subsidiary,12
accompanies,12
cars,12
bringing,11
further,11
vehicles,11
swipe,11
screens,11
obsolete,11
apps,11
exploded,11
cloud,11
manufacturer,11
bridging,11
bernardino,11
code,11
monitors,11
printer,11
pandora,11
manufactured,11
precision,11
enhanced,11
printing,11
disputed,11
trolling,11
airbnb,11
technology,11
shareholders,11
recycled,11
ingenious,11
fading,11
mini,11
linkedin,11
engineer,11
maker,10
speculative,10
bedfellows,10
trademarks,10
coded,10
spawned,10
ramped,10
consortium,10
fatality,10
advancements,10
impostor,10
gram,10
charred,10
igniting,10
lander,10
walkable,10
competitors,10
dormant,10
engines,10
rift,10
genocidal,10
swipes,10
nom,10
heaping,10
prosthetics,10
roadblock,10
primates,10
philippe,10
redundant,10
mit,10
disturbance,10
bmw,10
porsche,10
summon,10
replies,10
nissan,10
bummed,10
inks,10
yuck,10
intrinsically,10
continual,10
agile,10
weakest,10
defunct,10
martian,10
leveraging,10
porches,10
rewind,10
ghetto,10
yore,10
solidify,10
nickel,10
optimization,10
culmination,10
sordid,10
zing,10
charger,10
quantum,10
influencer,10
omnipresent,10
genie,10
ty,10
fishy,10
ruler,10
heap,10
rt,10
cyberattacks,10
urinary,10
wasteful,10
torrent,10
plummeted,10
salesperson,10
flagged,10
waterloo,10
artsy,10
paragraph,10
delicacy,10
sheryl,10
invention,10
content,10
exploit,10
futuristic,10
button,10
phone,10
madison,10
stoked,10
deliveries,10
slack,10
breached,10
paced,10
31st,10
blackout,10
unto,10
seeker,10
platforms,10
electronic,10
google+,10
spacex,10
iranians,10
operating,10
mac,10
mute,9
monoxide,9
competitor,9
shipping,9
morph,9
guarded,9
finley,9
plausible,9
hoverboard,9
dams,9
alerts,9
dashcam,9
reconsidering,9
portable,9
renamed,9
appease,9
inciting,9
foundational,9
farrell,9
routinely,9
shoddy,9
ploy,9
toothbrush,9
bionic,9
sheltered,9
buzzing,9
takeoff,9
logged,9
footprints,9
registering,9
sacked,9
signaling,9
hermit,9
applicant,9
ada,9
thy,9
transcripts,9
cartel,9
brushed,9
theoretically,9
metaphors,9
audacious,9
aquatic,9
mulling,9
juveniles,9
riveting,9
marbles,9
hauntingly,9
visionaries,9
accessed,9
shadowy,9
commons,9
snippets,9
professed,9
inept,9
wilds,9
sharma,9
detecting,9
amplified,9
censored,9
clementi,9
melvin,9
harding,9
revelations,9
consulting,9
integrate,9
deals,9
mayer,9
neutrality,9
stats,9
priced,9
requests,9
makers,9
stored,9
equifax,9
slows,9
connectivity,9
firms,9
escalates,9
euros,9
outrageously,9
unveiling,9
psy,9
tracking,9
delete,9
sciences,9
usage,9
silk,9
hacking,9
alarmingly,9
harvested,9
insta,9
kessler,9
charging,9
sap,9
unveiled,9
recharging,9
manuscript,9
msf,9
backfired,9
enlightening,9
pauses,9
thefts,9
trailblazer,9
defenseless,9
regaining,9
payout,9
demagogue,9
audi,9
telecom,9
honda,9
diminishing,9
vista,9
alienating,9
scanning,9
vii,9
interaction,9
copying,9
drooling,9
astronomical,9
coupon,9
clogs,9
prudence,9
terminator,9
follower,9
wires,9
scrolling,9
biologists,9
salem,9
intensified,9
spearheaded,9
hardwired,9
richly,9
battlefields,9
sighted,9
immortal,9
prosper,9
reliably,9
inertia,9
sequels,9
incremental,9
smelly,9
wrist,9
sizable,9
katz,9
pitting,9
inclination,9
gangs,9
succeeding,9
perilous,9
slender,9
fledgling,9
paxton,9
sketchy,9
recorder,9
lol,9
earnings,9
triangle,9
propaganda,9
snowden,9
blogs,9
revenue,8
networks,8
alexa,8
thumb,8
yacht,8
engine,8
exclude,8
irl,8
airplanes,8
recycle,8
feds,8
outed,8
upgrades,8
certification,8
subpoena,8
providers,8
payment,8
feature,8
company,8
swimmers,8
innovation,8
downplays,8
reassess,8
utopia,8
heist,8
pew,8
guardian,8
summons,8
beethoven,8
erases,8
silhouettes,8
advertisements,8
depicted,8
evangelist,8
licensing,8
adjacent,8
25th,8
nimble,8
neiman,8
culled,8
floppy,8
scanners,8
feuding,8
weighty,8
exemplified,8
miner,8
introductions,8
chainz,8
inflated,8
pjs,8
mulls,8
refunds,8
err,8
calgary,8
inspections,8
predictor,8
tanking,8
conducts,8
banging,8
rutgers,8
ny,8
distraction,8
displays,8
stock,8
consumer,8
attackers,8
cameras,8
restrict,8
cracking,8
trademark,8
deleted,8
technical,8
g,8
accessing,8
damages,8
q,8
peer,8
precedent,8
safari,8
streaming,8
popular,7
misuse,7
searches,7
logging,7
ablaze,7
cgi,7
ripoff,7
invests,7
microscope,7
skyrocket,7
withdrew,7
mechanical,7
stabs,7
assistants,7
unlocked,7
plummeting,7
xenophobic,7
showcased,7
flagship,7
aligning,7
motors,7
trampled,7
solves,7
laughable,7
sophistication,7
foggy,7
calculator,7
physicists,7
declarations,7
visibly,7
tricked,7
dope,7
racked,7
noticeable,7
oddest,7
whispers,7
ascent,7
willful,7
adversaries,7
futile,7
recurrent,7
jargon,7
swath,7
sandbox,7
bode,7
curating,7
info,7
aol,7
engineering,7
theft,7
pages,7
netflix,7
online,7
intel,7
banner,7
covering,7
panels,7
cheapest,7
dismissal,7
hires,7
remotely,7
canceling,7
exceed,7
interacting,7
ceo,7
technologies,7
cents,7
5th,7
electric,7
posts,7
scrub,7
primer,7
proactively,7
paused,7
autonomy,7
homegrown,7
flirting,7
borough,7
mascot,7
mogadishu,7
swastikas,7
disheartening,7
hoover,7
exploiting,7
hunted,7
suppressing,7
merging,7
clarify,7
plunged,7
quarterly,7
amok,7
settings,7
experimenting,7
lenses,7
automaker,7
compensate,7
combatting,7
derailed,7
outlandish,7
smacks,7
cons,7
spikes,7
cheered,7
differentiate,7
tightening,7
nuisance,7
settlers,7
maneuver,7
fridays,7
frontier,7
ire,7
positioned,7
playlists,7
mechanics,7
hipsters,7
billing,7
arenas,7
flickr,7
holders,7
mobilizing,7
quoted,7
methodology,7
securities,7
nook,7
tract,7
logos,7
michelangelo,7
upgraded,7
iteration,7
qualifies,7
midway,7
looting,7
bart,7
spun,7
empire,7
rival,7
workforce,7
blocked,7
provider,7
sponsored,7
mph,7
unfolding,7
fbi,7
secure,7
pornography,7
technological,7
maintenance,7
headphones,7
enterprise,7
publish,7
skit,7
tow,7
aug,7
site,7
linking,7
bogus,7
sept,7
machines,7
numerous,7
revenge,7
brief,7
stalker,7
decries,7
photoshoot,7
boating,7
exploits,7
massively,7
shambles,7
nemo,7
footing,7
squeezing,7
70-year,7
textbooks,7
overblown,7
oranges,7
render,7
seizures,7
thwart,7
activate,7
sickening,7
sneaking,7
accelerated,7
buttons,7
blumenthal,7
shipped,7
meanings,7
ethos,7
gandhi,7
zurich,7
resurfaced,7
redmond,7
seizes,7
cubes,7
dictated,7
billboards,7
wizards,7
sexting,7
convened,7
reggae,7
textures,7
speculate,7
shutter,7
clause,7
agreeing,7
forums,7
repairs,7
choo,7
cellular,7
cemented,7
skyrocketed,7
ioc,7
dreadful,7
oversaw,7
purposely,7
disguise,7
neatly,7
inland,7
loom,7
criticisms,7
ai,7
delivery,7
stem,7
acquired,7
services,6
criminals,6
gadgets,6
upgrade,6
tim,6
product,6
dynamics,6
echo,6
corp,6
unit,6
tanks,6
pirates,6
spoilers,6
visionary,6
30-year,6
7th,6
g.,6
whining,6
unintended,6
registration,6
1st,6
plug,6
astronauts,6
seconds,6
reporting,6
customers,6
beta,6
confidential,6
temporarily,6
companies,6
cellar,6
manipulate,6
consensual,6
boarded,6
dismissing,6
harambe,6
apollo,6
timed,6
sidewalks,6
analytics,6
ruining,6
bots,6
mastermind,6
pressing,6
uc,6
quickest,6
capitalist,6
loathing,6
recalling,6
snuggle,6
pebble,6
nielsen,6
librarian,6
laundering,6
kickstarter,6
altruism,6
claws,6
thumbs,6
pinned,6
suspicions,6
oxymoron,6
galapagos,6
tack,6
satin,6
prowess,6
cuter,6
reside,6
recounted,6
suppliers,6
parsons,6
underrepresented,6
angers,6
exert,6
unknowingly,6
dummies,6
installing,6
bargains,6
dyslexia,6
plotted,6
solemn,6
cambodian,6
granite,6
doodles,6
injunction,6
corrected,6
limbaugh,6
tightrope,6
hussein,6
launches,6
cracked,6
fools,6
ashley,6
ambitions,6
valued,6
websites,6
slap,6
social,6
giants,6
breach,6
consumers,6
inbox,6
unnamed,6
salaries,6
environmentally,6
cheaper,6
debris,6
accounts,6
creators,6
rumored,6
networking,6
basics,6
regular,6
fi,6
controlled,6
request,6
removes,6
crashing,6
unlimited,6
exec,6
u,6
controls,6
damned,6
extent,6
recruit,6
opposing,6
investor,6
pepe,6
eases,6
adrienne,6
reusable,6
scourge,6
disrupted,6
impersonating,6
ventured,6
shooters,6
unanimously,6
bureaucracy,6
trippy,6
dollhouse,6
boosted,6
bearded,6
paternity,6
convert,6
execs,6
poached,6
obligated,6
interfering,6
exceptions,6
hailing,6
patches,6
appoint,6
mayhem,6
blindly,6
provoked,6
seminal,6
cautioned,6
vitriol,6
readies,6
glove,6
mentors,6
embassies,6
denials,6
energetic,6
foray,6
whitman,6
validate,6
conveniently,6
squarely,6
grievances,6
maxi,6
underscores,6
23rd,6
tended,6
disruptions,6
update,6
mining,6
expands,6
contracts,6
licenses,6
verge,6
combating,6
settles,6
sony,6
dwell,6
curated,6
mechanism,6
network,6
giant,6
transparency,6
venture,6
ads,6
reddit,6
founders,6
replacing,6
introduces,6
platform,6
commission,6
twitter,5
disagreements,5
website,5
companions,5
internment,5
rename,5
inconsistent,5
junkies,5
scavenger,5
sonic,5
philanthropic,5
evasion,5
wichita,5
impersonator,5
exaggerated,5
spurred,5
mobility,5
visually,5
raymond,5
plugged,5
sorting,5
blur,5
fruity,5
liberties,5
confuse,5
rad,5
blazes,5
headspace,5
extramarital,5
taunt,5
windshield,5
overturned,5
civility,5
servants,5
locking,5
originated,5
coherent,5
trenches,5
branded,5
herald,5
afterward,5
customized,5
puns,5
rounding,5
discourage,5
mailbox,5
panicked,5
insulting,5
techno,5
azerbaijan,5
joanna,5
rewarded,5
petitions,5
yougov,5
quentin,5
nfc,5
disruption,5
files,5
cable,5
alan,5
communications,5
trending,5
automatic,5
smaller,5
indicated,5
hurtful,5
opted,5
philando,5
scrap,5
pioneering,5
thieves,5
orbit,5
manual,5
anticipate,5
spectacle,5
nowadays,5
wallet,5
roughly,5
convenience,5
timeline,5
disrupt,5
stolen,5
connecting,5
jan,5
eu,5
oct,5
selected,5
pharmacies,5
override,5
concentrated,5
skeptical,5
complement,5
triggering,5
stickers,5
objectively,5
transfers,5
thinner,5
cement,5
tier,5
entries,5
withhold,5
spree,5
toaster,5
orangutans,5
relying,5
invest,5
duped,5
meow,5
equitable,5
weakened,5
deficiency,5
shovel,5
scouting,5
hyper,5
ado,5
explorers,5
exchanged,5
covert,5
warsaw,5
iss,5
logistics,5
piling,5
concede,5
innovate,5
definite,5
addictive,5
rendered,5
dent,5
150th,5
randall,5
ouster,5
sites,5
smarter,5
pocket,5
intelligence,5
ladies,5
lawsuit,5
instincts,5
limbo,5
simplicity,5
hughes,5
creepy,5
auto,5
assistant,5
contained,5
surveillance,5
sold,5
curled,5
empowered,5
transactions,5
flipping,5
hay,5
warehouse,5
fee,5
alright,5
dipped,5
span,5
approving,5
graves,5
warrants,5
ammunition,5
shotgun,5
impaired,5
slogans,5
reclaiming,5
recruited,5
pitching,5
intends,5
commits,5
maintains,5
ins,5
widening,5
natives,5
rollout,5
pillars,5
remarkably,5
pinch,5
scorched,5
comprehend,5
jeremiah,5
auctions,5
limitless,5
kay,5
acknowledges,5
coordinating,5
evade,5
wong,5
imports,5
valleys,5
creditors,5
bo,5
espionage,5
fanfare,5
retailers,5
anticipated,5
generate,5
poorly,5
cook,5
warner,5
limit,5
service,5
reuters,5
display,5
hoax,5
speakers,5
10th,5
launch,5
nevertheless,5
snapped,5
suv,5
memes,5
fueling,5
lock,5
violates,5
drastically,5
peach,5
identical,5
switching,5
astounding,5
diversity,5
search,5
investors,5
lets,5
auction,5
entrepreneurs,5
location,5
customer,5
defect,5
fitted,5
journalistic,5
falcon,5
stampede,5
harmless,5
chewbacca,5
predicted,5
tweaks,5
inequalities,5
specialized,5
handgun,5
typo,5
snowball,5
hotspots,5
obtain,5
lesley,5
genders,5
tending,5
unleashes,5
dhs,5
skewer,5
admiration,5
exits,5
ants,5
collaborating,5
fugitive,5
eagerly,5
considerations,5
sampling,5
marty,5
hugo,5
tuning,5
eerily,5
horribly,5
meter,5
goers,5
identifying,5
tons,5
filed,5
continually,5
automatically,5
settlement,5
beats,5
advertising,5
smart,5
rivals,5
vacuum,5
curator,5
nonpartisan,5
interrupted,5
elites,5
nerd,5
schizophrenia,5
heating,5
telephone,5
marketers,5
dot,5
bias,5
account,5
acknowledged,5
predict,5
predicts,5
terrorist,5
hiring,5
information,5
collects,5
leaked,5
net,5
scrapping,5
s,5
lea,5
smuggling,5
employing,5
enables,5
ruthless,5
implied,5
application,5
curbing,5
freaked,5
castile,5
waistline,5
grove,5
czar,5
surging,5
ripple,5
broadly,5
startling,5
integrating,5
occurrence,5
links,5
operators,5
incentive,5
wallets,5
leaps,5
publications,5
faulty,5
slot,5
billed,5
errands,5
reputations,5
gentrification,5
licking,5
decked,5
invent,5
prioritizing,5
aptly,5
emphasize,5
downey,5
fracture,5
invade,5
advertisers,5
strategically,5
shelling,5
disciplinary,5
extravaganza,5
continuously,5
snarky,5
capitalize,5
inhabit,5
dominance,5
barring,5
tweak,5
rubin,5
thrust,5
driving,5
internal,4
manufacturers,4
multitasking,4
imagery,4
pad,4
tent,4
billions,4
text,4
monthly,4
detailed,4
ink,4
weapon,4
dispute,4
cambridge,4
mishap,4
spotting,4
vibes,4
cooker,4
bastille,4
factories,4
blackface,4
beam,4
legit,4
swarm,4
deafening,4
impossibly,4
goodies,4
splitting,4
retail,4
walnut,4
jams,4
answering,4
mitigate,4
measurement,4
handwritten,4
laboratory,4
jerome,4
flows,4
reliance,4
pokes,4
dictate,4
faking,4
shanghai,4
meg,4
testified,4
ordeal,4
motivations,4
lucia,4
p,4
fiber,4
fixed,4
products,4
glass,4
anonymous,4
storage,4
prompts,4
approve,4
nyt,4
extremist,4
grasp,4
bugs,4
programming,4
premium,4
prosecution,4
rational,4
flash,4
crack,4
currency,4
hail,4
commerce,4
installment,4
evolve,4
brands,4
steve,4
traffic,4
publicly,4
memo,4
cursing,4
competitions,4
expand,4
vandalism,4
owes,4
containing,4
inflammatory,4
plunges,4
concerning,4
piles,4
planetary,4
viewer,4
kinder,4
45th,4
extension,4
lure,4
wreak,4
deletes,4
biker,4
flicks,4
hogan,4
aliens,4
contractor,4
bashes,4
generated,4
pays,4
frees,4
slowing,4
blair,4
administrative,4
symphony,4
commissioned,4
rentals,4
distrust,4
inspector,4
speed,4
pinpoint,4
stretched,4
essays,4
fleet,4
photographic,4
superficial,4
trait,4
ventures,4
domination,4
pointed,4
purchase,4
outlaw,4
utilities,4
evolutionary,4
observatory,4
dale,4
noting,4
cambodia,4
granting,4
undoing,4
stink,4
noodles,4
e,4
milestone,4
stream,4
blocking,4
vulnerability,4
settled,4
advanced,4
roads,4
guild,4
vague,4
blockbuster,4
spokesperson,4
remix,4
considerable,4
posting,4
mounted,4
sincerely,4
sears,4
atm,4
stealth,4
keynote,4
asap,4
savior,4
functional,4
chop,4
paralyzed,4
refresh,4
component,4
limbs,4
dealers,4
detect,4
loyal,4
gambling,4
depth,4
membership,4
sonoma,4
disrupting,4
workday,4
domain,4
hassle,4
catalyst,4
advent,4
bricks,4
sphere,4
abound,4
intern,4
stan,4
peeves,4
stiff,4
consultants,4
satan,4
notebook,4
preference,4
interrupt,4
snapshot,4
intentioned,4
raucous,4
mysteries,4
quarter,4
steal,4
screen,4
recalled,4
landmark,4
sales,4
log,4
server,4
factory,4
appointed,4
labeled,4
1980s,4
entrepreneurial,4
page,4
removal,4
connections,4
looking,4
ravaged,4
shuttle,4
craze,4
scarce,4
sonia,4
harassing,4
equipped,4
dystopian,4
reasonably,4
glued,4
proponents,4
phantom,4
trophies,4
reservations,4
complained,4
bounds,4
tots,4
shatter,4
cosmetic,4
fetch,4
ridden,4
enforcing,4
mentoring,4
preservation,4
interrogation,4
freelance,4
demonstration,4
plagued,4
simplify,4
miraculous,4
broadcasting,4
disappears,4
promotional,4
defendants,4
disguised,4
pronounced,4
hitched,4
mastery,4
contests,4
narcissistic,4
blossoms,4
evoke,4
protested,4
interpret,4
restrictive,4
pledges,4
efficient,4
billboard,4
profile,4
apology,4
watch,4
recall,4
sector,4
combine,4
announced,4
monsters,4
flame,4
rejoice,4
standoff,4
scams,4
evident,4
dominant,4
testing,4
trusted,4
expose,4
leaks,4
tactics,4
rapidly,4
explosion,4
executives,4
surface,4
marketing,4
employees,4
respecting,4
avoidance,4
weaken,4
compromised,4
synthetic,4
gripping,4
upheld,4
marley,4
pics,4
paranoid,4
piggy,4
recruits,4
comply,4
seizure,4
hotter,4
m,4
adequately,4
duct,4
overload,4
developments,4
precise,4
fronts,4
assemble,4
margins,4
castles,4
affected,4
followers,4
texts,4
deaf,4
charts,4
productivity,4
talked,4
founder,4
engaging,4
lurking,4
reed,4
week,4
divide,4
access,4
declined,4
recognition,4
hire,4
available,4
investigates,4
silencing,4
hacks,4
tyranny,4
owed,4
dodging,4
parisian,4
dvd,4
fingertips,4
grappling,4
emergencies,4
ar-15,4
bermuda,4
smashed,4
stroller,4
cyclist,4
earnest,4
instrument,4
capsule,4
embraces,4
kfc,4
interim,4
offs,4
hails,4
contradictions,4
psychic,4
baffled,4
extravagant,4
leaking,4
teased,4
evokes,4
prepping,4
buzzer,4
dispatch,4
thinkers,4
developer,4
pits,4
galore,4
lifeline,4
teenagers,4
transforming,4
facility,4
entrepreneur,4
lawsuits,4
fool,4
owned,4
targeted,4
charitable,4
violating,4
suppose,4
karma,4
darn,4
sell,4
spokesman,4
drops,4
infected,4
developed,3
ankle,3
manipulation,3
rebuke,3
idaho,3
outreach,3
wrestler,3
relies,3
worries,3
novak,3
hurdle,3
bits,3
licensed,3
prediction,3
praising,3
pros,3
coordinated,3
drugstore,3
napkins,3
discouraged,3
magically,3
indifference,3
wrath,3
mecca,3
stations,3
vu,3
evans,3
groove,3
fade,3
hysteria,3
chopped,3
counted,3
metallic,3
fearing,3
newfound,3
bigger,3
mark,3
tool,3
documents,3
accessible,3
industrial,3
launched,3
accusing,3
external,3
unrest,3
tap,3
'em,3
exposes,3
merger,3
spokeswoman,3
attendees,3
francisco,3
genius,3
backlash,3
mario,3
bbc,3
origin,3
backed,3
rocket,3
media,3
patch,3
recruitment,3
boeing,3
kits,3
prepares,3
controversies,3
shaky,3
alleging,3
clearance,3
parole,3
backgrounds,3
detected,3
visible,3
graffiti,3
denounced,3
rider,3
o‚Äôreilly,3
replaces,3
matched,3
aerial,3
offices,3
collaborate,3
instruments,3
thanked,3
yelp,3
dips,3
dividing,3
slower,3
noteworthy,3
pads,3
proportions,3
pioneers,3
flub,3
slipping,3
motives,3
plagiarism,3
predatory,3
instagram,3
designs,3
illegal,3
review,3
ceos,3
gawker,3
ambitious,3
bans,3
disabilities,3
refund,3
hint,3
v,3
breakthrough,3
owns,3
depressing,3
bay,3
uncovered,3
presentation,3
applies,3
description,3
gang,3
cell,3
introduced,3
talent,3
security,3
recordings,3
newman,3
forbes,3
chamber,3
descent,3
cosmic,3
dumbest,3
investigative,3
ribbon,3
intend,3
pranks,3
gilmore,3
twenties,3
cleric,3
intellectual,3
keeper,3
wicked,3
spit,3
implemented,3
aaron,3
instantly,3
developing,3
minorities,3
feed,3
debuts,3
worldwide,3
porn,3
deadline,3
likes,3
interact,3
headaches,3
carrier,3
usher,3
wisely,3
blows,3
disconnect,3
powered,3
enforcement,3
provided,3
regulations,3
monster,3
hottest,3
tweeting,3
homeland,3
additional,3
market,3
messages,3
credited,3
perspectives,3
suing,3
chip,3
alt,3
precautions,3
spans,3
dash,3
budding,3
forecast,3
hunt,3
default,3
fleeting,3
scrutiny,3
sentenced,3
butler,3
craig,3
accelerate,3
wow,3
boldly,3
nonprofits,3
homework,3
pontiff,3
29-year,3
accommodate,3
appliances,3
santa,3
breakers,3
avalanche,3
strides,3
endeavor,3
ecosystem,3
figuring,3
debated,3
vocabulary,3
lucrative,3
fraction,3
lowering,3
biz,3
rants,3
soon,3
fatal,3
agencies,3
intentions,3
addresses,3
san,3
sustained,3
interactive,3
20-year,3
mail,3
sources,3
sized,3
invisible,3
gatherings,3
intelligent,3
smoky,3
tucker,3
damning,3
robber,3
zombies,3
brace,3
erica,3
oddly,3
profitable,3
cardiac,3
acquire,3
blend,3
greeted,3
frequency,3
habitat,3
lengths,3
rocked,3
schwartz,3
hulu,3
titles,3
extending,3
straightforward,3
rude,3
cues,3
quarters,3
reference,3
establishing,3
envision,3
judging,3
anytime,3
updated,3
blow,3
competition,3
demand,3
expanding,3
file,3
plans,3
broader,3
problematic,3
flexible,3
jeopardy,3
taxi,3
jobs,3
bid,3
once,3
blocks,3
alert,3
statue,3
pace,3
publicity,3
barrage,3
panel,3
multi,3
condoms,3
dodge,3
europeans,3
capabilities,3
bleak,3
mizzou,3
mohamed,3
guessed,3
follows,3
souls,3
guiding,3
interpretation,3
anita,3
skilled,3
collections,3
submarine,3
effortlessly,3
manhunt,3
cyberbullying,3
discount,3
eiffel,3
litigation,3
opting,3
adding,3
viewed,3
ears,3
comment,3
importantly,3
confirms,3
reflecting,3
publishing,3
unforgettable,3
chile,3
hanukkah,3
pin,3
kansas,3
legal,3
dominated,3
rides,3
careful,3
iron,3
revolution,3
its,3
updates,3
birthdays,3
bahamas,3
logan,3
penalties,3
eliminated,3
enhancing,3
submit,3
exchanges,3
explode,3
crap,3
petition,3
annoying,3
radically,3
leisure,3
regain,3
invites,3
units,3
chocolates,3
dealt,3
curls,3
cpr,3
notoriously,3
butts,3
approximately,3
derek,3
accomplishment,3
nerds,3
economically,3
scales,3
academics,3
cancelled,3
meantime,3
malaysian,3
medalist,3
sipping,3
innovators,3
flock,3
welcome,3
closely,3
gates,3
safer,3
drives,3
pleased,3
handy,3
governance,3
bought,3
government,3
conference,3
use,3
using,3
catch,3
announcement,3
oriented,3
thru,3
ramp,3
rockets,3
kremlin,3
pathetic,3
seinfeld,3
acres,3
concealed,3
bedrooms,3
bustling,3
stricter,3
foolish,3
brighter,3
crowdfunding,3
nicely,3
consuming,3
distinguish,3
mixes,3
wagon,3
unveil,3
installation,3
attracts,3
defenders,3
terminally,3
blooming,3
scan,3
ninth,3
link,3
wayne,3
threaten,3
blessed,3
badly,3
blamed,3
reader,3
funeral,3
anticipation,3
dozen,3
locations,3
resignation,3
top,3
criticized,3
block,3
built,3
wars,3
budgets,3
battleground,3
somali,3
somalia,3
identifies,3
handbag,3
register,3
outspoken,3
bind,3
npr,3
gaffe,3
tasks,3
collide,3
meditating,3
illegally,3
societal,3
manufacturing,3
meltdown,3
astonishing,3
convey,3
passive,3
swag,3
males,3
cough,3
assure,3
bundle,3
gabriel,3
settlements,3
vast,3
payday,3
watering,3
heather,3
complaint,3
transportation,3
building,3
fix,3
massive,3
connected,3
buy,3
popularity,3
savvy,3
footage,3
rejected,3
wright,3
equivalent,3
circuit,3
headquarters,3
exploration,3
sharing,3
cheap,3
interested,3
identify,3
unclear,3
standards,3
monday,3
again,3
sparks,3
circle,3
preliminary,3
co.,3
bullock,3
sensational,3
disproportionately,3
campaigns,3
clearer,3
expired,3
reverses,3
boast,3
pundit,3
splits,3
nightly,3
integrated,3
dislike,3
ambition,3
reap,3
9th,3
22-year,3
partnerships,3
speeding,3
poems,3
organizational,3
immense,3
stumble,3
pioneer,3
gangnam,3
financing,3
pave,3
evolving,3
conflicting,3
heed,3
conventions,3
stumbled,3
humility,3
dorm,3
retaliation,3
unleash,3
harmful,3
project,3
friday,3
executive,3
governments,3
leslie,3
removed,3
major,3
supremacist,3
destroying,3
disclose,3
custom,3
bean,3
added,3
senior,3
faster,3
backing,3
established,3
versus,3
emails,3
save,3
safest,3
rely,3
announcements,3
fastest,3
trilogy,3
obsession,3
reset,3
boats,3
trading,3
temptation,3
rampage,3
donated,3
bs,3
contractors,3
subjects,3
pouring,3
highlighted,3
memories,3
purchasing,3
bern,3
introduce,3
whopping,3
akin,3
shawn,3
bronze,3
manner,3
manages,3
addict,3
import,3
possession,3
medieval,3
retain,3
aired,3
kurt,3
cookbook,3
belize,3
damascus,3
yves,3
recipients,3
locally,3
deliberate,3
peek,3
larry,3
demands,3
ordered,3
future,3
tools,3
lay,3
rip,3
function,3
transformed,3
bloomberg,3
insult,3
argued,3
hateful,3
appealing,3
element,3
wildly,3
industry,3
previous,3
evil,3
essay,3
blames,3
described,3
reached,3
original,3
educator,3
slated,3
kutcher,3
abandon,3
explodes,3
sweep,3
amateur,3
advantages,3
quinn,3
x,3
produces,3
trusting,3
adolescent,3
starters,3
applause,3
subsidies,3
monopoly,3
selecting,3
stocking,3
watchdog,3
predictions,3
4th,3
lions,3
warfare,3
hearted,3
a.k.a,3
pivot,3
proactive,3
tornadoes,3
pins,3
terror,3
build,3
waste,3
controversial,3
t,3
hurting,3
destroy,3
steven,3
medium,3
mock,3
violated,3
require,2
luther,2
uk,2
games,2
amnesty,2
ubiquitous,2
lasts,2
tracked,2
harness,2
crafted,2
protestors,2
shutting,2
catherine,2
drum,2
abusing,2
handmade,2
hub,2
sassy,2
backers,2
persistent,2
crafting,2
newsroom,2
shines,2
admitting,2
codes,2
shortages,2
optimal,2
connects,2
admired,2
levine,2
100th,2
joshua,2
enjoyment,2
formula,2
relevant,2
bombing,2
managed,2
program,2
stocks,2
rating,2
sum,2
initiatives,2
apples,2
triumph,2
frustrating,2
european,2
chat,2
feud,2
entertainment,2
blog,2
addition,2
vision,2
china,2
signals,2
coolest,2
frog,2
heartbeat,2
selection,2
melted,2
rays,2
touts,2
lowest,2
languages,2
morality,2
pains,2
cooler,2
crappy,2
primarily,2
purposes,2
privately,2
lashes,2
expectation,2
painfully,2
wallace,2
improving,2
uphold,2
stereotype,2
paved,2
brett,2
criteria,2
debating,2
touted,2
applied,2
participation,2
mentioned,2
doomed,2
bobbi,2
awaited,2
enjoys,2
splurge,2
nonetheless,2
intriguing,2
orthodox,2
practices,2
curb,2
locked,2
fiction,2
casual,2
issued,2
version,2
option,2
targeting,2
shirts,2
scientific,2
resolve,2
testify,2
logic,2
craigslist,2
u.s,2
competitive,2
relatively,2
instant,2
millions,2
‚Ä¶,2
argues,2
reeling,2
brilliant,2
honors,2
merit,2
cathedral,2
xl,2
focuses,2
void,2
baker,2
inform,2
reviewing,2
prospective,2
transmission,2
specialist,2
proving,2
prompt,2
forming,2
sequence,2
destined,2
impacted,2
sweetheart,2
shields,2
thief,2
shifted,2
displayed,2
animation,2
theirs,2
policies,2
unprecedented,2
independent,2
context,2
car,2
releases,2
worried,2
offering,2
recalls,2
winner,2
forum,2
crash,2
spell,2
slide,2
notes,2
nov,2
items,2
resolved,2
feedback,2
shrink,2
prompted,2
hatch,2
hunter,2
assets,2
obligations,2
leap,2
cleared,2
shockingly,2
sooner,2
recreational,2
motorcycle,2
upper,2
bounty,2
scars,2
assessment,2
sidelines,2
itinerary,2
suspicion,2
inaccurate,2
casualties,2
creep,2
duncan,2
invitations,2
myriad,2
needle,2
grumpy,2
recycling,2
abuses,2
altered,2
colors,2
changing,2
wants,2
note,2
visitors,2
delivers,2
look,2
solar,2
camera,2
protect,2
details,2
facial,2
shifts,2
racing,2
balanced,2
alarming,2
profit,2
growth,2
remote,2
stealing,2
succeed,2
arm,2
safety,2
cities,2
organizers,2
wendy,2
cow,2
illustrates,2
discovery,2
tortured,2
stirring,2
topics,2
spielberg,2
refused,2
latte,2
literal,2
rejecting,2
accusations,2
adapted,2
steer,2
obstruction,2
cartoons,2
buzzfeed,2
breeze,2
tunes,2
verdict,2
collectively,2
adapt,2
disappearing,2
dangerously,2
innovations,2
nagging,2
sore,2
framework,2
pressures,2
inability,2
tweets,2
scale,2
game,2
rules,2
appear,2
share,2
document,2
're,2
promise,2
jeff,2
cannes,2
launching,2
approves,2
representative,2
passover,2
sought,2
battles,2
mysterious,2
features,2
defended,2
justified,2
reconsider,2
ashton,2
tone,2
fires,2
bubbles,2
alton,2
dump,2
firearms,2
provision,2
blasted,2
chain,2
releasing,2
messed,2
malaria,2
enthusiastic,2
fairness,2
preferences,2
bicycle,2
possess,2
naughty,2
cowboys,2
advised,2
crow,2
layer,2
reply,2
prevented,2
sub,2
applaud,2
robust,2
interviewing,2
processes,2
bending,2
puzzle,2
inquiry,2
delays,2
changer,2
edge,2
crush,2
careers,2
quality,2
terrible,2
notorious,2
objects,2
private,2
surprising,2
firm,2
rising,2
random,2
oldest,2
improve,2
jury,2
presence,2
tweet,2
numbers,2
crunch,2
hailed,2
terrain,2
neo,2
expansion,2
paired,2
plead,2
b.,2
symptom,2
formation,2
advantage,2
identity,2
fighter,2
bursting,2
solving,2
knight,2
texting,2
endured,2
assess,2
bargain,2
visions,2
wary,2
saga,2
pale,2
halfway,2
warrant,2
lap,2
toes,2
allows,2
helps,2
release,2
replace,2
cash,2
posted,2
fly,2
jack,2
division,2
leak,2
ritual,2
clash,2
buried,2
solve,2
wide,2
accidentally,2
ad,2
exposed,2
admits,2
date,2
privileged,2
mode,2
viewing,2
owe,2
monitor,2
freaking,2
flies,2
sheets,2
baghdad,2
dates,2
compromise,2
solved,2
clarke,2
mardi,2
freaks,2
snoop,2
personnel,2
madrid,2
turtle,2
northeast,2
freely,2
ancestors,2
renting,2
expertise,2
1990s,2
insiders,2
likelihood,2
dye,2
memphis,2
potentially,2
vacations,2
allow,2
sorry,2
denies,2
various,2
quirky,2
nonprofit,2
returned,2
track,2
flying,2
television,2
record,2
improved,2
asks,2
harassment,2
february,2
core,2
organizer,2
packages,2
remove,2
revisit,2
minimize,2
debacle,2
holder,2
sculpture,2
donating,2
distress,2
blizzard,2
teens,2
slash,2
complexity,2
civilization,2
goods,2
profiles,2
handsome,2
mocking,2
scholars,2
slight,2
humanity,2
boring,2
responding,2
string,2
compare,2
announces,2
weed,2
fascinating,2
aim,2
toys,2
reports,2
currently,2
strategy,2
bankruptcy,2
conviction,2
discriminatory,2
passions,2
total,2
fatigue,2
soaring,2
campbell,2
hedge,2
trained,2
crossing,2
colonial,2
references,2
volkswagen,2
seeks,2
combined,2
genuinely,2
liberation,2
finishing,2
technically,2
stripped,2
demographic,2
attacks,2
dollar,2
latest,2
background,2
admitted,2
accepting,2
announce,2
appeal,2
standard,2
helpful,2
justices,2
object,2
sells,2
board,2
experts,2
event,2
sneak,2
gear,2
able,2
anymore,2
leads,2
prison,2
reportedly,2
brewing,2
1950s,2
feeds,2
indictment,2
sits,2
deer,2
cruel,2
brazilian,2
frenzy,2
sword,2
utter,2
monumental,2
tabloid,2
firmly,2
encounters,2
edward,2
liquor,2
diplomats,2
efficiency,2
lab,2
requirement,2
paradigm,2
outs,2
arise,2
riots,2
coming,2
apply,2
sandy,2
system,2
kicks,2
sad,2
crystal,2
serial,2
uncle,2
roman,2
bang,2
dawn,2
filing,2
prices,2
sale,2
sends,2
provides,2
spreading,2
wikileaks,2
rats,2
economists,2
hulk,2
recovered,2
trials,2
shuts,2
lifts,2
microwave,2
transport,2
corporation,2
conquer,2
themes,2
vanity,2
heats,2
loop,2
mud,2
dramatically,2
premier,2
recognizes,2
nut,2
intentional,2
ripe,2
nears,2
chopra,2
lands,2
viral,2
crowd,2
terms,2
systems,2
secretly,2
troll,2
investigators,2
flip,2
compares,2
via,2
business,2
infrastructure,2
discuss,2
lately,2
space,2
virtually,2
cease,2
delayed,2
aclu,2
evan,2
creator,2
withdraw,2
behold,2
nostalgic,2
semi,2
deliberately,2
distract,2
expects,2
proclaimed,2
gig,2
sole,2
minimal,2
catastrophe,2
ramen,2
embattled,2
countdown,2
image,2
moon,2
immediately,2
generation,2
chief,2
create,2
introducing,2
saves,2
sophisticated,2
refreshing,2
scene,2
could,2
tv,2
guarantee,2
easier,2
popped,2
hired,2
ignores,2
errors,2
chess,2
conduct,2
brother,2
gum,2
underwater,2
suck,2
bass,2
maximum,2
sochi,2
taps,2
essentially,2
simpler,2
monitoring,2
amounts,2
sane,2
fake,2
source,2
view,2
promised,2
action,2
mission,2
see,2
noticed,2
overnight,2
forms,2
design,2
used,2
new,2
cases,2
evolution,2
sending,2
machine,2
speaker,2
dollars,2
forgetting,2
recreate,2
violations,2
convenient,2
strategic,2
netherlands,2
flick,2
tapes,2
treasures,2
laying,2
grads,2
professors,2
listened,2
environments,2
reliable,2
spinning,2
accord,2
grave,2
frat,2
mainly,2
venues,2
whale,2
speech,2
aside,2
agency,2
empathy,2
pro,2
operation,2
handling,2
authors,2
lynch,2
measures,2
pay,2
loses,2
belong,2
hates,2
matches,2
shield,2
satellite,2
spreads,2
defeats,2
wished,2
hashtag,2
eagle,2
wonderland,2
unaware,2
ninja,2
watches,2
strongly,2
grain,2
classics,2
tornado,2
teases,2
investigating,2
equally,2
hitting,2
recognize,2
canadian,2
japanese,2
larger,2
presented,2
phase,2
moderate,2
spark,2
confront,2
mega,2
tricks,2
sharp,2
inclusion,2
spy,2
involving,2
sticky,2
disappeared,2
posing,2
crushing,2
fines,2
compliment,2
base,2
aspiring,2
ahmed,2
provocative,2
authenticity,2
metal,2
fury,2
1970s,2
showcases,2
attacking,2
gearing,2
cheated,2
touring,2
entitled,2
misunderstood,2
lighter,2
renaissance,2
management,2
created,2
reported,2
working,2
secret,2
voice,2
eric,2
corporations,2
paying,2
highly,2
january,2
closed,2
obstacles,2
jam,2
attempted,2
patriots,2
fallen,2
cohen,2
significant,2
september,2
thursday,2
billionaire,2
price,2
global,2
report,2
suitcase,2
declares,2
rifle,2
storytelling,2
boredom,2
permission,2
fusion,2
urgency,2
rumor,2
revive,2
graduates,2
precisely,2
dunk,2
crowds,2
elaborate,2
tail,2
addressed,2
determination,2
reflected,2
brand,2
risks,2
walls,2
accessories,2
critical,2
increasingly,2
plan,2
combat,2
twist,2
largest,2
doors,2
piece,2
marie,2
owners,2
shops,2
delay,2
skill,2
radio,2
flat,2
marathon,2
concerns,2
suspends,2
toy,2
tower,2
liked,2
influential,2
meetings,2
freshman,2
ironic,2
witnesses,2
reluctant,2
separation,2
davos,2
unpaid,2
paradox,2
lined,2
expense,2
agriculture,2
racially,2
reputation,2
attended,2
discussion,2
testimony,2
marketplace,2
explored,2
metro,2
grounded,2
pinners,2
designing,2
tsunami,2
bald,2
province,2
heck,2
stores,2
per,2
watching,2
react,2
regarding,2
rage,2
growing,2
store,2
troubling,2
angela,2
freak,2
frustrated,2
experiment,2
case,2
leaves,2
earlier,2
officially,2
read,2
value,2
hurricane,2
subtle,2
required,2
tapping,2
skies,2
bureau,2
boosts,2
refusal,2
transfer,2
bombshell,2
pockets,2
dances,2
amazed,2
adhd,2
dragon,2
distinct,2
extensive,2
directors,2
captured,2
allure,2
shelves,2
casts,2
batch,2
analyst,2
folk,2
quote,2
self,2
prime,2
free,2
dark,2
print,2
june,2
tweeted,2
protecting,2
embrace,2
adds,2
rural,2
whom,2
news,2
connection,2
purchases,2
cheers,2
snap,2
recommend,2
development,2
meddling,2
outer,2
remains,2
somewhere,2
bail,2
gras,2
fallout,2
behavioral,2
bother,2
insanely,2
doubles,2
ordering,2
submitted,2
marcus,2
nurture,2
glance,2
grader,2
soap,2
rope,2
diplomacy,2
enable,2
sync,2
spacey,2
touches,2
bloggers,2
underlying,2
katherine,2
citing,2
rehab,2
fears,2
uses,2
writing,2
revealed,2
opening,2
rolling,2
profits,2
temporary,2
empower,2
existing,2
problem,2
western,2
federal,2
researchers,2
creation,2
exciting,2
holocaust,2
passport,2
havoc,2
permanently,2
ratings,2
cocaine,2
anywhere,2
pointing,2
isolation,2
library,2
grandfather,2
chancellor,2
sci,2
messing,2
opponents,2
purchased,2
tens,2
expressing,2
achieving,2
troubles,2
hobby,2
improvements,2
realizing,2
investigation,2
might,2
danger,2
human,2
quest,2
researcher,2
desperately,2
most,2
#,2
worry,2
reality,2
biggest,2
dec,2
cincinnati,2
offenders,2
phrases,2
buyers,2
discriminate,2
cafe,2
please,2
discourse,2
lobbyist,2
survives,2
forth,2
exclusively,2
chill,2
19th,2
brian,2
hungry,2
searching,2
unlikely,2
fight,2
drive,2
secrets,2
insight,2
borders,2
insider,2
hide,2
invite,2
crackdown,2
captures,2
obsessed,2
round,2
highlight,2
believed,2
certain,2
marshall,2
flood,2
coaster,2
raises,2
bend,2
bench,2
package,2
debuted,2
briefly,2
embarrassed,2
thread,2
surgeon,2
adjust,2
jenna,2
fundamentally,2
vampire,2
vary,2
volume,2
considers,2
wanna,2
hidden,2
exchange,2
honored,2
threatening,2
advance,2
located,2
target,2
feast,2
similar,2
courtesy,2
leaving,2
brought,2
pre,2
co,2
accident,2
outraged,2
rated,2
horrifying,2
f**king,2
interest,2
boosting,2
quietly,2
degrees,2
operate,2
grants,2
predictable,2
destruction,2
volunteering,2
capitalism,2
chronicles,2
prepare,2
efforts,2
confirmed,2
bank,2
initiative,2
marc,2
starts,2
amount,2
sees,2
handed,2
investment,2
opposed,2
inmates,2
ocean,2
ii,2
identified,2
capture,2
bunch,2
lie,2
minor,2
tougher,2
pulling,2
implement,2
billionaires,2
facilities,2
acclaimed,2
attacker,2
diamonds,2
mansion,2
disappointing,2
significantly,2
occupy,2
entry,2
foul,2
dominate,2
obtained,2
premieres,2
abraham,2
woes,2
chairman,2
changed,2
ignore,2
joined,2
driven,2
approved,2
boston,2
employee,2
newborn,2
replacement,2
toxic,2
cat,2
break,2
according,2
abc,2
hole,2
player,2
battle,2
arrive,2
senses,2
shaking,2
reducing,2
agrees,2
cola,2
emissions,2
a.m.,2
supposedly,2
dudes,2
pour,2
correctly,2
strikes,2
principal,2
literacy,2
craziest,2
rounds,2
huge,2
offers,2
express,2
dating,2
suggested,2
centers,2
deal,2
german,2
depends,2
glimpse,2
closer,2
vegas,2
caused,2
unless,2
contribution,2
demanding,2
guides,2
terminal,2
favor,2
turnout,2
bucks,2
mlk,2
station,2
consumption,2
understands,2
arguing,2
earning,2
studied,2
midwest,2
whenever,2
inside,2
becomes,2
everyone,2
huffington,2
possible,2
strong,2
connect,2
eastern,2
considering,1
promoting,1
trouble,1
setting,1
celebrated,1
beginning,1
poisoning,1
vehicle,1
garage,1
trudeau,1
quick,1
accessory,1
cracks,1
taiwan,1
staggering,1
elements,1
permanent,1
chili,1
demonstrated,1
aisle,1
invasion,1
ships,1
wrestling,1
proudly,1
consensus,1
homage,1
generally,1
card,1
moves,1
charge,1
ted,1
everybody,1
newspaper,1
names,1
workers,1
montana,1
extended,1
devastating,1
infographic,1
promote,1
bizarre,1
empowering,1
publisher,1
globally,1
reach,1
jedi,1
glasses,1
fragile,1
ruined,1
ranging,1
claus,1
admission,1
consume,1
burst,1
ceremony,1
gap,1
grown,1
move,1
pr,1
eco,1
anxious,1
tries,1
imagined,1
warn,1
phil,1
perhaps,1
banned,1
transform,1
tuesday,1
victim,1
attending,1
coalition,1
actively,1
headline,1
semitism,1
ton,1
norm,1
starting,1
resigned,1
destroys,1
poetry,1
con,1
electricity,1
radiation,1
shadows,1
populations,1
cool,1
letting,1
sides,1
force,1
door,1
fast,1
kinds,1
help,1
pulls,1
trade,1
draws,1
sued,1
cost,1
fees,1
next,1
provide,1
officials,1
stranded,1
hurts,1
vp,1
transit,1
trains,1
authority,1
aggressive,1
beneficial,1
mint,1
skipping,1
gesture,1
formerly,1
consequences,1
deemed,1
contrast,1
offense,1
charges,1
epic,1
clearly,1
vulnerable,1
threat,1
such,1
personal,1
ireland,1
shares,1
hardly,1
collection,1
helped,1
happens,1
sanity,1
nod,1
proven,1
dismissed,1
euro,1
banking,1
decline,1
17-year,1
complicated,1
metric,1
scheme,1
identities,1
personalities,1
indie,1
delightful,1
klein,1
renowned,1
suggestion,1
retailer,1
charity,1
aims,1
anderson,1
friends,1
results,1
big,1
actors,1
quotes,1
suit,1
terrorists,1
listening,1
effectively,1
blame,1
will,1
evidence,1
form,1
gray,1
video,1
critics,1
expected,1
thing,1
portrait,1
juan,1
locks,1
retro,1
shiny,1
declare,1
carl,1
sag,1
critically,1
unconscious,1
motion,1
weak,1
positions,1
arguably,1
set,1
continues,1
pretty,1
control,1
wait,1
peter,1
getting,1
bieber,1
probably,1
department,1
if,1
training,1
educational,1
atlantic,1
appeals,1
supply,1
ready,1
politicians,1
problems,1
ups,1
appears,1
failing,1
humans,1
article,1
amidst,1
suffers,1
cards,1
supposed,1
registered,1
select,1
index,1
fulfilling,1
managing,1
persons,1
ownership,1
illusion,1
chosen,1
targets,1
staffer,1
kidnapped,1
distracted,1
now,1
science,1
fourth,1
audience,1
records,1
forever,1
rolls,1
opera,1
hit,1
shopping,1
law,1
start,1
result,1
represented,1
prosecutor,1
doj,1
jean,1
hardest,1
accepted,1
trucks,1
smiles,1
deserved,1
regions,1
icons,1
centered,1
explaining,1
notable,1
disastrous,1
array,1
agents,1
inevitably,1
minister,1
august,1
world,1
play,1
options,1
avoid,1
incident,1
promises,1
travels,1
discussed,1
confusing,1
lesson,1
wednesday,1
holds,1
movies,1
refuge,1
existed,1
exists,1
showdown,1
urging,1
oven,1
stated,1
completed,1
philip,1
shocking,1
entirely,1
york,1
percent,1
deliver,1
area,1
attack,1
figure,1
immediate,1
based,1
lee,1
memory,1
broken,1
defense,1
killer,1
discover,1
ahead,1
olympics,1
explosive,1
dennis,1
awesome,1
cigarette,1
finger,1
navy,1
movements,1
sexism,1
dirt,1
antonio,1
transparent,1
scam,1
olivia,1
injuries,1
extremely,1
variety,1
arabia,1
safe,1
amid,1
sound,1
chinese,1
interesting,1
meanwhile,1
airplane,1
picture,1
collaboration,1
buying,1
wealth,1
criticism,1
nobody,1
road,1
perceived,1
inches,1
listed,1
questionable,1
disabled,1
hosts,1
aides,1
sentences,1
november,1
firefighters,1
frequently,1
checking,1
losers,1
normally,1
popping,1
lance,1
staple,1
nuptials,1
referred,1
opinion,1
reminder,1
struggling,1
reduce,1
female,1
investing,1
elite,1
smell,1
seemingly,1
property,1
jump,1
including,1
issue,1
face,1
puppies,1
assumed,1
apart,1
lapse,1
lethal,1
ian,1
awful,1
tis,1
destiny,1
delivered,1
joining,1
till,1
indoor,1
toughest,1
comedians,1
fantasy,1
runs,1
here,1
money,1
lack,1
harm,1
sat,1
ridiculous,1
covers,1
key,1
innocent,1
citizen,1
ruled,1
settle,1
india,1
ship,1
events,1
remember,1
mass,1
sucks,1
commit,1
unknown,1
raid,1
bullies,1
flames,1
boasts,1
trendy,1
bland,1
tables,1
dare,1
produced,1
shelf,1
periods,1
underwood,1
steady,1
clutter,1
candid,1
knock,1
photographers,1
cut,1
creativity,1
step,1
alone,1
teach,1
cookie,1
capital,1
magical,1
picking,1
dan,1
comments,1
projects,1
almost,1
showing,1
get,1
amazing,1
genuine,1
sunglasses,1
exhausted,1
alba,1
ruling,1
hour,1
inmate,1
mighty,1
originally,1
poison,1
collecting,1
investigated,1
clerk,1
lone,1
plot,1
danny,1
ikea,1
complain,1
yale,1
shining,1
stanford,1
feared,1
remained,1
utterly,1
dangerous,1
model,1
realize,1
threats,1
wave,1
known,1
third,1
arianna,1
fewer,1
against,1
under,1
by,1
heated,1
lily,1
copy,1
disappointment,1
psychologist,1
fixing,1
exceptional,1
relaxed,1
smoke,1
poised,1
boot,1
vocal,1
educators,1
kind,1
hours,1
said,1
number,1
vs.,1
policy,1
tumblr,1
afternoon,1
ill,1
explained,1
tomorrow,1
anyone,1
focused,1
harder,1
grandma,1
mistake,1
widely,1
trolls,1
believes,1
increase,1
seriously,1
discovered,1
finally,1
power,1
chilling,1
wrote,1
urge,1
campuses,1
luxurious,1
outlets,1
hopeful,1
extremism,1
industries,1
brains,1
remembers,1
faux,1
equity,1
greatly,1
institution,1
questions,1
hits,1
calling,1
proposed,1
public,1
seek,1
local,1
among,1
chapter,1
damn,1
agreement,1
remarkable,1
judge,1
takes,1
says,1
amendment,1
pulled,1
add,1
losing,1
surprised,1
cancels,1
fred,1
potential,1
resource,1
isolated,1
strangers,1
unveils,1
roll,1
pleads,1
witness,1
shapes,1
savings,1
pole,1
influenced,1
limited,1
partner,1
committed,1
just,1
still,1
became,1
quickly,1
remain,1
produce,1
changes,1
trying,1
shock,1
ford,1
agent,1
tape,1
fighting,1
email,1
send,1
waiting,1
expect,1
ripped,1
removing,1
missed,1
comic,1
etsy,1
wounds,1
entrepreneurship,1
rigged,1
deciding,1
competing,1
approval,1
failures,1
boomers,1
challenger,1
naomi,1
conservative,1
worked,1
lot,1
viewers,1
fair,1
learning,1
expensive,1
heartwarming,1
spears,1
zoo,1
terrified,1
generous,1
instance,1
disappear,1
but,1
repair,1
thrilled,1
represent,1
unfortunate,1
managers,1
olds,1
blessing,1
creates,1
taken,1
you,1
skills,1
should,1
seen,1
particular,1
write,1
eye,1
made,1
selling,1
hand,1
an,1
spot,1
engagement,1
go,1
turn,1
commissioner,1
sweden,1
merkel,1
encourages,1
excessive,1
clarity,1
irony,1
looming,1
quits,1
teenager,1
kevin,1
cutting,1
over,1
congress,1
has,1
this,1
own,1
despite,1
understand,1
afford,1
severe,1
lit,1
precious,1
professionals,1
hbo,1
employer,1
sue,1
|,1
finest,1
separated,1
norway,1
pennsylvania,1
suddenly,1
imagine,1
may,1
seeking,1
response,1
fire,1
master,1
back,1
poor,1
offer,1
turns,1
open,1
fights,1
mainstream,1
into,1
idea,1
professor,1
protection,1
ago,1
no,1
20s,1
halt,1
furious,1
organize,1
stark,1
alicia,1
thoughtful,1
y,1
fighters,1
contemporary,1
calvin,1
commercial,1
declared,1
arrived,1
possibly,1
streets,1
works,1
driver,1
perfectly,1
began,1
ms,1
realities,1
empowerment,1
recommended,1
rethink,1
blown,1
optimistic,1
comics,1
swing,1
historically,1
gaza,1
jeffrey,1
enemies,1
conversation,1
live,1
planned,1
age,1
meeting,1
passion,1
images,1
rap,1
april,1
trial,1
longer,1
cleveland,1
abuse,1
welcomed,1
sexist,1
depending,1
psa,1
urges,1
apologizes,1
bryan,1
booze,1
percentage,1
crashed,1
mob,1
congratulations,1
fashioned,1
teamed,1
forgot,1
barcelona,1
another,1
everywhere,1
mystery,1
offered,1
waters,1
cultural,1
friendly,1
up,1
to,1
matters,1
freedom,1
colleague,1
groups,1
realized,1
partnership,1
olive,1
institute,1
crowded,1
bake,1
armstrong,1
deficit,1
can,1
is,1
foundation,1
develop,1
ellen,1
japan,1
rid,1
pilot,1
shooter,1
focusing,1
specifically,1
personally,1
following,1
delta,1
enemy,1
scroll,1
taxpayers,1
payments,1
arrives,1
throwback,1
buys,1
risky,1
departure,1
ours,1
members,1
people,1
lucky,1
last,1
on,1
impact,1
britney,1
flow,1
plants,1
corner,1
court,1
entire,1
shows,1
ride,1
keep,1
international,1
praise,1
roller,1
u.k,1
attempt,1
wheelchair,1
wages,1
prosecutors,1
prank,1
farewell,1
signal,1
fits,1
execution,1
recent,1
beyond,1
talks,1
fine,1
behind,1
arrested,1
‚Äôs,1
panic,1
cuts,1
contact,1
yet,1
ability,1
telling,1
explain,1
bullying,1
witch,1
ordinary,1
thompson,1
associate,1
economics,1
notice,1
barrier,1
stakes,1
weirdest,1
exception,1
climb,1
intimacy,1
fully,1
near,1
simple,1
starbucks,1
collective,1
started,1
floor,1
funding,1
the,1
give,1
already,1
's,1
ouch,1
pig,1
timing,1
thriving,1
discussions,1
example,1
steel,1
bones,1
sorts,1
shared,1
drop,1
pose,1
van,1
months,1
ideas,1
than,1
berkeley,1
selfie,1
downtown,1
sustainability,1
lighting,1
formal,1
revolutionary,1
sweeping,1
concrete,1
sizes,1
writes,1
signed,1
without,1
heavy,1
dropped,1
touch,1
got,1
typically,1
surprisingly,1
shutdown,1
topic,1
grammy,1
taking,1
your,1
adults,1
europe,1
happening,1
only,1
n't,1
hundreds,1
more,1
any,1
debate,1
achieved,1
trafficking,1
trainer,1
attention,1
glow,1
actual,1
eager,1
thankfully,1
witnessed,1
kerr,1
o,1
black,1
thousands,1
voting,1
parts,1
views,1
kills,1
fans,1
jet,1
scores,1
excuse,1
britain,1
decade,1
published,1
rate,1
rental,1
discrimination,1
rejects,1
orders,1
revival,1
yorkers,1
portion,1
zombie,1
ptsd,1
daniel,1
organizations,1
receives,1
b,1
florence,1
collapse,1
late,1
parties,1
making,1
grief,1
sandwich,1
how,1
non,1
successful,1
',1
erdogan,1
bruce,1
unite,1
decide,1
urgent,1
abused,1
gif,1
founded,1
incidents,1
hated,1
fundraising,1
statistics,1
votes,1
which,1
smoking,1
bring,1
featuring,1
expert,1
course,1
current,1
pressure,1
sights,1
grab,1
ethical,1
laughter,1
rarely,1
franchise,1
loan,1
employers,1
attract,1
praises,1
worlds,1
southwest,1
lego,1
romney,1
dutch,1
wet,1
everything,1
less,1
alleged,1
years,1
legislation,1
bear,1
order,1
newest,1
several,1
likely,1
credit,1
communicate,1
truck,1
philosophy,1
flu,1
dedicated,1
comprehensive,1
gordon,1
reception,1
itself,1
asking,1
let,1
stay,1
sent,1
close,1
kylie,1
environment,1
minutes,1
forced,1
faces,1
effort,1
does,1
decision,1
daunting,1
bad,1
needed,1
boxes,1
dallas,1
spike,1
broadcast,1
blind,1
supporting,1
nostalgia,1
accomplish,1
tournament,1
commonly,1
shed,1
reporter,1
receive,1
saudi,1
better,1
runner,1
recently,1
bus,1
for,1
former,1
take,1
male,1
around,1
of,1
surf,1
approach,1
cape,1
society,1
cares,1
representation,1
costs,1
julia,1
typical,1
cultures,1
unlike,1
loaded,1
endless,1
australia,1
reflect,1
much,1
enjoy,1
warns,1
pictures,1
manhattan,1
incredible,1
mix,1
scenes,1
completely,1
ensure,1
before,1
allegations,1
determine,1
anybody,1
absurd,1
license,1
brunch,1
regulation,1
mere,1
newtown,1
operations,1
high,1
issues,1
lifetime,1
officer,1
experience,1
ground,1
showed,1
sets,1
wake,1
anti,1
terrifying,1
stressed,1
21st,1
deeper,1
same,1
also,1
be,1
director,1
flag,1
measure,1
ok,1
need,1
right,1
some,1
as,1
vibrant,1
fortunately,1
goodbye,1
reserve,1
spotlight,1
radar,1
relate,1
approaches,1
accomplished,1
tracks,1
delight,1
damaging,1
universe,1
held,1
criminal,1
group,1
falling,1
older,1
box,1
end,1
gift,1
overcome,1
month,1
super,1
n‚Äôt,1
that,1
professional,1
breath,1
brighten,1
excuses,1
behalf,1
challenged,1
signing,1
longtime,1
theaters,1
discussing,1
crown,1
jumping,1
creatures,1
their,1
challenge,1
failed,1
going,1
both,1
means,1
active,1
bed,1
today,1
king,1
headlines,1
advocate,1
models,1
colleagues,1
small,1
cheer,1
bridges,1
tricky,1
intense,1
slammed,1
square,1
channels,1
destroyed,1
perception,1
hints,1
eve,1
victims,1
goes,1
why,1
killing,1
mirror,1
contest,1
economic,1
-,1
checks,1
endorse,1
approaching,1
dumb,1
educated,1
fields,1
hoped,1
luckily,1
advances,1
dc,1
stop,1
clear,1
areas,1
down,1
in,1
re,1
russian,1
it,1
benefit,1
seemed,1
been,1
one,1
festive,1
hat,1
ceiling,1
techniques,1
representatives,1
cave,1
organizing,1
integrity,1
include,1
way,1
change,1
actually,1
suspected,1
with,1
linked,1
slow,1
times,1
stayed,1
separate,1
supplies,1
boat,1
audiences,1
visual,1
promising,1
therefore,1
confessions,1
cure,1
sings,1
stole,1
coup,1
germany,1
street,1
calls,1
a,1
controversy,1
word,1
kept,1
believe,1
thoughts,1
becoming,1
finding,1
trap,1
reasonable,1
alarm,1
expressed,1
burned,1
articles,1
cheat,1
crucial,1
shut,1
emergency,1
voices,1
are,1
journal,1
meet,1
consider,1
research,1
low,1
through,1
pants,1
activity,1
celebrating,1
claimed,1
passengers,1
emerge,1
recognizing,1
todd,1
jacket,1
overseas,1
widespread,1
consistent,1
unhealthy,1
murray,1
activist,1
say,1
progressive,1
december,1
individuals,1
different,1
forgotten,1
salt,1
position,1
twice,1
requires,1
time,1
too,1
woke,1
nightmare,1
wheel,1
guard,1
revealing,1
boards,1
sight,1
springs,1
resigns,1
tank,1
traditional,1
responsibility,1
richard,1
designed,1
makes,1
brings,1
difference,1
holiday,1
ban,1
shootings,1
fed,1
dig,1
dip,1
tribute,1
engage,1
frustration,1
duck,1
substance,1
palm,1
compete,1
ignoring,1
park,1
broke,1
come,1
air,1
economy,1
city,1
other,1
ends,1
recognized,1
duke,1
sterling,1
cliff,1
overall,1
banning,1
luke,1
acceptable,1
involve,1
tales,1
feb,1
sadness,1
confirm,1
fraud,1
from,1
opportunities,1
few,1
off,1
rush,1
fuel,1
usual,1
birthday,1
took,1
saturday,1
though,1
happened,1
push,1
check,1
essence,1
path,1
prize,1
trigger,1
plane,1
vice,1
buzz,1
directly,1
architecture,1
shift,1
regardless,1
ticket,1
early,1
saying,1
increasing,1
range,1
bet,1
artists,1
serious,1
multiple,1
book,1
above,1
want,1
work,1
all,1
july,1
fiscal,1
discovering,1
pursuit,1
winners,1
breathtaking,1
lean,1
pastor,1
chef,1
beaten,1
reward,1
boycott,1
christmas,1
ever,1
seeing,1
have,1
opposition,1
very,1
continue,1
they,1
injured,1
constantly,1
players,1
staff,1
trust,1
helping,1
sake,1
addicted,1
guns,1
watson,1
troubled,1
endangered,1
convince,1
longest,1
infection,1
surprise,1
bright,1
think,1
brain,1
first,1
released,1
alive,1
theater,1
return,1
friend,1
dramatic,1
financial,1
final,1
tried,1
planning,1
type,1
missing,1
bombs,1
neighborhoods,1
courts,1
patience,1
slam,1
blended,1
heroes,1
shown,1
brussels,1
adorable,1
did,1
across,1
probe,1
risk,1
included,1
teen,1
rio,1
nyc,1
october,1
about,1
because,1
we,1
gov,1
lemon,1
symbol,1
animated,1
factors,1
bully,1
proved,1
baked,1
handful,1
repeatedly,1
faced,1
steps,1
mind,1
single,1
upcoming,1
giving,1
english,1
planet,1
flight,1
emotions,1
every,1
know,1
restore,1
slip,1
urged,1
excited,1
ashamed,1
meditate,1
obvious,1
answers,1
warriors,1
implications,1
second,1
knows,1
click,1
raised,1
lawyers,1
suffer,1
apartment,1
era,1
absolutely,1
at,1
struggles,1
complaints,1
fill,1
beijing,1
tobacco,1
chips,1
absence,1
dreaming,1
dreams,1
asian,1
not,1
post,1
forget,1
empty,1
direct,1
spend,1
past,1
sam,1
statement,1
celebration,1
strip,1
fingers,1
disappointed,1
walk,1
musical,1
relations,1
centuries,1
hockey,1
guys,1
loose,1
brave,1
place,1
lives,1
appeared,1
conversations,1
run,1
necessary,1
thinking,1
moscow,1
sparked,1
incredibly,1
estimated,1
suggestions,1
critic,1
spectrum,1
mile,1
what,1
tells,1
considered,1
basically,1
burger,1
celebrities,1
comes,1
situation,1
burgers,1
denying,1
arkansas,1
enormous,1
switch,1
relaxing,1
punishment,1
carefully,1
hate,1
test,1
boost,1
upon,1
given,1
full,1
drunk,1
large,1
justin,1
even,1
where,1
prior,1
shop,1
races,1
protected,1
dignity,1
practicing,1
lonely,1
medicare,1
construction,1
someone,1
side,1
scientists,1
taught,1
green,1
them,1
painful,1
bold,1
address,1
each,1
loss,1
bubble,1
initial,1
method,1
lazy,1
nowhere,1
remembered,1
regrets,1
pen,1
las,1
moving,1
out,1
owner,1
learned,1
real,1
allies,1
lawmakers,1
were,1
holding,1
instead,1
old,1
days,1
named,1
pentagon,1
cozy,1
fault,1
reject,1
chart,1
ann,1
talented,1
tend,1
tyler,1
worth,1
exactly,1
gender,1
essential,1
choose,1
do,1
countries,1
constitutional,1
sensitive,1
navigate,1
mitt,1
long,1
enter,1
concern,1
cry,1
trend,1
was,1
thanks,1
pray,1
pushing,1
disasters,1
sandra,1
adopted,1
gather,1
scheduled,1
california,1
year,1
together,1
treated,1
festival,1
falls,1
walker,1
democracy,1
leave,1
kiss,1
zoe,1
survived,1
parental,1
eliminate,1
stake,1
interviews,1
wears,1
worker,1
double,1
carried,1
fatally,1
hong,1
hunting,1
howard,1
judges,1
tremendous,1
leadership,1
entered,1
noise,1
march,1
bar,1
lessons,1
talk,1
hard,1
speaking,1
nobel,1
activism,1
seasons,1
worrying,1
neither,1
besides,1
confusion,1
affairs,1
saint,1
hatred,1
proof,1
americans,1
martin,1
well,1
after,1
warning,1
episode,1
size,1
brothers,1
turned,1
eyes,1
photographs,1
burns,1
nervous,1
characters,1
unable,1
rebel,1
gary,1
best,1
decisions,1
become,1
good,1
nasa,1
types,1
transition,1
solution,1
readers,1
wild,1
find,1
spoken,1
counts,1
accuses,1
seats,1
chances,1
feeding,1
dreamers,1
surge,1
barriers,1
toilet,1
follow,1
complete,1
literally,1
political,1
rally,1
pinterest,1
banks,1
crashes,1
darkness,1
williams,1
donate,1
philippines,1
honestly,1
preventing,1
history,1
weeks,1
moral,1
answer,1
series,1
so,1
many,1
weapons,1
respond,1
businesses,1
repeat,1
surely,1
reveal,1
line,1
gives,1
goal,1
angeles,1
meant,1
those,1
hands,1
put,1
hot,1
war,1
pledge,1
prominent,1
rule,1
thin,1
successfully,1
bull,1
employment,1
recap,1
average,1
girls,1
arrest,1
costume,1
birth,1
there,1
these,1
claim,1
nearly,1
capacity,1
grows,1
laid,1
harvey,1
reading,1
reaction,1
win,1
matt,1
least,1
grand,1
sanctuary,1
stance,1
serving,1
shadow,1
hudson,1
henry,1
enough,1
great,1
message,1
gets,1
direction,1
meals,1
else,1
horrific,1
native,1
shaming,1
tied,1
proposals,1
aimed,1
messy,1
skinny,1
avoiding,1
marked,1
gone,1
music,1
earth,1
came,1
unfortunately,1
ghost,1
harsh,1
pattern,1
worthy,1
disability,1
name,1
focus,1
los,1
material,1
exhibition,1
scientist,1
pac,1
marks,1
dialogue,1
restrictions,1
nothing,1
toward,1
led,1
like,1
associated,1
relationship,1
accused,1
addiction,1
parent,1
famous,1
anthony,1
claiming,1
insane,1
p.m.,1
‚Äî,1
between,1
education,1
watched,1
easy,1
defends,1
heroin,1
twin,1
trailer,1
adult,1
told,1
make,1
violent,1
paid,1
theory,1
fails,1
prepared,1
studies,1
investigate,1
cheeky,1
kong,1
parker,1
amanda,1
dangers,1
riding,1
regularly,1
greater,1
parenthood,1
wrong,1
taste,1
office,1
process,1
call,1
jason,1
aging,1
embarrassing,1
elementary,1
practical,1
batman,1
pit,1
supported,1
stereotypes,1
until,1
quit,1
behavior,1
had,1
iraqi,1
whole,1
pitch,1
dancing,1
trash,1
discusses,1
dick,1
gun,1
progress,1
citizens,1
point,1
community,1
quiz,1
anyway,1
count,1
forward,1
later,1
income,1
deep,1
states,1
intimate,1
patrick,1
corporate,1
‚Äú,1
organization,1
while,1
would,1
light,1
grow,1
shirt,1
journalist,1
feels,1
gave,1
staying,1
wonders,1
agreed,1
joseph,1
arms,1
never,1
us,1
job,1
boss,1
army,1
learn,1
chris,1
catching,1
thrive,1
genetic,1
serves,1
center,1
term,1
beat,1
tiny,1
justice,1
press,1
keeping,1
younger,1
our,1
front,1
team,1
emerging,1
gathered,1
bottom,1
arts,1
college,1
received,1
wins,1
epidemic,1
israeli,1
breaking,1
fought,1
explores,1
kid,1
hopes,1
powerful,1
who,1
increased,1
calm,1
gained,1
etiquette,1
bird,1
respect,1
midst,1
hopefully,1
denial,1
increases,1
something,1
thank,1
women,1
scandal,1
yellow,1
entertaining,1
disturbing,1
easily,1
continuing,1
tops,1
gold,1
knowledge,1
odd,1
curious,1
begun,1
earn,1
reverse,1
phrase,1
peaceful,1
alternative,1
doing,1
attorney,1
mountain,1
diego,1
deadly,1
weigh,1
ruin,1
civilians,1
speaks,1
victory,1
keith,1
potato,1
class,1
worse,1
man,1
anything,1
half,1
productive,1
combination,1
lincoln,1
seems,1
sit,1
thought,1
talking,1
spoke,1
concerned,1
proves,1
choice,1
mike,1
reason,1
moved,1
column,1
noted,1
away,1
magic,1
raising,1
allegedly,1
advocates,1
dozens,1
century,1
sues,1
true,1
leaders,1
girlfriend,1
plain,1
statements,1
expression,1
heads,1
stretch,1
winning,1
solid,1
involves,1
resign,1
thankful,1
wise,1
far,1
support,1
greatest,1
've,1
covered,1
accurate,1
route,1
relief,1
fossil,1
caucus,1
maryland,1
encounter,1
desk,1
kids,1
points,1
bowl,1
woman,1
boys,1
act,1
‚Äôre,1
directed,1
firing,1
bound,1
wealthy,1
household,1
stops,1
decided,1
hospital,1
veteran,1
includes,1
wall,1
debut,1
debates,1
massachusetts,1
sacred,1
home,1
ignored,1
really,1
hospitals,1
caring,1
journalism,1
bite,1
ties,1
bathroom,1
refuses,1
refuse,1
washington,1
lower,1
ultimate,1
mine,1
iran,1
elections,1
sessions,1
inspiration,1
weird,1
ourselves,1
study,1
trauma,1
wildlife,1
transformation,1
joke,1
lisa,1
guidelines,1
assume,1
gulf,1
understanding,1
david,1
communities,1
nice,1
london,1
nazi,1
saved,1
attempts,1
warned,1
medal,1
alike,1
france,1
needs,1
terrorism,1
andy,1
survive,1
subway,1
rescued,1
exposure,1
priority,1
invited,1
mostly,1
called,1
visits,1
touching,1
birds,1
berlin,1
differences,1
apparently,1
putting,1
question,1
fun,1
along,1
surprises,1
relationships,1
reactions,1
desperate,1
kennedy,1
towards,1
minds,1
%,1
beating,1
heart,1
childhood,1
explains,1
within,1
himself,1
facing,1
maybe,1
drew,1
shaped,1
embracing,1
survey,1
healthcare,1
things,1
words,1
tough,1
folks,1
guest,1
politics,1
when,1
divided,1
airline,1
roger,1
wanting,1
miracle,1
weekly,1
emotional,1
join,1
ben,1
experiences,1
candy,1
award,1
cope,1
basic,1
powers,1
section,1
earned,1
wanted,1
police,1
totally,1
pull,1
part,1
main,1
writers,1
gut,1
definitely,1
tea,1
rest,1
rise,1
proper,1
taxes,1
champion,1
prefer,1
liberty,1
shark,1
visited,1
him,1
dead,1
daily,1
involved,1
fail,1
challenges,1
race,1
adoption,1
grade,1
facts,1
rhetoric,1
slightly,1
comeback,1
suspended,1
ask,1
sick,1
he,1
however,1
bone,1
somebody,1
neighbors,1
maintain,1
emmy,1
throwing,1
lists,1
receiving,1
trends,1
themselves,1
angry,1
killed,1
racist,1
trail,1
hilariously,1
intended,1
cameron,1
weekend,1
letter,1
leading,1
suffering,1
lots,1
willing,1
funniest,1
austin,1
alexander,1
clock,1
funny,1
minute,1
sean,1
congressional,1
hold,1
awards,1
since,1
definition,1
foster,1
french,1
young,1
matter,1
guy,1
allowed,1
brexit,1
ideal,1
bike,1
horrible,1
carrying,1
opens,1
tips,1
day,1
special,1
list,1
cops,1
carry,1
spanish,1
nature,1
stone,1
straight,1
puts,1
little,1
went,1
during,1
scary,1
bag,1
wish,1
rights,1
jersey,1
suffered,1
confederate,1
possibility,1
soldiers,1
impression,1
having,1
stand,1
circumstances,1
pollution,1
spaces,1
performance,1
makeover,1
meat,1
others,1
culture,1
sense,1
state,1
blast,1
protections,1
shooting,1
asked,1
spirit,1
israel,1
head,1
perspective,1
irish,1
profound,1
movement,1
confident,1
slowly,1
convicted,1
fact,1
official,1
tackle,1
disaster,1
flights,1
sentence,1
modern,1
bill,1
films,1
sand,1
legs,1
jared,1
fantastic,1
morning,1
try,1
outside,1
god,1
magazine,1
deeply,1
alex,1
ones,1
chemical,1
harvard,1
robin,1
ohio,1
teaching,1
won,1
protest,1
walking,1
providing,1
everyday,1
generations,1
la,1
threatened,1
important,1
pizza,1
university,1
whether,1
spent,1
picked,1
pleasure,1
hollywood,1
his,1
parents,1
house,1
draw,1
ray,1
anne,1
finish,1
humor,1
movie,1
stuck,1
ending,1
outrage,1
ethics,1
harris,1
samantha,1
photographer,1
grammys,1
finance,1
remarks,1
role,1
being,1
plays,1
breaks,1
seem,1
remembering,1
francis,1
crew,1
degree,1
roles,1
twins,1
tax,1
couple,1
isis,1
difficult,1
sign,1
schedule,1
land,1
season,1
shot,1
paris,1
aware,1
allowing,1
republic,1
impressive,1
chose,1
creating,1
knew,1
stopped,1
listen,1
benefits,1
letters,1
hook,1
hope,1
turkish,1
valuable,1
ran,1
polls,1
halloween,1
breakup,1
dear,1
carbon,1
lovers,1
missouri,1
obviously,1
extraordinary,1
men,1
thinks,1
dance,1
editor,1
patterns,1
jeans,1
situations,1
shake,1
regret,1
election,1
found,1
sunday,1
preparing,1
shelter,1
band,1
authentic,1
torture,1
caught,1
religious,1
egypt,1
mars,1
singing,1
happy,1
saving,0
‚Äò,0
ball,0
certainly,0
candidates,0
claims,0
stories,0
short,0
shades,0
naturally,0
met,0
anniversary,0
photo,0
language,0
engaged,0
charlottesville,0
conspiracy,0
editors,0
prince,0
father,0
diverse,0
communication,0
duty,0
confused,0
bridge,0
beach,0
olympic,0
lost,0
cause,0
abandoned,0
spain,0
tsa,0
romance,0
costumes,0
loud,0
camp,0
yourself,0
foreign,0
die,0
honor,0
honest,0
reveals,0
mouth,0
actions,0
fall,0
campaign,0
deserve,0
okay,0
pakistan,0
keeps,0
species,0
farm,0
particularly,0
busy,0
colorful,0
often,0
truly,0
lines,0
dry,0
keys,0
woods,0
charles,0
babies,0
fathers,0
tony,0
luck,0
pope,0
person,0
energy,0
union,0
club,0
hell,0
inspired,0
mean,0
corruption,0
adviser,0
mitch,0
hall,0
elect,0
clients,0
limits,0
classic,0
simply,0
wind,0
warming,0
snow,0
hearing,0
leader,0
australian,0
guide,0
stupid,0
tragic,0
appropriate,0
feet,0
pacific,0
vows,0
factor,0
catholic,0
guilty,0
miles,0
ski,0
north,0
roots,0
below,0
failure,0
map,0
lose,0
sleep,0
sitting,0
civil,0
running,0
agree,0
legacy,0
minority,0
sounds,0
bit,0
partners,0
acts,0
story,0
airlines,0
plenty,0
acceptance,0
success,0
opportunity,0
council,0
teams,0
seat,0
stage,0
party,0
effective,0
wondering,0
gorgeous,0
violence,0
member,0
vacation,0
silent,0
sometimes,0
dies,0
joins,0
threatens,0
figures,0
nra,0
crimes,0
writer,0
paint,0
effects,0
suggests,0
james,0
finds,0
treats,0
places,0
cover,0
general,0
‚Äï,0
production,0
korean,0
summit,0
marry,0
prove,0
constant,0
pipeline,0
sauce,0
raise,0
dream,0
fired,0
room,0
tourists,0
unusual,0
activists,0
edition,0
interests,0
rare,0
icon,0
ease,0
stressful,0
speak,0
students,0
jerry,0
grew,0
myth,0
military,0
split,0
andrew,0
brazil,0
trips,0
hear,0
wilson,0
meaningful,0
debt,0
meaning,0
mommy,0
scared,0
sun,0
silver,0
holidays,0
life,0
feelings,0
balance,0
suicide,0
wing,0
hurt,0
loves,0
wisconsin,0
hip,0
attend,0
medical,0
seattle,0
visiting,0
schumer,0
homeless,0
warm,0
goals,0
mood,0
responds,0
died,0
moments,0
cheating,0
huffpost,0
i,0
'm,0
bills,0
colleges,0
dealing,0
nation,0
then,0
majority,0
egg,0
kimmel,0
proposal,0
ultimately,0
crime,0
tell,0
gaga,0
jokes,0
national,0
especially,0
cats,0
gotten,0
united,0
weinstein,0
choices,0
acting,0
diy,0
continued,0
night,0
perfect,0
rico,0
walked,0
except,0
star,0
eggs,0
inequality,0
plastic,0
greek,0
beloved,0
cycle,0
hilarious,0
stronger,0
channel,0
flowers,0
animals,0
fabulous,0
treat,0
sure,0
treatment,0
calories,0
concept,0
markets,0
reasons,0
sen,0
producer,0
drug,0
closet,0
custody,0
usa,0
fame,0
must,0
death,0
physical,0
previously,0
field,0
dish,0
england,0
advice,0
estate,0
manage,0
favorite,0
row,0
frozen,0
personality,0
show,0
prevent,0
kentucky,0
subject,0
suggest,0
white,0
teachers,0
due,0
felt,0
suspect,0
housing,0
homes,0
prevention,0
expectations,0
theme,0
bond,0
courage,0
love,0
normal,0
foot,0
plant,0
interview,0
tests,0
runway,0
virus,0
american,0
fitness,0
abortion,0
stylish,0
newly,0
garden,0
score,0
stars,0
task,0
cookies,0
me,0
pot,0
jay,0
looks,0
traveling,0
strategies,0
stuff,0
arizona,0
fund,0
sky,0
african,0
thanksgiving,0
damage,0
cleaning,0
gps,0
otherwise,0
fellow,0
artist,0
sweet,0
author,0
climate,0
happiness,0
bacon,0
always,0
pop,0
america,0
exclusive,0
poll,0
food,0
manager,0
cute,0
sea,0
valentine,0
choosing,0
fruit,0
broadway,0
myself,0
rescue,0
william,0
globe,0
kick,0
somehow,0
urban,0
survivors,0
inspire,0
blogger,0
stick,0
gifts,0
books,0
crisis,0
false,0
feminist,0
stands,0
conditions,0
begin,0
hunger,0
concert,0
period,0
affair,0
luxury,0
workplace,0
spouse,0
guess,0
doctors,0
lights,0
smile,0
solutions,0
mess,0
cake,0
puerto,0
ancient,0
christie,0
bomb,0
campus,0
handle,0
ended,0
kill,0
dirty,0
lesbian,0
none,0
mexico,0
agenda,0
exist,0
adam,0
region,0
hill,0
chocolate,0
celebrates,0
happen,0
retirement,0
color,0
disney,0
activities,0
mindful,0
highlights,0
turkey,0
sex,0
summer,0
rich,0
population,0
dog,0
common,0
makeup,0
country,0
blue,0
am,0
orlando,0
bob,0
confidence,0
milk,0
tears,0
achieve,0
signs,0
lady,0
spending,0
whose,0
wage,0
kim,0
individual,0
designer,0
easter,0
explore,0
heard,0
responsible,0
celebrate,0
fish,0
creative,0
begins,0
coffee,0
unique,0
clip,0
awkward,0
canada,0
status,0
wonder,0
saw,0
premiere,0
sort,0
soul,0
picks,0
crazy,0
president,0
adventure,0
gain,0
southern,0
nations,0
beautiful,0
lived,0
condition,0
visit,0
comey,0
memorial,0
anger,0
boy,0
weather,0
playing,0
shame,0
brooklyn,0
authorities,0
aids,0
michigan,0
tired,0
tour,0
skin,0
mother,0
wife,0
residents,0
student,0
georgia,0
my,0
strike,0
left,0
strange,0
jon,0
affect,0
rose,0
administration,0
impossible,0
opened,0
fear,0
shape,0
amy,0
herself,0
resolutions,0
rates,0
photos,0
environmental,0
winter,0
journey,0
baby,0
dying,0
trick,0
korea,0
ways,0
island,0
supreme,0
miss,0
lunch,0
recovery,0
values,0
russia,0
level,0
repeal,0
coverage,0
parenting,0
heat,0
stewart,0
knowing,0
importance,0
bars,0
middleton,0
throw,0
lead,0
islamic,0
athletes,0
natural,0
michael,0
care,0
levels,0
programs,0
positive,0
actor,0
sexy,0
purpose,0
affordable,0
senator,0
family,0
sarah,0
jr,0
aid,0
democratic,0
red,0
pet,0
afraid,0
royal,0
evening,0
clinton,0
schools,0
protests,0
silence,0
protesters,0
pink,0
recipe,0
negative,0
racial,0
routine,0
jessica,0
veterans,0
brown,0
songs,0
barack,0
patient,0
domestic,0
wonderful,0
quite,0
obama,0
immigrants,0
written,0
peace,0
meal,0
syrian,0
travelers,0
border,0
worst,0
jenner,0
career,0
town,0
voter,0
marijuana,0
spring,0
children,0
oscars,0
moment,0
slideshow,0
toddler,0
wear,0
candidate,0
train,0
mayor,0
voters,0
throughout,0
turning,0
committee,0
dads,0
charged,0
coast,0
central,0
comedy,0
presidential,0
paper,0
water,0
drugs,0
lawyer,0
historic,0
storm,0
shoes,0
character,0
robert,0
serve,0
struggle,0
extra,0
health,0
jones,0
insurance,0
usually,0
supporters,0
cream,0
living,0
rep,0
cast,0
rather,0
