promposals,118
rotondo,118
bellys,118
fawns,118
ades,118
achoo,118
stonie,118
durian,118
dolphinately,118
‚Ä≥my,118
neopets,118
shafted,118
ribbiting,118
lefleur,118
dilly,118
dally,118
karamel,118
ofglarbdkvnes,118
caterpillers,118
skank,118
brained,118
plogging,118
wauconda,118
blowtorch,118
flusher,118
thuney,118
aaaaaah,118
wcvb,118
tapeworm,118
indicas,118
sativas,118
phylax,118
zaring,118
zaharov,118
squirrelly,118
cellograffiti,118
horomanski,118
pawsitively,118
gobsmacking,118
pawnographic,118
tackiness,118
yetis,118
phallus,118
heinie,118
panpipes,118
weirdthanksgivingtraditions,118
cockatoos,118
meng,118
taofik,118
moalla,118
eyob,118
faniel,118
noooooooo,118
porg,118
squeaking,118
oilers,118
acro,118
struempfuel,118
hunkers,118
mangles,118
ruthian,118
slugged,118
clijsters,118
putins,118
mantises,118
kickabout,118
surfed,118
oinks,118
toyed,118
urls,118
reappears,118
dooagh,118
pries,118
bory,118
mcboreface,118
eaves,118
pineiro,118
81-yard,118
hosing,118
rosita,118
videobombs,118
czerski,118
vandelay,118
cuber,118
subaru,118
zombae,118
zombiepersonalads,118
goner,118
peepza,118
toocute,118
unmelts,118
gumby,118
volts,118
slushie,118
lenticular,118
motherships,118
permanganate,118
franciscan,118
bigot√≥n,118
rawk,118
gunslinging,118
mothaf**kin,118
cueball,118
goanna,118
contortion,118
hitches,118
crapper,118
taxidermied,118
reasonstrumphangsup,118
snowjob,118
cheesed,118
joemel,118
panisa,118
mrbeast,118
hollyweed,118
gumballs,118
cowpoke,118
lassoes,118
crunchies,118
wonderbar,118
cluckin,118
flockstars,118
xmizzle,118
redblacks,118
hollered,118
stirrer,118
aplogize,118
kringle,118
noooooo,118
wayyyyyy,118
dookies,118
rutting,118
katana,118
caganers,118
üç´,118
homewrecking,118
ptor,118
scrapyard,118
cerver√≥,118
meow'-iment,118
multiplyin,118
losin,118
nutsiest,118
tp,118
doobie,118
lasttimetrumppaidtaxes,118
nuzzle,118
slobber,118
speargun,118
bulldozes,118
vewy,118
weached,118
hots,118
gobstoppers,118
prefur,118
airlander,118
bummmmmmm,118
herpetologists,118
hoff,118
yeehaw,118
squirrel's,118
photobomber,118
busker,118
gudmunsen,118
runnings,118
jailbird,118
pokemonument,118
squirtle,118
16-foot,118
chincoteague,118
oscillating,118
cutbirth,118
spearfishing,118
zu]bat,118
moracchioli,118
jagerbombs,118
spotters,118
flooooor,118
baptismal,118
hetlinger,118
fishbras,118
squatch,118
lifter,118
üê≠,118
sportsbet,118
auctioneers,118
pomo,118
hallucinates,118
wessie,118
presumpscot,118
nuzzling,118
demyte,118
mentos,118
affectionator,118
ssssssomeone,118
lauri,118
vuohensilta,118
guiltiest,118
zawadi,118
11-foot,118
gurgle,118
horney,118
frilled,118
kroboth,118
cat's,118
toso,118
nicoletta,118
zuin,118
bustamante,118
barango,118
him!.two,118
yoshi,118
inception'-themed,118
sandcastle,118
eyona,118
grubs,118
wheely,118
reenactor,118
yeaaaaah,118
meok,118
sawfish,118
boogying,118
morgues,118
moracco,118
redback,118
spotter,118
workmen,118
seductions,118
fronds,118
hyrdaulic,118
froo,118
velella,118
brightside,118
ringtone,118
atiel,118
airlifts,118
kleptomaniac,118
brigit,118
kozan,118
sobky,118
slandered,118
rickrolled,118
qr,118
leapin,118
parachuter,118
wingsuiter,118
spawtlight,118
umich,118
capades,118
vember,118
mowers,118
ranchi,118
wangaratta,118
blowup,118
airhead,118
sty,118
purrr,118
herded,118
fluffball,118
chik,118
apes**t,118
regreths,118
thtupid,118
thtunt,118
shwarma,118
mousetrap,118
shotty,118
horroh,118
boars,118
paraglider,118
exoskeleton,118
embalmed,118
nerfherder,118
tunneling,118
huddling,118
broils,118
punchier,118
incinerate,118
embezzled,118
pienaar,118
canello,118
zyrtec,118
nationalbirdday,118
kankakee,118
calend,118
nela,118
zisser,118
brobible,118
hoverboarding,118
hocking,118
loogies,118
somersault,118
straphangers,118
schnozz,118
wingsuited,118
alderaan,118
neary,118
jukes,118
pacq,118
puss,118
compactor,118
compaction,118
moncton,118
nuzzles,118
batsh,118
weisser,118
aftenposten,118
wrangled,118
hotboxing,118
doofnado,118
edeka,118
gggrrroowwrrrrrrrrhmm,118
ivor,118
chowed,118
micra,118
eyeroll,118
talavera,118
gonads,118
condomchallenge,118
headbanging,118
evy,118
bagpipe,118
spambot,118
giantesses,118
ticketed!Ôªø,118
tee'd,118
brunchers,118
jetpack,118
wheelz,118
fotheringham,118
untangler,118
uvula,118
splats,118
wolfs,118
cotard,118
pourri,118
nutscapes,118
sharable,118
obsev,118
gonad,118
mangling,118
arachnophobia,118
exorcised,118
phillie,118
phanatic,118
rappels,118
sebastiaan,118
dominos,118
lanikai,118
bienvenue,118
officals,118
errifying,118
chingon,118
taqueria,118
elvira,118
poopy,118
gawkers,118
ÔªøhereÔªø,118
pickering,118
carport,118
superfreak,118
youngblood,118
klutzy,118
badeau,118
yogisms,118
shellshocked,118
scarfs,118
modifiers,118
tenille,118
colonoscope,118
urinates,118
infest,118
atonic,118
mythbuster,118
firenado,118
stretchiest,118
bahadur,118
dangi,118
aaaaaaaaaaaaaaahhhhhh,118
soothsayers,118
teleported,118
forklift,118
huffs,118
snarls,118
19-inch,118
blowhole,118
freerunners,118
dumbstruck,118
petkuns,118
oink,118
lympics,118
brooker,118
nits,118
garant,118
harasses,118
nisota,118
shoplift,118
marmot,118
bast√∏y,118
hitchbot,118
filmgoers,118
unscrew,118
appropo,118
mahwah,118
whooo,118
owlbsolutely,118
whoooooo,118
thissss,118
bugnado,118
hearse,118
lobsterman,118
bagwell,118
dozes,118
fowling,118
hamtramck,118
bhang,118
lynnwood,118
snohomish,118
veatch,118
bejewel,118
pignoli,118
zambian,118
whoopee,118
warbles,118
barters,118
thou$ands,118
masturbator,118
bumbum,118
mcbeard,118
coolfire,118
dreamworkstv,118
pettable,118
masturbates,118
85-seat,118
jockstrap,118
goorin,118
newsboy,118
sexing,118
boxershorts,118
fetishists,118
15k,118
floppier,118
poopgangsta,118
wtfark,118
deepdish,118
bertoletti,118
abductee,118
girthy,118
claustrophiles,118
lisp,118
lilting,118
ayckbourn,118
saunters,118
overtone,118
quacking,118
burglarizes,118
tooled,118
condoned,118
gurgitator,118
takako,118
akasaka,118
sturgis,118
trek'-themed,118
inu,118
toothaker,118
sleepin,118
eatin,118
exaggerative,118
ginsu,118
krumping,118
woodpeckers,118
manzilian,118
kinki,118
bronies,118
wadded,118
gulag,118
gulags,118
fark,110
glutton,88
10-foot,88
summa,79
yanny,79
paddleboarder,79
rattlesnake,79
24-foot,79
mummified,79
occupants,79
crappiest,79
cabbie,79
friar,79
ballsy,79
slo,79
fect,79
arouse,79
sasquatch,79
doorstop,79
crusher,79
backflips,79
jiff,79
flamethrowers,79
chekhov,79
ufo,74
redditors,73
ufos,73
wingsuit,71
skydivers,71
klingon,71
iguana,67
motorcyclist,67
thrice,59
cephalopod,59
eavesdropped,59
üòª,59
laude,59
squirrel,59
costumed,59
cheesiest,59
tumbleweeds,59
fabiana,59
sergi,59
incontinent,59
grosser,59
responsiblity,59
vibranium,59
farting,59
seabird,59
alllllll,59
tantric,59
toothy,59
oksana,59
birkenstock,59
counterfeits,59
snitches,59
comer,59
gruy√®re,59
earthlings,59
extraterrestrials,59
fairground,59
meathead,59
speeder,59
goofball,59
donalds,59
geostorm,59
lievable,59
hortons,59
stowaway,59
10-mile,59
sandbar,59
grates,59
surfs,59
chested,59
slug,59
mcnugget,59
geomagnetic,59
splendidly,59
outran,59
wolfed,59
saruman,59
angler,59
mousetraps,59
obliterating,59
bugged,59
uninjured,59
fozzie,59
stig,59
venomous,59
electrocuted,59
birdbrained,59
ousside,59
enema,59
livens,59
ize,59
thimble,59
doppleganger,59
streaking,59
licked,59
nother,59
urinating,59
alva,59
snoozed,59
fowl,59
sheepish,59
ewe,59
hypnotize,59
serenading,59
beefs,59
xs,59
mi6,59
splat,59
esophageal,59
pinatas,59
ganja,59
durban,59
gourd,59
hungering,59
overreacted,59
banger,59
candyman,59
zorro,59
tigger,59
roombas,59
yoplait,59
scotsman,59
jedis,59
radioed,59
spindle,59
cosplayers,59
boar,59
pyrex,59
currie,59
trespasser,59
canteen,59
seagull,59
roswell,59
neigh,59
succumbs,59
unconventionally,59
slobbering,59
chastity,59
rishi,59
heimlich,59
sheepdog,59
pitbulls,59
tarantulas,59
herds,59
lemur,59
tennyson,59
tappan,59
goriest,59
spearing,59
quadcopter,59
belding,59
simian,59
castaways,59
flamethrower,59
corkscrews,59
skippy,59
ravine,59
inflatables,59
caddie,59
kdka,59
15-foot,59
maryann,59
chong,59
potties,59
swerved,59
saws,59
paddocks,59
nipped,59
urinal,59
saucers,59
nudists,59
dorrit,59
chows,59
hoverboards,59
lamppost,59
unwisely,59
dykstra,59
mancino,59
bigamy,59
canaria,59
tso,59
unheralded,59
ravers,59
50-foot,59
neri,59
flasher,59
gobsmacked,59
trekkie,59
hoagie,59
hurler,59
heckuva,59
shrub,59
manscaper,59
o'-lanterns,59
accented,59
taxidermist,59
immortalizes,59
rushville,59
thud,59
murica,59
parachuting,59
parolee,59
pigging,59
windward,59
markie,59
wordsmith,59
clucked,59
tr,59
fiendishly,59
gumball,59
interspecies,59
barfing,59
wets,59
shad,59
whitlock,59
coed,59
jailbreak,59
supplants,59
freerunning,59
pasha,59
mailboxes,59
burped,59
corduroy,59
importing,59
surfboard,59
bummers,59
drumstick,59
minion,59
havasu,59
duis,59
perps,59
magpie,59
spliff,59
jamba,59
lassi,59
cloying,59
sugared,59
gaslighting,59
fiving,59
beasties,59
chomping,59
goths,59
chiropractor,59
exorcisms,59
bowery,59
rampaging,59
anus,59
fetishist,59
fanged,59
lad,59
polyphonic,59
boobie,59
gravedigger,59
kayakers,59
growling,59
freakshow,59
mastodon,59
catfishing,59
culminates,59
pepto,59
bismol,59
hydraulic,57
gator,55
bigfoot,55
reptile,54
pikachu,54
nickelback,54
testicle,52
alligator,52
bandit,51
ninjas,51
dangles,51
beak,51
buscemi,51
snakeskin,51
nbd,51
caper,47
burglary,47
dispensary,47
hallucinating,47
bejesus,47
calligraphy,47
polly,47
flushes,47
wieners,47
kangaroos,47
cobra,47
quidditch,47
suction,47
woolly,47
wedged,47
üéÉ,47
purr,47
wasp,47
chillest,47
stoners,47
crocodiles,47
freakiest,47
pomeranian,47
stuffs,47
fingertip,47
humbug,47
berra,47
loch,47
raccoon,46
ostrich,45
gopro,45
burglar,45
stormtroopers,44
weirdo,44
penises,44
ticketed,44
awwwww,44
wince,44
kayaker,44
ripley,43
82-year,43
pooch,40
drumroll,39
bobcats,39
clapback,39
turpentine,39
garnished,39
panhandle,39
cakewalk,39
guardsman,39
bosom,39
schlongs,39
disapproving,39
chatman,39
spooked,39
raffle,39
claw,39
ruh,39
rubik,39
joyner,39
marsupials,39
tanked,39
murderabilia,39
oregonians,39
petrol,39
munchie,39
dummy,39
purrfect,39
prankster,39
scarfing,39
freakonomics,39
sonnets,39
dildos,39
ets,39
strudel,39
inspecting,39
steins,39
constrictor,39
geese,39
poops,39
squatter,39
orb,39
colgate,39
feelin,39
houdini,39
hurls,39
nor'easter,39
slithering,39
mustachioed,39
swamped,39
evades,39
bartering,39
moo,39
hatchimals,39
thumbprint,39
deflates,39
smacking,39
starman,39
whisker,39
streetlight,39
braced,39
hypnotized,39
flipbook,39
hospitalizes,39
choco,39
pythons,39
sunroof,39
substantiated,39
swallower,39
magoo,39
pelican,39
hailstorm,39
headliner,39
simba,39
thwarts,39
sinker,39
fetches,39
bipedal,39
strolls,39
frigging,39
sandlot,39
wheaties,39
simulator,39
vat,39
tikka,39
pogo,39
maggots,39
policewoman,39
primate,39
gemstone,39
substation,39
simms,39
pooped,39
excitable,39
lubricant,39
bangin,39
80-foot,39
sunbathers,39
wolfpack,39
dipper,39
taymour,39
piglet,39
grille,39
decibels,39
commandeering,39
foolhardy,39
dino,39
scranton,39
killin,39
truckload,39
tricycle,39
wahl,39
10-hour,39
croc,39
sparky,39
sparkler,39
feelthebern,39
cantina,39
macaskill,39
roadkill,39
dialed,39
breathalyzer,39
toking,39
obliges,39
piggies,39
spokane,39
eared,39
smokes,39
projectile,39
fillmore,39
drunkest,39
chub,39
sh,39
o'lanterns,39
chipmunk,39
rida,39
webs,39
norwegians,39
fangs,39
prolongs,39
30-pound,39
ghoul,39
mite,39
coincidences,39
bustin,39
indigestion,39
slobs,39
infuriate,39
showstopper,39
skrillex,39
hooch,39
regains,39
glock,39
hollowed,39
flushed,39
breathable,39
50-mile,39
barreled,39
crustacean,39
doppelgangers,39
thieving,39
stickler,39
taffy,39
hellacious,39
etch,39
weezer,39
autotune,39
hauling,39
giza,39
roams,39
assigns,39
hasselhoff,39
merriest,39
magicians,39
dwi,39
ducktales,39
sus,39
impersonators,39
farted,39
omelets,39
spaced,39
rectum,39
maserati,39
shiba,39
blaster,39
reefer,39
urkel,39
putrid,39
snatcher,39
swarmed,39
snake,39
tortoise,38
leaping,37
kangaroo,37
limo,36
foiled,36
frisbee,36
animatronic,35
sneezes,35
seagal,35
oddities,35
forecaster,35
bong,35
krispy,35
kreme,35
bounces,35
sumo,35
inflatable,35
punxsutawney,34
partygoers,34
reworking,34
violators,34
yanks,34
passerby,34
leaguer,34
rodent,34
dodgeball,34
cockroach,34
cinnabon,34
reflexes,34
barnyard,34
ewww,34
roaches,34
dopey,34
husky,34
beachgoers,34
skateboard,34
whopper,34
skateboarder,34
puck,34
complimented,34
towed,34
macs,34
outlaws,34
clowns,33
thief,32
crickets,32
reimagine,32
sideshow,32
coney,32
bionic,32
adolf,32
infested,31
parachute,31
fireball,31
nom,31
robber,31
bum,31
mph,31
baffles,29
impaled,29
faked,29
cum,29
scientologists,29
seagulls,29
dumps,29
dui,29
augmented,29
pranking,29
roh,29
satanists,29
rethinks,29
hump,29
throbbing,29
mutter,29
brazenly,29
inebriated,29
donnie,29
doze,29
cfl,29
lifelike,29
firehouse,29
whoppers,29
orbiter,29
bakker,29
foreman,29
lecturer,29
obscuring,29
gnarly,29
stag,29
hummingbirds,29
thrashing,29
hazmat,29
sleuthing,29
masochists,29
skydiver,29
ba,29
snappy,29
dumbfounded,29
slither,29
cheeto,29
shoves,29
handball,29
biggie,29
bead,29
parrot,29
escalator,29
tasteless,29
k-9,29
swallowing,29
ve,29
drifts,29
mannequin,29
unicycle,29
bagpipes,29
tinsel,29
carolinas,29
normalizes,29
marsupial,29
whistling,29
canopy,29
propeller,29
tsar,29
tasered,29
tased,29
emits,29
bugle,29
shard,29
jimmie,29
üêé,29
attenborough,29
narrating,29
wham,29
reclaims,29
mashups,29
chute,29
hooky,29
toasty,29
outfield,29
tickles,29
truckloads,29
96-year,29
dildo,29
payless,29
horde,29
frankfort,29
beryl,29
emt,29
mows,29
wields,29
yelping,29
scarjo,29
egging,29
stinking,29
irrefutable,29
bounding,29
meow,29
plucks,29
tumbleweed,29
turnoff,29
dived,29
nastiest,29
sinkhole,29
pdx,29
bluffing,29
titillating,29
siberian,29
vibrator,29
tracer,29
licorice,29
unluckiest,29
stormtrooper,29
displeased,29
befriends,29
brandished,29
joyride,29
hookers,29
ick,29
ihop,29
pinata,29
superstition,29
peeve,29
psychics,29
flo,29
infestation,29
beavers,29
gnaw,29
bowels,29
spidey,29
robbin,29
robberies,29
escargot,29
chandra,29
hover,29
ch,29
pd,29
toblerone,29
angriest,29
teletubbies,29
dimes,29
crows,29
geyser,29
macon,29
ewwww,29
piloted,29
syfy,29
tush,29
peekaboo,29
recited,29
gaye,29
eel,29
nixed,29
zambezi,29
knockoff,29
tenders,29
microwaving,29
gropes,29
antichrist,29
yeti,29
shoplifters,29
zeus,29
carcass,29
wristband,29
morrow,29
songbirds,29
pseudoscience,29
gnome,29
researches,29
goose,28
moose,28
interrupts,28
daredevil,28
weirdest,28
harambe,28
feces,28
pigeon,27
chases,27
santas,27
sighting,27
pokemon,27
penis,27
mo,27
giraffe,27
skull,27
hoverboard,27
laurel,26
jae,26
baldness,26
smashes,26
obituary,26
drains,26
weirdness,26
bearded,26
helper,26
swallows,26
skunk,26
dials,26
bodyguard,26
scorpion,26
golfers,26
plumber,26
bumping,26
banjo,26
silliness,26
howl,26
distributes,26
minions,26
gobble,26
gurney,26
steals,26
fisherman,26
owl,25
rat,25
hippo,25
feline,25
skittles,25
crazed,25
waldo,25
windshield,25
groundhog,24
speeding,24
clown,24
70-pound,24
duffel,24
panty,24
stinky,24
condom,24
comebacks,24
cashews,24
blooper,24
squirrels,24
stringy,24
jugs,24
dispatcher,24
aroused,24
snowman,24
checkmate,24
suffocated,24
kampf,24
earthers,24
umm,24
bandits,24
stardust,24
fishnet,24
wrangle,24
gutsy,24
speechwriter,24
szechuan,24
whey,24
mmmm,24
pokey,24
stashing,24
mixup,24
broom,24
faker,24
swims,24
daffy,24
wallop,24
disguises,24
morphs,24
foolishly,24
slithers,24
spooks,24
electable,24
sonata,24
trespassing,24
floaters,24
ems,24
crunched,24
meetup,24
panics,24
patter,24
evict,24
merciful,24
pedals,24
werewolf,24
tractor,24
muggles,24
shandling,24
twinge,24
skipper,24
squeezes,24
bribe,24
porcupine,24
jawbone,24
overcrowding,24
hungover,24
auditioning,24
cooing,24
porta,24
thedress,24
overwhelms,24
scarecrow,24
crates,24
stopper,24
scruffy,24
overlords,24
homoerotic,24
punchy,24
narcotics,24
gutter,24
judicious,24
aviator,24
holdup,24
discard,24
cuffed,24
assed,24
44-year,24
soooo,24
rangel,24
twirling,24
polk,24
tacular,24
behaviour,24
chipmunks,24
nab,24
passers,24
flatulence,24
kryptonite,24
kink,24
dispensaries,24
nh,24
puking,24
berating,24
jeep,24
huffing,24
snarling,24
fresno,24
intruders,24
racers,24
allegheny,24
smuggle,24
hoot,24
lollipop,24
cages,24
comma,24
dinghy,24
krispie,24
waisted,24
mulder,24
f1,24
racer,24
deafness,24
fraudster,24
honking,24
unscheduled,24
ballads,24
macabre,24
nudist,24
caddy,24
mas,24
melodies,24
busty,24
bello,24
mustaches,24
spiders,24
meth,24
weird,23
paws,23
atm,23
robs,23
robbers,22
crocodile,22
otter,22
lizard,22
wilder,22
tongues,22
strippers,22
bison,22
mermaids,22
skydiving,22
spins,22
trunk,22
ape,22
sewage,22
suv,22
chewbacca,21
censors,21
python,21
erie,21
mop,21
intruder,21
weatherman,21
chestnut,21
smacked,21
oncoming,21
marbles,21
waxing,21
goldblum,21
shatters,21
stunts,21
dashcam,21
beetlejuice,21
snails,21
morbid,21
commuters,21
pedestrian,21
ferrari,21
quiz,21
cow,21
rudolph,20
doughnuts,20
goat,20
robbery,20
shark,20
drone,20
rarity,20
sufferer,20
gullible,20
pepperoni,20
snorting,20
forecasting,20
annihilates,20
d'oh,20
swarm,20
trampoline,20
scooby,20
45-minute,20
corpse,20
delorean,20
satanic,20
rework,20
hare,20
sketchy,20
songbook,20
doggone,20
fittingly,20
poop,20
browning,20
invades,20
zookeepers,20
terrifyingly,20
creationist,20
honk,20
fizzle,20
hoards,20
dotard,20
thefts,20
76-year,20
marauding,20
jug,20
beetle,20
masquerade,20
ballgame,20
bog,20
retweet,20
terrify,20
chokes,20
cull,20
furby,20
lifesavers,20
nigh,20
omits,20
licks,20
nixes,20
trivago,20
tomas,20
snug,20
edits,20
bungling,20
splattered,20
finch,20
amateurs,20
spear,20
batty,20
xmas,20
canes,20
untraditional,20
roomba,20
phew,20
aldrin,20
councilman,20
‚ö°,20
gory,20
puree,20
flaunts,20
lookin,20
hellscape,20
terminator,20
subtitles,20
naptime,20
obliterate,20
vandalizing,20
doggie,20
üêç,20
artifact,20
parlor,20
unsecured,20
wilma,20
clumsy,20
masala,20
rot,20
heron,20
flashed,20
paranormal,20
motorbike,20
vertically,20
unmarked,20
ledge,20
mowing,20
vibrating,20
reykjavik,20
sweeten,20
dante,20
breather,20
lizards,20
mesa,20
zeros,20
basements,20
selflessly,20
foils,20
phallic,20
nerf,20
thongs,20
weeps,20
dammit,20
burglars,20
prejudicial,20
conveys,20
renaming,20
gran,20
wookiee,20
nitty,20
gawk,20
undies,20
horny,20
pout,20
coroner,20
compartment,20
tastebuds,20
toad,20
knuckle,20
rammed,20
tarantula,20
fritz,20
hitching,20
flannel,20
tellers,20
ingest,20
wiener,20
cloaked,20
antwoord,20
smuggler,20
huskies,20
moronic,20
pasture,20
obliterates,20
skylight,20
pantless,20
scoops,20
daredevils,20
demonic,20
sickest,20
tickled,20
blower,20
fainting,20
masturbate,20
siberia,20
cat,19
monkey,19
freaks,19
stink,19
optical,19
biker,19
nsfw,19
cocaine,19
truck,19
stoner,19
pup,19
spit,18
sprinkles,18
snoozing,18
gorilla,18
steakhouse,18
toilets,18
deer,18
skaters,18
suggestive,18
illuminating,18
sly,18
racket,18
stealing,18
hammock,18
robot,18
crotch,17
busted,17
cops,17
finder,17
wagging,17
porpoise,17
condoms,17
declassified,17
handwriting,17
stinging,17
salami,17
solves,17
commence,17
kitty,17
nostrils,17
stooges,17
abominable,17
manatee,17
baffle,17
demolition,17
streaker,17
cathartic,17
mcleod,17
critter,17
deploys,17
joffrey,17
freakishly,17
tilapia,17
finisher,17
evaporated,17
manned,17
spiderman,17
denny,17
devilish,17
porcelain,17
unharmed,17
mammoth,17
retriever,17
lob,17
snowballs,17
immortalized,17
swallowed,17
regretted,17
mechanical,17
peeved,17
plow,17
rearrange,17
jellyfish,17
motorist,17
opal,17
fates,17
dracula,17
jumper,17
mailman,17
anaconda,17
ponies,17
lunatic,17
wynne,17
stealers,17
winking,17
75-year,17
robo,17
singlehandedly,17
hooks,17
haywire,17
consumes,17
disturbingly,17
beckinsale,17
wallaby,17
zee,17
costar,17
mails,17
rhapsody,17
greenfield,17
wrestle,17
erected,17
contraption,17
brake,17
handyman,17
fresher,17
beagle,17
voodoo,17
deflating,17
reimbursement,17
scaredy,17
plaster,17
splashed,17
enclosure,17
cruiser,17
hella,17
gareth,17
tussauds,17
brunswick,17
audible,17
consults,17
backseat,17
sociopath,17
stabs,17
boozing,17
62-year,17
dumplings,17
televangelist,17
mensa,17
tramp,17
heroically,17
mags,17
sunken,17
unicorns,17
doubtfire,17
romp,17
porno,17
genitals,17
coughs,17
sponges,17
reenactment,17
anton,17
aligns,17
rooster,17
okinawa,17
herculean,17
liberace,17
frog,16
surfer,16
hopped,16
waitress,16
roaming,16
feather,16
teller,16
lion,16
tongue,16
brothel,16
frogs,16
duel,16
hikers,16
bulb,16
yells,16
cocky,16
sniff,16
venezuelan,16
crater,16
wiping,16
forensic,16
f***ing,16
rotting,16
smelled,16
screamed,16
weaving,16
sliding,16
lightsaber,16
sucker,16
bleed,16
doll,16
elf,16
runaway,16
physicist,15
smuggling,15
numb,15
rescues,15
smashing,15
poo,15
dentist,15
hides,15
thieves,15
parking,15
cube,15
prepped,15
peeing,15
brainstorm,15
browser,15
cache,15
kidnapper,15
smackdown,15
unavailable,15
spotting,15
spinning,15
eyeballs,15
clad,15
padres,15
anonymity,15
timber,15
flushing,15
candlelight,15
nacho,15
spinner,15
spuds,15
mein,15
woken,15
paddington,15
grate,15
pennywise,15
prank,15
tuxedo,15
pug,15
resourceful,15
digit,15
boa,15
infowars,15
bloodied,15
hunky,15
rattles,15
gnawing,15
eddy,15
tumbles,15
retweeted,15
resurrected,15
flaming,15
k9,15
announcer,15
rocco,15
formations,15
üò¢,15
axes,15
snowboarders,15
io,15
frazier,15
edison,15
ottawa,15
uglier,15
darth,15
strangling,15
fright,15
newbie,15
venetian,15
stings,15
homesick,15
ambushed,15
kebab,15
pooping,15
ferocious,15
flamingo,15
ambien,15
bonfire,15
abnormally,15
grizzly,15
shortest,15
crawled,15
earbuds,15
paw,15
technician,15
irons,15
collides,15
downhill,15
stretcher,15
encased,15
duos,15
getup,15
opium,15
lamborghini,15
pike,15
barking,15
bicep,15
brouhaha,15
trucker,15
reconsidered,15
landscaper,15
blt,15
outweighs,15
bathed,15
gimmicks,15
underbelly,15
alligators,15
netted,15
partiers,15
lobsters,15
bargained,15
mich,15
darts,15
std,15
creepiest,15
assures,15
groans,15
belting,15
aerosmith,15
merciless,15
inconsiderate,15
disempowered,15
decimated,15
87-year,15
supervised,15
obit,15
pushups,15
awwww,15
cornucopia,15
mcdonalds,15
ninja,14
pig,14
vader,14
puppet,14
leia,14
cheats,14
shower,14
drum,14
octopus,14
pancake,14
hilarity,14
popsicles,14
zombies,14
chickens,14
mammal,14
cyclists,14
gigantic,14
chihuahua,14
yourtango,14
cellar,14
spider,14
stunt,14
kittens,14
spooky,14
pole,14
diner,14
sword,14
unbelievably,14
champ,14
orangutan,14
dealers,14
pups,13
hawk,13
goats,13
boulder,13
twitterverse,13
tire,13
conjoined,13
wrecked,13
royalties,13
worm,13
doo,13
pods,13
sneeze,13
creepy,13
sandal,13
decorative,13
humongous,13
scots,13
lice,13
eyeball,13
koala,13
sexiness,13
cristiano,13
overreaction,13
ale,13
dashboard,13
üö®,13
jeweled,13
patrols,13
hasbro,13
unfazed,13
rescuer,13
heady,13
pecking,13
nutty,13
fabio,13
streaks,13
sculpting,13
farley,13
shovels,13
watkins,13
dang,13
ensue,13
enchilada,13
sully,13
gummy,13
establishes,13
confection,13
mower,13
wipeout,13
accelerator,13
plugs,13
ruff,13
lyne,13
farts,13
lotto,13
neanderthals,13
aerobic,13
prosecco,13
lightsabers,13
worshippers,13
dribble,13
budweiser,13
jackass,13
resurrect,13
mj,13
dachshund,13
phenom,13
tremors,13
pooches,13
lenin,13
intoxication,13
mugshot,13
seedy,13
presenter,13
91-year,13
scammed,13
colo,13
detonated,13
runny,13
mittens,13
pong,13
seatbelt,13
moan,13
threesome,13
85-year,13
capsized,13
drumming,13
hose,13
tailgating,13
cats,13
pipe,13
toilet,13
wagon,13
thru,13
crashes,13
reddit,13
batteries,13
doughnut,13
swinging,13
naughty,13
dolphin,12
weed,12
mailbox,12
crab,12
magician,12
crawl,12
butcher,12
blazing,12
severed,12
locking,12
hypnotic,12
puns,12
turkeys,12
nabbed,12
hairy,12
aquarium,12
nj,12
oahu,12
airborne,12
33-year,12
smoker,12
bartenders,12
rescued,12
drunk,12
dude,12
bananas,12
burrito,12
sock,12
bud,12
rub,12
ar-15,12
cyclist,12
gruesome,12
homeowner,12
brazen,12
hemingway,12
lick,12
zoo,12
crusty,12
publix,12
bagel,12
boi,12
caters,12
prostitutes,12
prosthetics,12
disqualified,12
leash,12
rabbits,12
galifianakis,12
humanely,12
snags,12
fiona,12
deftly,12
rewind,12
improperly,12
stifle,12
armored,12
bats,12
dickens,12
slides,12
dislikes,12
shimmering,12
crews,12
playfully,12
philippe,12
weakest,12
deadbeat,12
leek,12
traumatizing,12
endangerment,12
samaritans,12
hercules,12
barreling,12
pistol,12
ejected,12
angelic,12
scented,12
kennel,12
chutzpah,12
jerky,12
clyde,12
willy,12
flimsy,12
disqualify,12
crocs,12
mistaking,12
abject,12
mortar,12
obliterated,12
wrestler,12
macdonald,12
grin,12
fart,12
landscaping,12
dueling,12
coughing,12
dune,12
gofundme,12
stinks,12
applebee,12
umbilical,12
checkup,12
scratches,12
exorcism,12
stockings,12
mantel,12
outrun,12
slices,12
beatle,12
transfixed,12
nissan,12
debauchery,12
samurai,12
raisin,12
fishy,12
yuck,12
crasher,12
rockstar,12
peck,12
sooo,12
wheeled,12
lovin',12
anime,12
toledo,12
pornographic,12
pigeons,12
complimentary,12
brewed,12
fatter,12
corset,12
blinding,12
sanitizer,12
84-year,12
wand,12
wits,12
zipping,12
expiring,12
terrorizing,12
defunct,12
mow,12
belligerent,12
virgins,12
giggling,12
pubic,12
sculpture,12
blizzard,12
profound,12
tweeters,12
patrol,12
jumps,12
remix,12
driver,12
chew,12
skeleton,11
rider,11
shirtless,11
lamp,11
domino,11
cowboy,11
ghost,11
trapped,11
handshake,11
bitten,11
scorched,11
panda,11
silky,11
imaginable,11
peeps,11
vest,11
christy,11
crayons,11
conditioner,11
screaming,11
catches,11
boxer,11
snowy,11
unsuspecting,11
survives,11
wizard,11
tangled,11
sheep,11
ghostbusters,11
defying,11
freaking,11
meme,11
inventor,11
yogi,11
firefighter,11
seals,11
helmet,11
jelly,11
trapping,11
royally,11
villanova,11
trashed,11
unattended,11
dumber,11
inept,11
crammed,11
falcon,11
finnish,11
reimagining,11
overdrive,11
underappreciated,11
capes,11
okcupid,11
choi,11
badass,11
bowler,11
enraged,11
madman,11
monastery,11
catchphrase,11
bluff,11
gambler,11
smokin,11
gervais,11
chubby,11
howling,11
chimney,11
bizarrely,11
ortiz,11
sightings,11
fore,11
advertise,11
toothbrush,11
glazed,11
slowest,11
disorderly,11
busch,11
swam,11
lentil,11
stoned,11
punched,11
unnerving,11
pretends,11
melvin,11
felines,11
unsee,11
renamed,11
lookalike,11
fellas,11
flyers,11
angus,11
trinity,11
machete,11
burp,11
ventura,11
andreas,11
semen,11
livin,11
hermit,11
dishwasher,11
chechen,11
toughness,11
endings,11
scorn,11
hiccups,11
morph,11
stench,11
myrtle,11
supernatural,11
logged,11
backfiring,11
sweatshirt,11
saucy,11
showered,11
mythical,11
ensued,11
serenades,11
snatch,11
tickle,11
sandwiched,11
ping,11
nicknames,11
nothin',11
twas,11
blindfolded,11
fakes,11
goldilocks,11
indecent,11
irving,11
hoarder,11
warp,11
bear,11
dog,10
whoops,10
melts,10
handles,10
lengths,10
cab,10
escaped,10
buffalo,10
bumper,10
kayak,10
tweak,10
rugby,10
shrine,10
earhart,10
eruption,10
bulldog,10
redheads,10
socks,10
dodge,10
penguin,10
bro,10
shelf,10
bull,10
waffle,10
pond,10
cracker,10
khaled,10
villagers,10
mma,10
swapped,10
fidget,10
gripe,10
shellfish,10
nope,10
sculpted,10
toy,10
nitrogen,10
pardoning,10
retained,10
scaring,10
dons,10
copying,10
renegade,10
stray,10
flopping,10
flock,10
covfefe,10
demo,10
cushions,10
shoved,10
piazza,10
imaginations,10
confiscated,10
diners,10
phobias,10
hammers,10
mats,10
youtuber,10
expenditures,10
festivus,10
wwi,10
cashier,10
immortal,10
bulls,10
emilio,10
pining,10
coffin,10
guerrilla,10
imitate,10
everlasting,10
wipes,10
slaughterhouse,10
stupidest,10
pi√±ata,10
knights,10
closeness,10
cheetah,10
nicola,10
straws,10
continuum,10
recreating,10
airliner,10
littlest,10
forceful,10
nipple,10
carpe,10
dong,10
dock,10
sniffing,10
goldfish,10
legit,10
salem,10
parlors,10
ammon,10
gandalf,10
bedbugs,10
marshmallows,10
tummy,10
cruisers,10
dandy,10
axel,10
autonomous,10
hoo,10
jell,10
singled,10
mites,10
tactical,10
treadmills,10
clogs,10
sergio,10
encore,10
switches,10
chimps,10
bleached,10
blondes,10
snickers,10
spew,10
lingo,10
strangled,10
lateral,10
hardcore,10
saves,10
mouse,10
lawn,10
flies,10
collapses,10
pot,10
yelling,10
rams,9
sled,9
dine,9
invention,9
symphony,9
guinness,9
plunges,9
dial,9
tattooed,9
dam,9
marshmallow,9
ness,9
cop,9
bird,9
dogs,9
zombie,9
chill,9
smash,9
naked,9
hitler,9
wheel,9
metal,9
martial,9
botched,9
bonkers,9
burlesque,9
smugglers,9
amusing,9
bricks,9
stiff,9
santos,9
raunchy,9
statue,9
ac,9
barney,9
93-year,9
rockers,9
jumbo,9
cements,9
sweaters,9
hilariously,9
pumpkins,9
heist,9
developers,9
satan,9
hunk,9
marathoner,9
googling,9
herd,9
arson,9
strand,9
hunts,9
bonded,9
erectile,9
chrome,9
calf,9
dynamite,9
reindeer,9
spandex,9
fishermen,9
yoda,9
bulldogs,9
leveled,9
kat,9
shortcuts,9
undivided,9
sander,9
roost,9
detain,9
heaven,9
charcoal,9
cucumbers,9
protector,9
envelopes,9
ugliest,9
floridians,9
moniker,9
gunshot,9
yawning,9
melon,9
livestream,9
ammo,9
clapper,9
virginity,9
cadets,9
swimmers,9
bentley,9
grenade,9
wolfe,9
skyscrapers,9
troopers,9
jihadi,9
swell,9
boogie,9
onlookers,9
bellies,9
summons,9
hallelujah,9
evangelist,9
ronnie,9
crabs,9
breastfed,9
dogged,9
pigs,9
markers,9
disgruntled,9
ax,9
britons,9
antique,9
lifeguard,9
twinkle,9
pyramids,9
reenact,9
erases,9
shenanigans,9
dagger,9
agitated,9
feasts,9
inspection,9
horse,9
selfies,9
rescue,9
bees,9
selfie,9
strangest,9
watermelon,9
rats,9
kitten,9
firefighters,9
exploding,9
insane,9
highway,9
fence,9
harassing,9
manson,9
shatter,9
hitched,9
awakened,9
awww,9
vending,9
siri,9
sperm,9
stolen,9
bunny,9
alien,9
traffic,9
explodes,9
mickey,9
balloons,9
wielding,9
urine,9
man,9
trash,9
butt,9
standoff,9
car,9
suspect,9
drain,9
superman,9
roof,8
bathe,8
legoland,8
elves,8
homer,8
weirder,8
ruffled,8
wakanda,8
fanatic,8
truman,8
beholder,8
dome,8
stirs,8
dodged,8
creeping,8
pep,8
beaming,8
waiters,8
macarons,8
arrow,8
pb&j,8
blades,8
souvenir,8
rushed,8
token,8
gorge,8
freebies,8
veterinary,8
barge,8
dope,8
redeem,8
rents,8
ceiling,8
roam,8
slayer,8
edm,8
documentation,8
opposites,8
swanson,8
minnie,8
anxiously,8
subsequently,8
rarest,8
lipsticks,8
reborn,8
uncovers,8
boasting,8
taser,8
piggy,8
riverside,8
unfaithful,8
medics,8
parked,8
appreciates,8
heavyweight,8
scar,8
frivolous,8
granny,8
fracturing,8
prettier,8
lenny,8
sew,8
fixated,8
miraculously,8
candied,8
raisins,8
cavities,8
auctioned,8
fountains,8
mane,8
chunk,8
malnourished,8
abuzz,8
owls,8
ariz,8
monstrous,8
rematch,8
marvin,8
giggles,8
straps,8
meatloaf,8
visibly,8
shipwreck,8
guy,8
theft,8
lottery,8
builds,8
claus,8
sheet,8
subway,8
compiled,8
extinct,8
memes,8
tree,8
bubble,8
swears,8
prosthetic,8
kfc,8
posing,8
unsurprisingly,8
psychic,8
insects,8
bermuda,8
tub,8
stall,8
freeway,8
carving,8
stash,8
comet,8
nae,8
steal,8
bites,8
girlfriends,8
cub,8
buzzing,8
wet,8
contest,8
rifle,8
slide,8
bizarre,8
eater,8
stun,8
grumpy,8
motorcycle,8
ransom,8
respectful,8
feats,8
rabbit,8
climbed,8
graders,8
flirty,8
slick,8
strut,8
bitches,8
outback,8
morty,8
discontinued,8
robe,8
crawling,8
californian,8
packer,8
glitch,8
pedal,8
astronaut,8
mammals,8
mischief,8
fu,8
donkey,8
snowboarder,8
sorely,8
zebra,8
yearbook,8
plummet,8
gulp,8
sarcastic,8
horseback,8
amok,8
garry,8
skyscraper,8
smacks,8
ticked,8
hindsight,8
yuge,8
dangling,8
wobbly,8
confuses,8
crossover,8
camper,8
lighthearted,8
swoop,8
daft,8
vomiting,8
maneuver,8
shaving,8
snail,8
hula,8
bumped,8
tirelessly,8
fetish,8
waiter,8
farce,8
napkins,8
brimming,8
ears,8
owner,8
flying,8
chase,8
terrifying,8
knife,8
booze,8
believers,8
drowning,8
tomb,8
snakes,8
strapped,8
stumped,8
dodges,8
aerial,8
avoids,8
tow,8
dragons,8
jumping,8
furry,8
puzzle,8
screams,8
crow,8
yard,7
filmed,7
nuts,7
eats,7
giant,7
karate,7
badger,7
seizes,7
tipsy,7
electrical,7
bicycling,7
unscathed,7
pranks,7
incapable,7
sausage,7
chunky,7
popping,7
ravens,7
newman,7
nugget,7
cheetos,7
bulletproof,7
drugged,7
tails,7
trimmed,7
kung,7
chilean,7
allege,7
photobombs,7
eradicated,7
meteorologist,7
wizards,7
buzzed,7
mesmerized,7
knocks,7
greetings,7
wicked,7
flailing,7
carpenter,7
pierson,7
sao,7
photoshoot,7
gazing,7
disguise,7
whoa,7
vr,7
rattle,7
evacuations,7
suitable,7
mustache,7
projection,7
dares,7
70-year,7
seizures,7
defies,7
roberta,7
grinch,7
commands,7
skeletons,7
phenomena,7
shambles,7
merchandise,7
mutations,7
shred,7
thwart,7
43-year,7
uninvited,7
torches,7
lam,7
dublin,7
fanatics,7
toasts,7
boardwalk,7
toby,7
vomit,7
squeezing,7
crash,7
stole,7
smells,7
vampire,7
emoji,7
turtle,7
censorship,7
seized,7
horrifying,7
rants,7
santa,7
avalanche,7
vandalized,7
utility,7
narrowly,7
shady,7
falls,7
jam,7
duck,7
pee,7
pepper,7
tattoos,7
plush,7
carlton,7
pizza,7
prequel,7
sky,7
inventive,7
trim,7
clams,7
lynching,7
yards,7
lid,7
arya,7
spangled,7
boudoir,7
fecal,7
angers,7
qb,7
bigly,7
scares,7
kicker,7
skier,7
rude,7
nightmares,7
savage,7
rusty,7
tumbling,7
potassium,7
specializes,7
gettysburg,7
mastermind,7
freakin,7
assailant,7
pretended,7
tupac,7
playtime,7
frosty,7
decoration,7
elects,7
whirlwind,7
coma,7
diarrhea,7
wackiest,7
ensues,7
oblivion,7
sublime,7
livestock,7
rhymes,7
tortilla,7
portal,7
ailing,7
snuggle,7
vocals,7
couches,7
fossils,7
frantic,7
aroma,7
bikers,7
shells,7
petals,7
unlucky,7
wool,7
et,7
wield,7
forgo,7
vulgar,7
baths,7
greets,7
medically,7
skateboarding,7
dives,7
panties,7
vulture,7
stupidity,7
omaha,7
tallest,7
gorillas,7
counterfeit,7
purportedly,7
sharknado,7
grueling,7
revisits,7
claws,7
trent,7
qualifications,7
sitter,7
suspicions,7
displaying,7
jovi,7
leg,7
üî•,7
taxi,7
boo,7
photoshop,7
passenger,7
sour,7
towel,7
porn,7
neighbor,7
boat,7
laughs,7
impressed,7
trudeau,7
vigil,7
pumped,7
wipe,7
crowned,7
mug,7
allegedly,7
sharks,7
delivery,7
taco,7
drank,7
costumes,7
bullets,7
elevator,7
brick,7
costume,7
ride,7
beef,7
ink,7
license,7
stuck,7
nostalgic,7
evacuation,7
wrapping,7
jacqueline,7
frappuccino,7
inexplicably,7
freezing,7
olson,7
supermoon,7
glove,7
fil,7
jaws,7
lockdown,7
chimp,7
flips,7
brb,7
irene,7
possessed,7
crap,7
kazakhstan,7
wonka,7
orcas,7
circles,7
circling,7
stove,7
blindly,7
deductions,7
pier,7
moons,7
jurassic,7
bohemian,7
dared,7
barrel,7
doritos,7
drying,7
amelia,7
sensual,7
offends,7
madame,7
cornwall,7
stew,7
butts,7
numbered,7
nutella,7
inferior,7
awhile,7
ramsay,7
miserably,7
trebek,7
icing,7
ark,7
taped,7
raft,7
abduction,7
impersonating,7
sequined,7
irritating,7
neckline,7
library,7
loose,7
masters,6
accidentally,6
lobster,6
ticket,6
caught,6
flame,6
pilots,6
heroic,6
statues,6
tampa,6
alexa,6
scan,6
planted,6
adorably,6
hazard,6
pony,6
hail,6
collision,6
bowling,6
militia,6
trooper,6
window,6
halloween,6
australian,6
crashed,6
machine,6
haul,6
replacing,6
cloud,6
tube,6
transforms,6
suspects,6
singing,6
barr,6
ringing,6
enlist,6
rave,6
taunt,6
tripping,6
angered,6
healer,6
hmmm,6
weeds,6
dogg,6
chargers,6
grams,6
biologist,6
automobile,6
deserts,6
panicked,6
joey,6
speedy,6
eagle,6
toting,6
herald,6
hush,6
imagining,6
coated,6
packs,6
restrooms,6
floats,6
postal,6
predicament,6
precision,6
scaling,6
commute,6
casually,6
nativity,6
password,6
haunt,6
placenta,6
flush,6
diver,6
explosions,6
relation,6
cavs,6
bless,6
astonishing,6
commanding,6
skips,6
balcony,6
damien,6
loaf,6
loudest,6
camaraderie,6
habitual,6
crackers,6
tubes,6
rooftops,6
confidently,6
chalk,6
uneasy,6
impersonator,6
noses,6
shaq,6
killers,6
marker,6
wichita,6
raymond,6
subconscious,6
steering,6
stature,6
noel,6
birds,6
rolls,6
minor,6
balls,6
beans,6
spotted,6
fighter,6
bug,6
editing,6
tinder,6
prom,6
cooks,6
lighter,6
backwards,6
lake,6
rex,6
sinks,6
dive,6
bowie,6
qualify,6
fooled,6
28-year,6
candy,6
tattoo,6
smoked,6
elaborate,6
cannabis,6
tail,6
station,6
navy,6
florida,6
airplane,6
hacked,6
collect,6
epitome,6
bursts,6
roaring,6
kinda,6
clicks,6
barkley,6
skis,6
ridiculously,6
pretending,6
shallow,6
pals,6
stairs,6
nabs,6
horrendous,6
ontario,6
bald,6
mistakenly,6
casino,6
rodeo,6
wondrous,6
stoke,6
chandler,6
curtains,6
clay,6
luscious,6
bounce,6
inked,6
toothpaste,6
vase,6
receipt,6
commenter,6
antiques,6
kool,6
unimpressed,6
anarchy,6
walters,6
tumble,6
clinging,6
aggravated,6
enchanting,6
earns,6
bout,6
suspended,6
slippery,6
fixation,6
manny,6
railroad,6
sightseeing,6
vent,6
waikiki,6
trashes,6
brisket,6
fyi,6
hoops,6
hubby,6
whack,6
interstate,6
trolled,6
idaho,6
sabrina,6
pennies,6
shovel,6
promptly,6
bottoms,6
dizzy,6
coward,6
undergoes,6
convict,6
unidentified,6
neighbors,6
rip,6
boom,6
walks,6
attached,6
puppies,6
jong,6
seal,6
businessman,6
pissed,6
flames,6
classy,6
knock,6
lego,6
auto,6
drove,6
snap,6
silly,6
clerk,6
mashup,6
drives,6
discovers,6
pollen,6
ritz,6
dinosaur,6
lewd,6
knocked,6
godzilla,6
adopts,6
escorted,6
boggling,6
stack,6
drunken,6
sloppy,6
beds,6
hockey,6
edited,6
bushes,6
nathan,6
detection,6
goodwin,6
pronounce,6
psychedelic,6
glue,6
slogans,6
pizzas,6
bo,6
hay,6
shakur,6
crushes,6
lighthouse,6
tampons,6
gingerbread,6
napkin,6
cuddle,6
sparkles,6
unto,6
crafty,6
archaeologists,6
sailors,6
evade,6
rail,6
pinch,6
powerball,6
kay,6
uncanny,6
majesty,6
spells,6
aladdin,6
shotgun,6
demon,6
drawers,6
keyboard,6
ruby,6
cobain,6
bodily,6
bouquets,6
twerking,6
curled,6
scooter,6
impersonation,6
grandma,6
bloody,6
camera,6
cafe,6
hungry,6
rides,6
ear,6
funeral,6
motion,6
crappy,5
bennett,5
castle,5
behold,5
blows,5
wreck,5
wanna,5
cubs,5
diaper,5
powered,5
pet,5
ripped,5
jumped,5
lets,5
haunted,5
competitive,5
customer,5
tries,5
handgun,5
doomsday,5
fences,5
bears,5
comforts,5
horribly,5
wandering,5
ronaldo,5
tosses,5
apocalypse,5
temps,5
underwater,5
rightly,5
horrified,5
sham,5
snag,5
triumphant,5
snowball,5
liners,5
absurdity,5
wigs,5
ribbons,5
burritos,5
fugitive,5
portable,5
roulette,5
astros,5
cushion,5
spied,5
beards,5
intersex,5
goth,5
transported,5
viagra,5
puppy,5
sparks,5
swap,5
f**k,5
touchdown,5
joint,5
survived,5
lightning,5
pool,5
blamed,5
beats,5
nose,5
rivals,5
monkeys,5
crude,5
shockingly,5
smoothie,5
watch,5
police,5
fish,5
throwing,5
bus,5
stopping,5
potty,5
kickstarter,5
dental,5
trap,5
glowing,5
unbelievable,5
uniform,5
jeopardy,5
beads,5
swipe,5
burnt,5
outrageously,5
obscene,5
35-year,5
nun,5
erotic,5
mounts,5
vip,5
faulty,5
whatsoever,5
avert,5
tunes,5
roasts,5
cutout,5
mister,5
browsing,5
honorable,5
muscular,5
extraordinarily,5
pounding,5
leaps,5
wilderness,5
gooey,5
descended,5
freaky,5
slang,5
faint,5
spectacularly,5
milwaukee,5
invade,5
invent,5
slapping,5
insert,5
pajama,5
paralysis,5
salesman,5
dealer,5
unveiling,5
waistline,5
incredibly,5
awful,5
tank,5
monster,5
vehicle,5
championship,5
wound,5
apparently,5
cam,5
unlock,5
bubbles,5
blasted,5
bff,5
bothered,5
rainbow,5
encounter,5
chick,5
rubber,5
kidding,5
mouth,5
woman,5
humans,5
plane,5
landing,5
vladimir,5
oldest,5
patrons,5
ton,5
booth,5
prizes,5
mysteriously,5
forehead,5
intensely,5
driverless,5
hamburger,5
pageant,5
avatar,5
escapes,5
roller,5
mattress,5
appetit,5
expire,5
pokes,5
frigid,5
agony,5
superb,5
implant,5
feat,5
curl,5
wahlberg,5
busts,5
toes,5
restroom,5
streams,5
bares,5
reversing,5
lifesaving,5
beam,5
bouncing,5
mapping,5
docs,5
kindle,5
celebratory,5
pale,5
plots,5
brewery,5
jingle,5
broker,5
rented,5
ditches,5
destroys,5
waterfall,5
upsets,5
ordeal,5
chronicle,5
filthy,5
mishap,5
ambulance,5
capped,5
ignited,5
handwritten,5
arrested,5
injured,5
fake,5
buried,5
warned,5
vehicles,5
stranded,5
adorable,5
accused,5
shoots,5
tiger,5
scottish,5
snoop,5
floating,5
ouch,5
sheets,5
betting,5
closure,5
bugs,5
dirty,5
ate,5
copyright,5
dancers,5
wings,5
oregon,5
climbing,5
gets,5
threw,5
sheriff,5
miracle,5
eclipse,5
spoof,5
embarrassing,5
shout,5
rudd,5
randomly,5
o,5
observer,5
shopper,5
plug,5
backfires,5
aliens,5
planetary,5
handsome,5
speeds,5
r.i.p,5
fleet,5
podium,5
buckle,5
worms,5
thankfully,5
tug,5
greedy,5
astronauts,5
cursing,5
yourselves,5
cone,5
spends,5
contemplate,5
sprint,5
necklaces,5
flown,5
coins,5
packages,5
legos,5
gritty,5
bookstore,5
catchy,5
condo,5
cheddar,5
sleeps,5
1930s,5
restaurant,5
fire,5
satisfying,5
illusion,5
fest,5
iceland,5
spoiler,5
yo,5
evil,5
mile,5
revenge,5
canadian,5
neck,5
cracked,5
mermaid,5
rhode,5
cupcake,5
cellphone,5
driving,5
sticking,5
tommy,5
cookies,5
hug,5
christmas,5
holy,5
flood,5
aboard,5
outage,5
meters,5
tickets,5
replica,5
ranger,5
pam,5
barber,5
vinyl,5
pineapple,5
osama,5
calmly,5
cane,5
mysteries,5
trove,5
confronted,5
wacky,5
supper,5
stealth,5
wi,5
mouthed,5
coordination,5
drowsy,5
borrowed,5
caller,5
wit,5
mimic,5
forgets,5
cheerful,5
surfers,5
extremes,5
doorstep,5
predictably,5
pipes,5
cautionary,5
grammar,5
neurological,5
limbs,5
epic,5
onto,4
boxes,4
bang,4
playground,4
serial,4
sends,4
microwave,4
donut,4
loop,4
grabbed,4
mud,4
nut,4
mold,4
slow,4
spanish,4
inches,4
disgusting,4
pulling,4
smell,4
throws,4
enforcing,4
load,4
simultaneously,4
pronounced,4
nigel,4
alps,4
shuttle,4
mcgregor,4
surfing,4
crashing,4
obnoxious,4
eerie,4
lapse,4
victorian,4
mentoring,4
michelin,4
ounce,4
candle,4
eternal,4
respite,4
sia,4
thrills,4
overboard,4
ernest,4
sleepy,4
understatement,4
courthouse,4
omg,4
burial,4
glacier,4
ramos,4
amused,4
stain,4
packaged,4
poker,4
hut,4
damages,4
meds,4
bounds,4
disguised,4
stint,4
glued,4
destiny,4
paste,4
felons,4
whisky,4
roommate,4
trophies,4
marijuana,4
pilot,4
ends,4
zealand,4
vermont,4
jail,4
steak,4
sucks,4
footage,4
cameo,4
popped,4
chess,4
leo,4
float,4
legs,4
catch,4
oral,4
teeth,4
jailed,4
insists,4
tons,4
luckily,4
store,4
sample,4
wheels,4
recreate,4
shortage,4
fundraiser,4
stained,4
nintendo,4
rodgers,4
explicit,4
impress,4
philosophical,4
command,4
gunpoint,4
nailed,4
harrowing,4
sweaty,4
carved,4
packers,4
sucked,4
mail,4
whale,4
til,4
sounded,4
rotten,4
bravely,4
respecting,4
uniqueness,4
mia,4
carriers,4
towering,4
exploded,4
priest,4
incorrect,4
handcuffed,4
caves,4
nausea,4
misuse,4
kinky,4
brownie,4
cod,4
crosses,4
nudity,4
coconut,4
mask,4
burger,4
attempts,4
chilling,4
nest,4
crush,4
junk,4
tornado,4
mistaken,4
aunt,4
icy,4
loses,4
gag,4
watches,4
mama,4
mourn,4
stuffed,4
jacket,4
tape,4
deception,4
westworld,4
alcoholic,4
supermarket,4
playful,4
carve,4
strap,4
needy,4
archie,4
cheated,4
coworkers,4
watchers,4
splash,4
overhead,4
pulls,4
apatow,4
skiers,4
landlord,4
solace,4
squat,4
interim,4
dizzying,4
ripping,4
unwanted,4
poetic,4
han,4
waging,4
takeout,4
suicidal,4
highways,4
vegetarians,4
noises,4
soviet,4
dispatch,4
boiled,4
barn,4
poaching,4
cabaret,4
pits,4
plotting,4
secondary,4
dvd,4
hails,4
dorothy,4
instrument,4
smashed,4
patriots,4
dip,4
bbq,4
sets,4
internet,4
tooth,4
karma,4
suitcase,4
creature,4
treats,4
compound,4
convenience,4
fur,4
2nd,4
shelter,4
wood,4
massive,4
injuries,4
sweden,4
questioned,4
thoughts,4
alert,4
owners,4
pets,4
trigger,4
riding,4
sea,4
covered,4
lingerie,4
hunter,4
authorities,4
disneyland,4
norway,4
crunchy,4
odor,4
prediction,4
elsa,4
joker,4
breathtaking,4
unbearable,4
broadband,4
mascot,4
insulted,4
expedition,4
legged,4
naming,4
dunkin,4
brotherhood,4
maggie,4
roadside,4
lava,4
meteor,4
chills,4
blowout,4
carnage,4
briefings,4
threshold,4
embodies,4
grabbing,4
badge,4
dolls,4
golfer,4
funk,4
sinister,4
polo,4
slope,4
tighten,4
par,4
referee,4
drawer,4
cheater,4
whistle,4
holders,4
visitor,4
woo,4
prolific,4
groove,4
frozen,4
bridge,4
bone,4
rage,4
scare,4
viral,4
runs,4
record,4
display,4
users,4
tall,4
neighborhood,4
flea,4
'em,4
joys,4
quote,4
dances,4
amazed,4
head,4
cutest,4
hang,4
wild,4
chasing,4
discovery,4
blown,4
distraction,4
ward,4
banned,4
triggers,4
sox,4
acid,4
matched,4
contained,4
shakespeare,4
rope,4
raven,4
cheeses,4
photoshopped,4
snoring,4
antics,4
pleasing,4
soaked,4
instruments,4
lax,4
injures,4
perfected,4
pastry,4
uplifting,4
manicure,4
insanely,4
ruins,4
slips,4
balm,4
yelp,4
cranston,4
petite,4
pharmacy,4
frosting,4
slipping,4
graffiti,4
dimension,4
replaces,4
ufc,4
controversies,4
fined,4
hostages,4
boeing,4
lights,4
sexy,4
purple,4
pants,4
suffered,4
attendant,4
bake,4
boy,4
hopefully,4
mess,4
warning,4
burn,4
fingers,4
coke,4
villain,4
tasting,4
owns,4
wind,4
snow,4
objects,4
toys,4
asleep,4
escape,4
lands,4
portland,4
branches,4
lettuce,4
combo,4
spacex,4
19th,4
unthinkable,4
shaken,4
schoolers,4
equipment,4
wikipedia,4
relieved,4
mesmerizing,4
perched,4
chicks,4
deceptive,4
recordings,4
ace,4
dumbest,4
pastors,4
cheek,4
stuffing,4
albuquerque,4
cured,4
papa,4
bleeding,4
whiskey,4
backpack,4
pharoah,4
frontman,4
pricey,4
camel,4
sexting,4
stale,4
drive,4
gas,4
leak,4
tokyo,4
fries,4
captures,4
poster,4
jack,4
anchor,4
maine,4
bottle,4
mercy,4
coaster,4
whites,4
stein,4
package,4
falling,4
turns,4
playing,4
solved,4
miserable,4
timing,4
tweeting,4
wallet,4
animals,4
wash,4
stormy,4
accident,4
dryer,4
tempting,4
orchestra,4
spoilers,4
hopping,4
walsh,4
prompting,4
clouds,4
boldly,4
inadvertently,4
scent,4
sage,4
cans,4
pump,4
roses,4
bffs,4
paulo,4
casey,4
blaze,4
suited,4
oreos,4
shaved,4
soars,4
biz,4
awaken,4
homeowners,4
testament,4
prefers,4
tin,4
publishes,4
strawberries,4
smartest,4
tags,4
gravy,4
marines,4
storm,4
nightmare,4
steven,4
stops,4
victim,4
lyrics,4
hero,4
flavored,4
blew,4
g,4
ranch,4
20-year,4
cargo,4
phelps,4
carries,4
sang,4
abraham,4
paint,4
stick,4
hell,3
bra,3
train,3
suit,3
moon,3
thrown,3
strangely,3
predicts,3
wireless,3
dropping,3
delivers,3
liquid,3
pillows,3
salute,3
elderly,3
heavenly,3
dudes,3
saved,3
taunts,3
predict,3
crossing,3
sculptures,3
shores,3
scissors,3
aussie,3
gatherings,3
skinned,3
hangover,3
harmed,3
apollo,3
canal,3
chan,3
hung,3
26-year,3
bun,3
unstoppable,3
nephew,3
robbins,3
tossing,3
quarters,3
chatter,3
bribery,3
believer,3
copper,3
thrift,3
preserved,3
bag,3
cars,3
chicken,3
bet,3
unable,3
galaxy,3
opponent,3
wives,3
attract,3
possibly,3
alleged,3
tastes,3
newest,3
hating,3
priebus,3
s,3
vodka,3
ginger,3
screw,3
brazilian,3
lab,3
trick,3
theme,3
animal,3
goes,3
hilarious,3
admits,3
films,3
brush,3
blowing,3
mystery,3
shook,3
t.,3
effortlessly,3
unnamed,3
heartbroken,3
sober,3
killer,3
ensembles,3
woven,3
genius,3
awaits,3
accessory,3
conditioning,3
disappoint,3
annoyed,3
methane,3
stir,3
virtual,3
anchors,3
guessed,3
gamble,3
discount,3
naps,3
penguins,3
ho,3
‚ù§,3
Ô∏è,3
fills,3
garage,3
adrian,3
paparazzi,3
disbelief,3
sofa,3
vagina,3
curling,3
submarine,3
suspicious,3
flair,3
sip,3
ghosts,3
cecil,3
overwhelm,3
cvs,3
pok√©mon,3
confess,3
bomb,3
river,3
section,3
ai,3
officers,3
deputy,3
glorious,3
surf,3
hilton,3
ruined,3
glasses,3
cabin,3
detective,3
chile,3
flip,3
10-year,3
seattle,3
tennis,3
shadow,3
iron,3
topping,3
chairs,3
brilliantly,3
fischer,3
vanished,3
washed,3
triangle,3
birthdays,3
hybrid,3
sweets,3
fixes,3
swaps,3
gentleman,3
dubious,3
electricity,3
knives,3
bahamas,3
dolly,3
explode,3
unanimously,3
fatty,3
captivating,3
spoiled,3
distinctive,3
waving,3
drown,3
requested,3
riders,3
drastic,3
charms,3
cpr,3
unexpectedly,3
samuel,3
spills,3
sticker,3
sweetness,3
anatomy,3
tributes,3
abe,3
beer,3
michigan,3
draws,3
fortune,3
crown,3
proposes,3
sex,3
mourning,3
contains,3
trains,3
cereal,3
jokes,3
cheer,3
garbage,3
raw,3
consuming,3
dumb,3
gloves,3
dc,3
buds,3
chewing,3
fuzzy,3
alleviate,3
labour,3
patriot,3
amtrak,3
outta,3
installation,3
mankind,3
spoon,3
kenneth,3
ansari,3
screwed,3
overturn,3
foam,3
ketchup,3
spilled,3
bundy,3
takedown,3
straw,3
concealed,3
overdue,3
11-year,3
40-year,3
3rd,3
slogan,3
acres,3
infused,3
screenings,3
blooming,3
yacht,3
rare,3
feet,3
cute,3
festive,3
helicopter,3
shell,3
grave,3
mysterious,3
suspected,3
unconscious,3
sadly,3
pancakes,3
fell,3
locations,3
dozen,3
ski,3
swim,3
iphone,3
creates,3
tie,3
poses,3
ball,3
intrigued,3
gyllenhaal,3
burned,3
haunting,3
salmon,3
insulting,3
jaw,3
reacted,3
teddy,3
gaffe,3
wrapped,3
guinea,3
confuse,3
blink,3
observers,3
rails,3
drivers,3
learns,3
liberties,3
interfere,3
sweater,3
unleashed,3
illegally,3
sacrifices,3
haired,3
hugging,3
springtime,3
menswear,3
esteem,3
millennium,3
swag,3
carrots,3
pickle,3
suffers,3
draper,3
sexier,3
suburbs,3
bundle,3
citrus,3
overturned,3
spur,3
partying,3
emergency,3
ice,3
pumpkin,3
smoking,3
worker,3
serves,3
mall,3
superhero,3
riot,3
trucks,3
equivalent,3
pennsylvania,3
entitled,3
beneath,3
sneak,3
water,3
un,3
glory,3
attempted,3
manual,3
angle,3
wrecking,3
lucy,3
amazingly,3
pundit,3
insensitive,3
soothing,3
stuns,3
heed,3
knocking,3
horses,3
shamed,3
merry,3
punching,3
atheist,3
22-year,3
ambition,3
scrambling,3
poured,3
imaginary,3
chops,3
departments,3
steep,3
sympathy,3
spectacle,3
ashes,3
reverses,3
landscapes,3
murdering,3
facetime,3
volatile,3
converted,3
recipient,3
wows,3
restored,3
evacuated,3
fountain,3
vigilant,3
broke,3
alaska,3
champagne,3
cliff,3
extremely,3
machines,3
floods,3
thick,3
freed,3
getaway,3
sticks,3
contestant,3
returned,3
bikini,3
punch,3
phrase,3
estimate,3
skeptical,3
grandson,3
semester,3
purchasing,3
pouring,3
mourns,3
picasso,3
austria,3
handler,3
boats,3
rolled,3
tearing,3
aziz,3
manages,3
belt,3
exhaustion,3
medieval,3
pub,3
granddaughter,3
trainers,3
expressions,3
bern,3
scotch,3
temptation,3
cart,3
greeting,3
cruises,3
carpool,3
groceries,3
rampage,3
slaying,3
newborns,3
whopping,3
aired,3
turtles,3
kurt,3
bronze,3
karaoke,3
officer,3
jet,3
bucket,3
politician,3
score,3
spray,3
sunny,3
freak,3
hook,3
arrest,3
leaves,3
couch,3
haircut,3
criminals,3
lethal,3
hole,3
inspires,3
kingdom,3
seeks,3
glass,3
paper,3
painted,3
trusting,3
craving,3
peel,3
hughes,3
limbo,3
stocking,3
punish,3
warfare,3
belgian,3
sensation,3
scared,3
amateur,3
stretch,3
y',3
skepticism,3
monopoly,3
roast,3
buses,3
produces,3
repeated,3
recounts,3
flyer,3
lions,3
braces,3
iv,3
costing,3
injuring,3
allegation,3
difficulties,3
hacker,3
lennon,3
edgy,3
experiments,3
pesky,3
asteroid,3
myers,3
powerless,3
kidnapping,3
12th,3
eve,3
crazy,3
slip,3
dressed,3
wins,3
device,3
feared,3
flee,3
sunglasses,3
massage,3
scary,3
chips,3
news,3
costco,3
pretty,3
rippon,3
tracked,3
wrenching,3
creation,3
liar,3
pal,3
peas,3
guys,3
boot,3
swear,3
vocal,3
shortages,3
wimbledon,3
exam,3
bite,3
iceberg,3
spinach,3
unofficial,3
desperation,3
crispy,3
rogen,3
slopes,3
wax,3
bartender,3
deceased,3
flashes,3
frightened,3
practically,3
ballistic,3
masks,3
warehouse,3
ribs,3
pepsi,3
fond,3
goodwill,3
lows,3
meat,3
orange,3
sell,3
wildlife,3
stomach,3
ass,3
lucky,3
seriously,3
fails,3
customers,3
popcorn,3
rocky,3
pretend,3
gravity,3
crime,3
enormous,3
lips,3
beware,3
pulled,3
ugly,3
wars,3
fred,3
meatballs,3
witness,3
fueling,3
melted,3
classical,3
shampoo,3
basement,3
spectacular,3
dysfunction,3
snaps,3
snapped,3
wig,3
painfully,3
villa,3
cycles,3
theories,3
buddha,3
napping,3
peta,3
23-year,3
rages,3
creek,3
cemetery,3
enjoys,3
cynical,3
hide,3
locked,3
maker,3
invite,3
banana,3
canada,3
believed,3
cross,3
nowhere,3
lazy,3
pen,3
mice,3
logic,3
fishing,3
buddy,3
warrior,3
craigslist,3
town,3
named,3
graphic,3
feast,3
seconds,3
artist,3
charge,3
exotic,3
routinely,3
heartwarming,3
nickname,3
baker,3
terrified,3
reeling,3
blissful,3
cures,3
engineers,3
texans,3
animation,3
cents,3
toyota,3
destined,3
soar,3
toe,3
gymnast,3
sidewalk,3
harmless,3
responders,3
egyptian,3
sequence,3
instance,3
tanzania,3
vinegar,3
displayed,3
companion,3
smiling,3
unicorn,3
grabs,3
dance,3
pounds,3
bank,3
guess,3
describes,3
bat,3
spell,3
doors,3
elephant,3
twist,3
yogurt,3
quits,3
nyc,3
soccer,3
trees,3
colorado,3
needle,3
soothe,3
leap,3
lit,3
f,3
commemorate,3
assuming,3
impending,3
brutally,3
jars,3
cent,3
fi,3
opener,3
interrupted,3
wtf,3
flour,3
beasts,3
hatch,3
upper,3
heating,3
barbie,3
sneaky,3
frontier,3
savor,3
appropriately,3
graduating,3
hurdles,3
millionaire,3
cleared,3
brew,3
estranged,3
dna,3
employee,3
bell,3
hunting,3
king,3
player,3
leads,3
shocked,3
painting,3
agrees,3
angry,3
press,3
cited,3
stark,3
scout,3
lil,3
penn,3
furious,3
nobody,3
arm,3
hit,3
roseanne,3
startling,3
onions,3
zach,3
literally,3
degrasse,3
walmart,3
latte,3
tunnel,3
perfectly,3
passengers,3
equation,3
masterpiece,3
coincidence,3
shepherd,3
swimmer,3
promo,3
styling,3
realities,3
advertisers,3
illustrations,3
halftime,3
49ers,3
intersection,3
innovations,3
poisoned,3
organizers,3
inability,3
assaults,3
erupts,3
indianapolis,3
stroll,3
aggression,3
bakery,3
leaf,3
spielberg,3
cycling,3
cream,3
strange,3
himself,3
explosion,3
base,3
ode,3
crossed,3
qualified,3
slice,3
‚Äú,3
knows,3
teen,3
happens,3
gifts,3
girlfriend,3
emmanuel,3
crushed,3
schwarzenegger,3
canned,3
dazzling,3
presenting,3
tuna,3
shreds,3
sub,3
colleague,3
kit,3
pity,3
teacher,3
bicycle,3
sums,3
rainy,3
sheds,3
recording,3
bogus,3
dump,3
committing,3
substitute,3
pad,3
latter,3
bending,3
despicable,3
inaction,3
tucked,3
marking,3
tasted,3
advised,3
charlie,3
down,3
daniels,2
buys,2
eyed,2
storms,2
notorious,2
reaction,2
titled,2
sir,2
chinese,2
phil,2
swimming,2
plate,2
brad,2
rocks,2
graduation,2
mural,2
simpson,2
shall,2
saga,2
switzerland,2
guacamole,2
trolling,2
praying,2
shoulder,2
halfway,2
bursting,2
ironically,2
surfaced,2
crunch,2
yikes,2
vs,2
atop,2
assisted,2
whip,2
spaghetti,2
twists,2
lap,2
formation,2
faithful,2
rod,2
hugs,2
imminent,2
cannon,2
got,2
sand,2
panic,2
joke,2
eating,2
definitely,2
amazing,2
punk,2
laundry,2
karen,2
alive,2
dramatic,2
field,2
scientist,2
button,2
controversy,2
won,2
starbucks,2
ridiculous,2
claiming,2
calendar,2
bacon,2
captive,2
dynamics,2
ship,2
boobs,2
barred,2
necklace,2
ricky,2
threatening,2
freely,2
sorts,2
treadmill,2
steel,2
dye,2
papers,2
judd,2
confronts,2
commentator,2
ancestors,2
cord,2
attacked,2
mode,2
malcolm,2
deputies,2
bathing,2
sacramento,2
demise,2
assignment,2
cup,2
slams,2
humor,2
location,2
van,2
hiding,2
soldier,2
heroin,2
twin,2
crack,2
bread,2
berkeley,2
theory,2
concrete,2
lighting,2
hunt,2
grounds,2
breaks,2
plays,2
cheeky,2
fierce,2
inside,2
bed,2
asks,2
uses,2
sing,2
starts,2
rolling,2
batman,2
allergy,2
charities,2
feathers,2
bells,2
breed,2
curly,2
scathing,2
grandpa,2
unhappy,2
holder,2
knees,2
witnessed,2
realistic,2
coloring,2
containing,2
flesh,2
bangs,2
hometown,2
hooked,2
philly,2
saturated,2
boob,2
kick,2
snack,2
dancing,2
blaming,2
skiing,2
pocket,2
string,2
slave,2
zimmerman,2
finds,2
british,2
bills,2
run,2
hot,2
egg,2
battle,2
records,2
shirt,2
wolf,2
upset,2
leverage,2
nicholas,2
boxing,2
reign,2
beau,2
trained,2
robbed,2
genuinely,2
fools,2
shave,2
appetite,2
soaring,2
stripped,2
references,2
undoubtedly,2
technically,2
hood,2
finishing,2
hedge,2
scariest,2
telescope,2
escaping,2
advocating,2
jefferson,2
intact,2
boss,2
obviously,2
agents,2
catching,2
prosecutor,2
amazon,2
sells,2
suggesting,2
regret,2
touched,2
shop,2
gives,2
plastic,2
raises,2
peanut,2
fantasies,2
guardian,2
sincere,2
mayweather,2
functional,2
diplomats,2
causing,2
mars,2
flop,2
contributor,2
caps,2
pine,2
duties,2
valued,2
'd,2
liquor,2
deck,2
membership,2
encountered,2
feeds,2
ebola,2
meets,2
missing,2
locals,2
captain,2
laughing,2
kicks,2
lover,2
gifs,2
minutes,2
shoot,2
recalled,2
roman,2
shore,2
arrests,2
12-year,2
hawaii,2
reporter,2
newspaper,2
stock,2
into,2
log,2
pure,2
tantrum,2
blocked,2
listing,2
shouting,2
odd,2
nails,2
dissent,2
beverage,2
bands,2
wikileaks,2
balloon,2
camping,2
fry,2
18th,2
dramatically,2
sinking,2
beg,2
l.,2
recovered,2
server,2
loaded,2
slur,2
waist,2
hulk,2
flight,2
t,2
puts,2
aaron,2
potato,2
underwear,2
air,2
secretly,2
compares,2
detail,2
attraction,2
dead,2
charged,2
found,2
golf,2
proves,2
clearing,2
charles,2
risen,2
tuned,2
deliberately,2
begging,2
abs,2
collapsed,2
controls,2
removes,2
equipped,2
lineup,2
whoever,2
mr,2
container,2
imagines,2
craze,2
fireworks,2
carmen,2
dragged,2
filter,2
darkest,2
pleasures,2
behave,2
seasoned,2
obstacle,2
texture,2
humane,2
semi,2
complained,2
hands,2
sues,2
convinced,2
innocent,2
crying,2
ken,2
properly,2
scene,2
excuses,2
auction,2
creatures,2
drinking,2
turkey,2
competition,2
park,2
this,2
commercial,2
sweet,2
representing,2
guarantee,2
safari,2
joked,2
bass,2
idiot,2
chemistry,2
starred,2
resulted,2
admire,2
debunked,2
rejoice,2
tossed,2
busiest,2
kissed,2
skills,2
ad,2
mirror,2
romantic,2
stepped,2
badly,2
hoped,2
rob,2
bond,2
odds,2
novel,2
quotes,2
foot,2
name,2
briefing,2
inviting,2
apologizing,2
guards,2
pics,2
bare,2
nanny,2
mouths,2
hat,2
bosses,2
manners,2
laying,2
frat,2
lamb,2
tumor,2
flick,2
overload,2
prisoner,2
selections,2
fluid,2
fad,2
went,2
easter,2
queen,2
mistake,2
trolls,2
cash,2
him,2
dj,2
stayed,2
priorities,2
texas,2
out,2
sleeping,2
appears,2
ups,2
sounds,2
matt,2
showcase,2
newspapers,2
damn,2
coffee,2
winner,2
banner,2
tripadvisor,2
denmark,2
caution,2
enjoyed,2
hates,2
pens,2
practiced,2
flooded,2
reckless,2
satellite,2
drill,2
charlene,2
staffers,2
antarctica,2
diva,2
penny,2
bit,2
caused,2
real,2
probably,2
dad,2
awesome,2
waking,2
potatoes,2
helps,2
blocks,2
don,2
double,2
kill,2
steve,2
revelation,2
neon,2
hernandez,2
shaped,2
sheeran,2
aspiring,2
sight,2
putin,2
demonstrates,2
bitch,2
guard,2
spy,2
gal,2
sticky,2
spelling,2
embraces,2
wheat,2
personalized,2
automatic,2
ya,2
gearing,2
exes,2
painter,2
rover,2
claims,2
fly,2
toddler,2
memo,2
pushes,2
scotland,2
entirely,2
palm,2
shocking,2
compete,2
sports,2
powers,2
breathing,2
chain,2
wearing,2
shot,2
battery,2
walls,2
documented,2
darn,2
topless,2
violating,2
lacking,2
coca,2
determination,2
timeline,2
organ,2
reunited,2
colored,2
he,2
‚Äôve,2
korean,2
champion,2
missile,2
teenager,2
grocery,2
sauce,2
forest,2
bath,2
skill,2
buzz,2
dispute,2
shops,2
saving,2
taste,2
fired,2
road,2
try,2
near,2
punished,2
feminists,2
pastor,2
fastest,2
salty,2
defending,2
belongs,2
architect,2
bottles,2
affection,2
corps,2
metro,2
heck,2
interaction,2
charging,2
finals,2
springsteen,2
somebody,2
spicer,2
visitors,2
fights,2
somehow,2
someone,2
millennial,2
computer,2
surprise,2
old,2
tried,2
captured,2
terrible,2
mounting,2
skies,2
slam,2
guardians,2
legends,2
spokeswoman,2
olympians,2
beard,2
contagious,2
windows,2
directions,2
attendees,2
marries,2
essay,2
dragon,2
cries,2
cool,2
takes,2
play,2
worst,2
swing,2
print,2
prison,2
tweeted,2
rocket,2
curiosity,2
carrying,2
horrible,2
ideal,2
rural,2
thinks,2
cookie,2
gym,2
incident,2
basketball,2
fast,2
ham,2
procedure,2
rookie,2
spacey,2
sync,2
outer,2
melting,2
chaotic,2
drones,2
marching,2
assistant,2
engine,2
purchases,2
technological,2
spill,2
raised,2
baseball,2
hip,2
hour,2
apartment,2
furniture,2
officials,2
jersey,2
remove,2
club,2
looking,2
soldiers,2
fires,2
charges,2
mood,2
smile,2
hint,2
brave,2
havoc,2
purchased,2
messing,2
concluded,2
sci,2
weighed,2
depressing,2
piano,2
grim,2
perfume,2
formula,2
courageous,2
booked,2
vine,2
gang,2
picnic,2
v,2
cuteness,2
bipolar,2
generate,2
hobby,2
easily,2
talent,2
utah,2
ivanka,2
blast,2
numerous,2
knowledge,2
researcher,2
estimated,2
polish,2
phenomenon,2
fan,2
#,2
ring,2
irish,2
plants,2
basically,2
causes,2
blame,2
whatever,2
wants,2
voice,2
mate,2
arkansas,2
dollar,2
oxygen,2
arena,2
please,2
versions,2
hoax,2
clue,2
mountain,2
cincinnati,2
forth,2
milo,2
speakers,2
tale,2
student,2
themed,2
unlikely,2
tourist,2
wore,2
lonely,2
putting,2
construction,2
alex,2
weather,2
painful,2
walked,2
rice,2
win,2
brings,2
malfunctions,2
reince,2
shorter,2
hangs,2
glamorous,2
blanket,2
embarrassed,2
carrier,2
hipster,2
slim,2
entrance,2
kisses,2
sweetest,2
sexiest,2
celebrates,2
threatened,2
sent,2
watching,2
hearts,2
clever,2
phone,2
wrong,2
draw,2
injury,2
writes,2
chip,2
belgium,2
nike,2
rocking,2
pillow,2
forecast,2
pete,2
scratch,2
farmer,2
fled,2
wasted,2
squeeze,2
scored,2
dire,2
destruction,2
tender,2
just,2
crew,2
surprisingly,2
couple,2
fame,2
adopted,2
toronto,2
inmates,2
vegetarian,2
gains,2
handed,2
ocean,2
attitude,2
tribute,2
fans,2
boring,2
unplug,2
ordered,2
groundbreaking,2
carol,2
britain,2
scaramucci,2
filled,2
fail,2
flew,2
daring,2
foul,2
paradise,2
diamonds,2
lesser,2
priceless,2
slept,2
occasional,2
deleted,2
interactive,2
promotion,2
declaration,2
training,2
boston,2
using,2
sized,2
suddenly,2
newborn,2
judges,2
shows,2
ran,2
sandwich,2
away,2
correctly,2
boyfriend,2
kentucky,2
mention,2
senses,2
greatness,2
returns,2
metaphor,2
reacts,2
confusion,2
strikes,2
donuts,2
match,2
professor,2
reunite,2
supposedly,2
gate,2
a.m.,2
besides,2
shaking,2
pour,2
cola,2
bros,2
brace,2
rival,2
ruining,2
comforting,2
saint,2
criticize,2
swept,2
unpredictable,2
craziest,2
girl,2
gun,2
blow,2
brothers,2
forget,2
german,2
file,2
characters,2
bible,2
grab,2
shake,2
salad,2
posters,2
squash,2
samsung,2
midwest,2
regulators,2
seats,2
feeding,2
flexible,2
raging,2
showing,2
superheroes,2
origins,2
felony,2
earning,2
acted,2
toll,2
wildfire,2
translate,2
mason,2
correction,2
off,2
afraid,2
ed,2
ncaa,2
trek,2
honestly,2
fairy,2
gene,2
document,2
giants,2
call,2
tv,2
naturally,2
cake,2
conspiracy,2
vegan,2
bad,2
trivia,2
homage,2
halls,2
wrestling,2
engineering,2
holes,2
chili,2
katrina,2
downs,2
southeast,2
malfunction,2
ought,2
cracks,2
decorations,2
dubbed,2
battles,2
taiwan,2
staggering,2
invest,2
vs.,2
runner,2
pro,2
wondered,2
brady,2
temperatures,2
pull,2
average,2
d,2
loud,2
tsa,2
space,2
japan,2
selling,2
main,2
tying,2
espn,2
helen,2
surrender,2
sickness,2
bust,2
13-year,2
rumored,2
harbor,2
inappropriate,2
burst,2
filmmakers,2
amsterdam,2
unforgettable,2
teaches,2
jar,2
creators,2
clues,2
detailed,2
figured,2
washing,2
science,2
‚Äôre,2
human,2
sanctuary,2
kris,2
boundaries,2
careful,2
drinks,2
tourism,2
ukraine,2
ever,2
butter,2
carolina,2
struck,2
woods,2
goodbye,2
arizona,2
messy,2
wishes,2
eyebrows,2
sydney,2
cinnamon,2
shorts,2
trumps,2
hire,2
attending,2
avoiding,2
tricks,2
fixed,2
breakfast,2
pack,2
door,2
apology,2
burning,2
wonderful,2
teenagers,2
heartbreaking,2
sued,2
called,2
bright,2
thanksgiving,2
professional,2
proposal,2
worry,2
kid,2
residents,2
festival,2
hair,2
formerly,2
cancel,2
safer,2
eagles,2
mid,2
contrast,2
winds,2
mint,2
enduring,2
torn,2
hampshire,2
transit,2
cheesy,2
surreal,2
hurts,2
prompts,2
victories,2
pleased,2
dream,2
blue,2
watched,2
tragedy,2
says,2
thought,2
mcdonald,2
flawless,2
indonesia,2
welcoming,2
wrap,2
charlotte,2
rogue,2
banking,2
boutique,2
nod,2
jungle,2
currency,2
suggestion,2
dior,2
inn,2
meal,2
cook,2
take,2
passing,2
stupid,2
very,2
send,2
entire,2
electric,2
kong,2
proud,2
heavy,2
dropped,2
performing,2
eyes,2
survey,2
crowd,2
trying,2
colors,2
speed,2
fruit,2
inevitable,2
tyson,2
practical,2
locks,2
laden,2
salary,2
extension,2
garlic,2
elementary,2
cooked,2
declare,2
reader,2
layers,2
vet,2
curse,2
pools,2
cousin,2
feds,2
after,2
tweet,2
his,2
passed,2
juice,2
atlantic,2
herself,2
90s,2
reportedly,2
traveled,2
manufacturing,2
robots,2
blocking,2
meltdown,2
assembly,2
cards,2
awarded,2
coaches,2
elon,2
baggage,2
supposed,2
marine,2
vets,2
judgment,2
intimate,2
distracted,2
stamp,2
kidnapped,2
ownership,2
spot,2
serious,2
baby,2
incredible,2
reason,2
light,2
video,2
japanese,2
gross,2
cable,2
files,2
fun,2
net,2
delicious,2
army,2
attempt,2
brilliant,2
confession,2
devil,2
background,2
admitted,2
airbnb,2
virgin,2
assaulting,2
wright,2
elusive,2
headquarters,2
lunch,2
saw,2
alcohol,2
bar,2
compared,2
millennials,2
swift,2
confusing,2
horror,2
gear,2
little,2
looks,2
dies,2
threatens,2
joins,2
sushi,2
logo,2
belly,2
strongest,2
counting,2
onstage,2
grill,2
convincing,2
tissue,2
bradley,2
resistant,2
pursuing,2
funny,2
seen,2
truly,2
advertising,2
sad,1
edge,1
drop,1
makes,1
‚Äôs,1
rush,1
baltimore,1
unacceptable,1
deadliest,1
pardon,1
finger,1
supremacist,1
drag,1
decrease,1
artwork,1
cigarette,1
explosive,1
dirt,1
custom,1
lift,1
cravings,1
legislators,1
spirituality,1
antonio,1
destroying,1
bored,1
scam,1
safe,1
said,1
heat,1
handle,1
uber,1
star,1
version,1
cruise,1
reverse,1
picture,1
australia,1
ended,1
force,1
earn,1
posts,1
amount,1
n't,1
straight,1
requests,1
jesus,1
questionable,1
armed,1
normally,1
heights,1
none,1
scenes,1
removal,1
classroom,1
magnificent,1
losers,1
temperature,1
referred,1
sign,1
finally,1
fine,1
lincoln,1
whole,1
hand,1
believe,1
blood,1
flag,1
ok,1
drink,1
solve,1
till,1
apart,1
hateful,1
wildly,1
ian,1
appealing,1
assumed,1
tomatoes,1
tis,1
losses,1
thai,1
legalization,1
studios,1
thing,1
heroes,1
see,1
one,1
citizen,1
settle,1
immediately,1
ruled,1
princess,1
blames,1
huge,1
proof,1
looked,1
holidays,1
widow,1
winning,1
arnold,1
excellent,1
beverly,1
circus,1
trendy,1
warnings,1
abandon,1
nsa,1
4th,1
minnesota,1
hanging,1
photographers,1
smooth,1
raid,1
boasts,1
adams,1
eaten,1
stuff,1
's,1
drugs,1
picking,1
hurt,1
sentenced,1
was,1
wisconsin,1
band,1
say,1
destroy,1
side,1
promised,1
leaks,1
mock,1
dressing,1
poison,1
jealous,1
collecting,1
frightening,1
remained,1
inmate,1
danny,1
murdered,1
weapon,1
complain,1
nepal,1
genuine,1
eat,1
veteran,1
like,1
gift,1
waves,1
lie,1
admit,1
job,1
laugh,1
responds,1
inauguration,1
bodies,1
face,1
chance,1
wife,1
shines,1
refuse,1
heated,1
grandmother,1
underway,1
spice,1
bathroom,1
welcomes,1
pound,1
info,1
fixing,1
smoke,1
relaxed,1
note,1
lot,1
least,1
explained,1
afternoon,1
managed,1
church,1
until,1
beach,1
sport,1
believes,1
discovered,1
texts,1
dairy,1
satisfaction,1
matthew,1
musk,1
industries,1
nazi,1
frustrating,1
apples,1
pork,1
e.,1
port,1
faux,1
sum,1
balancing,1
destructive,1
salon,1
tomato,1
smartphones,1
overdose,1
staring,1
never,1
valentine,1
shut,1
investigating,1
hundreds,1
big,1
keeps,1
go,1
justin,1
know,1
stop,1
embraced,1
reflection,1
clip,1
cups,1
derby,1
math,1
sneakers,1
unveils,1
flash,1
pleads,1
selection,1
revenue,1
cooler,1
polar,1
mad,1
trust,1
holiday,1
lines,1
sorry,1
criminal,1
earth,1
she,1
cheap,1
fox,1
too,1
maybe,1
fight,1
deserves,1
beloved,1
drew,1
stylist,1
removing,1
challenger,1
trouble,1
competing,1
tough,1
folks,1
fabulous,1
pie,1
instant,1
relatively,1
models,1
running,1
rips,1
avengers,1
indicted,1
cope,1
but,1
nearby,1
honors,1
predicted,1
repair,1
potter,1
performs,1
sporting,1
yorker,1
buy,1
giving,1
totally,1
cry,1
eye,1
during,1
happen,1
sees,1
offering,1
web,1
hear,1
title,1
tea,1
excessive,1
illinois,1
breaking,1
joy,1
currently,1
liberty,1
checked,1
treated,1
parody,1
franklin,1
incorporate,1
walter,1
through,1
piece,1
extreme,1
bride,1
leave,1
dreams,1
ground,1
england,1
challenge,1
wake,1
flat,1
friendship,1
ignore,1
across,1
test,1
brooklyn,1
regular,1
macron,1
tide,1
brutal,1
attended,1
angels,1
tasty,1
madness,1
assets,1
guaranteed,1
onion,1
gone,1
row,1
stranger,1
master,1
personality,1
poor,1
really,1
tennessee,1
protection,1
miami,1
people,1
movies,1
anyone,1
size,1
patriotic,1
balanced,1
alarming,1
cap,1
traditions,1
civilian,1
organize,1
shifts,1
harmony,1
going,1
hours,1
georgia,1
die,1
‚Äôm,1
date,1
declared,1
area,1
diseases,1
red,1
homemade,1
streets,1
francisco,1
large,1
felt,1
origin,1
enemies,1
gentle,1
foster,1
narrow,1
ms,1
wendy,1
seat,1
tiny,1
beat,1
world,1
allowed,1
airport,1
bike,1
fancy,1
presents,1
rap,1
welcome,1
fearless,1
n‚Äôt,1
cupcakes,1
cotton,1
nightclub,1
stable,1
forgot,1
bryan,1
fleeing,1
excited,1
youngest,1
mob,1
approves,1
stood,1
psa,1
cherry,1
lesson,1
runway,1
tests,1
offered,1
friend,1
smart,1
argue,1
impression,1
armstrong,1
delays,1
underground,1
looney,1
defended,1
possibility,1
crowded,1
figure,1
built,1
musical,1
surgery,1
makeover,1
nearly,1
videos,1
previous,1
knot,1
delta,1
frame,1
vast,1
super,1
serving,1
saying,1
dying,1
convicted,1
artists,1
soon,1
houston,1
kissing,1
musician,1
solving,1
instantly,1
island,1
b.,1
sunshine,1
scream,1
wheelchair,1
signal,1
prosecutors,1
fits,1
60s,1
hart,1
temple,1
upside,1
house,1
replace,1
searching,1
contact,1
jared,1
lasting,1
fantastic,1
god,1
players,1
coast,1
reported,1
street,1
division,1
realize,1
ordinary,1
storage,1
intimacy,1
witch,1
damage,1
columnist,1
famed,1
replaced,1
dos,1
palin,1
thailand,1
explanation,1
camps,1
image,1
ohio,1
cleaning,1
uk,1
company,1
level,1
way,1
calling,1
nothing,1
phones,1
la,1
hidden,1
exposed,1
enjoying,1
bigger,1
mixed,1
cheese,1
moving,1
floor,1
threat,1
give,1
destination,1
heartfelt,1
unfair,1
parade,1
pleasure,1
closing,1
hottest,1
chipotle,1
gardens,1
holding,1
‚Äô,1
bones,1
kindergarten,1
purse,1
while,1
ray,1
removed,1
did,1
let,1
ending,1
devices,1
infamous,1
quirky,1
resident,1
alt,1
formal,1
packed,1
seniors,1
wherever,1
educate,1
weighs,1
revolutionary,1
lawyer,1
seems,1
prepare,1
bars,1
interesting,1
radio,1
user,1
argument,1
room,1
taking,1
dark,1
pair,1
thanks,1
absolutely,1
these,1
full,1
larry,1
bunch,1
funded,1
capture,1
glow,1
tolerance,1
sink,1
bedroom,1
peek,1
because,1
homeless,1
thomas,1
broadway,1
extra,1
excuse,1
jewelry,1
put,1
kim,1
suggests,1
filling,1
letters,1
count,1
mariah,1
melt,1
responding,1
b,1
chest,1
anyway,1
yorkers,1
shade,1
driven,1
stream,1
pic,1
books,1
stands,1
used,1
waiting,1
valuable,1
shots,1
heard,1
does,1
now,1
football,1
nice,1
workers,1
feels,1
true,1
behind,1
barely,1
arms,1
suits,1
bruce,1
updated,1
hated,1
hold,1
a,1
cold,1
hits,1
city,1
missouri,1
suggested,1
lovers,1
times,1
book,1
took,1
wanted,1
vegas,1
object,1
dutch,1
planet,1
franchise,1
capital,1
el,1
dean,1
southwest,1
good,1
partner,1
promises,1
could,1
bid,1
it,1
stays,1
sits,1
studio,1
return,1
cruel,1
dedicated,1
gordon,1
eastern,1
rock,1
county,1
wine,1
might,1
calls,1
worth,1
refusing,1
discover,1
awe,1
needed,1
reveal,1
tournament,1
spike,1
blind,1
cheaper,1
commonly,1
ron,1
expecting,1
broadcast,1
adding,1
shed,1
runners,1
uncle,1
moves,1
features,1
comment,1
cell,1
duty,1
confused,1
happened,1
left,1
joe,1
david,1
show,1
male,1
lost,1
abandoned,1
shuts,1
bow,1
cares,1
typical,1
san,1
infographic,1
factory,1
cape,1
initially,1
birth,1
trend,1
some,1
text,1
pictures,1
lawmaker,1
podcast,1
annual,1
mix,1
seek,1
mexico,1
troll,1
species,1
grand,1
regulation,1
ultra,1
anybody,1
ignorance,1
cox,1
olympian,1
reminder,1
nixon,1
determine,1
absurd,1
dementia,1
investigators,1
dominated,1
involved,1
via,1
farm,1
transform,1
21st,1
on,1
donald,1
structure,1
along,1
creator,1
quiet,1
accomplished,1
fortunately,1
controlled,1
reserve,1
dry,1
muscles,1
tracks,1
virtually,1
radar,1
delayed,1
delight,1
remains,1
bags,1
tony,1
disney,1
tim,1
twitter,1
no,1
challenged,1
responded,1
introducing,1
worked,1
landed,1
bitter,1
technique,1
mrs,1
sophisticated,1
signing,1
having,1
home,1
changing,1
hall,1
magical,1
destroyed,1
brother,1
scouts,1
tricky,1
slammed,1
loser,1
square,1
encouraged,1
examples,1
channels,1
miss,1
you,1
traveler,1
denied,1
break,1
becomes,1
helped,1
homes,1
hospital,1
youtube,1
melania,1
skirt,1
threaten,1
wayne,1
threats,1
blessed,1
absolute,1
mayo,1
approaching,1
find,1
signs,1
russian,1
soft,1
actors,1
dollars,1
include,1
panther,1
treasure,1
kicking,1
cave,1
unarmed,1
attempting,1
sketch,1
washington,1
do,1
exactly,1
catholic,1
pays,1
miles,1
everyone,1
enough,1
mary,1
celebrate,1
supplies,1
visual,1
operation,1
roots,1
followers,1
resignation,1
confessions,1
green,1
with,1
block,1
map,1
claim,1
sitting,1
over,1
perform,1
jake,1
hashtag,1
rant,1
complaint,1
filming,1
homelessness,1
muscle,1
alarm,1
methods,1
discipline,1
legally,1
squad,1
expressed,1
meet,1
mostly,1
unless,1
acts,1
partners,1
who,1
roll,1
surprised,1
still,1
awkward,1
airlines,1
murray,1
angel,1
phase,1
confront,1
spark,1
savvy,1
recovering,1
todd,1
alan,1
%,1
vegetables,1
salt,1
get,1
kelly,1
achievement,1
jeff,1
unclear,1
springs,1
sharp,1
lane,1
represents,1
revealing,1
welfare,1
hacks,1
grandparents,1
attacking,1
look,1
avoid,1
guest,1
designed,1
member,1
holds,1
everywhere,1
airline,1
walking,1
ignoring,1
crimes,1
op,1
length,1
fed,1
frustration,1
deaths,1
effects,1
deliver,1
price,1
better,1
made,1
condition,1
confirm,1
luke,1
addressed,1
banning,1
tales,1
recognized,1
triple,1
passage,1
collins,1
at,1
bowl,1
think,1
where,1
reporting,1
drops,1
reports,1
actually,1
prove,1
instead,1
tear,1
firm,1
defend,1
delay,1
politically,1
worn,1
jan,1
category,1
effect,1
liberal,1
tourists,1
unusual,1
forces,1
teens,1
village,1
land,1
venice,1
huckabee,1
prisoners,1
pursuit,1
happily,1
deadly,1
winners,1
conventional,1
july,1
influential,1
rely,1
sweat,1
death,1
food,1
game,1
idea,1
skin,1
were,1
has,1
jump,1
battling,1
grew,1
regime,1
portraits,1
addicted,1
martha,1
attractive,1
attractions,1
convince,1
overweight,1
're,1
then,1
course,1
turn,1
theater,1
is,1
lots,1
magic,1
grow,1
dining,1
patience,1
bombs,1
colombia,1
autumn,1
photo,1
famous,1
offers,1
shared,1
meaning,1
rio,1
card,1
own,1
faced,1
nasty,1
silver,1
protecting,1
degeneres,1
animated,1
proved,1
poem,1
passionate,1
handful,1
control,1
by,1
wing,1
english,1
enjoy,1
art,1
body,1
carry,1
nature,1
coming,1
ashamed,1
dave,1
warriors,1
striking,1
binge,1
indiana,1
surrounded,1
medication,1
entering,1
restore,1
office,1
dangerous,1
possible,1
atlanta,1
character,1
nick,1
model,1
in,1
something,1
service,1
chaos,1
complaints,1
temporary,1
appreciation,1
dreaming,1
half,1
than,1
italian,1
around,1
song,1
headed,1
survival,1
all,1
market,1
bay,1
achieving,1
ratings,1
imagine,1
cheating,1
frank,1
strip,1
makers,1
seasonal,1
her,1
ultimate,1
mom,1
appeared,1
usually,1
dealing,1
gold,1
team,1
table,1
hoping,1
sparked,1
performed,1
inspiring,1
considered,1
doing,1
great,1
almost,1
tell,1
orleans,1
punishment,1
chat,1
glad,1
unexpected,1
ditch,1
switch,1
burgers,1
son,1
gotten,1
making,1
dignity,1
flower,1
protected,1
carey,1
casual,1
lord,1
maternity,1
end,1
scientists,1
free,1
ones,1
mike,1
pay,1
produce,1
except,1
chocolate,1
students,1
shirts,1
eggs,1
method,1
deadline,1
golden,1
marketing,1
an,1
century,1
asking,1
channel,1
close,1
comic,1
spent,1
pentagon,1
duo,1
talented,1
fault,1
gunman,1
accountable,1
allergies,1
hills,1
cells,1
only,1
want,1
treat,1
rihanna,1
even,1
greatest,1
north,1
stewart,1
calories,1
classic,1
adopt,1
degrees,1
sensitive,1
vegetable,1
recover,1
write,1
releases,1
front,1
custody,1
intentions,1
disasters,1
root,1
apparent,1
correct,1
can,1
make,1
chronic,1
cutting,1
previously,1
largest,1
yet,1
parts,1
forever,1
set,1
duchess,1
obese,1
ross,1
dish,1
stake,1
entry,1
post,1
changed,1
father,1
started,1
local,1
items,1
estate,1
feature,1
likely,1
intelligence,1
occasion,1
tremendous,1
nevada,1
hong,1
taylor,1
billboard,1
bias,1
noise,1
entered,1
sick,1
available,1
they,1
subject,1
hatred,1
indeed,1
total,1
alec,1
decide,1
suggest,1
nail,1
desire,1
john,1
gary,1
apologize,1
nervous,1
detention,1
remote,1
burns,1
unique,1
hurricane,1
another,1
minute,1
nasa,1
high,1
not,1
complete,1
culinary,1
jackie,1
filmmaker,1
perfect,1
there,1
saturday,1
kitchen,1
sequel,1
considering,1
darkness,1
if,1
expect,1
week,1
protesters,1
monday,1
happier,1
answer,1
pink,1
forced,1
so,1
motivation,1
surely,1
outcome,1
aisle,1
queens,1
permanent,1
respond,1
militants,1
mocks,1
connecticut,1
sought,1
before,1
line,1
everybody,1
syndrome,1
when,1
again,1
for,1
montana,1
thin,1
remind,1
retired,1
tune,1
recap,1
importantly,1
as,1
night,1
reach,1
fisher,1
laid,1
yesterday,1
reveals,1
honest,1
officially,1
sense,1
reading,1
stunning,1
coach,1
kind,1
warn,1
random,1
volunteer,1
drawing,1
every,1
busy,1
movie,1
view,1
what,1
mind,1
pass,1
smartphone,1
horrific,1
recognition,1
northern,1
starting,1
annoying,1
deny,1
con,1
tied,1
skinny,1
prep,1
rough,1
poetry,1
happy,1
waste,1
loving,1
experts,1
love,1
came,1
chief,1
grateful,1
rivers,1
harsh,1
ingredient,1
your,1
living,1
new,1
consumer,1
notice,1
round,1
comfortable,1
clothes,1
from,1
charleston,1
forgive,1
authority,1
exhibition,1
dust,1
aggressive,1
material,1
backyard,1
dialogue,1
word,1
sure,1
protest,1
researchers,1
expensive,1
the,1
hate,1
associated,1
bought,1
pushed,1
earthquake,1
‚Äî,1
p.m.,1
owned,1
most,1
wardrobe,1
female,1
pop,1
announcement,1
loved,1
vacations,1
understood,1
protein,1
jazz,1
aftermath,1
diamond,1
friends,1
re,1
history,1
valley,1
violent,1
sometimes,1
south,1
path,1
improved,1
app,1
dangers,1
investigate,1
terrorists,1
desserts,1
pat,1
why,1
percent,1
marathon,1
border,1
museum,1
california,1
expected,1
strong,1
purchase,1
portrait,1
pit,1
jason,1
dinner,1
far,1
humanity,1
kills,1
quit,1
person,1
be,1
died,1
international,1
behavior,1
appeals,1
dick,1
pitch,1
listen,1
bringing,1
done,1
reality,1
later,1
box,1
false,1
fascinating,1
targets,1
existence,1
journalist,1
audience,1
next,1
official,1
cbs,1
concert,1
are,1
may,1
popular,1
affair,1
hardest,1
communications,1
accepted,1
rejected,1
announce,1
keeping,1
future,1
save,1
became,1
received,1
gathered,1
secure,1
timberlake,1
circle,1
travels,1
item,1
time,1
paying,1
hopes,1
explores,1
designs,1
buildings,1
hack,1
fighting,1
year,1
itself,1
music,1
desert,1
bans,1
calm,1
immediate,1
denial,1
faces,1
will,1
prince,1
tuesday,1
help,1
tops,1
entertaining,1
blonde,1
olivia,1
groom,1
disturbing,1
mayor,1
them,1
senior,1
mexican,1
mother,1
getting,1
begun,1
peaceful,1
billy,1
curious,1
reflect,1
live,1
ruin,1
obsession,1
hosts,1
speaks,1
historical,1
diego,1
checking,1
family,1
long,1
much,1
lay,1
audio,1
property,1
adam,1
concerned,1
fresh,1
plan,1
report,1
use,1
universe,1
noted,1
moved,1
occurred,1
delivered,1
outrageous,1
place,1
offer,1
come,1
update,1
highlights,1
hollywood,1
security,1
have,1
dating,1
turned,1
expression,1
involves,1
rick,1
cut,1
dare,1
heads,1
its,1
feelings,1
journalists,1
terror,1
months,1
relief,1
desk,1
prayer,1
dan,1
tight,1
accurate,1
aide,1
makeup,1
historic,1
loves,1
day,1
state,1
plot,1
firing,1
agencies,1
move,1
bring,1
truth,1
milk,1
details,1
would,1
voting,1
warm,1
massachusetts,1
secret,1
seemed,1
harry,1
games,1
check,1
else,1
knew,1
ignored,1
refuses,1
caring,1
james,1
story,1
mine,1
gulf,1
rnc,1
film,1
assume,1
transformation,1
truths,1
men,1
wait,1
beauty,1
cause,1
wrote,1
brains,1
alike,1
medal,1
measures,1
detroit,1
last,1
lawsuit,1
kept,1
survive,1
invited,1
hitting,1
analysis,1
exposure,1
here,1
judge,1
life,1
launch,1
st,1
sugar,1
open,1
activity,1
coolest,1
skip,1
visits,1
toddlers,1
quickly,1
minds,1
reactions,1
beating,1
ford,1
fate,1
shock,1
explains,1
pence,1
twice,1
facing,1
smaller,1
embracing,1
pasta,1
adele,1
surprising,1
their,1
had,1
thrones,1
viewers,1
eric,1
entrepreneur,1
nights,1
publicly,1
ban,1
feel,1
trump,1
comedian,1
event,1
adventure,1
fallen,1
acknowledge,1
session,1
madonna,1
kids,1
attack,1
between,1
employees,1
confirms,1
gut,1
lived,1
kicked,1
peace,1
self,1
everything,1
ceremony,1
need,1
despite,1
grade,1
facts,1
america,1
cooking,1
hope,1
keep,1
clean,1
overwhelming,1
thousands,1
best,1
hard,1
murder,1
tired,1
receiving,1
anymore,1
department,1
tom,1
themselves,1
to,1
killed,1
party,1
experiment,1
intended,1
gon,1
trail,1
joan,1
both,1
been,1
finding,1
ladies,1
funniest,1
clearly,1
melissa,1
quarter,1
attention,1
low,1
sean,1
included,1
of,1
due,1
definition,1
mountains,1
refused,1
constitution,1
backlash,1
same,1
center,1
single,1
louisiana,1
opens,1
baldwin,1
appear,1
sound,1
power,1
results,1
list,1
moment,1
organized,1
alabama,1
hop,1
legendary,1
apologizes,1
vacation,1
opened,1
comes,1
writing,1
part,1
wish,1
waters,1
jewish,1
search,1
angeles,1
up,1
demand,1
reminded,1
realized,1
days,1
pick,1
celebration,1
walk,1
susan,1
rid,1
specifically,1
shooter,1
spaces,1
places,1
needs,1
birthday,1
quest,1
code,1
enemy,1
back,1
fourth,1
congressman,1
spirit,1
tells,1
flow,1
heading,1
years,1
being,1
chris,1
brian,1
disaster,1
organic,1
sentence,1
praise,1
told,1
victims,1
trade,1
including,1
stay,1
action,1
bannon,1
rain,1
wednesday,1
obsessed,1
lip,1
harvard,1
nude,1
los,1
wall,1
teaching,1
fully,1
enforcement,1
empire,1
generations,1
exchange,1
returning,1
distance,1
've,1
color,1
coverage,1
whether,1
advance,1
picked,1
dates,1
played,1
jimmy,1
memory,1
brand,1
tech,1
perhaps,1
potentially,1
determined,1
pose,1
trailer,1
latest,1
oscar,1
co,1
yours,1
outrage,1
other,1
things,1
buying,1
twins,1
isis,1
throw,1
well,1
lives,1
page,1
expand,1
must,1
message,1
seeing,1
celebrity,1
michael,1
impressive,1
e,1
accept,1
chose,1
allowing,1
scores,1
sexually,1
right,1
second,1
white,1
school,1
r,1
present,1
katie,1
late,1
actor,1
account,1
aim,1
turkish,1
though,1
sarah,1
blake,1
apple,1
race,1
protect,1
attacks,1
doctor,1
label,1
child,1
featuring,1
daughter,1
each,1
closer,1
first,1
jeans,1
psychological,1
rarely,1
chicago,1
doctors,1
royal,1
tip,1
rally,1
how,1
egypt,1
‚Äò,1
candidates,1
short,1
memorable,1
shades,1
rooms,1
anniversary,1
language,1
thank,1
generally,1
solo,1
favorite,1
we,1
russell,1
work,1
olympic,1
neil,1
brown,1
spain,1
cia,1
romance,1
sharing,1
unlike,1
radical,1
drug,1
london,1
harvey,1
manhattan,1
higher,1
songs,1
patient,1
deserve,1
systems,1
jane,1
anything,1
under,1
plans,1
backed,1
embrace,1
spotlight,1
keys,1
held,1
connection,1
carrie,1
luck,1
kinds,1
profile,1
pope,1
fears,1
quite,1
oliver,1
ages,1
anthem,1
virginia,1
failed,1
emotional,1
flavor,1
tweets,1
brought,1
small,1
according,1
elect,1
intense,1
limits,1
.,1
basis,1
ireland,1
taken,1
conference,1
killing,1
'm,1
that,1
question,1
decided,1
reporters,1
noticed,1
charity,1
anderson,1
start,1
lady,1
benefit,1
appropriate,1
screen,1
j.,1
sending,1
problem,1
pregnant,1
spending,1
form,1
funds,1
feeling,1
platform,1
pacific,1
teenage,1
grey,1
vows,1
guilty,1
talk,1
cure,1
bieber,1
alone,1
stand,1
always,1
once,1
creative,1
worldwide,1
failing,1
lose,1
case,1
agree,1
ceo,1
building,1
larger,1
safety,1
celebrating,1
claimed,1
stage,1
teams,1
bachelor,1
appreciate,1
should,1
promise,1
trial,1
identify,1
interested,1
traditional,1
russia,1
soul,1
wear,1
bridal,1
any,1
national,1
figures,1
cosby,1
define,1
respect,1
number,1
beautiful,0
privacy,0
broken,0
beaches,0
director,0
summit,0
‚Äï,0
variety,0
arabia,0
standing,0
fuel,0
usual,0
marry,0
matter,0
already,0
offensive,0
prize,0
faster,0
regardless,0
directly,0
challenges,0
about,0
also,0
wealth,0
presence,0
range,0
create,0
christian,0
numbers,0
advantage,0
dads,0
turning,0
wisdom,0
george,0
i,0
less,0
featured,0
icon,0
outside,0
staff,0
us,0
telling,0
jerry,0
guns,0
documents,0
choice,0
reminds,0
split,0
specific,0
fantasy,0
central,0
social,0
final,0
raising,0
trips,0
required,0
soda,0
brazil,0
harm,0
become,0
comedy,0
quick,0
works,0
panel,0
americans,0
french,0
step,0
public,0
track,0
comments,0
ingredients,0
somewhere,0
shoes,0
mistakes,0
millions,0
suffer,0
robert,0
clear,0
visiting,0
serve,0
fill,0
wave,0
survivor,0
illegal,0
freedom,0
known,0
stories,0
fear,0
husband,0
fewer,0
jones,0
cruz,0
deep,0
ourselves,0
tomorrow,0
ill,0
supporters,0
inspiration,0
online,0
deal,0
resistance,0
gave,0
outfits,0
france,0
situation,0
korea,0
victoria,0
standard,0
secrets,0
served,0
collection,0
diy,0
acting,0
continued,0
bold,0
breast,0
special,0
childhood,0
greek,0
likes,0
born,0
season,0
quality,0
flowers,0
money,0
without,0
remember,0
join,0
messages,0
experiences,0
learning,0
award,0
treatment,0
interest,0
concept,0
war,0
enter,0
elected,0
hotel,0
me,0
yourself,0
college,0
visit,0
cost,0
usa,0
investment,0
asked,0
notes,0
guide,0
fact,0
host,0
president,0
kiss,0
middle,0
joined,0
cocktails,0
wears,0
toxic,0
spots,0
standards,0
sold,0
prevent,0
network,0
point,0
ago,0
express,0
leading,0
earlier,0
value,0
types,0
began,0
images,0
amid,0
third,0
normal,0
related,0
personal,0
plant,0
moral,0
celebrated,0
katy,0
-,0
many,0
friendly,0
fitness,0
rapper,0
goal,0
newly,0
garden,0
names,0
rule,0
voted,0
ellen,0
develop,0
more,0
talked,0
myths,0
honor,0
traveling,0
improve,0
direction,0
seth,0
corner,0
mass,0
biggest,0
outfit,0
allows,0
fund,0
native,0
within,0
morning,0
unfortunately,0
healing,0
recently,0
study,0
youth,0
wide,0
abroad,0
gps,0
marks,0
tradition,0
university,0
campaign,0
anthony,0
election,0
simply,0
am,0
habits,0
today,0
complicated,0
exclusive,0
poll,0
prepared,0
paid,0
entertainment,0
aging,0
actual,0
system,0
william,0
globe,0
singer,0
easier,0
problems,0
inspire,0
my,0
forward,0
conditions,0
jordan,0
launched,0
rachel,0
',0
fair,0
dear,0
mean,0
experienced,0
noah,0
luxury,0
justice,0
jackson,0
build,0
worried,0
bottom,0
order,0
league,0
parks,0
york,0
western,0
christie,0
following,0
cover,0
few,0
campus,0
ted,0
speech,0
dress,0
alternative,0
hotels,0
familiar,0
celebrities,0
independence,0
created,0
fit,0
class,0
michelle,0
worse,0
struggling,0
since,0
heart,0
rumors,0
such,0
planned,0
spoke,0
measure,0
style,0
military,0
babies,0
products,0
april,0
hill,0
certain,0
read,0
sleep,0
either,0
product,0
dishes,0
nominee,0
breath,0
early,0
active,0
dr,0
sanders,0
boys,0
age,0
friday,0
orlando,0
chair,0
medical,0
louis,0
includes,0
debut,0
whose,0
release,0
bill,0
working,0
individual,0
explore,0
focused,0
responsible,0
posted,0
germany,0
practice,0
media,0
appearance,0
begins,0
fall,0
becoming,0
growing,0
especially,0
potential,0
rather,0
tonight,0
activist,0
easy,0
fashion,0
progressive,0
individuals,0
towards,0
status,0
position,0
touch,0
missed,0
setting,0
words,0
scott,0
business,0
richard,0
sort,0
series,0
difference,0
picks,0
west,0
pieces,0
beyond,0
southern,0
particular,0
nations,0
risks,0
rules,0
major,0
memorial,0
iconic,0
anger,0
taxes,0
issues,0
shift,0
vice,0
shame,0
multiple,0
above,0
bernie,0
against,0
chef,0
memories,0
top,0
seeking,0
released,0
credit,0
lifestyle,0
willing,0
probe,0
grace,0
equal,0
october,0
strike,0
meeting,0
sale,0
affect,0
teach,0
jon,0
emotions,0
stone,0
impossible,0
critics,0
terms,0
discuss,0
shape,0
talking,0
assault,0
culture,0
able,0
winter,0
journey,0
patients,0
website,0
thinking,0
movement,0
court,0
therapy,0
influence,0
diet,0
learn,0
those,0
decision,0
august,0
boost,0
cuts,0
recovery,0
oil,0
everyday,0
mark,0
trip,0
legal,0
disorder,0
different,0
target,0
lee,0
gender,0
pre,0
photographer,0
television,0
iowa,0
consider,0
paris,0
views,0
athletes,0
natural,0
myself,0
aware,0
decade,0
strength,0
stopped,0
instagram,0
speaking,0
convention,0
sister,0
india,0
jr,0
highly,0
expert,0
aid,0
documentary,0
decisions,0
dresses,0
solution,0
readers,0
huffington,0
clinton,0
banks,0
protests,0
which,0
silence,0
environment,0
technology,0
children,0
services,0
saudi,0
negative,0
routine,0
racial,0
jessica,0
camp,0
actions,0
hillary,0
barack,0
prime,0
showed,0
obesity,0
facebook,0
identity,0
changes,0
divorced,0
ahead,0
month,0
revealed,0
inspired,0
common,0
doubt,0
lies,0
spend,0
cnn,0
act,0
hearing,0
written,0
engagement,0
adult,0
rest,0
wedding,0
perry,0
given,0
original,0
agency,0
parents,0
response,0
women,0
ready,0
progress,0
experience,0
corporate,0
legacy,0
career,0
spring,0
similar,0
leaving,0
result,0
care,0
tax,0
illness,0
candidate,0
writer,0
inner,0
critical,0
others,0
general,0
marriage,0
throughout,0
law,0
activists,0
ways,0
victory,0
november,0
ask,0
committee,0
founder,0
sit,0
explain,0
type,0
reuters,0
kate,0
support,0
balance,0
country,0
era,0
growth,0
insurance,0
hiv,0
pressure,0
united,0
choices,0
cast,0
taught,0
girls,0
colbert,0
process,0
summer,0
weekly,0
ben,0
rape,0
efforts,0
costs,0
mental,0
our,0
advice,0
mothers,0
leadership,0
pregnancy,0
however,0
older,0
black,0
brain,0
racist,0
episode,0
powerful,0
teachers,0
olympics,0
young,0
cases,0
opening,0
site,0
matters,0
stars,0
workout,0
issue,0
board,0
photos,0
states,0
key,0
fix,0
african,0
former,0
provide,0
led,0
author,0
