hometovote,105
punggye,105
slapdash,105
karekezi,105
boutaris,105
muqtada,105
surabaya,105
newsmagazine,105
marielle,105
pashinian,105
ahsan,105
pashinyan,105
26-story,105
marai,105
kippas,105
yehuda,105
teichtal,105
minassian,105
sofien,105
ayari,105
tajima,105
canel,105
mainlined,105
yassmin,105
magied,105
eurocontrol,105
boufarik,105
kassem,105
murtaja,105
ain,105
brigadier,105
royar,105
ungovernable,105
madikizela,105
profaned,105
kemerovo,105
puigdemont,105
gendarme,105
tr√®bes,105
footrest,105
najin,105
fatu,105
salisbury,105
novichok,105
basaran,105
mcduck,105
caloia,105
davide,105
astori,105
fiorentina,105
refoundation,105
sepulchre,105
sridevi,105
barnaby,105
ksenia,105
sobchak,105
pune,105
aseman,105
semirom,105
morawiecki,105
batten,105
jokhang,105
dagestan,105
kizlyar,105
ramaphosa,105
herta,105
monthslong,105
domodedovo,105
alfeasance,105
sana‚Äôa,105
esmond,105
hualien,105
fidelito,105
lassoed,105
nazca,105
geoglyphs,105
deliveroo,105
strava,105
ingvar,105
kamprad,105
burnings,105
padmaavat,105
pyroclastic,105
mahia,105
swayne,105
newsguild,105
deign,105
khawlah,105
noman,105
mehmet,105
altan,105
sahin,105
alpay,105
kasur,105
hatchets,105
yasuhiro,105
prayuth,105
ocha,105
lambertus,105
chequered,105
üéâ,105
rudwan,105
dawod,105
kuczysnki,105
weah,105
nisman,105
roscosmos,105
remanded,105
gan,105
rocketman,105
ramzan,105
nieuwsuur,105
toughs,105
musson,105
tinderbox,105
menomore,105
uncountable,105
kahiye,105
teodora,105
soe,105
rooftopper,105
yongning,105
fihn,105
superputin,105
cathay,105
siena,105
croat,105
slobodan,105
praljak,105
sentamu,105
rawdah,105
eqypt,105
revillagigedo,105
emmerson,105
mnangagwa,105
surajpal,105
amu,105
resentenced,105
serb,105
ratko,105
mladic,105
zeid,105
ra'ad,105
denuclearizing,105
behzad,105
mesri,105
hariri,105
tamim,105
israei,105
kianoush,105
rostami,105
mola,105
nissi,105
balancetonporc,105
quellavoltache,105
maan,105
wadia,105
ahwazi,105
haidari,105
damrey,105
rahkine,105
balfour,105
stoltenberg,105
rukban,105
persianization,105
barzani,105
zionists,105
promissory,105
disavowal,105
odinga,105
zedong,105
outgun,105
barbudan,105
caitlan,105
carre,105
blighting,105
semtex,105
galizia,105
wollongong,105
u.s.-canadian,105
kouchner,105
michnik,105
tepco,105
fetullah,105
construct‚Äî‚Äúgreater,105
jerusalem‚Äù‚Äîis,105
ican,105
talaq,105
jawahawlal,105
nehru,105
junqueras,105
romeva,105
barcleona,105
kurdy,105
khorramshahr,105
orouba,105
gahman,105
philippot,105
skerrit,105
birgitta,105
j√≥nsd√≥ttir,105
muggah,105
pontifical,105
puc,105
nafees,105
roshni,105
villager,105
mosse,105
zarqa,105
weidel,105
bove,105
hancke,105
halimah,105
yacob,105
singaporeans,105
talon,105
uncontacted,105
i‚Äòm,105
derechos,105
digitales,105
zaher,105
sahloul,105
sams,105
sayah,105
bogor,105
qualifier,105
azadi,105
moptop,105
primatologist,105
vanzolini,105
saki,105
abdullahi,105
farmaajo,105
eln,105
arsen,105
voskanyan,105
disassociation,105
liberalizing,105
ravage,105
u.s.-somali,105
policewomen,105
godman,105
doklam,105
naf,105
isas,105
icebridge,105
gurmeet,105
hato,105
antonov,105
shitshow,105
younes,105
abouyaaqoub,105
ardently,105
radicalizing,105
sombre,105
garrels,105
propound,105
th√©ophile,105
gautier,105
dornsife,105
dandjinou,105
guamanians,105
honourable,105
dramani,105
mahama,105
gautam,105
temblor,105
kurtulus,105
miniaturized,105
hyeon,105
valente,105
u.s.-drafted,105
houla,105
burbling,105
safadi,105
u.n.-designated,105
medvedev,105
swathe,105
aleksandar,105
u.s.-korean,105
superbody,105
disqualifies,105
crypt,105
predappio,105
saiko,105
manifesta√ß√£o,105
senado,105
malavika,105
binny,105
jawaharlal,105
panchayat,105
campsites,105
daƒühan,105
irak,105
kandahar,105
accute,105
pwrdf,105
sayyid,105
isci,105
conduits,105
operationalizing,105
rubai,105
nanyang,105
plana,105
bernet,105
saxony,105
certifying,105
esenam,105
amuzu,105
conscription,105
unsw,105
magdy,105
solim√°n,105
taranco,105
marcelin,105
dumoulin,105
hizballah,105
candido,105
nuruzzaman,105
khadr,105
realignments,105
torkham,105
segura,105
deminers,105
amiera,105
sawas,105
nausheen,105
entente,105
yamano,105
immodest,105
fundaments,105
drylands,105
saif,105
ghobash,105
aam,105
admi,105
irascible,105
uhlmann,105
alwiyat,105
furqan,105
focussed,105
annunziata,105
daraa,105
tubakovic,105
maharaj,105
serina,105
menchik,105
haroon,105
rela,105
cricketers,105
lustre,105
rmc,105
setsuko,105
templo,105
bravalla,105
muzoon,105
almellehan,105
adhocracy,105
ameeta,105
gopalan,105
lampedusian,105
debono,105
giusi,105
nicolini,105
olof,105
27-month,105
grandparentsnotterrorists,105
qinghai,105
hydroelectric,105
strafes,105
deeparghya,105
mukherjee,105
petya,105
tr·∫ßn,105
pargneaux,105
mep,105
vomitatious,105
guaino,105
amartya,105
u.k.-eu,105
vandenbergh,105
colonialist,105
nayef,105
elysees,105
ksf,105
ram√≥n,105
centeno,105
unam,105
fandino,105
mielly,105
nandita,105
perret,105
f-15,105
reunified,105
revitalise,105
razes,105
samora,105
campinas,105
crackland,105
asit,105
biswas,105
tortajada,105
udisha,105
saklani,105
pemex,105
kensingtons,105
v√°zquez,105
peduto,105
renato,105
ebape,105
fgv,105
uras,105
samuele,105
furfari,105
bruxelles,105
liso,105
bludgeoned,105
growingly,105
obstinacy,105
maiduguri,105
dup,105
kakony,105
zoubeir,105
souissi,105
fal,105
andaman,105
forebear,105
larner,105
buenaventura,105
idus,105
miju,105
digaru,105
mishmi,105
afroz,105
maulana,105
azad,105
urdu,105
cerezo,105
tenboma,105
friedmann,105
underlining,105
lra,105
obo,105
sanita,105
burkha,105
anubha,105
yadav,105
deus,105
dalit,105
harirajpur,105
odisha,105
mahanadi,105
roumieh,105
caning,105
noriega,105
truces,105
bouterse,105
rosemarijn,105
hofte,105
b√©n√©dicte,105
mustapha,105
azaitraoui,105
ier,105
morgana,105
leiden,105
damavand,105
atlanticist,105
hamerton,105
milani,105
aecio,105
neves,105
zarrab,105
sequeira,105
cracol√¢ndia,105
dineo,105
kejriwal,105
roomformanchester,105
petrelli,105
fahmi,105
tapela,105
manlan,105
ata,105
zaree,105
westernization,105
skripal,105
marawi,105
denuclearization,90
ghouta,90
catalonia,87
carles,87
saad,87
catalan,86
rohingyas,86
rohingya,84
koreas,84
aqsa,84
xiaobo,84
sichuan,78
madsen,78
zuma,78
venezuelans,78
jagmeet,78
asiatoday,78
nikol,70
orb√°n,70
bookkeeper,70
arafat,70
zainab,70
fujimori,70
manus,70
nonsmokers,70
rajoy,70
aarhus,70
doane,70
grenfell,70
wasat,70
aut√≥noma,70
unionist,70
suriname,70
aung,67
icbm,67
mugabe,66
lula,65
kurdistan,64
irregularities,63
shi‚Äôite,63
dmz,63
nicol√°s,63
deakin,63
suu,62
kyi,60
warmbier,60
jae,58
salman,52
detonate,52
liberalize,52
baited,52
yannis,52
marti,52
decimation,52
pasted,52
iqbal,52
anarchists,52
suffocate,52
incel,52
nabi,52
bissonnette,52
muddied,52
douma,52
algiers,52
swerved,52
welt,52
yasser,52
convulsed,52
quintero,52
eritreans,52
liberator,52
campaigner,52
mireille,52
electrically,52
clamped,52
fainter,52
offensives,52
bulldozing,52
militaristic,52
buttress,52
fraudulently,52
lapsed,52
mateusz,52
bromberg,52
ramo,52
saratov,52
radars,52
submerge,52
balart,52
islamization,52
jalalabad,52
preoccupations,52
waver,52
copacabana,52
jacinda,52
ardern,52
swelters,52
cede,52
peruvians,52
unpardonable,52
defectors,52
navalny,52
kadyrov,52
defector,52
quetta,52
gritted,52
sieges,52
testaments,52
kyaw,52
defection,52
shinto,52
stringer,52
patriarchs,52
bonn,52
khatallah,52
reshuffles,52
bagram,52
loudspeakers,52
transporter,52
abubakar,52
shekau,52
designates,52
reestablish,52
unfurling,52
overpowered,52
envelops,52
aoun,52
kuwaiti,52
scuttled,52
ghazi,52
ahwaz,52
conman,52
strongholds,52
kirkuk,52
caruana,52
moldovan,52
decertifying,52
catalans,52
l√©vy,52
zoya,52
batons,52
agung,52
exterminate,52
amar,52
ww2,52
dims,52
warheads,52
submarines,52
nambia,52
urbanized,52
wissam,52
m√≥nica,52
popemobile,52
mummies,52
deir,52
nunavut,52
destabilized,52
defused,52
tedglobal,52
inflating,52
destroyers,52
ayoub,52
ramblas,52
turku,52
vexed,52
remi,52
sinners,52
brenna,52
misstatement,52
warhead,52
leopoldo,52
96-year,52
bassel,52
monarchies,52
vucic,52
nawaz,52
arundhati,52
jisu,52
ministerial,52
ammar,52
ant√≥nio,52
mindanao,52
eduard,52
villiers,52
mart√≠nez,52
undp,52
complying,52
silvia,52
kota,52
catesby,52
chakraverty,52
rousselot,52
stephan,52
imperious,52
bangladeshis,52
quneitra,52
ashutosh,52
thurlow,52
verifiable,52
aztecs,52
sandeep,52
unsettles,52
minaret,52
encrypting,52
alon,52
zina,52
onerous,52
lashkar,52
ascended,52
77th,52
mihnea,52
tanasescu,52
vrije,52
universiteit,52
brussel,52
sood,52
marche,52
malian,52
u.s.-cuban,52
rodrigues,52
leftward,52
tuk,52
brutalize,52
ashcroft,52
akihito,52
tunisians,52
hamadi,52
99-million,52
hatchling,52
blundered,52
crested,52
militarism,52
alam,52
categorical,52
ifaw,52
originating,52
riverbed,52
trivialization,52
byung,52
seong,52
spurns,52
reprisals,52
riposte,52
zeidan,52
brunson,52
papademos,52
arvind,52
schafer,52
copt,52
akbarzadeh,52
dotard,52
burmese,52
rakhine,52
zimbabwean,52
provocations,52
raqqa,50
myanmar,49
maduro,46
capsizes,46
warship,46
jinping,45
orban,45
groening,45
idlib,45
universidad,45
papua,44
mohammed,43
corrupts,42
virunga,42
retaliates,42
engulfs,42
malign,42
revokes,42
exorcists,42
landslides,42
poacher,42
montr√©al,42
intercontinental,42
guatemalan,42
bosnian,42
bds,42
dominica,42
gored,42
protectionism,42
temer,42
nacional,42
pyongyang,42
sergei,42
sudanese,40
theresa,40
retaliate,39
ghani,39
collides,39
dissident,39
guam,39
mudslides,38
yousafzai,37
veils,37
qatar,37
torrential,35
treasurer,35
unblock,35
telegram,35
presse,35
disparages,35
alfie,35
borodin,35
algerian,35
bookies,35
apostolic,35
hijabs,35
caro,35
knoll,35
hurls,35
tonnes,35
implicating,35
maithripala,35
convoys,35
spurned,35
utoya,35
meddle,35
ciao,35
papacy,35
tramples,35
cotta,35
oaxaca,35
dslr,35
deripaska,35
otto,35
carmakers,35
daimler,35
couriers,35
exporter,35
assassinate,35
luiz,35
repatriation,35
u.s.-based,35
suzuki,35
uae,35
alwaleed,35
mogadishu,35
vasquez,35
saleh,35
narrowest,35
vial,35
hoa,35
welby,35
airfield,35
jabbed,35
zimbabweans,35
detects,35
intercepts,35
apec,35
retaliating,35
jens,35
salamander,35
communicable,35
magnitsky,35
recaptured,35
broadens,35
alumna,35
tamper,35
opportunistic,35
lockstep,35
callously,35
ophelia,35
g√≥mez,35
u.s.-turkish,35
reminisced,35
schoolteacher,35
m√©lenchon,35
wielded,35
srebrenica,35
nasser,35
florian,35
reintroducing,35
flexing,35
clandestine,35
chiapas,35
goldsmith,35
staffed,35
zander,35
venezia,35
bridegroom,35
sahar,35
facetious,35
grievous,35
rahim,35
pinochet,35
uhuru,35
suppresses,35
kilometer,35
cassiano,35
wikimedia,35
alight,35
urbanization,35
ceding,35
underlined,35
banded,35
blackmore,35
expressway,35
corrupting,35
leprosy,35
√©lys√©es,35
fern√°ndez,35
boreal,35
ji,35
universidade,35
fistfight,35
hounding,35
alejandra,35
clea,35
fabrice,35
kyiv,35
checkers,35
pamplona,35
communique,35
brothels,35
jakarta,35
astana,35
inoperable,35
ransoms,35
backwater,35
sandbags,35
claimants,35
allahu,35
interpol,35
outlived,35
shielded,35
matador,35
grenoble,35
salina,35
cagliari,35
flouts,35
reconfigured,35
disbanding,35
chrysanthemum,35
omran,35
pullout,35
aceh,35
romancing,35
sousa,35
leniency,35
renegotiation,35
abedi,35
shahram,35
westernized,35
councilwoman,35
mahmoud,35
afd,35
bakr,35
sharif,35
corbyn,33
venezuela,33
viktor,33
dorsey,33
pell,32
monsoon,32
uss,32
blockade,32
korea,32
missiles,32
coptic,31
parliamentary,31
philippine,30
rwandan,30
uprisings,30
inflame,30
berlusconi,30
hezbollah,30
expels,30
euthanasia,30
ashraf,30
wallaby,30
liberian,30
wreaked,30
diwali,30
abolition,30
instantaneously,30
marseille,30
hebron,30
yong,30
rattling,30
ramming,30
tal,30
insurgents,30
hamburg,30
detectors,30
bloodiest,30
squads,30
gcc,30
deterred,30
korean,30
mountainous,29
outskirts,29
niger,29
deranged,29
universit√©,29
venezuelan,28
macron,28
collided,28
gunmen,28
missile,28
besieged,28
delhi,28
persecuted,27
lebanese,27
kabul,27
ri,26
fascists,26
silvio,26
botanist,26
cobblestones,26
unsanctioned,26
agence,26
alexandre,26
exhortation,26
101st,26
criminalized,26
gujarat,26
reciprocal,26
dispersed,26
lai,26
ss,26
couturier,26
sirisena,26
protectionist,26
tehran,26
spouts,26
glorifies,26
cyril,26
unprovoked,26
pakistanis,26
tariq,26
electron,26
bugger,26
disrespecting,26
sadiq,26
skids,26
pegasus,26
lorry,26
clerical,26
emirates,26
dialog,26
inflaming,26
tankers,26
scrutinize,26
davao,26
talal,26
81st,26
u.s.-saudi,26
whither,26
wa,26
defected,26
priestess,26
stemmed,26
misquoted,26
incensed,26
wold,26
canterbury,26
brandished,26
behead,26
reeva,26
steenkamp,26
kasparov,26
misreading,26
11-hour,26
emir,26
feckless,26
protestants,26
yanukovych,26
ahmadi,26
retaken,26
engulf,26
captor,26
henri,26
rushdie,26
policemen,26
breakaway,26
ennis,26
chartered,26
lombardo,26
municipality,26
booyah,26
belies,26
barakat,26
parliamentarian,26
sdgs,26
transmissible,26
ravages,26
vehicular,26
decimated,26
togo,26
cair,26
reunification,26
unquestioned,26
infantile,26
kgb,26
squabbles,26
kenyatta,26
neutron,26
soo,26
gropes,26
pragmatist,26
oceanographer,26
shiites,26
confrontations,26
revolts,26
revelers,26
benito,26
conspire,26
sa,26
supplying,26
fathered,26
daraya,26
inhalation,26
ghanaian,26
aorta,26
johanna,26
islamabad,26
anwar,26
irreparably,26
torre,26
scavenging,26
finalizes,26
isolationism,26
gilles,26
saud,26
stateless,26
nuri,26
bookcase,26
nangarhar,26
bullring,26
compartments,26
mercado,26
shabab,26
shipment,26
abdicate,26
regionally,26
tallies,26
londoner,26
clenched,26
amanpour,26
varadkar,26
engulfing,26
astrid,26
antagonistic,26
valuables,26
singalong,26
extrajudicial,26
welling,26
subs,26
americanism,26
upheavals,26
hassan,26
expel,26
arabian,26
boyle,26
overthrow,26
hajj,26
imam,26
jong,26
peninsula,26
flee,25
ballistic,25
caliphate,25
saudi,25
pedestrians,25
saudis,25
emmanuel,24
rouhani,24
eid,24
diplomats,24
colonialism,24
silva,24
holiest,24
stalemate,24
kosovo,24
kremlin,24
sanctions,24
embezzlement,23
australians,23
beset,23
oligarch,23
worshippers,23
defence,23
johannesburg,23
tanker,23
alberto,23
provokes,23
whereabouts,23
yemenis,23
qatari,23
hague,23
reels,23
repeals,23
populous,23
belgrade,23
deteriorated,23
sails,23
jerusalem,23
taliban,23
embassy,23
intensify,22
xi,22
abdel,22
blasphemy,22
declarations,22
hydrogen,22
deteriorating,22
merkel,22
fled,22
lebanon,22
earthquake,22
guinea,22
koreans,22
somalia,22
liu,22
s√£o,22
u.s.-led,22
gulf,22
famine,22
ministry,21
duterte,21
cheetahs,21
golan,21
shelled,21
bombastic,21
hungarians,21
hurled,21
shuffled,21
bibimbap,21
alek,21
airbase,21
raged,21
secession,21
oskar,21
mina,21
hubert,21
erupted,21
envoys,21
bello,21
crucified,21
montenegro,21
hyperloop,21
revisionist,21
oleg,21
anc,21
niqab,21
resale,21
systematic,21
sheltering,21
dinghy,21
ravaging,21
combustion,21
timeframe,21
seaplane,21
coordinates,21
dashed,21
rt,21
neglects,21
stewards,21
implores,21
alluded,21
panics,21
cctv,21
caracas,21
stooge,21
inalienable,21
unhelpful,21
forgoing,21
dismembering,21
shabaab,21
pacifist,21
berets,21
somalis,21
pushkin,21
mas,21
henceforth,21
undemocratic,21
miscalculation,21
deterrence,21
uncontrolled,21
flatten,21
umm,21
warmonger,21
destroyer,21
morgue,21
humanitarianism,21
resettled,21
outweighed,21
cloning,21
homs,21
transfusions,21
ratchets,21
booby,21
polygamy,21
francine,21
egregiously,21
landmines,21
karachi,21
exacerbating,21
philomena,21
radicalization,21
osorio,21
hodgkinson,21
rajasthan,21
jain,21
abdulaziz,21
olmert,21
exposition,21
prc,21
meir,21
responder,21
gah,21
akbar,21
c.e.o,21
√©cole,21
cecilia,21
libre,21
liquefied,21
lng,21
gambled,21
gaddafi,21
mausoleum,21
suffocated,21
machina,21
kite,21
panamanian,21
numerical,21
militancy,21
enclave,21
winnie,21
submarine,21
blaze,21
kurds,21
islamist,21
janeiro,20
m.,20
convoy,20
abbas,20
rodman,20
sailors,20
chancellor,20
provocation,20
auschwitz,20
evacuations,20
skulls,20
seizes,20
pistorius,20
bin,20
palestinians,19
trudeau,19
laureate,19
mosul,19
jihad,19
danish,19
scorn,19
caravan,19
demolished,19
amplified,19
tensions,19
flocked,19
unicef,19
osborne,19
chechen,19
sacked,19
explosives,19
spurring,19
500th,19
finnish,19
mudslide,19
calamity,19
refinery,19
arabia,19
zimbabwe,19
persecution,19
plotted,18
passports,18
ripples,18
arabic,18
assailant,18
prosperous,18
lim,18
parliament,18
drills,18
bollywood,18
riyadh,18
mounts,18
yemeni,18
pyeongchang,18
rhino,18
attackers,18
sudan,18
mariana,17
outposts,17
rains,17
hooded,17
disobedience,17
squatters,17
seoul,17
nicaraguan,17
dissolved,17
abdeslam,17
roiling,17
57-year,17
traffickers,17
expulsion,17
shaggy,17
mangled,17
scrubbing,17
tellers,17
laureates,17
swine,17
mccormack,17
amphitheater,17
amnesty,17
turnbull,17
rapprochement,17
ether,17
compounded,17
harbour,17
revoke,17
ambulance,17
cloned,17
erupting,17
cleanliness,17
crouch,17
precipitate,17
abhorrent,17
intolerable,17
currencies,17
invaders,17
reclusive,17
ironies,17
maelstrom,17
impotence,17
islamists,17
houthis,17
clings,17
commandos,17
goer,17
rerun,17
sack,17
mariano,17
kenyan,17
governed,17
torching,17
misnomer,17
singh,17
thongs,17
fam,17
fractures,17
weeps,17
foils,17
precaution,17
defuse,17
inspected,17
frankfurt,17
squabble,17
walkway,17
laos,17
dimmed,17
madeira,17
smuggler,17
celsius,17
petro,17
embed,17
squabbling,17
robotics,17
reaffirms,17
blackouts,17
sainthood,17
u.s.-russian,17
shaub,17
bloodletting,17
feeder,17
overseen,17
foothold,17
ehud,17
exacerbates,17
homicidal,17
quicksand,17
pistols,17
rammed,17
usefulness,17
bogota,17
nests,17
londoners,17
symbiotic,17
condolence,17
reverberations,17
strongman,17
karam,17
unanticipated,17
nourishes,17
bloodshed,17
nuke,17
provoked,17
quake,17
kazakhstan,17
restructuring,17
underscores,17
spain,17
minister,17
tariffs,17
barcelona,17
rodrigo,17
armenia,17
plunges,17
michel,17
u.s.-backed,17
melbourne,17
blazes,17
malnutrition,17
sonic,17
territories,17
archbishop,16
discontent,16
iranians,16
atrocities,16
torched,16
imposing,16
consulate,16
retaliation,16
houthi,16
reopens,16
transferring,16
93-year,16
insurgency,16
conducts,16
u.s.-cuba,16
bahrain,16
sharia,16
deadliest,16
iranian,16
paulo,16
treaty,16
manchester,16
north,16
corruption,16
genocide,16
airstrikes,16
acquitted,16
malala,16
tibetan,16
imposes,16
attacker,16
assad,15
unesco,15
beirut,15
rubble,15
hiroshima,15
unrest,15
palestinian,15
communist,15
injuring,15
u.k,15
pakistan,15
demolishes,15
75-year,15
tribunal,15
floodwaters,15
gravely,15
crackdowns,15
riddance,15
wreckage,15
patronizing,15
outlaws,15
caucasus,15
chairlift,15
trafficked,15
retelling,15
rattled,15
bombardment,15
detente,15
darkened,15
lbs,15
hostilities,15
separatist,15
grapples,15
deluge,15
stiffed,15
tussauds,15
salacious,15
jetliner,15
loyalists,15
sorcery,15
witchcraft,15
circuses,15
fm,15
cannons,15
distributor,15
archipelago,15
gunshots,15
enforcers,15
isolationist,15
vestiges,15
savagery,15
weightlifter,15
riz,15
deposed,15
surrenders,15
zionism,15
radicalism,15
reformation,15
elevation,15
cementing,15
barbuda,15
multimillion,15
assailants,15
backpackers,15
glasser,15
anointed,15
indies,15
imperiled,15
deploys,15
hunker,15
dprk,15
deploying,15
garnering,15
socialists,15
retaking,15
lasers,15
eclipses,15
plow,15
equivalence,15
antifa,15
overloaded,15
consultancy,15
disturbingly,15
possesses,15
ore,15
permafrost,15
sponsoring,15
isolating,15
boycotted,15
mussolini,15
apparatus,15
gard,15
programme,15
binghamton,15
accounted,15
deadlock,15
afoot,15
rahman,15
tyrannical,15
cricket,15
bavaria,15
jaipur,15
gilligan,15
muhammed,15
canisters,15
suffocating,15
presumed,15
basque,15
ivan,15
gaulle,15
bertrand,15
warplane,15
helmut,15
infiltrating,15
phnom,15
penh,15
masse,15
deterioration,15
calves,15
imams,15
balkans,15
pedophiles,15
sensibility,15
poisoning,15
bibi,15
ammunition,15
humanitarian,15
graves,15
ritz,15
ethiopia,15
mainland,15
archaeologists,15
mosque,15
israeli,15
syrian,15
clashes,15
prime,15
pakistani,15
siege,15
australian,15
dozens,14
bombers,14
poaching,14
smog,14
tunisia,14
crown,14
hijab,14
nuclear,14
armenian,14
stampede,14
stronghold,14
leone,14
geopolitical,14
netanyahu,14
poland,14
syrians,14
labour,14
ramadan,14
narendra,14
relocate,14
irma,14
intensifying,14
shinzo,14
retweets,14
insurgent,14
fattah,14
jailing,14
tightens,14
borough,14
migrants,14
civilians,14
ecuador,14
delegation,14
wu,14
oslo,14
khamenei,14
burundi,14
triggered,14
earhart,14
spy,14
condemned,13
suburb,13
injures,13
argentine,13
instability,13
afghan,13
martial,13
protests,13
indigenous,13
nicaragua,13
tampered,13
sharpened,13
defiant,13
retaliatory,13
culminated,13
motionless,13
heiress,13
unlawful,13
retweeted,13
spanned,13
damascus,13
initiation,13
atom,13
thames,13
maldives,13
fluke,13
kayaker,13
collared,13
perished,13
plows,13
flares,13
worsens,13
nguyen,13
crossings,13
brawls,13
successive,13
sanction,13
clauses,13
seizing,13
restricts,13
heir,13
uzbekistan,13
uzbek,13
submits,13
elevates,13
bemoan,13
gentler,13
decree,13
reelected,13
railed,13
toppled,13
spraying,13
noxious,13
nodded,13
ribeiro,13
congo,13
inaccessible,13
marsh,13
50-year,13
abolishing,13
uplift,13
headless,13
merciless,13
retiree,13
reaffirm,13
nagasaki,13
territorial,13
budgetary,13
supersonic,13
subjecting,13
lesbos,13
saver,13
promenade,13
resignations,13
gasping,13
cyberspace,13
instituted,13
braving,13
reaffirming,13
censoring,13
flourishes,13
daniela,13
malware,13
reductive,13
disperse,13
colluded,13
flammable,13
vigilantes,13
knots,13
cache,13
languishing,13
peshawar,13
khmer,13
domestically,13
encased,13
assisting,13
lefty,13
manila,13
faroe,13
fran√ßois,13
farmworkers,13
distortions,13
textbooks,13
incitement,13
nobel,13
exports,13
strife,13
escalating,13
inventor,13
unified,13
vessel,13
bangladesh,13
kenya,13
villages,13
migrant,13
referendum,13
predecessor,13
burma,13
impunity,13
authored,13
fitzgerald,13
iraqi,12
magnitude,12
imposed,12
mh17,12
exert,12
succession,12
onboard,12
defenses,12
summits,12
elects,12
counterterrorism,12
laundering,12
circumcision,12
negotiator,12
slashed,12
failings,12
repressive,12
eviction,12
bombed,12
province,12
doomed,12
crackdown,12
regime,12
throne,12
deepens,12
afar,12
canadians,12
detain,12
explosion,12
militants,12
salvador,12
summit,12
reef,12
cautioned,12
reassures,12
befriend,12
detached,12
spiegel,12
shah,12
conspired,12
holocaust,12
continuity,12
hungary,12
hye,12
resettle,12
85-year,12
schoolgirls,12
toxin,12
spat,12
oust,12
aftershocks,12
fiercest,12
chlorine,12
surveying,12
phenom,12
conservationist,12
quoting,12
distanced,12
compulsion,12
waitresses,12
resettlement,12
unchecked,12
cartels,12
dissenters,12
mh370,12
spiking,12
tempt,12
pardoned,12
disapproval,12
cinemas,12
congolese,12
abdullah,12
ravaged,12
heightens,12
tribes,12
commemorative,12
ministers,12
radicalized,12
tremors,12
convergence,12
zionist,12
needlessly,12
irene,12
dictatorship,12
edmonton,12
outages,12
privatization,12
hubris,12
augustine,12
screws,12
pedophilia,12
barbados,12
detonated,12
invalid,12
unfazed,12
ponds,12
memorialize,12
merchant,12
disarming,12
91-year,12
ibrahim,12
ponte,12
privatize,12
pampered,12
spate,12
undertaken,12
champs,12
reiterated,12
ensue,12
retort,12
travelled,12
brutalized,12
symbolizes,12
alvarez,12
prevails,12
clamp,12
foreseeable,12
bts,12
implosion,12
corpses,12
pessimistic,12
enveloped,12
turin,12
min,12
meddled,12
georges,12
afghanistan,12
diplomatic,11
gaza,11
poisoned,11
bomber,11
indonesia,11
rockets,11
u.n,11
airstrike,11
un,11
apartheid,11
margins,11
australia,11
nerve,11
yemen,11
nicolas,11
syria,11
windshield,11
makeshift,11
airborne,11
pandora,11
intensifies,11
surges,11
snowfall,11
cabinets,11
supermarkets,11
downing,11
warmest,11
kosher,11
complicity,11
hinted,11
dina,11
fukushima,11
leftist,11
commanding,11
weapons,11
smashed,11
cholera,11
imf,11
grappling,11
guatemala,11
fasting,11
chemical,11
libya,11
asylum,11
barred,11
reconciliation,11
bomb,11
soldiers,11
independence,10
forces,10
confrontational,10
masked,10
gladiator,10
rodger,10
inspectors,10
soybeans,10
coughing,10
tycoon,10
rebranding,10
mobs,10
hindu,10
dialysis,10
orwell,10
relocation,10
jeopardize,10
igniting,10
bmw,10
primates,10
swipes,10
papal,10
grisly,10
withhold,10
ultimatum,10
ramped,10
ineligible,10
mobilized,10
stillbirth,10
bandits,10
prays,10
tuscan,10
skeletal,10
fatality,10
wits,10
denouncing,10
vindicated,10
ruler,10
forgave,10
distaste,10
northeastern,10
camouflage,10
mourned,10
inconceivable,10
jordanian,10
destabilizing,10
pharmacies,10
rabbits,10
unearth,10
sustenance,10
barreling,10
expiring,10
cameroon,10
deftly,10
tirade,10
despised,10
macau,10
ren√©,10
flimsy,10
mired,10
chronicling,10
heaviest,10
himalayas,10
sweltering,10
mackenzie,10
illegitimate,10
quasi,10
triggering,10
retract,10
injure,10
exceeding,10
consultation,10
resurface,10
obliterated,10
accords,10
folds,10
tamara,10
nascent,10
narrator,10
sturgeon,10
fundamentals,10
fringes,10
afforded,10
finalize,10
abdication,10
isolate,10
christiane,10
navigation,10
fascism,10
pepfar,10
tighten,10
rapists,10
hurricanes,10
carnage,10
arab,10
relies,10
mecca,10
demonstrators,10
semitic,10
german,10
killed,10
sponsor,10
germany,10
authorities,10
commander,10
aircraft,10
cardinal,10
hostages,10
markle,10
aerial,10
ousted,10
portugal,10
strengthens,10
injured,10
iran,10
jailed,10
brazilian,10
swiftly,10
deliveries,10
recapture,10
joshua,10
intends,10
indonesian,10
crocodile,10
emboldened,10
nukes,10
unmarried,10
resigns,10
recovered,10
extremism,10
pompeo,10
scramble,10
foil,10
apathy,10
rescuers,10
thwart,10
israel,10
withdraw,10
catastrophe,10
region,10
kidnapped,10
attack,10
terror,10
lambasted,10
takeoff,10
oblivious,10
goodall,10
challengers,10
misogynist,10
raul,10
cameraman,10
29th,10
amc,10
slaps,10
egyptian,10
monologues,10
inciting,10
angelo,10
bowed,10
censors,10
il,10
illuminated,10
indefinite,10
swam,10
complacent,10
mumbai,10
terra,10
snippets,10
instrumental,10
exiled,10
risking,10
casualty,10
possessing,10
converts,10
warring,10
dumpster,10
hardliners,10
authoritarian,10
spellbinding,10
choi,10
intervened,10
barometer,10
mediator,10
comparable,10
prudent,10
scotia,10
irreparable,10
wept,10
blaring,10
heckled,10
sweeps,10
specify,10
hasan,10
starve,10
bruises,10
undertake,10
sharma,10
bracing,10
repulsive,10
affront,10
denounces,10
cradle,10
chubby,10
kuwait,10
financiers,10
engulfed,10
vulnerabilities,10
isles,10
nadia,10
crescent,10
lightening,10
professed,10
frills,10
brackets,10
catastrophes,10
dhaka,10
alienate,10
submitting,10
caked,10
palme,10
bribes,10
accommodating,10
displacement,10
reformer,10
intellectuals,10
climbs,10
hamper,10
ethnicities,10
hermit,10
ploy,10
fists,10
glorifying,10
apprehended,10
macedonia,10
38-year,10
tenth,10
refugee,9
kills,9
tougher,9
rocket,9
islam,9
accord,9
refugees,9
casualties,9
mattis,9
haley,9
amid,9
india,9
bribery,9
exodus,9
g20,9
terrorist,9
israelis,9
capital,9
bragged,9
germans,9
namesake,9
curbing,9
shrine,9
abducted,9
crusader,9
turnout,9
joyce,9
renews,9
reconstruction,9
fidel,9
eruption,9
regional,9
wildfires,9
unfolding,9
escalates,9
h,9
undermines,9
surging,9
ghana,9
edinburgh,9
bolivia,9
vanderbilt,9
bae,9
crashes,9
muslims,9
soviet,9
modi,9
erupt,9
mohamed,9
gamble,9
leader,9
punish,9
violating,9
trench,9
hurl,9
uptick,9
drifting,9
mandela,9
swapped,9
perpetrator,9
assassinated,9
compulsory,9
vista,9
airliner,9
spearheaded,9
confiscated,9
goliath,9
discord,9
snubbed,9
desmond,9
strangled,9
unsurprising,9
demonstrations,9
catering,9
peacekeepers,9
nordic,9
achilles,9
faction,9
sheikh,9
villagers,9
ahmad,9
rediscovered,9
31-year,9
confrontation,9
autonomous,9
dubs,9
tactical,9
gangs,9
blunder,9
trailblazer,9
saber,9
guerrilla,9
evacuate,9
exaggerating,9
thugs,9
valencia,9
nope,9
retained,9
mccoy,9
brazilians,9
bleached,9
regaining,9
schuster,9
terrify,9
emilio,9
gloomy,9
mediate,9
nicola,9
slaughterhouse,9
alienating,9
modernization,9
irritated,9
cleansing,9
vanished,9
nafta,9
unanimously,9
madrid,9
south,9
haiti,9
ansari,8
collapses,8
stabbed,8
pm,8
meddling,8
asia,8
rebel,8
der,8
dam,8
rudd,8
rams,8
observatory,8
earthquakes,8
insufficient,8
prosecute,8
swings,8
embroiled,8
scattered,8
starvation,8
backfires,8
torres,8
condemns,8
packages,8
policeman,8
shouted,8
artifacts,8
grim,8
philippines,8
crisis,8
explosions,8
terrorism,8
settlements,8
assembly,8
opposition,8
uk,8
france,8
claimed,8
seekers,8
hostage,8
norway,8
toll,8
deadly,8
looms,8
democracies,8
81-year,8
motive,8
deployed,8
slaughter,8
countering,8
fico,8
swell,8
pooh,8
historian,8
buddhism,8
evacuated,8
harshly,8
ax,8
withholding,8
ramping,8
skaters,8
continuation,8
environmentalist,8
santas,8
helpers,8
excursion,8
decriminalize,8
infiltrated,8
depicted,8
resigning,8
sighting,8
reinstated,8
vietnamese,8
vandals,8
negotiable,8
convicts,8
hallmarks,8
nelly,8
unfathomable,8
repression,8
inexcusable,8
malta,8
ambitions,8
summons,8
unchanged,8
snubs,8
unworthy,8
ki,8
objectives,8
inequity,8
pitted,8
warplanes,8
blitzer,8
ails,8
blm,8
colonel,8
concessions,8
burkina,8
mulls,8
detractors,8
deserted,8
mod,8
bach,8
undercut,8
calgary,8
stripping,8
gargantuan,8
insistence,8
bleaching,8
weds,8
wording,8
racket,8
liberated,8
intangible,8
egyptians,8
firebrand,8
fatalities,8
massacres,8
secures,8
simmering,8
chases,8
awoke,8
nations,8
coalition,8
freed,8
aid,8
bullets,8
putin,8
warns,8
military,8
militant,8
takeover,8
reset,8
china,8
angela,8
cockpit,8
alarmed,8
somber,8
fiancee,8
evacuation,8
disguised,8
restrictive,8
militias,8
stabbing,8
tame,8
collapsed,8
malawi,8
glacier,8
moroccan,8
residential,8
hong,8
powers,8
blast,8
flames,8
warfare,8
omar,8
london,8
standoff,8
oxford,8
threatens,8
targets,8
murdered,8
clash,8
camps,8
egypt,8
sucked,7
menacing,7
defendant,7
castro,7
gorge,7
malnourished,7
sarkozy,7
carriers,7
colosseum,7
worsen,7
genitals,7
gerard,7
souvenir,7
ceremonial,7
ferry,7
slashes,7
hellish,7
unaffordable,7
clone,7
upholds,7
cheerleading,7
spewing,7
oxfam,7
rabbis,7
ablaze,7
fests,7
quips,7
cowardice,7
rushed,7
termed,7
candidly,7
unsolved,7
barge,7
separatists,7
rebukes,7
racked,7
sinai,7
vanish,7
particles,7
indications,7
invokes,7
reversed,7
unfinished,7
liable,7
litmus,7
cornerstone,7
worsening,7
commanders,7
shunned,7
futile,7
ram,7
faso,7
dodged,7
uncovers,7
auctioned,7
impasse,7
shiite,7
tomorrowland,7
stormed,7
advancement,7
disproportionate,7
verify,7
brokered,7
trinidad,7
lgbtq+,7
kohl,7
miraculously,7
relocated,7
unseat,7
unbroken,7
albania,7
trampled,7
reefs,7
wound,7
relations,7
kurdish,7
goodwill,7
northwest,7
southeast,7
suspected,7
moscow,7
coup,7
metoo,7
ambassador,7
shortly,7
burst,7
chile,7
francis,7
brexit,7
satellite,7
vladimir,7
isolated,7
borders,7
rewrite,7
migration,7
accuse,7
sydney,7
turkish,7
canceling,7
kangaroo,7
invaded,7
mosques,7
visas,7
impromptu,7
baffled,7
appalling,7
visa,7
rapist,7
fury,7
mali,7
punched,7
dictator,7
tense,7
destruction,7
eastern,7
dummy,7
morals,7
swastikas,7
ills,7
kathmandu,7
asserts,7
truce,7
islamophobic,7
suppressing,7
resolved,7
median,7
derogatory,7
scandinavia,7
waiver,7
fireball,7
derailed,7
appealed,7
cheered,7
cairo,7
missionary,7
minefield,7
garry,7
plunged,7
unfounded,7
clarify,7
hysteria,7
multiply,7
orchestrated,7
insulted,7
victorious,7
associations,7
hotbed,7
compensate,7
expats,7
minus,7
trumpian,7
lacy,7
untold,7
analysts,7
overrun,7
buckingham,7
suspicion,7
invading,7
torso,7
californian,7
fascist,7
chavez,7
transferred,7
hardline,7
serbia,7
downplay,7
specter,7
unaccompanied,7
alvin,7
compliance,7
taiwanese,7
unsustainable,7
embargo,7
upgraded,7
medina,7
comprise,7
fiji,7
rushes,7
forensic,7
recep,7
sentenced,7
iceland,7
argentina,7
displaced,7
colombia,7
latin,7
canadian,7
indian,7
cow,7
denounce,7
assaults,7
incident,7
fined,7
stirred,7
indefinitely,7
ivory,7
policymakers,7
petersburg,7
envoy,7
dimension,7
proportions,7
diplomacy,7
tomb,7
denounced,7
missions,7
bonding,7
ceasefire,7
beijing,7
isis,7
journalists,7
sheds,7
symbolic,7
trapped,7
japan,7
floods,7
alliance,7
prize,7
helicopter,7
cleric,7
sao,7
19th,7
maxim,7
flaming,7
defies,7
downfall,7
northern,7
rhinos,7
shutter,7
branson,7
tightly,7
tasked,7
mapped,7
beheading,7
commands,7
chilean,7
overblown,7
merchandise,7
deleting,7
secretive,7
cellular,7
uprising,7
manipulating,7
tillerson,7
perverse,7
unspeakable,7
ambassadors,7
wilbur,7
affiliated,7
romero,7
bernard,7
gulen,7
shipped,7
accelerated,7
miners,7
scrambles,7
frontline,7
southeastern,7
copycat,7
leisurely,7
ebb,7
overshadowed,7
engages,7
voicemail,7
regimes,7
brews,7
loom,7
cleanup,7
coasts,7
radicals,7
syed,7
relegated,7
cripple,7
occupation,7
k.,7
doha,7
ugandan,7
griffith,7
decries,7
reforming,7
authoritarianism,7
shanghai,7
endured,7
populism,7
islamic,7
mexico,7
politician,6
resignation,6
bombing,6
landslide,6
roughly,6
confronts,6
captive,6
rational,6
tower,6
warnings,6
abandon,6
rallies,6
rangers,6
mobilize,6
dire,6
avalanche,6
emperor,6
soars,6
volcanic,6
conferences,6
egregious,6
divisions,6
colombian,6
russian,6
conducted,6
government,6
killings,6
detained,6
attacks,6
wounded,6
britain,6
declaration,6
corrupt,6
milestone,6
ethnic,6
tunnels,6
cuban,6
discharged,6
tear,6
caribbean,6
strikes,6
wield,6
amend,6
gorillas,6
severely,6
gunfire,6
murderous,6
wholesale,6
reelection,6
piled,6
bases,6
hung,6
invincible,6
deter,6
conviction,6
agendas,6
finland,6
alliances,6
marred,6
socio,6
everett,6
chan,6
spectators,6
meghan,6
trumped,6
pressuring,6
carlton,6
eliminates,6
nova,6
divestment,6
hypothetical,6
intact,6
ayatollah,6
westminster,6
starry,6
erdogan,6
completion,6
mexicans,6
commuters,6
counterproductive,6
purportedly,6
tallest,6
medically,6
thwarted,6
constitute,6
constraints,6
frosty,6
deepening,6
lynching,6
maddening,6
risked,6
midwife,6
afghans,6
prowess,6
traders,6
jos√©,6
poachers,6
stool,6
kony,6
intrepid,6
crane,6
boarded,6
anonymously,6
chased,6
hungarian,6
thousands,6
army,6
fires,6
investigating,6
populist,6
plight,6
raging,6
deepest,6
allies,6
vatican,6
kingdom,6
withdrawal,6
europeans,6
methane,6
jewels,6
demonstrated,6
investigator,6
unimaginable,6
typhoon,6
eiffel,6
upstate,6
penguins,6
penguin,6
africa,6
lifts,6
urged,6
bombings,6
rubber,6
mediterranean,6
crimes,6
knife,6
withdrawing,6
messaging,6
semitism,6
outrage,6
malaysian,6
statute,6
prompted,6
interfering,6
cautiously,6
damages,6
plagued,6
disrupted,6
disrespectful,6
lured,6
fumes,6
supermoon,6
satellites,6
plateau,6
abe,6
madame,6
inception,6
grievances,6
gilded,6
mayhem,6
overseeing,6
designation,6
perpetrators,6
proclaimed,6
fixture,6
resigned,6
inflict,6
abduction,6
requested,6
chanted,6
divers,6
employ,6
coroner,6
existent,6
thinly,6
sympathetic,6
drown,6
novelist,6
alexandria,6
schemes,6
horns,6
amelia,6
denials,6
fervor,6
poached,6
cling,6
saddam,6
dispel,6
staunch,6
scourge,6
sparked,6
civilian,6
launches,6
benjamin,6
stranded,6
mourning,6
governance,6
dialogue,6
declared,6
nigerian,6
systemic,6
clergy,6
peru,6
swedish,6
destroyed,6
statues,6
british,6
armed,6
russia,6
concealed,6
puberty,6
peace,6
churches,6
spokesman,6
rebellion,6
threaten,6
militia,6
arabs,6
neighboring,6
forge,6
brits,6
crashed,6
kong,6
iraq,6
guards,6
tube,6
developments,6
troops,6
boko,6
haram,6
vows,6
rio,6
nazi,6
involvement,6
balcony,6
excluded,6
digitally,6
scrooge,6
onslaught,6
undisclosed,6
observers,6
upbringing,6
employs,6
placenta,6
secondhand,6
marker,6
appoints,6
accepts,6
misinformation,6
trickle,6
nativity,6
servants,6
assertive,6
somali,6
deepen,6
paddock,6
ricans,6
ramifications,6
recovers,6
urgently,6
normalizing,6
exaggerated,6
ashore,6
signaled,6
confidently,6
indefensible,6
fentanyl,6
manipulated,6
flocking,6
securing,6
mack,6
reinforced,6
dual,6
debunk,6
spiraling,6
meditative,6
abdul,6
disputed,6
detainee,6
resurrection,6
taunt,6
bind,6
reckless,6
spreads,6
haunt,6
fighter,5
palestine,5
council,5
streets,5
extinction,5
responsibility,5
kim,5
propaganda,5
officials,5
zealand,5
pave,5
buildings,5
thieves,5
detainees,5
unleash,5
financing,5
awaiting,5
compelled,5
lanka,5
ambition,5
indicated,5
sinks,5
observing,5
digs,5
blankets,5
immense,5
rebuilding,5
volatile,5
integrated,5
czech,5
botched,5
fooled,5
border,5
solved,5
nato,5
governments,5
extends,5
negotiate,5
declares,5
sentencing,5
compound,5
hamas,5
mount,5
reaches,5
remarks,5
formal,5
eu,5
rico,5
stoke,5
occupied,5
portrays,5
prayed,5
franco,5
departed,5
gelato,5
miguel,5
granddaughter,5
austria,5
rampage,5
descendants,5
brutal,5
allowance,5
deliberate,5
shallow,5
establish,5
objective,5
geniuses,5
firefighters,5
unwelcome,5
warsaw,5
epitome,5
aziz,5
allied,5
assessing,5
arbitrary,5
concentrated,5
hogwarts,5
unidentified,5
reconcile,5
cringeworthy,5
borrowing,5
slippery,5
explicitly,5
disadvantage,5
volatility,5
sanctioned,5
forging,5
affluent,5
convict,5
font,5
tiniest,5
wheeler,5
pe√±a,5
bursts,5
uncovering,5
anarchy,5
childhoods,5
precarious,5
ngos,5
weakened,5
ouster,5
quran,5
repercussions,5
ontario,5
goosebumps,5
mafia,5
crash,5
prisoners,5
suspends,5
boycott,5
belongs,5
holy,5
threat,5
criminals,5
journalist,5
malaysia,5
businessman,5
exposes,5
refusal,5
ruled,5
urgent,5
warn,5
watchdog,5
repeatedly,5
formally,5
limbo,5
explodes,5
richardson,5
lacks,5
whistleblower,5
produces,5
raid,5
applause,5
belgian,5
carrying,5
east,5
aimed,5
horrific,5
acid,5
doping,5
spanish,5
technological,5
nationalist,5
feared,5
muslim,5
least,5
western,5
roundup,5
gas,5
neurosurgeon,5
unofficial,5
slit,5
imports,5
monae,5
elsewhere,5
alarms,5
backers,5
governing,5
espionage,5
pollution,5
heartless,5
robbers,5
commits,5
applauded,5
persistent,5
pal,5
pinch,5
routes,5
civilized,5
skype,5
breached,5
prevailing,5
contention,5
creditors,5
frontal,5
lifting,5
provoke,5
catholics,5
gem,5
scarcity,5
fanfare,5
chant,5
bodily,5
socialism,5
presumably,5
outsourcing,5
deceased,5
harming,5
undermined,5
concludes,5
ropes,5
havens,5
spells,5
detains,5
offenses,5
inclusivity,5
retake,5
pillars,5
hypocritical,5
libyan,5
slogans,5
commonplace,5
impatient,5
acknowledges,5
strip,5
jacob,5
confronting,5
passport,5
pope,5
nationwide,5
devastating,5
cape,5
violent,5
fire,5
brink,5
intellectual,5
rescued,5
hundreds,5
declined,5
nikki,5
awaited,5
pleads,5
unveils,5
melted,5
prisons,5
bali,5
shia,5
nationalism,5
sobering,5
orthodox,5
tests,5
canada,5
war,5
arctic,5
struck,5
country,5
demands,5
conflict,5
protesters,5
accident,5
leaders,5
vowed,5
elliot,5
drained,5
horrified,5
secured,5
recreated,5
purge,5
doomsday,5
mayors,5
hopped,5
cathedral,5
soar,5
transported,5
misplaced,5
absurdity,5
destined,5
belgium,5
untreated,5
systematically,5
hugo,5
haitian,5
engagements,5
escalation,5
sham,5
negotiation,5
snowball,5
meter,5
discarded,5
considerations,5
spied,5
inequalities,5
goers,5
killing,5
denied,5
violence,5
brazil,5
russians,5
threats,5
questioned,5
near,5
blew,5
blamed,5
immediate,5
altered,5
monkeys,5
puerto,5
proceedings,5
impending,5
pacific,5
carried,5
neighbors,5
havana,5
chinese,5
devastation,5
proposed,5
halt,5
khan,5
cyber,5
unity,5
launch,5
rape,5
mentions,5
whatsapp,5
35-year,5
station,5
scrapping,5
hazing,5
consumed,5
determines,5
stricken,5
cutout,5
jabs,5
defiance,5
recognizing,5
imported,5
tortured,5
indicator,5
spectacularly,5
montage,5
ankara,5
proxy,5
daphne,5
14th,5
extremists,5
pinnacle,5
burnt,5
succeeded,5
continuously,5
kara,5
righteous,5
unveiling,5
operators,5
cite,5
disciplinary,5
ruthless,5
prop,5
whatsoever,5
spared,5
oppressive,5
disordered,5
nyu,5
french,5
exercises,5
tension,5
fleeing,4
youngest,4
taiwan,4
lifted,4
cracks,4
invasion,4
dies,4
resign,4
international,4
reconsider,4
committing,4
delays,4
inaction,4
vancouver,4
buddhist,4
marking,4
dalai,4
cardboard,4
declaring,4
volunteers,4
beth,4
raids,4
believed,4
arrest,4
crowds,4
dead,4
murder,4
indicate,4
endure,4
raped,4
arrives,4
eyed,4
plane,4
dispute,4
covering,4
halfway,4
switzerland,4
sworn,4
praised,4
hailed,4
dehydration,4
distressed,4
probes,4
matthews,4
switched,4
disaster,4
abolish,4
ditches,4
plots,4
epiphany,4
sentence,4
ladder,4
insecurity,4
religiously,4
stumbling,4
divest,4
poisonous,4
warrant,4
stadiums,4
conception,4
transcend,4
vaccinated,4
textbook,4
slipped,4
broker,4
laboratory,4
foundations,4
informal,4
uruguay,4
rallied,4
showcasing,4
bulls,4
dictate,4
bastille,4
ports,4
lackluster,4
reinventing,4
collector,4
restroom,4
mourners,4
derived,4
livelihoods,4
alma,4
deny,4
diaz,4
massive,4
barrier,4
prince,4
warned,4
apologized,4
prompts,4
deemed,4
cooperation,4
bombs,4
ireland,4
attacked,4
demanded,4
shootout,4
catastrophic,4
prosecution,4
baghdad,4
emoji,4
criticism,4
negotiations,4
reporters,4
consent,4
soldier,4
guru,4
singapore,4
university,4
held,4
asian,4
dismantling,4
declare,4
commonwealth,4
successor,4
quebec,4
undoing,4
speeds,4
scathing,4
humiliating,4
snowboarding,4
cambodia,4
homicides,4
tracey,4
shocks,4
abnormal,4
fleet,4
spies,4
exploited,4
bashes,4
crops,4
mixture,4
1st,4
15th,4
counterparts,4
granting,4
cheats,4
buff,4
distrust,4
poorer,4
nieto,4
sisi,4
competence,4
kalanick,4
cooperate,4
upward,4
frees,4
observer,4
budapest,4
european,4
died,4
police,4
gang,4
tens,4
responding,4
collapse,4
survivors,4
tropical,4
illusion,4
settled,4
japanese,4
official,4
incidents,4
sealed,4
cracked,4
spokesperson,4
colonial,4
genuinely,4
escaping,4
impose,4
measles,4
countries,4
ruling,4
riot,4
announcing,4
equivalent,4
optimism,4
italy,4
rhetoric,4
elephants,4
bid,4
prison,4
cancellation,4
philip,4
sincere,4
pigs,4
austrian,4
duties,4
amal,4
jihadist,4
sri,4
indictment,4
aboard,4
indication,4
stiff,4
heist,4
arson,4
resemble,4
methodist,4
vetoes,4
doubled,4
legalizing,4
voiced,4
touting,4
emulate,4
doorstep,4
imperial,4
guarantees,4
definitions,4
snapshot,4
dealers,4
strongest,4
exempt,4
mounted,4
chop,4
hardships,4
ugliest,4
adjustment,4
domain,4
harms,4
prevalent,4
distorted,4
lowered,4
sphere,4
atomic,4
trove,4
advertisements,4
en,4
divides,4
refrain,4
bans,4
gunman,4
territory,4
refused,4
navy,4
dennis,4
caused,4
exit,4
unprecedented,4
defend,4
labeled,4
dissent,4
wikileaks,4
blocked,4
1980s,4
representation,4
del,4
protest,4
escaped,4
secretly,4
investigators,4
operations,4
entry,4
announcement,4
europe,4
dismantle,4
wrongly,4
bashar,4
aluminum,4
miraculous,4
semi,4
appalled,4
phantom,4
lama,4
lunar,4
arrivals,4
hardship,4
doe,4
suppress,4
shatter,4
affiliate,4
dragged,4
dominating,4
scarce,4
tragedies,4
32-year,4
captivity,4
mutually,4
forgiven,4
flurry,4
respite,4
detrimental,4
unfolds,4
reserves,4
burial,4
unpopular,4
peacefully,4
mr,4
overboard,4
inherited,4
pronounced,4
veto,4
shuttle,4
ramos,4
embattled,4
relates,4
jeremy,4
empowers,4
container,4
proponents,4
federation,4
notre,4
hateful,4
pressure,4
missing,4
fears,4
rival,4
ship,4
u.s,4
theaters,4
maria,4
lions,4
detention,4
suicide,4
rescue,4
assured,4
poorest,4
chess,4
victims,4
abuse,4
storm,4
accuses,4
firing,4
poison,4
investigated,4
nepal,4
dubai,4
sixth,4
arms,4
election,4
forced,4
withdraws,4
staging,4
chunk,4
dea,4
exile,4
gripping,4
italians,4
preparations,4
iraqis,4
volcano,4
fronts,4
lofty,4
translation,4
assemble,4
sgt,4
prisoner,4
punishing,4
coleman,4
suspend,4
worrisome,4
harrowing,4
reshape,4
bravely,4
usc,4
commuter,4
singers,4
nonstop,4
offending,4
heartland,4
historians,4
weaken,4
manufacturer,4
nearing,4
crises,4
van,4
prominent,4
deputy,4
majority,4
reportedly,4
supplies,4
attempts,4
reforms,4
greatly,4
sierra,4
killers,4
watches,4
assassination,4
denmark,4
solitary,4
minority,4
gag,4
interfaith,4
banner,4
aunt,4
lurking,4
flooded,4
kushner,4
larger,4
cancels,4
signals,4
witness,4
economies,4
republic,4
widespread,4
bus,4
agent,4
counter,4
passes,4
hurricane,4
kill,4
remains,4
stalking,4
fines,4
rafael,4
steam,4
attacking,4
kfc,4
closes,4
unclear,4
scholar,4
skiers,4
silverman,4
silencing,4
han,4
10-minute,4
condemnation,4
ahmed,4
swears,4
manslaughter,4
disappeared,4
evokes,4
detailing,4
pits,4
buenos,4
aires,4
lick,4
levi,4
salvation,4
jamaica,4
strictly,4
wwii,4
plotting,4
waging,4
commodity,4
riviera,4
inflicted,4
maze,4
belonging,4
violently,4
parisian,4
dispatch,4
lifeline,4
hammer,4
progression,4
reinforce,4
leaking,4
foreign,4
supermarket,4
wounds,4
facility,4
historic,4
authority,4
ban,4
attempted,4
scotland,4
rex,4
charges,4
jail,4
indicted,4
damaged,4
arrested,4
elected,4
offshore,4
bishop,4
nigeria,4
s.,4
quitting,4
confirms,4
torture,4
august,4
injuries,4
tribe,4
swiss,4
mayor,4
truck,4
forest,4
20th,4
security,4
fierce,4
largely,4
test,3
throat,3
skyscraper,3
k,3
reflects,3
climbed,3
legitimate,3
prolific,3
peoples,3
bury,3
chopped,3
lava,3
slick,3
bats,3
manipulation,3
rebuke,3
decreasing,3
respondents,3
tighter,3
perk,3
autonomy,3
mechanisms,3
nationals,3
sikh,3
turks,3
criticizes,3
briefings,3
variations,3
collect,3
slope,3
uganda,3
accounting,3
boycotting,3
hipsters,3
santiago,3
schmidt,3
charging,3
cautious,3
groove,3
protocol,3
fade,3
wrath,3
ticking,3
coordinated,3
brotherhood,3
immoral,3
witnesses,3
prevail,3
snub,3
elimination,3
resumes,3
agency,3
battling,3
fighters,3
shifts,3
harmony,3
alarming,3
central,3
deportation,3
windows,3
mounting,3
extensive,3
analyst,3
accusing,3
reuters,3
organizers,3
enemies,3
backed,3
sudden,3
symbol,3
remain,3
prosecutor,3
rural,3
apology,3
condemn,3
electoral,3
alleging,3
attributed,3
implications,3
bail,3
prepares,3
kits,3
sparks,3
containers,3
confessed,3
pornography,3
strapped,3
doubles,3
needles,3
detected,3
misogyny,3
probing,3
dips,3
dynasty,3
superpower,3
doubling,3
easing,3
misunderstanding,3
publishers,3
ordering,3
exploit,3
graffiti,3
intimidated,3
recruitment,3
mendes,3
silenced,3
cowboy,3
controversies,3
distances,3
chambers,3
ana,3
agreement,3
harassment,3
joint,3
site,3
suffered,3
defended,3
investigations,3
institute,3
activist,3
direct,3
accused,3
presentation,3
shameful,3
havoc,3
troubles,3
concluded,3
president,3
september,3
global,3
abortions,3
judicial,3
polish,3
estimated,3
mass,3
situation,3
sometime,3
assange,3
dublin,3
billboards,3
innocence,3
bleeding,3
complicit,3
investigative,3
loneliness,3
violate,3
wicked,3
immunity,3
executed,3
americas,3
freedoms,3
roosevelt,3
agricultural,3
doses,3
styled,3
presses,3
correspondent,3
underage,3
potent,3
anxieties,3
ditching,3
shaken,3
unthinkable,3
blurred,3
sunni,3
keeper,3
recordings,3
legalized,3
arena,3
manafort,3
neo,3
brutality,3
‚Äò,3
alongside,3
reported,3
boat,3
stakes,3
defeat,3
replaced,3
buried,3
ceremony,3
occurred,3
citizens,3
marks,3
suspect,3
olympics,3
entrance,3
pledged,3
considers,3
surgeon,3
threatened,3
‚Äú,3
innocent,3
advance,3
unit,3
strategy,3
pentagon,3
administration,3
unknown,3
passengers,3
experts,3
united,3
giveaway,3
culprit,3
adler,3
resident,3
oppression,3
givenchy,3
cans,3
credited,3
benz,3
degrees,3
groped,3
pablo,3
await,3
pontiff,3
spans,3
heel,3
indians,3
ideology,3
escalate,3
precautions,3
narrowly,3
strides,3
sustaining,3
strengthening,3
outraged,3
longstanding,3
consulting,3
j.k,3
debated,3
vandalized,3
accelerate,3
inadvertently,3
prolonged,3
concern,3
investigation,3
custody,3
disasters,3
renewed,3
laws,3
rome,3
rights,3
survived,3
obtained,3
fence,3
rabbi,3
technical,3
billionaires,3
fiery,3
dominate,3
paradise,3
monkey,3
murders,3
satisfied,3
orders,3
elections,3
train,3
fuel,3
puts,3
decades,3
italia,3
salute,3
distributed,3
remembrance,3
measures,3
hepburn,3
boiling,3
hatred,3
surgical,3
hunger,3
cardiac,3
voluntary,3
aussie,3
scissors,3
roads,3
conflicts,3
kent,3
neutrality,3
crossing,3
confidential,3
strangely,3
alcoholism,3
preserving,3
26-year,3
peril,3
northwestern,3
resolving,3
rwanda,3
h.,3
expectancy,3
damning,3
preserved,3
expo,3
samples,3
traumatized,3
kickstarter,3
coma,3
skinned,3
starter,3
gatherings,3
jewish,3
southwest,3
massacre,3
flooding,3
wives,3
el,3
berlin,3
alleged,3
turkey,3
terminal,3
darren,3
estimates,3
accusations,3
drain,3
surge,3
inaugural,3
political,3
issued,3
cross,3
rising,3
document,3
ally,3
rises,3
said,3
lawmakers,3
admits,3
against,3
hospital,3
wales,3
malfunction,3
uncertainty,3
vietnam,3
divided,3
mum,3
vehicle,3
jenkins,3
classrooms,3
usage,3
delete,3
conducting,3
disappearance,3
deportations,3
staggering,3
disbelief,3
capabilities,3
hawk,3
manhunt,3
abu,3
faded,3
litigation,3
elton,3
tel,3
aviv,3
vigil,3
salaries,3
midnight,3
refusing,3
landmark,3
recalled,3
deaths,3
economic,3
zoo,3
rule,3
spreading,3
initially,3
cultures,3
forests,3
avoided,3
quo,3
detailed,3
tying,3
bust,3
fragile,3
coral,3
reports,3
christians,3
illegal,3
serving,3
swimming,3
shadow,3
anti,3
banned,3
domestic,3
knives,3
sparking,3
freeze,3
audrey,3
controlled,3
invites,3
powerfully,3
nutella,3
dolly,3
drowned,3
compass,3
overwhelming,3
beatrice,3
triumphs,3
prostitution,3
austerity,3
breeding,3
penalties,3
brilliantly,3
chatting,3
destroys,3
irrational,3
criticizing,3
norm,3
chairs,3
sections,3
cancelled,3
perpetual,3
exceptions,3
damned,3
choking,3
paternity,3
group,3
african,3
danger,3
rage,3
trade,3
deal,3
movement,3
blasts,3
paris,3
gesture,3
appointment,3
costly,3
torn,3
dame,3
groups,3
diseases,3
conduct,3
ongoing,3
strike,3
diary,3
segregation,3
jews,3
suggestion,3
thumb,3
crack,3
11th,3
celebrations,3
hotline,3
imprisoned,3
slapped,3
chad,3
acres,3
slogan,3
defenders,3
settles,3
sleeves,3
declines,3
terminally,3
collision,3
unveil,3
crowdfunding,3
continent,3
regulatory,3
screenings,3
pathetic,3
projected,3
religions,3
banking,3
workshop,3
fighting,3
heavy,3
terrorists,3
attempting,3
shortage,3
ties,3
grave,3
strategic,3
bare,3
mysterious,3
candidacy,3
arguably,3
clooney,3
catholic,3
rooted,3
critically,3
eclipse,3
stability,3
seize,3
placed,3
humanity,3
operation,3
suspects,3
announced,3
criticized,3
releases,3
calls,3
subsequent,3
leno,3
mnuchin,3
aiming,3
marine,3
elders,3
conditions,3
diplomat,3
robbery,3
expanded,3
bless,3
registered,3
eccentric,3
males,3
pirate,3
assist,3
aggressively,3
proposition,3
pilgrimage,3
liberties,3
reacted,3
runaway,3
arrangement,3
diminish,3
confuse,3
dull,3
abruptly,3
freezer,3
assure,3
strains,3
ringing,3
thirsty,3
emergency,3
alarm,3
rebels,3
rant,3
expressed,3
squad,3
largest,3
controversial,3
middle,3
spark,3
moderate,3
consistent,3
emerge,3
outbreak,3
lied,3
elusive,3
mall,3
disastrous,3
posed,3
term,3
metal,3
involving,3
moon,3
row,3
holds,3
showdown,3
poured,3
led,3
religious,3
expired,3
scrap,3
pursuing,3
honduras,3
reverses,3
vigilant,3
op,3
closed,3
scandals,3
fulfilled,3
exposing,3
mercedes,3
gateway,3
searched,3
orbit,3
heed,3
murdering,3
insensitive,3
greet,3
helm,3
luis,3
prohibition,3
recipient,3
lent,3
spontaneous,3
surround,3
carla,3
completed,3
preliminary,3
contraception,3
ashes,3
researching,3
wrecking,3
sympathy,3
stumbled,3
manual,3
returning,3
solidarity,3
backs,3
disabilities,3
confirm,3
condition,3
move,3
scandal,3
unacceptable,3
speculation,3
explosive,3
disclose,3
denies,3
report,3
escape,3
peaceful,3
decision,3
presence,3
sea,3
socialist,3
pub,3
inherent,3
rolled,3
insulin,3
sentences,3
ash,3
competitors,3
mistakenly,3
impeachment,3
secrecy,3
estimate,3
temptation,3
logical,3
unrealistic,3
halts,3
lavish,3
aides,3
greeting,3
retain,3
manages,3
secular,3
altering,3
spiral,3
torch,3
temperature,3
winston,3
brawl,3
bs,3
veil,3
towers,3
lime,3
medieval,3
cult,3
possession,3
elevated,3
restrict,3
relying,3
manifesto,3
expressions,3
locally,3
respond,3
pastor,3
capture,3
bottles,3
talks,3
since,3
ordered,3
decade,3
jet,3
scores,3
elite,3
coal,3
vote,3
including,3
endangered,3
longest,3
approved,3
after,3
residents,3
assumed,3
pledges,3
advocates,3
brussels,3
courts,3
regulations,3
cup,3
repeated,3
cuba,3
tragedy,3
consecutive,3
resonate,3
precedent,3
handing,3
decides,3
braces,3
wielding,3
difficulties,3
starters,3
disregard,3
respects,3
jewel,3
x,3
hacker,3
kidnapping,3
kaling,3
boasts,3
doctrine,3
adolescent,3
repeating,3
powerless,3
traps,3
balloons,3
diagnoses,3
proactive,3
y',3
collaborative,3
12th,3
lima,3
wing,3
striking,3
development,3
restore,3
directed,3
genuine,3
lone,3
plot,3
pills,3
violated,3
device,3
alert,3
causing,3
chaos,3
far,2
flipping,2
superstar,2
priest,2
eighth,2
confinement,2
tick,2
summers,2
cousins,2
protestors,2
biblical,2
houses,2
desperation,2
charlottesville,2
varied,2
pleaded,2
staged,2
shortages,2
i.,2
attends,2
setback,2
waits,2
unsettling,2
dried,2
clinic,2
moves,2
ill,2
managed,2
widely,2
builds,2
prospect,2
nightmares,2
vaccines,2
rocky,2
outlets,2
influence,2
homes,2
carefully,2
return,2
bets,2
violates,2
undercover,2
attendants,2
shithole,2
privately,2
visits,2
majestic,2
nevertheless,2
painfully,2
drastically,2
criteria,2
buddha,2
surfer,2
primarily,2
enjoys,2
j,2
documenting,2
cemetery,2
steadily,2
nonetheless,2
jails,2
describing,2
extinct,2
rallying,2
futures,2
athens,2
debating,2
standing,2
shock,2
targeting,2
inequality,2
pen,2
las,2
its,2
burning,2
meeting,2
air,2
ripped,2
alice,2
nelson,2
removing,2
testify,2
failures,2
approval,2
blues,2
activists,2
monday,2
victory,2
target,2
wash,2
concert,2
advocate,2
charged,2
reeling,2
prestigious,2
sidewalk,2
terrified,2
shipping,2
examining,2
concentration,2
recount,2
munich,2
lawsuits,2
integration,2
irresponsible,2
opposes,2
greenhouse,2
legislative,2
prompt,2
judiciary,2
thrilled,2
carlos,2
driving,2
force,2
main,2
toronto,2
pushing,2
gather,2
gains,2
handed,2
apparent,2
adopted,2
pray,2
several,2
quits,2
looming,2
slide,2
previously,2
democracy,2
parts,2
interviews,2
contain,2
across,2
anniversary,2
multiple,2
faces,2
frontier,2
cleared,2
elites,2
dot,2
opener,2
suspended,2
severe,2
deport,2
supporting,2
bounty,2
myriad,2
scope,2
request,2
commemorate,2
pivotal,2
implementation,2
appropriately,2
abuses,2
sensitivity,2
scars,2
crude,2
brutally,2
campaigning,2
recycling,2
murdoch,2
defender,2
undergoing,2
aids,2
response,2
battle,2
says,2
senior,2
mexican,2
thrown,2
policy,2
worldwide,2
appears,2
warning,2
patriotic,2
julie,2
glimpse,2
captured,2
area,2
major,2
transition,2
airlines,2
enables,2
optimistic,2
backlash,2
beatles,2
verdict,2
inadequate,2
pursue,2
october,2
stirring,2
laughed,2
pedro,2
incarcerated,2
intersection,2
distraction,2
topics,2
tunnel,2
ukrainian,2
aggression,2
constitution,2
cleaner,2
dangerously,2
laser,2
coincidence,2
illustrates,2
echoes,2
erupts,2
disappearing,2
refrigerator,2
steer,2
highest,2
heritage,2
moved,2
apart,2
broad,2
taken,2
mob,2
approves,2
apologizes,2
stable,2
costa,2
stood,2
launching,2
shocking,2
population,2
names,2
blasted,2
extended,2
temperatures,2
albert,2
linking,2
stunt,2
firearms,2
recording,2
grades,2
curtain,2
sub,2
bogus,2
deniers,2
malaria,2
ambitious,2
imagery,2
dismisses,2
advised,2
astronomers,2
bull,2
vincent,2
defeating,2
inflation,2
advancing,2
travis,2
rainy,2
inquiry,2
emerges,2
overly,2
playbook,2
politicians,2
nearly,2
‚Äï,2
allegations,2
human,2
among,2
notorious,2
fcc,2
risky,2
offensive,2
showed,2
sanctuary,2
irish,2
convicted,2
oldest,2
rocks,2
interior,2
christian,2
attempt,2
assisted,2
plead,2
toes,2
marital,2
janelle,2
equipment,2
temple,2
village,2
pale,2
roller,2
partial,2
stubborn,2
wonderfully,2
synonymous,2
posture,2
answering,2
tackle,2
escapes,2
wary,2
marked,2
male,2
ahead,2
efforts,2
church,2
establishment,2
harsh,2
coast,2
wednesday,2
exception,2
forcing,2
leaves,2
solve,2
drives,2
consequences,2
accidentally,2
civil,2
weeks,2
extremist,2
closing,2
kindergarten,2
exclusion,2
malcolm,2
nazis,2
commentator,2
parade,2
northeast,2
groping,2
premature,2
strips,2
monitor,2
seized,2
retreats,2
congrats,2
1990s,2
defensive,2
insiders,2
misery,2
‚Äî,2
demise,2
biting,2
contentious,2
spying,2
betting,2
echo,2
difficulty,2
protecting,2
serious,2
anne,2
under,2
pages,2
fifa,2
sweeping,2
racist,2
pence,2
record,2
investigate,2
aleppo,2
effectively,2
crew,2
following,2
originally,2
apartment,2
expected,2
survivor,2
expand,2
trafficking,2
tenure,2
remark,2
interference,2
inflammatory,2
organizer,2
astronauts,2
achieved,2
inevitable,2
shelters,2
minimize,2
civilization,2
handsome,2
morally,2
transformative,2
knees,2
concerning,2
slash,2
debacle,2
boob,2
feathers,2
spurs,2
distress,2
shot,2
allowing,2
jewelry,2
june,2
trash,2
law,2
pull,2
southern,2
string,2
rejects,2
immigrant,2
drivers,2
iconic,2
aim,2
ex,2
launched,2
uncover,2
resistance,2
hold,2
stripped,2
undoubtedly,2
agreed,2
votes,2
seeks,2
volkswagen,2
liberation,2
defy,2
chorus,2
grid,2
advocating,2
considerable,2
noble,2
founded,2
reign,2
mermaid,2
leverage,2
plaza,2
lucas,2
hits,2
island,2
expert,2
rejected,2
communications,2
targeted,2
sells,2
dutch,2
worlds,2
justin,2
seeking,2
received,2
discussed,2
state,2
preparing,2
wins,2
royal,2
plastic,2
reception,2
loyal,2
commission,2
'd,2
liquor,2
sword,2
slap,2
landmarks,2
istanbul,2
arise,2
emerged,2
rapid,2
separating,2
riots,2
confronted,2
diesel,2
sustain,2
encountered,2
legalize,2
admissions,2
mocked,2
gambling,2
websites,2
female,2
facing,2
claims,2
silence,2
captain,2
granted,2
killer,2
roman,2
viewed,2
merely,2
driver,2
fell,2
finger,2
stepping,2
building,2
nation,2
sends,2
action,2
months,2
intentional,2
brick,2
grabbed,2
titanic,2
reverse,2
enter,2
nears,2
narrative,2
sinking,2
chloe,2
shuts,2
handled,2
confirmed,2
tantrum,2
recognizes,2
drank,2
heats,2
strangest,2
beg,2
contempt,2
boxer,2
l.,2
unemployed,2
prioritize,2
were,2
article,2
fired,2
camp,2
dirty,2
web,2
lawmaker,2
recent,2
seek,2
over,2
cultural,2
detail,2
absurd,2
ultra,2
lay,2
audio,2
infrastructure,2
italian,2
ukraine,2
joined,2
workers,2
unconventional,2
structure,2
charles,2
arthur,2
duvernay,2
countdown,2
lorde,2
sole,2
desired,2
equipped,2
unlimited,2
grassroots,2
wider,2
removes,2
regulate,2
gaps,2
louise,2
cease,2
spotlight,2
whoever,2
accomplished,2
homicide,2
farming,2
obstacle,2
stella,2
toxic,2
news,2
party,2
sold,2
citizen,2
chief,2
proposes,2
discussing,2
longtime,2
dying,2
failed,2
doubt,2
-,2
safari,2
errors,2
cheer,2
taps,2
verge,2
defamation,2
square,2
slammed,2
perception,2
offended,2
joked,2
examples,2
lays,2
coin,2
suspension,2
rebuild,2
marches,2
tossed,2
baton,2
monitoring,2
pact,2
leo,2
dumped,2
fossil,2
power,2
saturday,2
challenging,2
robert,2
airport,2
dumb,2
approaching,2
rapidly,2
advances,2
absolute,2
fields,2
areas,2
climate,2
sacred,2
sending,2
tragic,2
celebrated,2
app,2
panther,2
laying,2
spinning,2
arriving,2
impacts,2
pudding,2
soil,2
richer,2
greed,2
fluid,2
shrinking,2
violations,2
sacrifice,2
seas,2
listened,2
flick,2
sentiment,2
panama,2
netherlands,2
refuses,2
reaching,2
build,2
tuesday,2
dozen,2
priorities,2
task,2
medal,2
urge,2
prepare,2
lack,2
reach,2
yesterday,2
left,2
winner,2
shield,2
caution,2
flaws,2
julian,2
wonderland,2
engaging,2
festivities,2
burned,2
disruption,2
physician,2
measured,2
turmoil,2
matches,2
hashtag,2
exposure,2
surrounding,2
town,2
death,2
lead,2
acts,2
soccer,2
slams,2
flash,2
improving,2
plans,2
hit,2
sexual,2
accept,2
todd,2
recovering,2
remaining,2
confront,2
overseas,2
desperate,2
towards,2
secretary,2
forgotten,2
month,2
ignorant,2
1970s,2
automatic,2
embraces,2
unwanted,2
compared,2
promoted,2
citizenship,2
gabrielle,2
gearing,2
bitch,2
beneath,2
demonstrates,2
hires,2
assault,2
abroad,2
canceled,2
won,2
ignoring,2
planes,2
substance,2
pushes,2
frustration,2
broke,2
cope,2
billionaire,2
precisely,2
disrupt,2
sadness,2
fever,2
strict,2
solution,2
organ,2
sin,2
determination,2
partly,2
triple,2
passage,2
addressed,2
timeline,2
silk,2
duke,2
documented,2
rifle,2
reunited,2
participate,2
startups,2
rita,2
andrea,2
sell,2
critical,2
century,2
reporting,2
combat,2
marry,2
half,2
currently,2
washington,2
signed,2
oil,2
vice,2
shift,2
trigger,2
ground,2
former,2
despite,2
adoption,2
developed,2
increasing,2
wealth,2
range,2
bodies,2
evans,2
lobbyists,2
freshman,2
rampant,2
davos,2
punished,2
reluctant,2
breakdown,2
metro,2
stations,2
tsunami,2
rely,2
bald,2
agriculture,2
flickr,2
liver,2
architect,2
continue,2
mainstream,2
globe,2
scare,2
troubled,2
called,2
violation,2
limitations,2
biased,2
shelves,2
sponsored,2
indicates,2
harm,2
seal,2
bombshell,2
distinct,2
neighborhoods,2
starving,2
casts,2
weakness,2
dances,2
guardians,2
offers,2
panel,2
continues,2
faced,2
spread,2
adds,2
connection,2
arsenal,2
promises,2
presidency,2
overwhelmingly,2
marching,2
misconduct,2
contained,2
worried,2
spill,2
drowning,2
fallout,2
horror,2
enterprise,2
chaotic,2
melting,2
negotiating,2
agreements,2
assistant,2
patch,2
respected,2
ruins,2
engine,2
snap,2
access,2
crowd,2
lawyers,2
furniture,2
opening,2
details,2
wave,2
infant,2
empower,2
visiting,2
surveillance,2
pro,2
survival,2
huge,2
resolution,2
ancient,2
board,2
frank,2
pilot,2
disappointed,2
longevity,2
yard,2
statement,2
tiffany,2
favors,2
worship,2
benghazi,2
villain,2
hebdo,2
owns,2
coke,2
centuries,2
mar,2
breakthrough,2
poorly,2
treating,2
haven,2
willingness,2
panda,2
uncovered,2
neglect,2
isolation,2
messing,2
videos,2
trump,2
world,2
comment,2
system,2
has,2
advanced,2
city,2
re,2
march,2
alternative,2
limit,2
ditch,2
dismiss,2
applications,2
none,2
festivals,2
lobby,2
chamber,2
please,2
contributing,2
enormous,2
leaning,2
exclusively,2
patricia,2
prosecutors,2
footage,2
been,2
took,2
outside,2
cuts,2
tourist,2
powerful,2
guilty,2
in,2
lord,2
weinstein,2
continued,2
flag,2
window,2
failure,2
greek,2
sites,2
package,2
ava,2
blows,2
powered,2
overhaul,2
resolve,2
coaster,2
fundamentally,2
headaches,2
defeated,2
participating,2
insecure,2
initial,2
frankly,2
celebrates,2
distance,2
exchange,2
states,2
send,2
immediately,2
sent,2
threatening,2
james,2
feast,2
reject,2
graphic,2
fuels,2
sex,2
pose,2
determined,2
leaving,2
gender,2
ending,2
independent,2
registration,2
advisers,2
constitutional,2
scored,2
santa,2
lens,2
relief,2
navigate,2
mindy,2
returned,2
horrifying,2
identifying,2
forecast,2
default,2
revelations,2
farmer,2
rouge,2
policing,2
approach,2
options,2
topic,2
confidence,2
years,2
visit,2
christopher,2
clear,2
people,2
ii,2
identified,2
fast,2
safe,2
20-year,2
lesser,2
fort,2
cargo,2
promotion,2
sang,2
nov,2
mentally,2
implement,2
flew,2
foul,2
insist,2
carries,2
sachs,2
rivalry,2
form,2
evidence,2
release,2
discrimination,2
parties,2
fatally,2
intelligence,2
occasion,2
evil,2
ran,2
general,2
dangerous,2
swept,2
supposedly,2
rounds,2
pressing,2
temporarily,2
confusion,2
acknowledged,2
updated,2
delivers,2
rev,2
enjoyable,2
morocco,2
upset,2
shaking,2
besides,2
dental,2
gate,2
18-year,2
poignant,2
pour,2
reducing,2
correctly,2
brace,2
saint,2
reference,2
rocked,2
predicts,2
r.,2
misconceptions,2
whales,2
scene,2
kept,2
controversy,2
blow,2
suggest,2
leading,2
amber,2
nervous,2
remote,2
mostly,2
grab,2
during,2
found,2
activity,2
rare,2
defense,2
seats,2
greens,2
demanding,2
firms,2
outlet,2
spoken,2
staff,2
dreamers,2
problematic,2
unbelievable,2
wildfire,2
studied,2
inclusive,2
burden,2
broader,2
regulators,2
jeopardy,2
images,2
housing,2
scale,2
program,2
national,2
preventing,2
conservatives,2
donate,2
between,2
met,1
unions,1
discount,1
bro,1
surely,1
breach,1
owning,1
dubbed,1
governors,1
oct,1
outcome,1
frequent,1
experimental,1
robot,1
sought,1
elements,1
wrestling,1
resort,1
river,1
newspaper,1
provides,1
gain,1
voted,1
successfully,1
pledge,1
suggests,1
seen,1
abandoned,1
cia,1
die,1
hilton,1
pamela,1
claus,1
amsterdam,1
gifted,1
booking,1
ranging,1
glasses,1
surrender,1
laid,1
patrol,1
harvey,1
center,1
worse,1
control,1
followed,1
determine,1
large,1
stance,1
iron,1
terrifying,1
revolution,1
thursday,1
court,1
shame,1
wearing,1
co,1
sweets,1
islamophobia,1
dry,1
hostile,1
address,1
rica,1
radiation,1
complications,1
enters,1
extent,1
dealt,1
neutral,1
doubts,1
populations,1
graduation,1
april,1
media,1
criminal,1
last,1
sides,1
profile,1
fight,1
pulls,1
fortune,1
draws,1
union,1
damage,1
latest,1
crime,1
suffering,1
approve,1
mining,1
button,1
safer,1
alter,1
mid,1
transit,1
aggressive,1
pleased,1
winds,1
sustainable,1
spare,1
contrast,1
offense,1
victories,1
enduring,1
iii,1
bites,1
observe,1
waited,1
support,1
hate,1
vulnerable,1
growing,1
limits,1
second,1
probe,1
shoots,1
claiming,1
bank,1
racism,1
cinema,1
brighter,1
endorsed,1
retailer,1
charity,1
catches,1
11-year,1
welcoming,1
devastated,1
scheme,1
identities,1
nod,1
seventh,1
jungle,1
founding,1
decline,1
aims,1
misses,1
commerce,1
17-year,1
currency,1
understood,1
installment,1
network,1
allow,1
flight,1
results,1
push,1
fails,1
reform,1
extreme,1
protect,1
quality,1
listening,1
radio,1
survey,1
operating,1
credits,1
weak,1
pit,1
embarrassing,1
cage,1
unconscious,1
teenage,1
16-year,1
lesbians,1
promotes,1
materials,1
funeral,1
extension,1
districts,1
carl,1
must,1
miles,1
demand,1
passed,1
peter,1
quit,1
published,1
stand,1
urban,1
supply,1
announces,1
than,1
calling,1
appeared,1
winter,1
chosen,1
blocking,1
vicious,1
legislature,1
yo,1
weed,1
remake,1
jordan,1
awarded,1
illegally,1
ownership,1
monument,1
amidst,1
tuition,1
zones,1
renewable,1
fulfilling,1
key,1
fourth,1
voter,1
car,1
wolf,1
gross,1
joseph,1
honoring,1
net,1
period,1
jose,1
hitler,1
trucks,1
tested,1
bears,1
catching,1
smiles,1
accepting,1
agents,1
notable,1
investments,1
paths,1
admitted,1
tinder,1
assaulting,1
airbnb,1
teams,1
source,1
trial,1
guard,1
base,1
sight,1
emerging,1
legislation,1
gathered,1
confusing,1
became,1
deeply,1
member,1
caught,1
call,1
counting,1
depth,1
figures,1
bash,1
bradley,1
landscapes,1
drawn,1
hopes,1
engage,1
fought,1
aug,1
limiting,1
logo,1
terry,1
convincing,1
stated,1
tissue,1
rowling,1
friday,1
open,1
earlier,1
hands,1
holding,1
increased,1
gained,1
denial,1
midst,1
longer,1
effort,1
women,1
sources,1
due,1
shoot,1
n‚Äôt,1
‚Äôs,1
destroying,1
disturbing,1
artwork,1
cell,1
pardon,1
rush,1
sexism,1
thick,1
scam,1
extremely,1
legislators,1
yellow,1
evolved,1
fulfill,1
antonio,1
poor,1
treatment,1
role,1
directly,1
politics,1
breaks,1
begun,1
earn,1
meanwhile,1
collaboration,1
tourists,1
end,1
information,1
happening,1
created,1
heights,1
stunned,1
inches,1
disabled,1
perceived,1
nate,1
weigh,1
demonstrate,1
historical,1
simone,1
struggled,1
traditionally,1
casino,1
infectious,1
was,1
may,1
opinion,1
struggling,1
ease,1
queen,1
founder,1
sets,1
throws,1
investing,1
property,1
stopped,1
scientists,1
labor,1
west,1
losses,1
tracking,1
appealing,1
destiny,1
thai,1
insult,1
upgrade,1
toughest,1
ian,1
socks,1
relatives,1
joining,1
another,1
heroes,1
convinced,1
drug,1
further,1
cut,1
cabinet,1
bullies,1
institutions,1
statements,1
aka,1
plain,1
widow,1
pile,1
jets,1
circus,1
tables,1
significant,1
public,1
past,1
english,1
lawyer,1
prayer,1
sunday,1
obvious,1
complete,1
preserve,1
mock,1
promised,1
remained,1
weapon,1
rally,1
ikea,1
leaks,1
stepped,1
slain,1
destroy,1
intent,1
someday,1
medium,1
screens,1
collecting,1
trusted,1
attend,1
hour,1
millions,1
testing,1
ocean,1
brings,1
rolling,1
freedom,1
waves,1
surface,1
cities,1
days,1
environment,1
by,1
reveal,1
refuse,1
engaged,1
smoke,1
fee,1
hospitals,1
fixing,1
ignored,1
contributions,1
shines,1
welcomes,1
empowered,1
disappointment,1
tours,1
info,1
long,1
reporter,1
tomorrow,1
afternoon,1
linked,1
mistake,1
hiv,1
communities,1
believes,1
at,1
posted,1
tells,1
path,1
port,1
classified,1
affecting,1
hopeful,1
luxurious,1
chilling,1
block,1
palace,1
matthew,1
overdose,1
rating,1
mandatory,1
goldman,1
actions,1
set,1
jokes,1
members,1
analysis,1
shut,1
invited,1
priority,1
damn,1
right,1
misleading,1
hide,1
selection,1
fred,1
treasury,1
derby,1
depend,1
applied,1
pole,1
mourn,1
lowest,1
lemonade,1
participation,1
lines,1
passenger,1
fate,1
lopez,1
fake,1
raises,1
water,1
requires,1
say,1
meets,1
warrior,1
horizon,1
fueled,1
healthcare,1
laughs,1
shaped,1
competing,1
speeches,1
as,1
richard,1
february,1
instant,1
multi,1
relatively,1
entrepreneurs,1
charge,1
event,1
office,1
step,1
represent,1
performs,1
rips,1
brother,1
blessing,1
interest,1
toe,1
repair,1
predicted,1
monuments,1
fool,1
disappear,1
nearby,1
comfort,1
lgbtq,1
cry,1
walls,1
hearing,1
inside,1
engagement,1
though,1
prefer,1
grocery,1
networking,1
elephant,1
visited,1
walter,1
sweden,1
spell,1
traumatic,1
irony,1
cutting,1
treated,1
issues,1
his,1
ignore,1
likely,1
consideration,1
attended,1
upper,1
reputation,1
assets,1
tide,1
leadership,1
frozen,1
stranger,1
shocked,1
leads,1
prevent,1
fights,1
maintain,1
ali,1
into,1
professor,1
progress,1
released,1
later,1
income,1
park,1
tickets,1
traffic,1
intended,1
comparing,1
vow,1
stark,1
accessible,1
peers,1
computers,1
furious,1
manuel,1
organize,1
letter,1
succeed,1
clock,1
willing,1
possibly,1
low,1
began,1
historically,1
discovery,1
bbc,1
favor,1
jeffrey,1
empowerment,1
definition,1
gentle,1
hospitalized,1
recorded,1
of,1
blood,1
result,1
appear,1
upcoming,1
effective,1
the,1
ode,1
transparency,1
cotton,1
pippa,1
comments,1
answers,1
slice,1
urges,1
‚Äôve,1
visible,1
crossed,1
nightclub,1
tipping,1
welcomed,1
forgot,1
moral,1
raised,1
offered,1
critics,1
waters,1
prayers,1
an,1
early,1
abortion,1
newly,1
winning,1
rather,1
brought,1
campaign,1
crowded,1
sums,1
confederate,1
deficit,1
extend,1
overcoming,1
partnership,1
issue,1
burn,1
market,1
specifically,1
poses,1
rates,1
justice,1
helped,1
buys,1
titled,1
code,1
departure,1
necessary,1
sir,1
payments,1
screaming,1
flags,1
royals,1
tackling,1
throwback,1
stadium,1
ours,1
preparation,1
seafood,1
wells,1
reaction,1
voters,1
heading,1
effect,1
entire,1
possible,1
numbers,1
wages,1
along,1
expansion,1
hungry,1
signal,1
shall,1
execution,1
allows,1
child,1
turning,1
ago,1
part,1
recovery,1
panic,1
searching,1
themed,1
guns,1
climb,1
provide,1
tokyo,1
leak,1
explanation,1
supremacy,1
believing,1
punk,1
famed,1
economics,1
girls,1
image,1
on,1
could,1
hidden,1
providing,1
bigger,1
honored,1
alaska,1
funding,1
face,1
legal,1
steel,1
compromise,1
floating,1
hottest,1
snapchat,1
papers,1
necessarily,1
relative,1
height,1
tweeting,1
timing,1
‚Äô,1
community,1
number,1
potential,1
pop,1
watched,1
location,1
drop,1
will,1
concrete,1
packed,1
various,1
weighs,1
hunt,1
scrutiny,1
arrival,1
craig,1
educate,1
revolutionary,1
hurt,1
prepared,1
theory,1
points,1
user,1
‚Äôre,1
pair,1
medical,1
he,1
recognize,1
losing,1
lyrics,1
holder,1
consistently,1
land,1
addresses,1
funded,1
stores,1
eager,1
script,1
strengthen,1
unhappy,1
tolerance,1
realistic,1
recommendations,1
pointed,1
intervention,1
witnessed,1
conservation,1
also,1
festival,1
goals,1
children,1
filed,1
change,1
letters,1
bigotry,1
slave,1
b,1
melt,1
pic,1
receives,1
blaming,1
organizations,1
forward,1
supporters,1
false,1
account,1
waiting,1
audience,1
polls,1
year,1
begin,1
total,1
campbell,1
act,1
abused,1
mention,1
suits,1
statistics,1
anytime,1
challenges,1
had,1
cars,1
popular,1
smoking,1
turned,1
carbon,1
extraordinary,1
small,1
vegas,1
leave,1
suggesting,1
drove,1
shoppers,1
buffalo,1
psychological,1
front,1
bottom,1
bear,1
belief,1
shelter,1
running,1
lights,1
epidemic,1
worst,1
from,1
sits,1
overlooked,1
philosophy,1
singing,1
comprehensive,1
statue,1
animal,1
final,1
known,1
third,1
toward,1
apply,1
biggest,1
solutions,1
calm,1
to,1
blind,1
broadcast,1
ears,1
fabric,1
pan,1
uncle,1
blowing,1
universal,1
awe,1
despair,1
commonly,1
spike,1
arrests,1
dawn,1
confused,1
communication,1
added,1
officers,1
olympic,1
radical,1
cause,1
ended,1
society,1
camera,1
rainbow,1
discovered,1
unlike,1
average,1
episodes,1
#,1
typical,1
bow,1
dramatically,1
oasis,1
hotel,1
no,1
road,1
familiar,1
complex,1
have,1
honor,1
display,1
mountain,1
higher,1
scenes,1
voice,1
fit,1
light,1
trip,1
first,1
keeps,1
dominated,1
nixon,1
10-year,1
license,1
rides,1
ignorance,1
systems,1
disgusting,1
troll,1
mere,1
agenda,1
man,1
rumors,1
wake,1
busy,1
deeper,1
tourism,1
mothers,1
concerned,1
soon,1
mike,1
gig,1
radar,1
delegates,1
damaging,1
fireworks,1
aclu,1
unveiled,1
muscles,1
approaches,1
ariana,1
happen,1
within,1
run,1
mccain,1
yet,1
product,1
activities,1
america,1
crying,1
signing,1
invitation,1
challenged,1
auction,1
bitter,1
crop,1
anthem,1
excuses,1
alien,1
responded,1
dilemma,1
student,1
challenge,1
active,1
social,1
which,1
colleagues,1
headlines,1
lying,1
for,1
artistic,1
essentially,1
hired,1
tricky,1
oppose,1
channels,1
garbage,1
underwater,1
rejection,1
bridges,1
reboot,1
press,1
education,1
chair,1
already,1
injustice,1
rest,1
opens,1
endorse,1
undermine,1
advocacy,1
hoped,1
overnight,1
skirt,1
insists,1
educated,1
tons,1
nuts,1
mayo,1
includes,1
tears,1
high,1
turn,1
show,1
related,1
j.,1
studies,1
soft,1
new,1
problem,1
blame,1
spent,1
organizing,1
doug,1
shell,1
attitudes,1
cloud,1
cave,1
representatives,1
whale,1
taking,1
giving,1
mine,1
harder,1
joke,1
mary,1
separate,1
performances,1
stole,1
visual,1
followers,1
jonathan,1
promising,1
match,1
failing,1
solar,1
congress,1
claim,1
legacy,1
organization,1
transportation,1
methods,1
legally,1
staffers,1
articles,1
reasonable,1
progressives,1
reproductive,1
stunning,1
sign,1
unless,1
st,1
outdoor,1
safety,1
clip,1
used,1
intention,1
diana,1
siblings,1
angel,1
phase,1
murray,1
waking,1
awkward,1
without,1
helps,1
seat,1
describe,1
comes,1
himself,1
twice,1
ability,1
stop,1
saw,1
close,1
entitled,1
nightmare,1
muhammad,1
sharp,1
wheel,1
identify,1
represents,1
answered,1
grandparents,1
grant,1
non,1
traditional,1
offer,1
process,1
young,1
him,1
dip,1
tribute,1
accountability,1
universities,1
obstacles,1
compete,1
supporter,1
history,1
almost,1
basic,1
percent,1
beyond,1
chain,1
deliver,1
effects,1
charlie,1
head,1
price,1
red,1
means,1
figure,1
respect,1
zuckerberg,1
recognized,1
consciousness,1
permission,1
edge,1
luke,1
banning,1
tales,1
lived,1
risks,1
today,1
jobs,1
future,1
others,1
memorial,1
increasingly,1
off,1
drops,1
punch,1
landing,1
faster,1
established,1
charter,1
category,1
owners,1
stages,1
architecture,1
schools,1
is,1
liberal,1
jury,1
spa,1
interests,1
breathtaking,1
worries,1
reward,1
winners,1
beaten,1
july,1
belt,1
retail,1
defending,1
influential,1
fastest,1
fiscal,1
goes,1
committee,1
george,1
working,1
tool,1
any,1
tour,1
helping,1
documents,1
frustrated,1
troubling,1
sake,1
convince,1
infection,1
grande,1
boom,1
freak,1
millennial,1
bring,1
choice,1
runs,1
dramatic,1
reminds,1
georgia,1
tried,1
users,1
epic,1
slam,1
subtle,1
patience,1
bureau,1
directors,1
trips,1
presidential,1
shared,1
only,1
paper,1
more,1
would,1
encouraging,1
curiosity,1
crafts,1
bully,1
current,1
allowed,1
ready,1
questions,1
save,1
ashamed,1
hurting,1
bachelorette,1
entering,1
recommend,1
carry,1
surrounded,1
threw,1
impossible,1
hope,1
doctors,1
suffer,1
breaking,1
terms,1
with,1
dessert,1
serve,1
remove,1
absence,1
luther,1
endorses,1
somewhat,1
temporary,1
silicon,1
itself,1
message,1
fear,1
times,1
responds,1
inauguration,1
mood,1
islands,1
electronic,1
hockey,1
lottery,1
opponents,1
built,1
herself,1
makers,1
relevant,1
achieving,1
families,1
next,1
deep,1
door,1
dealing,1
hand,1
supposed,1
team,1
a,1
budget,1
poll,1
incredibly,1
hoping,1
increase,1
critic,1
researcher,1
sport,1
revenge,1
innovative,1
faith,1
affects,1
changing,1
king,1
chat,1
outdoors,1
dollar,1
completely,1
denying,1
switch,1
punishment,1
feud,1
beware,1
glad,1
portland,1
told,1
given,1
pulled,1
gotten,1
appeal,1
secrets,1
drive,1
protected,1
committed,1
dignity,1
minorities,1
bump,1
served,1
curb,1
addressing,1
limited,1
locked,1
insight,1
same,1
values,1
walked,1
produce,1
win,1
lose,1
students,1
nowhere,1
deadline,1
slavery,1
option,1
regrets,1
allegedly,1
case,1
moving,1
around,1
still,1
pizza,1
came,1
cycle,1
channel,1
flowers,1
stronger,1
american,1
named,1
duo,1
steal,1
fault,1
homeland,1
own,1
dr,1
join,1
messages,1
internet,1
award,1
daughter,1
photographer,1
quietly,1
heat,1
creates,1
context,1
sensitive,1
hats,1
exotic,1
wants,1
sales,1
costs,1
dark,1
are,1
rules,1
scheduled,1
offering,1
forum,1
sees,1
usa,1
investment,1
holmes,1
opposed,1
recalls,1
inmates,1
annual,1
shooting,1
signs,1
views,1
many,1
post,1
significantly,1
england,1
filled,1
highway,1
reduce,1
ross,1
involved,1
fail,1
minor,1
stake,1
lindsey,1
thus,1
allen,1
eliminate,1
started,1
old,1
such,1
feature,1
bill,1
double,1
use,1
judges,1
newborn,1
bra,1
programs,1
draft,1
nevada,1
tremendous,1
invisible,1
hunting,1
pregnancy,1
according,1
stay,1
speaking,1
down,1
speech,1
proof,1
returns,1
sister,1
decide,1
arrive,1
worrying,1
elderly,1
neither,1
hosting,1
affairs,1
airports,1
agrees,1
sector,1
predict,1
highly,1
competition,1
express,1
becoming,1
hours,1
trying,1
free,1
men,1
claire,1
file,1
closer,1
capable,1
stealing,1
apologize,1
emily,1
unable,1
burns,1
aged,1
depends,1
photographs,1
teachers,1
homemade,1
arrived,1
nasa,1
minute,1
son,1
garner,1
toilet,1
feeding,1
tastes,1
leaked,1
stage,1
banks,1
sound,1
considering,1
darkness,1
courage,1
pace,1
promoting,1
honestly,1
wonder,1
week,1
business,1
beginning,1
person,1
teen,1
battles,1
mystery,1
businesses,1
invest,1
mocks,1
virtual,1
error,1
services,1
not,1
receive,1
features,1
away,1
gives,1
goal,1
search,1
meant,1
steps,1
peak,1
pill,1
remind,1
billions,1
lives,1
finds,1
develop,1
viral,1
capacity,1
teaches,1
beef,1
equality,1
careers,1
inappropriate,1
previous,1
grows,1
officially,1
terrible,1
service,1
looks,1
take,1
henry,1
pr,1
reached,1
tries,1
roy,1
divide,1
drawing,1
boundaries,1
particularly,1
victim,1
avoiding,1
nbc,1
annoying,1
recognition,1
shoulder,1
poetry,1
proposals,1
supreme,1
replace,1
speak,1
before,1
store,1
developing,1
unfortunately,1
closely,1
ghost,1
management,1
charming,1
ingredient,1
teenagers,1
rivers,1
pattern,1
worked,1
round,1
fly,1
bullying,1
revealed,1
youth,1
wall,1
scientist,1
material,1
counsel,1
exhibition,1
restrictions,1
dust,1
date,1
floor,1
immigrants,1
judge,1
risk,1
endorsement,1
p.m.,1
hardly,1
anyone,1
carpet,1
wings,1
twin,1
wood,1
complicated,1
asked,1
seriously,1
manager,1
valley,1
nature,1
gathering,1
performing,1
electric,1
dropped,1
dangers,1
classes,1
feet,1
making,1
museum,1
stereotypes,1
strong,1
portrait,1
actual,1
sadly,1
de,1
supported,1
motion,1
companies,1
per,1
department,1
william,1
discusses,1
pitch,1
point,1
count,1
who,1
place,1
books,1
fundamental,1
intimate,1
stands,1
existence,1
corporate,1
mental,1
rise,1
should,1
wonders,1
neck,1
excitement,1
celebrating,1
similar,1
shows,1
spiritual,1
up,1
affair,1
being,1
modern,1
democratic,1
shoe,1
announce,1
superhero,1
serves,1
thrive,1
jean,1
brilliant,1
accepted,1
nominated,1
defined,1
beat,1
come,1
workplace,1
planet,1
most,1
promise,1
moment,1
secure,1
gear,1
series,1
their,1
made,1
level,1
company,1
campaigns,1
explores,1
belly,1
parks,1
born,1
project,1
primary,1
become,1
increases,1
gifs,1
lover,1
hopefully,1
resist,1
meet,1
broken,1
imagine,1
lift,1
prices,1
campus,1
continuing,1
tops,1
uber,1
knowledge,1
now,1
airplane,1
phrase,1
lands,1
feminism,1
reflect,1
out,1
throughout,1
deals,1
speaks,1
shine,1
obsession,1
lipstick,1
difficult,1
went,1
family,1
upon,1
reminder,1
tale,1
natural,1
wars,1
changed,1
seemingly,1
combination,1
name,1
planned,1
there,1
sit,1
spoke,1
measure,1
proves,1
alive,1
delivered,1
split,1
quiet,1
outrageous,1
anchor,1
farmers,1
certain,1
them,1
falling,1
monster,1
district,1
blames,1
learned,1
settle,1
recall,1
openly,1
princess,1
meaning,1
americans,1
sports,1
both,1
expression,1
father,1
4th,1
rich,1
heads,1
daca,1
hanging,1
stretch,1
solid,1
track,1
route,1
desk,1
eve,1
aide,1
picking,1
felt,1
greece,1
dressing,1
teeth,1
household,1
bound,1
nurse,1
fatal,1
be,1
very,1
achieve,1
again,1
debates,1
debut,1
struggle,1
novel,1
secret,1
seemed,1
technology,1
games,1
chance,1
caring,1
rate,1
list,1
those,1
trauma,1
trolls,1
transformation,1
assume,1
david,1
wait,1
responsible,1
other,1
street,1
worry,1
together,1
once,1
customers,1
begins,1
needs,1
top,1
equally,1
survive,1
athlete,1
hitting,1
participants,1
john,1
shop,1
apparently,1
putting,1
reflection,1
strangers,1
skip,1
presented,1
toddlers,1
back,1
quickly,1
mad,1
don,1
december,1
%,1
beating,1
tape,1
blocks,1
status,1
position,1
friend,1
asking,1
break,1
setting,1
poverty,1
missed,1
smaller,1
uncomfortable,1
words,1
couple,1
conservative,1
some,1
aspects,1
airline,1
memo,1
vaccine,1
core,1
follows,1
publicly,1
nights,1
wanting,1
donald,1
they,1
treat,1
where,1
crazy,1
legend,1
digital,1
breathing,1
breathe,1
earned,1
madonna,1
session,1
acknowledge,1
delivery,1
fallen,1
countless,1
section,1
but,1
ends,1
accessories,1
stolen,1
kicked,1
spot,1
order,1
anger,1
liberty,1
teenager,1
forever,1
photography,1
forgiveness,1
flat,1
friendship,1
sisters,1
while,1
although,1
sue,1
comeback,1
updates,1
hbo,1
experiencing,1
finally,1
line,1
sick,1
less,1
player,1
alone,1
visitors,1
throwing,1
green,1
painting,1
tools,1
somebody,1
regarding,1
anymore,1
skin,1
bright,1
martin,1
immigration,1
wife,1
theater,1
cooper,1
traditions,1
hiring,1
trail,1
experiment,1
white,1
‚Äôm,1
quarter,1
equal,1
girl,1
anything,1
just,1
foster,1
swing,1
print,1
restaurant,1
opportunity,1
sale,1
penalty,1
rap,1
strange,1
horrible,1
louisiana,1
her,1
start,1
cases,1
normal,1
organized,1
opinions,1
laura,1
cannes,1
include,1
here,1
matters,1
common,1
discuss,1
local,1
possibility,1
shape,1
argue,1
travel,1
content,1
foundation,1
shooter,1
susan,1
circumstances,1
hint,1
spaces,1
it,1
sense,1
environmental,1
birthday,1
enemy,1
quest,1
utah,1
vast,1
happened,1
lucky,1
getting,1
considered,1
brief,1
confident,1
anxiety,1
improve,1
through,1
school,1
tv,1
pass,1
stuff,1
shower,1
presidents,1
starting,1
beer,1
behind,1
films,1
friends,1
privilege,1
lunch,1
contact,1
landscape,1
guests,1
jared,1
lasting,1
unlikely,1
god,1
highlight,1
ordinary,1
mission,1
rain,1
harvard,1
truth,1
phones,1
la,1
marriages,1
marketing,1
day,1
mark,1
york,1
coverage,1
example,1
note,1
maintaining,1
tiger,1
ever,1
played,1
memory,1
removed,1
finish,1
humor,1
that,1
choose,1
stuck,1
oscar,1
writes,1
nonprofit,1
supports,1
finance,1
ethics,1
paid,1
television,1
seem,1
marriage,1
remembering,1
argument,1
surprisingly,1
marc,1
roles,1
initiative,1
generation,1
throw,1
cost,1
starts,1
attitude,1
schedule,1
athletes,1
did,1
chairman,1
excuse,1
chose,1
behavior,1
creating,1
training,1
knew,1
else,1
items,1
coming,1
strength,1
easier,1
about,1
done,1
levels,1
hook,1
driven,1
using,1
let,1
shots,1
available,1
heard,1
pay,1
purpose,1
breakup,1
dear,1
jr,1
january,1
this,1
go,1
obviously,1
featuring,1
naked,1
decisions,1
especially,1
towns,1
regret,1
rarely,1
situations,1
showing,1
fifth,1
whenever,1
evening,1
connect,1
innovation,1
dedicated,1
need,1
welcome,1
executive,1
help,1
short,1
language,0
thank,0
what,0
woman,0
conspiracy,0
needed,0
expecting,0
exploring,0
solo,0
adding,0
story,0
connected,0
bridge,0
gold,0
table,0
brown,0
picture,0
promote,0
endless,0
mouth,0
honest,0
text,0
pictures,0
grand,0
species,0
officer,0
takes,0
host,0
then,0
enough,0
via,0
believe,0
understand,0
goodbye,0
even,0
products,0
earth,0
bags,0
fathers,0
kinds,0
eventually,0
luck,0
instead,0
events,0
professional,0
focus,0
hell,0
seconds,0
greatest,0
lies,0
.,0
policies,0
graham,0
clients,0
intense,0
gallery,0
elect,0
restaurants,0
simply,0
warming,0
blue,0
wind,0
happens,0
question,0
private,0
rob,0
youtube,0
anderson,0
link,0
differently,0
forms,0
baby,0
plan,0
benefit,0
bride,0
appropriate,0
passing,0
all,0
one,0
funds,0
sheriff,0
settlement,0
hat,0
way,0
full,0
going,0
affected,0
speed,0
platform,0
until,0
pride,0
talking,0
ski,0
roots,0
space,0
gun,0
problems,0
map,0
sons,0
sounds,0
loses,0
agree,0
perform,0
profit,0
know,0
shopping,0
she,0
acceptance,0
beliefs,0
give,0
expect,0
film,0
side,0
lesson,0
real,0
toddler,0
everywhere,0
silent,0
difference,0
loss,0
because,0
entirely,0
elizabeth,0
joins,0
johnson,0
put,0
paint,0
based,0
privacy,0
beaches,0
boston,0
treats,0
actress,0
often,0
production,0
usual,0
joy,0
weather,0
matter,0
prove,0
version,0
pets,0
firm,0
kind,0
raise,0
saying,0
probably,0
bet,0
view,0
clean,0
discussion,0
gone,0
christmas,0
's,0
food,0
am,0
why,0
jump,0
myth,0
explain,0
lost,0
we,0
house,0
wilson,0
covers,0
required,0
medicine,0
sat,0
neighborhood,0
minutes,0
update,0
famous,0
twitter,0
play,0
genius,0
described,0
drinking,0
tweeted,0
scared,0
pool,0
factors,0
whom,0
drugs,0
balance,0
florida,0
projects,0
somewhere,0
try,0
knows,0
uses,0
era,0
fill,0
require,0
struggles,0
homeless,0
voting,0
nothing,0
when,0
husband,0
empty,0
headed,0
growth,0
moments,0
harry,0
anywhere,0
walk,0
lower,0
patients,0
bills,0
explained,0
thought,0
talk,0
nice,0
impact,0
how,0
little,0
standard,0
victoria,0
amendment,0
drunk,0
acting,0
cast,0
partner,0
commitment,0
practices,0
taught,0
ones,0
reason,0
feed,0
bold,0
painful,0
scientific,0
beloved,0
watching,0
animals,0
pie,0
so,0
us,0
perhaps,0
movie,0
rihanna,0
injury,0
ben,0
body,0
industry,0
concept,0
sen,0
producer,0
definitely,0
accounts,0
boy,0
chronic,0
notes,0
piece,0
dish,0
looking,0
worker,0
symptoms,0
afford,0
positive,0
cat,0
suddenly,0
manage,0
employee,0
spots,0
master,0
hard,0
gift,0
data,0
black,0
makes,0
kentucky,0
subject,0
protection,0
indeed,0
energy,0
chicken,0
nail,0
brothers,0
eyes,0
each,0
commercial,0
desire,0
can,0
attention,0
types,0
wild,0
conversation,0
health,0
age,0
really,0
prevention,0
disease,0
never,0
bond,0
theme,0
expectations,0
ed,0
cops,0
rock,0
tax,0
machine,0
plant,0
ice,0
answer,0
straight,0
runway,0
resources,0
different,0
rapper,0
friendly,0
syndrome,0
everybody,0
like,0
mother,0
surprise,0
bizarre,0
costume,0
exercise,0
culture,0
jay,0
pot,0
few,0
fall,0
if,0
time,0
looked,0
strategies,0
direction,0
corner,0
changes,0
outfit,0
success,0
tied,0
houston,0
tricks,0
fund,0
pack,0
waste,0
sky,0
grateful,0
recently,0
living,0
emotional,0
tradition,0
cleaning,0
wide,0
sure,0
walking,0
bought,0
much,0
bacon,0
stephen,0
home,0
tech,0
director,0
exclusive,0
defends,0
couples,0
taste,0
cute,0
room,0
marathon,0
well,0
teens,0
fruit,0
seeing,0
michael,0
kick,0
themselves,0
instagram,0
reality,0
stick,0
blogger,0
experience,0
grief,0
bit,0
grow,0
successful,0
academy,0
everyone,0
mean,0
experienced,0
doctor,0
guy,0
better,0
younger,0
alcohol,0
keeping,0
avoid,0
guess,0
game,0
wear,0
these,0
music,0
candidates,0
certainly,0
bird,0
onto,0
discover,0
night,0
easily,0
stock,0
dream,0
got,0
celebrities,0
nobody,0
doing,0
ensure,0
class,0
michelle,0
study,0
heart,0
wore,0
too,0
seems,0
adam,0
fresh,0
exist,0
drink,0
universe,0
financial,0
our,0
debate,0
self,0
photo,0
everything,0
sometimes,0
breath,0
girlfriend,0
rick,0
big,0
wrong,0
queer,0
covered,0
bad,0
boys,0
model,0
louis,0
veteran,0
thing,0
gets,0
fans,0
dollars,0
whose,0
spending,0
wage,0
bathroom,0
money,0
sessions,0
compassion,0
focused,0
religion,0
iphone,0
fish,0
good,0
practice,0
wrote,0
appearance,0
saved,0
creative,0
tell,0
work,0
ceo,0
maher,0
vision,0
roll,0
tonight,0
sorry,0
drama,0
morning,0
premiere,0
make,0
guest,0
sort,0
designed,0
thrones,0
picks,0
yoga,0
pieces,0
adventure,0
economy,0
totally,0
eye,0
fraud,0
selling,0
daughters,0
tea,0
title,0
opportunities,0
football,0
gap,0
grown,0
star,0
cold,0
great,0
texas,0
marco,0
whether,0
dad,0
playing,0
concerns,0
brooklyn,0
tree,0
chef,0
memories,0
amazon,0
ask,0
phone,0
tired,0
michigan,0
idea,0
tom,0
angry,0
trans,0
ladies,0
clearly,0
adorable,0
nba,0
grace,0
congressional,0
works,0
job,0
hero,0
passion,0
facebook,0
loved,0
single,0
affect,0
things,0
stone,0
excited,0
college,0
opened,0
governor,0
bag,0
wish,0
feeling,0
performance,0
meat,0
celebration,0
lot,0
humans,0
might,0
box,0
cards,0
website,0
thinking,0
perspective,0
gave,0
find,0
therapy,0
learn,0
boost,0
someone,0
teaching,0
fully,0
simple,0
read,0
think,0
owner,0
disorder,0
n't,0
'm,0
exactly,0
paul,0
essential,0
cruise,0
bars,0
interesting,0
middleton,0
buying,0
amount,0
thanks,0
consider,0
page,0
care,0
present,0
maybe,0
fallon,0
get,0
turns,0
affordable,0
senator,0
dating,0
weekend,0
keep,0
i,0
editor,0
does,0
band,0
literally,0
ad,0
having,0
afraid,0
tip,0
look,0
saving,0
stories,0
watch,0
research,0
see,0
online,0
racial,0
routine,0
hot,0
jessica,0
clothing,0
sharing,0
do,0
planning,0
barack,0
want,0
deserve,0
identity,0
wonderful,0
quite,0
life,0
clothes,0
remember,0
virginia,0
club,0
cop,0
dog,0
tweets,0
researchers,0
expensive,0
spend,0
cnn,0
written,0
snow,0
course,0
perry,0
meal,0
fact,0
giant,0
guide,0
proud,0
greater,0
travelers,0
original,0
dinner,0
feel,0
slow,0
netflix,0
every,0
marijuana,0
plenty,0
paying,0
writer,0
sad,0
late,0
places,0
cover,0
lessons,0
photos,0
race,0
artists,0
share,0
ride,0
fine,0
moore,0
players,0
raising,0
debt,0
quick,0
feelings,0
art,0
mistakes,0
absolutely,0
warm,0
extra,0
breakfast,0
ultimate,0
insurance,0
weird,0
live,0
lawsuit,0
collection,0
easy,0
childhood,0
explains,0
steve,0
